origin,airline,weekday,duration(min),dep_minutes,route_weekday,pred_price
LIS,IB,Wednesday,109,1330.0,LIS_Wednesday,61.513203
LIS,IB,Wednesday,114,1265.0,LIS_Wednesday,61.839584
LIS,IB,Wednesday,120,545.0,LIS_Wednesday,64.73777
LIS,IB,Wednesday,120,840.0,LIS_Wednesday,63.50795
LIS,VY,Wednesday,109,1330.0,LIS_Wednesday,60.960392
LIS,VY,Wednesday,114,1265.0,LIS_Wednesday,61.286777
LIS,VY,Wednesday,120,545.0,LIS_Wednesday,65.31604
LIS,VY,Wednesday,120,840.0,LIS_Wednesday,63.265244
LIS,UX,Wednesday,455,480.0,LIS_Wednesday,91.319954
LIS,A3,Wednesday,1285,720.0,LIS_Wednesday,106.95126
LIS,A3,Wednesday,1690,720.0,LIS_Wednesday,108.150665
LIS,TP,Wednesday,115,430.0,LIS_Wednesday,75.45588
LIS,TP,Wednesday,115,530.0,LIS_Wednesday,72.57316
LIS,TP,Wednesday,115,650.0,LIS_Wednesday,73.20473
LIS,TP,Wednesday,115,860.0,LIS_Wednesday,76.46619
LIS,IB,Thursday,109,1330.0,LIS_Thursday,61.718933
LIS,IB,Thursday,114,1265.0,LIS_Thursday,62.045315
LIS,IB,Thursday,120,545.0,LIS_Thursday,64.91892
LIS,IB,Thursday,120,840.0,LIS_Thursday,63.689095
LIS,VY,Thursday,114,1265.0,LIS_Thursday,61.467934
LIS,VY,Thursday,115,1045.0,LIS_Thursday,62.477215
LIS,VY,Thursday,120,835.0,LIS_Thursday,63.446404
LIS,UX,Thursday,240,695.0,LIS_Thursday,86.03272
LIS,UX,Thursday,475,460.0,LIS_Thursday,93.3603
LIS,VY,Thursday,120,545.0,LIS_Thursday,65.49719
LIS,TP,Thursday,115,430.0,LIS_Thursday,81.77013
LIS,TP,Thursday,115,530.0,LIS_Thursday,77.351074
LIS,TP,Thursday,115,650.0,LIS_Thursday,78.70496
LIS,TP,Thursday,115,860.0,LIS_Thursday,77.88913
LIS,TP,Thursday,115,1045.0,LIS_Thursday,74.85667
LIS,VY,Friday,109,1330.0,LIS_Friday,59.97036
LIS,VY,Friday,114,1265.0,LIS_Friday,60.296745
LIS,IB,Friday,109,1330.0,LIS_Friday,61.26445
LIS,IB,Friday,114,1265.0,LIS_Friday,61.59084
LIS,IB,Friday,120,545.0,LIS_Friday,64.25666
LIS,IB,Friday,120,840.0,LIS_Friday,63.026806
LIS,VY,Friday,120,840.0,LIS_Friday,62.26027
LIS,UX,Friday,240,695.0,LIS_Friday,84.41292
LIS,UX,Friday,455,480.0,LIS_Friday,91.095604
LIS,VY,Friday,120,545.0,LIS_Friday,64.31108
LIS,A3,Friday,1285,720.0,LIS_Friday,106.95126
LIS,TP,Friday,115,430.0,LIS_Friday,75.17246
LIS,TP,Friday,115,650.0,LIS_Friday,72.92131
LIS,TP,Friday,115,860.0,LIS_Friday,75.372894
LIS,TP,Friday,115,1045.0,LIS_Friday,72.24706
LIS,IB,Saturday,114,1265.0,LIS_Saturday,61.92762
LIS,IB,Saturday,120,545.0,LIS_Saturday,65.24488
LIS,IB,Saturday,120,840.0,LIS_Saturday,63.64746
LIS,IB,Saturday,120,940.0,LIS_Saturday,63.69265
LIS,VY,Saturday,114,1265.0,LIS_Saturday,61.374813
LIS,VY,Saturday,120,835.0,LIS_Saturday,63.40477
LIS,VY,Saturday,120,940.0,LIS_Saturday,62.9446
LIS,UX,Saturday,240,695.0,LIS_Saturday,86.400085
LIS,UX,Saturday,475,460.0,LIS_Saturday,92.70629
LIS,VY,Saturday,120,545.0,LIS_Saturday,65.82315
LIS,A3,Saturday,1285,720.0,LIS_Saturday,107.74082
LIS,A3,Saturday,1690,720.0,LIS_Saturday,108.94022
LIS,TP,Saturday,115,430.0,LIS_Saturday,75.44426
LIS,TP,Saturday,115,530.0,LIS_Saturday,73.28259
LIS,TP,Saturday,115,650.0,LIS_Saturday,73.19311
LIS,TP,Sunday,115,430.0,LIS_Sunday,76.25625
LIS,IB,Sunday,109,1330.0,LIS_Sunday,61.659164
LIS,IB,Sunday,114,1265.0,LIS_Sunday,61.985546
LIS,IB,Sunday,120,545.0,LIS_Sunday,64.883736
LIS,IB,Sunday,120,840.0,LIS_Sunday,63.653908
LIS,VY,Sunday,109,1330.0,LIS_Sunday,61.106354
LIS,VY,Sunday,114,1265.0,LIS_Sunday,61.43274
LIS,VY,Sunday,120,840.0,LIS_Sunday,63.411217
LIS,TP,Sunday,115,530.0,LIS_Sunday,73.37353
LIS,TP,Sunday,115,650.0,LIS_Sunday,74.15106
LIS,UX,Sunday,240,695.0,LIS_Sunday,86.66494
LIS,UX,Sunday,455,480.0,LIS_Sunday,92.31324
LIS,UX,Sunday,710,1205.0,LIS_Sunday,96.74851
LIS,VY,Sunday,120,545.0,LIS_Sunday,65.462006
LIS,A3,Sunday,1285,720.0,LIS_Sunday,108.4966
LIS,IB,Monday,109,1330.0,LIS_Monday,61.61426
LIS,IB,Monday,114,1265.0,LIS_Monday,61.940643
LIS,IB,Monday,120,545.0,LIS_Monday,65.35719
LIS,IB,Monday,120,840.0,LIS_Monday,64.063576
LIS,VY,Monday,109,1330.0,LIS_Monday,61.06146
LIS,VY,Monday,114,1265.0,LIS_Monday,61.38785
LIS,VY,Monday,120,545.0,LIS_Monday,66.83631
LIS,VY,Monday,120,840.0,LIS_Monday,63.820908
LIS,UX,Monday,475,460.0,LIS_Monday,91.10048
LIS,UX,Monday,950,965.0,LIS_Monday,97.76759
LIS,UX,Monday,710,1205.0,LIS_Monday,94.32086
LIS,A3,Monday,975,1030.0,LIS_Monday,105.68183
LIS,A3,Monday,1380,1030.0,LIS_Monday,104.15926
LIS,A3,Monday,1285,720.0,LIS_Monday,107.019585
LIS,A3,Monday,1690,720.0,LIS_Monday,108.038376
LIS,TP,Tuesday,115,530.0,LIS_Tuesday,68.983826
LIS,TP,Tuesday,115,650.0,LIS_Tuesday,69.74439
LIS,IB,Tuesday,109,1330.0,LIS_Tuesday,61.267418
LIS,IB,Tuesday,114,1265.0,LIS_Tuesday,61.625874
LIS,IB,Tuesday,120,545.0,LIS_Tuesday,64.127525
LIS,IB,Tuesday,120,840.0,LIS_Tuesday,62.844112
LIS,VY,Tuesday,109,1330.0,LIS_Tuesday,60.714603
LIS,VY,Tuesday,114,1265.0,LIS_Tuesday,61.073055
LIS,VY,Tuesday,120,545.0,LIS_Tuesday,63.783394
LIS,VY,Tuesday,120,840.0,LIS_Tuesday,62.040413
LIS,TP,Tuesday,115,1045.0,LIS_Tuesday,67.855934
LIS,TP,Tuesday,115,1250.0,LIS_Tuesday,66.94952
LIS,UX,Tuesday,475,460.0,LIS_Tuesday,91.46178
LIS,UX,Tuesday,710,1205.0,LIS_Tuesday,94.40293
LIS,UX,Tuesday,950,965.0,LIS_Tuesday,97.84966
LIS,VY,Wednesday,109,1330.0,LIS_Wednesday,60.960392
LIS,VY,Wednesday,114,1265.0,LIS_Wednesday,61.286777
LIS,TP,Wednesday,115,530.0,LIS_Wednesday,72.57316
LIS,TP,Wednesday,115,650.0,LIS_Wednesday,73.20473
LIS,IB,Wednesday,109,1330.0,LIS_Wednesday,61.513203
LIS,IB,Wednesday,114,1265.0,LIS_Wednesday,61.839584
LIS,IB,Wednesday,120,545.0,LIS_Wednesday,64.73777
LIS,IB,Wednesday,120,840.0,LIS_Wednesday,63.50795
LIS,VY,Wednesday,120,545.0,LIS_Wednesday,65.31604
LIS,VY,Wednesday,120,840.0,LIS_Wednesday,63.265244
LIS,UX,Wednesday,455,480.0,LIS_Wednesday,91.319954
LIS,A3,Wednesday,1690,720.0,LIS_Wednesday,108.150665
LIS,UX,Wednesday,950,965.0,LIS_Wednesday,100.68956
LIS,UX,Wednesday,240,695.0,LIS_Wednesday,90.198784
LIS,UX,Wednesday,710,1205.0,LIS_Wednesday,100.51522
LIS,VY,Thursday,114,1265.0,LIS_Thursday,61.467934
LIS,VY,Thursday,115,1045.0,LIS_Thursday,62.477215
LIS,VY,Thursday,120,545.0,LIS_Thursday,65.49719
LIS,IB,Thursday,109,1330.0,LIS_Thursday,61.718933
LIS,IB,Thursday,114,1265.0,LIS_Thursday,62.045315
LIS,IB,Thursday,120,545.0,LIS_Thursday,64.91892
LIS,IB,Thursday,120,840.0,LIS_Thursday,63.689095
LIS,VY,Thursday,120,835.0,LIS_Thursday,63.446404
LIS,A3,Thursday,975,1030.0,LIS_Thursday,105.59758
LIS,A3,Thursday,1380,1030.0,LIS_Thursday,103.97664
LIS,A3,Thursday,1285,720.0,LIS_Thursday,106.93533
LIS,UX,Thursday,710,1205.0,LIS_Thursday,96.74802
LIS,UX,Thursday,950,965.0,LIS_Thursday,100.19475
LIS,TP,Thursday,115,530.0,LIS_Thursday,77.351074
LIS,TP,Thursday,115,650.0,LIS_Thursday,78.70496
LIS,VY,Friday,109,1330.0,LIS_Friday,59.97036
LIS,VY,Friday,120,545.0,LIS_Friday,64.31108
LIS,IB,Friday,109,1330.0,LIS_Friday,61.26445
LIS,IB,Friday,114,1265.0,LIS_Friday,61.59084
LIS,IB,Friday,120,545.0,LIS_Friday,64.25666
LIS,IB,Friday,120,840.0,LIS_Friday,63.026806
LIS,VY,Friday,114,1265.0,LIS_Friday,60.296745
LIS,VY,Friday,120,840.0,LIS_Friday,62.26027
LIS,TP,Friday,115,430.0,LIS_Friday,75.17246
LIS,TP,Friday,115,530.0,LIS_Friday,72.28974
LIS,TP,Friday,115,650.0,LIS_Friday,72.92131
LIS,UX,Friday,240,695.0,LIS_Friday,84.41292
LIS,TP,Friday,115,860.0,LIS_Friday,75.372894
LIS,A3,Friday,1285,720.0,LIS_Friday,106.95126
LIS,UX,Friday,710,1205.0,LIS_Friday,96.0851
LIS,VY,Saturday,120,940.0,LIS_Saturday,62.9446
LIS,IB,Saturday,114,1265.0,LIS_Saturday,61.92762
LIS,IB,Saturday,120,545.0,LIS_Saturday,65.24488
LIS,IB,Saturday,120,840.0,LIS_Saturday,63.64746
LIS,IB,Saturday,120,940.0,LIS_Saturday,63.69265
LIS,VY,Saturday,114,1265.0,LIS_Saturday,61.374813
LIS,VY,Saturday,120,835.0,LIS_Saturday,63.40477
LIS,TP,Saturday,115,430.0,LIS_Saturday,75.44426
LIS,TP,Saturday,115,1045.0,LIS_Saturday,69.75053
LIS,TP,Saturday,115,1250.0,LIS_Saturday,68.84411
LIS,UX,Saturday,240,695.0,LIS_Saturday,86.400085
LIS,UX,Saturday,475,460.0,LIS_Saturday,92.70629
LIS,UX,Saturday,710,1205.0,LIS_Saturday,95.392715
LIS,VY,Saturday,120,545.0,LIS_Saturday,65.82315
LIS,UX,Saturday,950,965.0,LIS_Saturday,100.019226
LIS,IB,Sunday,109,1330.0,LIS_Sunday,61.659164
LIS,IB,Sunday,114,1265.0,LIS_Sunday,61.985546
LIS,IB,Sunday,120,545.0,LIS_Sunday,64.883736
LIS,IB,Sunday,120,840.0,LIS_Sunday,63.653908
LIS,VY,Sunday,109,1330.0,LIS_Sunday,61.106354
LIS,VY,Sunday,114,1265.0,LIS_Sunday,61.43274
LIS,VY,Sunday,120,840.0,LIS_Sunday,63.411217
LIS,VY,Sunday,120,545.0,LIS_Sunday,65.462006
LIS,TP,Sunday,115,430.0,LIS_Sunday,76.25625
LIS,TP,Sunday,115,530.0,LIS_Sunday,73.37353
LIS,TP,Sunday,115,650.0,LIS_Sunday,74.15106
LIS,A3,Sunday,975,1030.0,LIS_Sunday,107.14866
LIS,A3,Sunday,1285,720.0,LIS_Sunday,108.4966
LIS,A3,Sunday,1380,1030.0,LIS_Sunday,106.77834
LIS,TP,Sunday,115,860.0,LIS_Sunday,78.19525
LIS,IB,Monday,109,1330.0,LIS_Monday,61.61426
LIS,IB,Monday,114,1265.0,LIS_Monday,61.940643
LIS,IB,Monday,120,545.0,LIS_Monday,65.35719
LIS,IB,Monday,120,840.0,LIS_Monday,64.063576
LIS,VY,Monday,109,1330.0,LIS_Monday,61.06146
LIS,VY,Monday,114,1265.0,LIS_Monday,61.38785
LIS,TP,Monday,115,1045.0,LIS_Monday,70.80524
LIS,TP,Monday,115,1250.0,LIS_Monday,69.998955
LIS,UX,Monday,240,695.0,LIS_Monday,86.88816
LIS,UX,Monday,710,1205.0,LIS_Monday,94.32086
LIS,VY,Monday,120,545.0,LIS_Monday,66.83631
LIS,VY,Monday,120,840.0,LIS_Monday,63.820908
LIS,UX,Monday,950,965.0,LIS_Monday,97.76759
LIS,A3,Monday,975,1030.0,LIS_Monday,105.68183
LIS,A3,Monday,1285,720.0,LIS_Monday,107.019585
LIS,VY,Tuesday,120,545.0,LIS_Tuesday,63.783394
LIS,VY,Tuesday,109,1330.0,LIS_Tuesday,60.714603
LIS,TP,Tuesday,115,530.0,LIS_Tuesday,68.983826
LIS,TP,Tuesday,115,650.0,LIS_Tuesday,69.74439
LIS,TP,Tuesday,115,1045.0,LIS_Tuesday,67.855934
LIS,TP,Tuesday,115,1250.0,LIS_Tuesday,66.94952
LIS,IB,Tuesday,109,1330.0,LIS_Tuesday,61.267418
LIS,IB,Tuesday,114,1265.0,LIS_Tuesday,61.625874
LIS,IB,Tuesday,120,545.0,LIS_Tuesday,64.127525
LIS,IB,Tuesday,120,840.0,LIS_Tuesday,62.844112
LIS,VY,Tuesday,114,1265.0,LIS_Tuesday,61.073055
LIS,VY,Tuesday,120,840.0,LIS_Tuesday,62.040413
LIS,TP,Tuesday,115,860.0,LIS_Tuesday,71.290764
LIS,UX,Tuesday,240,695.0,LIS_Tuesday,83.63663
LIS,UX,Tuesday,475,460.0,LIS_Tuesday,91.46178
LIS,VY,Wednesday,120,545.0,LIS_Wednesday,65.31604
LIS,TP,Wednesday,115,530.0,LIS_Wednesday,72.57316
LIS,TP,Wednesday,115,650.0,LIS_Wednesday,73.20473
LIS,IB,Wednesday,109,1330.0,LIS_Wednesday,61.513203
LIS,IB,Wednesday,114,1265.0,LIS_Wednesday,61.839584
LIS,IB,Wednesday,120,545.0,LIS_Wednesday,64.73777
LIS,IB,Wednesday,120,840.0,LIS_Wednesday,63.50795
LIS,VY,Wednesday,109,1330.0,LIS_Wednesday,60.960392
LIS,VY,Wednesday,114,1265.0,LIS_Wednesday,61.286777
LIS,VY,Wednesday,120,840.0,LIS_Wednesday,63.265244
LIS,TP,Wednesday,115,1045.0,LIS_Wednesday,69.81363
LIS,TP,Wednesday,115,1250.0,LIS_Wednesday,68.90721
LIS,A3,Wednesday,595,1410.0,LIS_Wednesday,114.47996
LIS,A3,Wednesday,1000,1410.0,LIS_Wednesday,108.850204
LIS,A3,Wednesday,1285,720.0,LIS_Wednesday,106.95126
LIS,TP,Thursday,115,530.0,LIS_Thursday,77.351074
LIS,TP,Thursday,115,650.0,LIS_Thursday,78.70496
LIS,IB,Thursday,109,1330.0,LIS_Thursday,61.718933
LIS,IB,Thursday,114,1265.0,LIS_Thursday,62.045315
LIS,IB,Thursday,120,545.0,LIS_Thursday,64.91892
LIS,IB,Thursday,120,840.0,LIS_Thursday,63.689095
LIS,VY,Thursday,114,1265.0,LIS_Thursday,61.467934
LIS,VY,Thursday,115,1045.0,LIS_Thursday,62.477215
LIS,VY,Thursday,120,545.0,LIS_Thursday,65.49719
LIS,VY,Thursday,120,835.0,LIS_Thursday,63.446404
LIS,TP,Thursday,115,1045.0,LIS_Thursday,74.85667
LIS,TP,Thursday,115,1250.0,LIS_Thursday,72.66327
LIS,UX,Thursday,240,695.0,LIS_Thursday,86.03272
LIS,UX,Thursday,475,460.0,LIS_Thursday,93.3603
LIS,A3,Thursday,975,1030.0,LIS_Thursday,105.59758
LIS,VY,Friday,120,545.0,LIS_Friday,64.31108
LIS,TP,Friday,115,530.0,LIS_Friday,72.28974
LIS,TP,Friday,115,650.0,LIS_Friday,72.92131
LIS,IB,Friday,109,1330.0,LIS_Friday,61.26445
LIS,IB,Friday,114,1265.0,LIS_Friday,61.59084
LIS,IB,Friday,120,545.0,LIS_Friday,64.25666
LIS,IB,Friday,120,840.0,LIS_Friday,63.026806
LIS,VY,Friday,109,1330.0,LIS_Friday,59.97036
LIS,VY,Friday,114,1265.0,LIS_Friday,60.296745
LIS,VY,Friday,120,840.0,LIS_Friday,62.26027
LIS,TP,Friday,115,430.0,LIS_Friday,75.17246
LIS,UX,Friday,455,480.0,LIS_Friday,91.095604
LIS,TP,Friday,115,860.0,LIS_Friday,75.372894
LIS,A3,Friday,975,1030.0,LIS_Friday,105.61351
LIS,A3,Friday,1285,720.0,LIS_Friday,106.95126
LIS,TP,Saturday,115,430.0,LIS_Saturday,75.44426
LIS,TP,Saturday,115,1045.0,LIS_Saturday,69.75053
LIS,TP,Saturday,115,1250.0,LIS_Saturday,68.84411
LIS,IB,Saturday,114,1265.0,LIS_Saturday,61.92762
LIS,IB,Saturday,120,545.0,LIS_Saturday,65.24488
LIS,IB,Saturday,120,840.0,LIS_Saturday,63.64746
LIS,IB,Saturday,120,940.0,LIS_Saturday,63.69265
LIS,VY,Saturday,114,1265.0,LIS_Saturday,61.374813
LIS,VY,Saturday,120,545.0,LIS_Saturday,65.82315
LIS,VY,Saturday,120,835.0,LIS_Saturday,63.40477
LIS,VY,Saturday,120,940.0,LIS_Saturday,62.9446
LIS,TP,Saturday,115,530.0,LIS_Saturday,73.28259
LIS,TP,Saturday,115,650.0,LIS_Saturday,73.19311
LIS,TP,Saturday,115,860.0,LIS_Saturday,76.02472
LIS,UX,Saturday,475,460.0,LIS_Saturday,92.70629
LIS,VY,Sunday,114,1265.0,LIS_Sunday,61.43274
LIS,VY,Sunday,120,545.0,LIS_Sunday,65.462006
LIS,TP,Sunday,115,430.0,LIS_Sunday,76.25625
LIS,IB,Sunday,109,1330.0,LIS_Sunday,61.659164
LIS,IB,Sunday,114,1265.0,LIS_Sunday,61.985546
LIS,IB,Sunday,120,545.0,LIS_Sunday,64.883736
LIS,IB,Sunday,120,840.0,LIS_Sunday,63.653908
LIS,VY,Sunday,109,1330.0,LIS_Sunday,61.106354
LIS,VY,Sunday,120,840.0,LIS_Sunday,63.411217
LIS,TP,Sunday,115,530.0,LIS_Sunday,73.37353
LIS,TP,Sunday,115,650.0,LIS_Sunday,74.15106
LIS,A3,Sunday,975,1030.0,LIS_Sunday,107.14866
LIS,A3,Sunday,1285,720.0,LIS_Sunday,108.4966
LIS,TP,Sunday,115,860.0,LIS_Sunday,78.19525
LIS,AF,Sunday,375,300.0,LIS_Sunday,133.82695
LIS,VY,Monday,120,545.0,LIS_Monday,66.83631
LIS,TP,Monday,115,1045.0,LIS_Monday,70.80524
LIS,TP,Monday,115,1250.0,LIS_Monday,69.998955
LIS,IB,Monday,109,1330.0,LIS_Monday,61.61426
LIS,IB,Monday,114,1265.0,LIS_Monday,61.940643
LIS,IB,Monday,120,545.0,LIS_Monday,65.35719
LIS,IB,Monday,120,840.0,LIS_Monday,64.063576
LIS,VY,Monday,109,1330.0,LIS_Monday,61.06146
LIS,VY,Monday,114,1265.0,LIS_Monday,61.38785
LIS,VY,Monday,120,840.0,LIS_Monday,63.820908
LIS,UX,Monday,240,695.0,LIS_Monday,86.88816
LIS,UX,Monday,475,460.0,LIS_Monday,91.10048
LIS,TP,Monday,115,530.0,LIS_Monday,76.21971
LIS,TP,Monday,115,650.0,LIS_Monday,76.639206
LIS,TP,Monday,115,860.0,LIS_Monday,78.39754
LIS,VY,Tuesday,120,840.0,LIS_Tuesday,62.040413
LIS,TP,Tuesday,115,530.0,LIS_Tuesday,68.983826
LIS,TP,Tuesday,115,650.0,LIS_Tuesday,69.74439
LIS,TP,Tuesday,115,860.0,LIS_Tuesday,71.290764
LIS,TP,Tuesday,115,1045.0,LIS_Tuesday,67.855934
LIS,TP,Tuesday,115,1250.0,LIS_Tuesday,66.94952
LIS,IB,Tuesday,109,1330.0,LIS_Tuesday,61.267418
LIS,IB,Tuesday,114,1265.0,LIS_Tuesday,61.625874
LIS,IB,Tuesday,120,545.0,LIS_Tuesday,64.127525
LIS,IB,Tuesday,120,840.0,LIS_Tuesday,62.844112
LIS,VY,Tuesday,109,1330.0,LIS_Tuesday,60.714603
LIS,VY,Tuesday,114,1265.0,LIS_Tuesday,61.073055
LIS,UX,Tuesday,240,695.0,LIS_Tuesday,83.63663
LIS,VY,Tuesday,120,545.0,LIS_Tuesday,63.783394
LIS,A3,Tuesday,1690,720.0,LIS_Tuesday,107.71624
LIS,TP,Wednesday,115,530.0,LIS_Wednesday,72.57316
LIS,TP,Wednesday,115,650.0,LIS_Wednesday,73.20473
LIS,TP,Wednesday,115,1045.0,LIS_Wednesday,69.81363
LIS,TP,Wednesday,115,1250.0,LIS_Wednesday,68.90721
LIS,IB,Wednesday,109,1330.0,LIS_Wednesday,61.513203
LIS,IB,Wednesday,114,1265.0,LIS_Wednesday,61.839584
LIS,IB,Wednesday,120,545.0,LIS_Wednesday,64.73777
LIS,IB,Wednesday,120,840.0,LIS_Wednesday,63.50795
LIS,VY,Wednesday,109,1330.0,LIS_Wednesday,60.960392
LIS,VY,Wednesday,114,1265.0,LIS_Wednesday,61.286777
LIS,VY,Wednesday,120,545.0,LIS_Wednesday,65.31604
LIS,VY,Wednesday,120,840.0,LIS_Wednesday,63.265244
LIS,UX,Wednesday,240,695.0,LIS_Wednesday,90.198784
LIS,UX,Wednesday,455,480.0,LIS_Wednesday,91.319954
LIS,UX,Wednesday,950,965.0,LIS_Wednesday,100.68956
LIS,TP,Thursday,115,530.0,LIS_Thursday,77.351074
LIS,TP,Thursday,115,650.0,LIS_Thursday,78.70496
LIS,IB,Thursday,109,1330.0,LIS_Thursday,61.718933
LIS,IB,Thursday,114,1265.0,LIS_Thursday,62.045315
LIS,IB,Thursday,120,545.0,LIS_Thursday,64.91892
LIS,IB,Thursday,120,840.0,LIS_Thursday,63.689095
LIS,VY,Thursday,114,1265.0,LIS_Thursday,61.467934
LIS,VY,Thursday,115,1045.0,LIS_Thursday,62.477215
LIS,VY,Thursday,120,545.0,LIS_Thursday,65.49719
LIS,VY,Thursday,120,835.0,LIS_Thursday,63.446404
LIS,TP,Thursday,115,1045.0,LIS_Thursday,74.85667
LIS,TP,Thursday,115,1250.0,LIS_Thursday,72.66327
LIS,TP,Thursday,115,430.0,LIS_Thursday,81.77013
LIS,TP,Thursday,115,860.0,LIS_Thursday,77.88913
LIS,UX,Thursday,240,695.0,LIS_Thursday,86.03272
LIS,VY,Friday,120,840.0,LIS_Friday,62.26027
LIS,TP,Friday,115,430.0,LIS_Friday,75.17246
LIS,TP,Friday,115,530.0,LIS_Friday,72.28974
LIS,TP,Friday,115,650.0,LIS_Friday,72.92131
LIS,IB,Friday,109,1330.0,LIS_Friday,61.26445
LIS,IB,Friday,114,1265.0,LIS_Friday,61.59084
LIS,IB,Friday,120,545.0,LIS_Friday,64.25666
LIS,IB,Friday,120,840.0,LIS_Friday,63.026806
LIS,VY,Friday,109,1330.0,LIS_Friday,59.97036
LIS,VY,Friday,114,1265.0,LIS_Friday,60.296745
LIS,VY,Friday,120,545.0,LIS_Friday,64.31108
LIS,TP,Friday,115,860.0,LIS_Friday,75.372894
LIS,TP,Friday,115,1045.0,LIS_Friday,72.24706
LIS,TP,Friday,115,1250.0,LIS_Friday,71.340645
LIS,UX,Friday,455,480.0,LIS_Friday,91.095604
LIS,TP,Saturday,115,430.0,LIS_Saturday,75.44426
LIS,TP,Saturday,115,1045.0,LIS_Saturday,69.75053
LIS,TP,Saturday,115,1250.0,LIS_Saturday,68.84411
LIS,IB,Saturday,114,1265.0,LIS_Saturday,61.92762
LIS,IB,Saturday,120,545.0,LIS_Saturday,65.24488
LIS,IB,Saturday,120,840.0,LIS_Saturday,63.64746
LIS,IB,Saturday,120,940.0,LIS_Saturday,63.69265
LIS,VY,Saturday,114,1265.0,LIS_Saturday,61.374813
LIS,VY,Saturday,120,545.0,LIS_Saturday,65.82315
LIS,VY,Saturday,120,835.0,LIS_Saturday,63.40477
LIS,VY,Saturday,120,940.0,LIS_Saturday,62.9446
LIS,TP,Saturday,115,530.0,LIS_Saturday,73.28259
LIS,TP,Saturday,115,650.0,LIS_Saturday,73.19311
LIS,TP,Saturday,115,860.0,LIS_Saturday,76.02472
LIS,UX,Saturday,240,695.0,LIS_Saturday,86.400085
LIS,VY,Sunday,109,1330.0,LIS_Sunday,61.106354
LIS,TP,Sunday,115,430.0,LIS_Sunday,76.25625
LIS,IB,Sunday,109,1330.0,LIS_Sunday,61.659164
LIS,IB,Sunday,114,1265.0,LIS_Sunday,61.985546
LIS,IB,Sunday,120,545.0,LIS_Sunday,64.883736
LIS,IB,Sunday,120,840.0,LIS_Sunday,63.653908
LIS,VY,Sunday,114,1265.0,LIS_Sunday,61.43274
LIS,VY,Sunday,120,545.0,LIS_Sunday,65.462006
LIS,VY,Sunday,120,840.0,LIS_Sunday,63.411217
LIS,TP,Sunday,115,530.0,LIS_Sunday,73.37353
LIS,TP,Sunday,115,650.0,LIS_Sunday,74.15106
LIS,TP,Sunday,115,860.0,LIS_Sunday,78.19525
LIS,UX,Sunday,240,695.0,LIS_Sunday,86.66494
LIS,UX,Sunday,455,480.0,LIS_Sunday,92.31324
LIS,A3,Sunday,975,1030.0,LIS_Sunday,107.14866
LIS,VY,Monday,120,840.0,LIS_Monday,63.820908
LIS,TP,Monday,115,1045.0,LIS_Monday,70.80524
LIS,TP,Monday,115,1250.0,LIS_Monday,69.998955
LIS,IB,Monday,109,1330.0,LIS_Monday,61.61426
LIS,IB,Monday,114,1265.0,LIS_Monday,61.940643
LIS,IB,Monday,120,545.0,LIS_Monday,65.35719
LIS,IB,Monday,120,840.0,LIS_Monday,64.063576
LIS,VY,Monday,109,1330.0,LIS_Monday,61.06146
LIS,VY,Monday,114,1265.0,LIS_Monday,61.38785
LIS,TP,Monday,115,530.0,LIS_Monday,76.21971
LIS,TP,Monday,115,650.0,LIS_Monday,76.639206
LIS,UX,Monday,240,695.0,LIS_Monday,86.88816
LIS,UX,Monday,475,460.0,LIS_Monday,91.10048
LIS,VY,Monday,120,545.0,LIS_Monday,66.83631
LIS,A3,Monday,975,1030.0,LIS_Monday,105.68183
LIS,VY,Tuesday,120,545.0,LIS_Tuesday,63.783394
LIS,TP,Tuesday,115,530.0,LIS_Tuesday,68.983826
LIS,TP,Tuesday,115,650.0,LIS_Tuesday,69.74439
LIS,TP,Tuesday,115,860.0,LIS_Tuesday,71.290764
LIS,TP,Tuesday,115,1045.0,LIS_Tuesday,67.855934
LIS,TP,Tuesday,115,1250.0,LIS_Tuesday,66.94952
LIS,IB,Tuesday,109,1330.0,LIS_Tuesday,61.267418
LIS,IB,Tuesday,114,1265.0,LIS_Tuesday,61.625874
LIS,IB,Tuesday,120,545.0,LIS_Tuesday,64.127525
LIS,IB,Tuesday,120,840.0,LIS_Tuesday,62.844112
LIS,VY,Tuesday,109,1330.0,LIS_Tuesday,60.714603
LIS,VY,Tuesday,114,1265.0,LIS_Tuesday,61.073055
LIS,VY,Tuesday,120,840.0,LIS_Tuesday,62.040413
LIS,A3,Tuesday,1285,720.0,LIS_Tuesday,106.51684
LIS,TP,Tuesday,115,430.0,LIS_Tuesday,75.91057
LIS,TP,Wednesday,115,530.0,LIS_Wednesday,72.57316
LIS,TP,Wednesday,115,650.0,LIS_Wednesday,73.20473
LIS,TP,Wednesday,115,1045.0,LIS_Wednesday,69.81363
LIS,TP,Wednesday,115,1250.0,LIS_Wednesday,68.90721
LIS,IB,Wednesday,109,1330.0,LIS_Wednesday,61.513203
LIS,IB,Wednesday,114,1265.0,LIS_Wednesday,61.839584
LIS,IB,Wednesday,120,545.0,LIS_Wednesday,64.73777
LIS,IB,Wednesday,120,840.0,LIS_Wednesday,63.50795
LIS,VY,Wednesday,109,1330.0,LIS_Wednesday,60.960392
LIS,VY,Wednesday,114,1265.0,LIS_Wednesday,61.286777
LIS,VY,Wednesday,120,545.0,LIS_Wednesday,65.31604
LIS,VY,Wednesday,120,840.0,LIS_Wednesday,63.265244
LIS,TP,Wednesday,115,430.0,LIS_Wednesday,75.45588
LIS,UX,Wednesday,240,695.0,LIS_Wednesday,90.198784
LIS,UX,Wednesday,455,480.0,LIS_Wednesday,91.319954
LIS,TP,Thursday,115,530.0,LIS_Thursday,77.351074
LIS,TP,Thursday,115,650.0,LIS_Thursday,78.70496
LIS,TP,Thursday,115,1045.0,LIS_Thursday,74.85667
LIS,TP,Thursday,115,1250.0,LIS_Thursday,72.66327
LIS,IB,Thursday,109,1330.0,LIS_Thursday,61.718933
LIS,IB,Thursday,114,1265.0,LIS_Thursday,62.045315
LIS,IB,Thursday,120,545.0,LIS_Thursday,64.91892
LIS,IB,Thursday,120,840.0,LIS_Thursday,63.689095
LIS,VY,Thursday,114,1265.0,LIS_Thursday,61.467934
LIS,VY,Thursday,115,1045.0,LIS_Thursday,62.477215
LIS,VY,Thursday,120,545.0,LIS_Thursday,65.49719
LIS,VY,Thursday,120,835.0,LIS_Thursday,63.446404
LIS,TP,Thursday,115,860.0,LIS_Thursday,77.88913
LIS,TP,Thursday,115,430.0,LIS_Thursday,81.77013
LIS,UX,Thursday,240,695.0,LIS_Thursday,86.03272
CMN,IB,Wednesday,265,825.0,CMN_Wednesday,132.71727
CMN,AT,Wednesday,70,960.0,CMN_Wednesday,116.13183
CMN,AT,Wednesday,130,575.0,CMN_Wednesday,116.59893
CMN,TP,Wednesday,240,735.0,CMN_Wednesday,137.03207
CMN,TP,Wednesday,425,735.0,CMN_Wednesday,149.49039
CMN,IB,Wednesday,70,960.0,CMN_Wednesday,142.12473
CMN,IB,Wednesday,955,1000.0,CMN_Wednesday,153.70203
CMN,IB,Wednesday,390,980.0,CMN_Wednesday,155.61707
CMN,IB,Wednesday,475,615.0,CMN_Wednesday,156.0461
CMN,AF,Wednesday,375,1000.0,CMN_Wednesday,165.63852
CMN,AF,Wednesday,475,685.0,CMN_Wednesday,167.20416
CMN,AF,Wednesday,485,355.0,CMN_Wednesday,172.62408
CMN,AF,Wednesday,690,685.0,CMN_Wednesday,165.84724
CMN,AF,Wednesday,795,1175.0,CMN_Wednesday,168.98381
CMN,AF,Wednesday,935,1175.0,CMN_Wednesday,168.528
CMN,IB,Thursday,235,1135.0,CMN_Thursday,131.8847
CMN,AT,Thursday,70,575.0,CMN_Thursday,116.57849
CMN,AT,Thursday,70,960.0,CMN_Thursday,116.10893
CMN,TP,Thursday,355,1010.0,CMN_Thursday,153.3181
CMN,TP,Thursday,975,1010.0,CMN_Thursday,152.13396
CMN,IB,Thursday,70,960.0,CMN_Thursday,139.03654
CMN,IB,Thursday,955,1000.0,CMN_Thursday,150.68439
CMN,IB,Thursday,390,980.0,CMN_Thursday,152.07329
CMN,AF,Thursday,375,1000.0,CMN_Thursday,156.60466
CMN,AF,Thursday,475,685.0,CMN_Thursday,158.91096
CMN,AF,Thursday,485,355.0,CMN_Thursday,163.10439
CMN,AF,Thursday,690,685.0,CMN_Thursday,158.73972
CMN,AF,Thursday,795,1175.0,CMN_Thursday,157.91255
CMN,PC,Thursday,635,70.0,CMN_Thursday,148.20808
CMN,VY,Thursday,330,825.0,CMN_Thursday,179.43091
CMN,IB,Friday,810,1135.0,CMN_Friday,152.34866
CMN,IB,Friday,265,825.0,CMN_Friday,144.33289
CMN,IB,Friday,400,825.0,CMN_Friday,150.323
CMN,3O,Friday,130,340.0,CMN_Friday,117.23597
CMN,AT,Friday,70,575.0,CMN_Friday,117.23969
CMN,AT,Friday,130,960.0,CMN_Friday,118.448135
CMN,TP,Friday,265,710.0,CMN_Friday,149.50879
CMN,TP,Friday,450,710.0,CMN_Friday,153.91849
CMN,IB,Friday,130,960.0,CMN_Friday,115.98854
CMN,IB,Friday,390,980.0,CMN_Friday,152.20982
CMN,IB,Friday,965,980.0,CMN_Friday,149.74469
CMN,AF,Friday,475,685.0,CMN_Friday,160.82455
CMN,AF,Friday,485,355.0,CMN_Friday,166.24646
CMN,AF,Friday,670,355.0,CMN_Friday,168.96234
CMN,VY,Friday,400,825.0,CMN_Friday,183.74176
CMN,AT,Saturday,130,575.0,CMN_Saturday,116.8556
CMN,AT,Saturday,130,960.0,CMN_Saturday,117.970665
CMN,TP,Saturday,240,735.0,CMN_Saturday,138.26526
CMN,TP,Saturday,355,1010.0,CMN_Saturday,153.69386
CMN,TP,Saturday,425,735.0,CMN_Saturday,155.22011
CMN,TP,Saturday,975,1010.0,CMN_Saturday,152.50972
CMN,IB,Saturday,130,575.0,CMN_Saturday,114.625565
CMN,IB,Saturday,130,960.0,CMN_Saturday,116.07658
CMN,IB,Saturday,390,980.0,CMN_Saturday,152.44905
CMN,IB,Saturday,415,615.0,CMN_Saturday,154.54964
CMN,AF,Saturday,890,1115.0,CMN_Saturday,156.67357
CMN,AF,Saturday,1000,1115.0,CMN_Saturday,154.96106
CMN,AF,Saturday,795,1175.0,CMN_Saturday,158.15297
CMN,AF,Saturday,935,1175.0,CMN_Saturday,157.03441
CMN,AF,Saturday,970,1000.0,CMN_Saturday,154.69604
CMN,IB,Sunday,235,1135.0,CMN_Sunday,125.43116
CMN,IB,Sunday,265,825.0,CMN_Sunday,136.02817
CMN,IB,Sunday,330,825.0,CMN_Sunday,140.54736
CMN,3O,Sunday,130,755.0,CMN_Sunday,115.50776
CMN,AT,Sunday,70,575.0,CMN_Sunday,116.33739
CMN,AT,Sunday,70,960.0,CMN_Sunday,115.86783
CMN,TP,Sunday,240,735.0,CMN_Sunday,135.42441
CMN,TP,Sunday,355,1010.0,CMN_Sunday,148.72432
CMN,TP,Sunday,425,735.0,CMN_Sunday,150.47804
CMN,TP,Sunday,975,1010.0,CMN_Sunday,147.66217
CMN,IB,Sunday,70,960.0,CMN_Sunday,140.2362
CMN,IB,Sunday,130,575.0,CMN_Sunday,116.48348
CMN,IB,Sunday,955,1000.0,CMN_Sunday,150.02762
CMN,IB,Sunday,390,980.0,CMN_Sunday,148.45729
CMN,IB,Sunday,475,615.0,CMN_Sunday,149.9906
CMN,IB,Monday,235,1135.0,CMN_Monday,127.71719
CMN,AT,Monday,70,960.0,CMN_Monday,115.26565
CMN,AT,Monday,130,575.0,CMN_Monday,116.02015
CMN,TP,Monday,240,735.0,CMN_Monday,136.06053
CMN,TP,Monday,355,1010.0,CMN_Monday,149.65425
CMN,TP,Monday,425,735.0,CMN_Monday,152.5277
CMN,TP,Monday,975,1010.0,CMN_Monday,148.37383
CMN,IB,Monday,70,960.0,CMN_Monday,137.76506
CMN,IB,Monday,1360,595.0,CMN_Monday,151.14023
CMN,IB,Monday,390,980.0,CMN_Monday,151.28198
CMN,AF,Monday,375,1000.0,CMN_Monday,153.85052
CMN,AF,Monday,475,685.0,CMN_Monday,157.3302
CMN,AF,Monday,485,355.0,CMN_Monday,165.89583
CMN,AF,Monday,545,355.0,CMN_Monday,166.74834
CMN,AF,Monday,690,685.0,CMN_Monday,158.9414
CMN,AT,Tuesday,70,960.0,CMN_Tuesday,116.526924
CMN,TP,Tuesday,355,1010.0,CMN_Tuesday,151.89746
CMN,TP,Tuesday,975,1010.0,CMN_Tuesday,150.0532
CMN,IB,Tuesday,70,960.0,CMN_Tuesday,138.91115
CMN,IB,Tuesday,955,1000.0,CMN_Tuesday,152.59264
CMN,IB,Tuesday,390,980.0,CMN_Tuesday,154.07147
CMN,AF,Tuesday,375,1000.0,CMN_Tuesday,158.56032
CMN,AF,Tuesday,475,685.0,CMN_Tuesday,162.75914
CMN,AF,Tuesday,485,355.0,CMN_Tuesday,167.66121
CMN,AF,Tuesday,545,355.0,CMN_Tuesday,167.36327
CMN,AF,Tuesday,690,685.0,CMN_Tuesday,161.31795
CMN,AF,Tuesday,795,1175.0,CMN_Tuesday,160.49078
CMN,AF,Tuesday,935,1175.0,CMN_Tuesday,159.37222
CMN,AF,Tuesday,970,1000.0,CMN_Tuesday,156.06053
CMN,VY,Tuesday,330,825.0,CMN_Tuesday,180.7359
CMN,IB,Wednesday,265,825.0,CMN_Wednesday,132.71727
CMN,AT,Wednesday,70,960.0,CMN_Wednesday,116.13183
CMN,AT,Wednesday,130,575.0,CMN_Wednesday,116.59893
CMN,TP,Wednesday,240,735.0,CMN_Wednesday,137.03207
CMN,TP,Wednesday,425,735.0,CMN_Wednesday,149.49039
CMN,IB,Wednesday,70,960.0,CMN_Wednesday,142.12473
CMN,IB,Wednesday,955,1000.0,CMN_Wednesday,153.70203
CMN,IB,Wednesday,390,980.0,CMN_Wednesday,155.61707
CMN,AF,Wednesday,375,1000.0,CMN_Wednesday,165.63852
CMN,AF,Wednesday,475,685.0,CMN_Wednesday,167.20416
CMN,AF,Wednesday,485,355.0,CMN_Wednesday,172.62408
CMN,AF,Wednesday,545,355.0,CMN_Wednesday,167.91718
CMN,AF,Wednesday,690,685.0,CMN_Wednesday,165.84724
CMN,AF,Wednesday,795,1175.0,CMN_Wednesday,168.98381
CMN,AF,Wednesday,935,1175.0,CMN_Wednesday,168.528
CMN,IB,Thursday,235,1135.0,CMN_Thursday,131.8847
CMN,IB,Thursday,265,825.0,CMN_Thursday,142.82669
CMN,AT,Thursday,70,575.0,CMN_Thursday,116.57849
CMN,AT,Thursday,70,960.0,CMN_Thursday,116.10893
CMN,TP,Thursday,355,1010.0,CMN_Thursday,153.3181
CMN,TP,Thursday,975,1010.0,CMN_Thursday,152.13396
CMN,IB,Thursday,70,960.0,CMN_Thursday,139.03654
CMN,IB,Thursday,955,1000.0,CMN_Thursday,150.68439
CMN,IB,Thursday,390,980.0,CMN_Thursday,152.07329
CMN,AF,Thursday,935,1175.0,CMN_Thursday,156.79399
CMN,VY,Thursday,785,1135.0,CMN_Thursday,185.56726
CMN,VY,Thursday,330,825.0,CMN_Thursday,179.43091
CMN,VY,Thursday,810,1135.0,CMN_Thursday,185.56726
CMN,HC,Thursday,70,575.0,CMN_Thursday,203.92865
CMN,AF,Thursday,475,685.0,CMN_Thursday,158.91096
CMN,IB,Friday,235,1135.0,CMN_Friday,133.3909
CMN,IB,Friday,265,825.0,CMN_Friday,144.33289
CMN,3O,Friday,130,340.0,CMN_Friday,117.23597
CMN,AT,Friday,70,575.0,CMN_Friday,117.23969
CMN,AT,Friday,130,960.0,CMN_Friday,118.448135
CMN,TP,Friday,265,710.0,CMN_Friday,149.50879
CMN,TP,Friday,450,710.0,CMN_Friday,153.91849
CMN,IB,Friday,130,960.0,CMN_Friday,115.98854
CMN,IB,Friday,390,980.0,CMN_Friday,152.20982
CMN,AF,Friday,485,355.0,CMN_Friday,166.24646
CMN,VY,Friday,400,825.0,CMN_Friday,183.74176
CMN,VY,Friday,810,1135.0,CMN_Friday,185.12036
CMN,HC,Friday,70,575.0,CMN_Friday,204.0477
CMN,TU,Friday,1195,120.0,CMN_Friday,182.0588
CMN,AF,Friday,670,355.0,CMN_Friday,168.96234
CMN,IB,Saturday,265,825.0,CMN_Saturday,144.62358
CMN,AT,Saturday,70,575.0,CMN_Saturday,116.8137
CMN,AT,Saturday,70,960.0,CMN_Saturday,116.29266
CMN,TP,Saturday,240,735.0,CMN_Saturday,138.26526
CMN,TP,Saturday,355,1010.0,CMN_Saturday,153.69386
CMN,TP,Saturday,425,735.0,CMN_Saturday,155.22011
CMN,TP,Saturday,975,1010.0,CMN_Saturday,152.50972
CMN,AF,Saturday,890,1115.0,CMN_Saturday,156.67357
CMN,AF,Saturday,1000,1115.0,CMN_Saturday,154.96106
CMN,IB,Saturday,70,575.0,CMN_Saturday,138.92404
CMN,IB,Saturday,70,960.0,CMN_Saturday,138.67813
CMN,IB,Saturday,390,980.0,CMN_Saturday,152.44905
CMN,IB,Saturday,415,615.0,CMN_Saturday,154.54964
CMN,VY,Saturday,455,825.0,CMN_Saturday,184.3588
CMN,VY,Saturday,400,825.0,CMN_Saturday,183.85834
CMN,3O,Sunday,130,755.0,CMN_Sunday,115.50776
CMN,AT,Sunday,70,575.0,CMN_Sunday,116.33739
CMN,AT,Sunday,70,960.0,CMN_Sunday,115.86783
CMN,TP,Sunday,240,735.0,CMN_Sunday,135.42441
CMN,TP,Sunday,355,1010.0,CMN_Sunday,148.72432
CMN,TP,Sunday,425,735.0,CMN_Sunday,150.47804
CMN,TP,Sunday,975,1010.0,CMN_Sunday,147.66217
CMN,IB,Sunday,70,960.0,CMN_Sunday,140.2362
CMN,IB,Sunday,955,1000.0,CMN_Sunday,150.02762
CMN,IB,Sunday,390,980.0,CMN_Sunday,148.45729
CMN,VY,Sunday,400,825.0,CMN_Sunday,187.8969
CMN,VY,Sunday,785,1135.0,CMN_Sunday,189.56111
CMN,VY,Sunday,810,1135.0,CMN_Sunday,189.56111
CMN,VY,Sunday,330,825.0,CMN_Sunday,183.13913
CMN,HC,Sunday,70,575.0,CMN_Sunday,204.05301
CMN,IB,Monday,235,1135.0,CMN_Monday,127.71719
CMN,AT,Monday,70,960.0,CMN_Monday,115.26565
CMN,AT,Monday,130,575.0,CMN_Monday,116.02015
CMN,TP,Monday,240,735.0,CMN_Monday,136.06053
CMN,TP,Monday,355,1010.0,CMN_Monday,149.65425
CMN,TP,Monday,425,735.0,CMN_Monday,152.5277
CMN,TP,Monday,975,1010.0,CMN_Monday,148.37383
CMN,IB,Monday,70,960.0,CMN_Monday,137.76506
CMN,IB,Monday,130,575.0,CMN_Monday,114.36796
CMN,IB,Monday,1360,595.0,CMN_Monday,151.14023
CMN,IB,Monday,390,980.0,CMN_Monday,151.28198
CMN,VY,Monday,455,825.0,CMN_Monday,182.86555
CMN,PC,Monday,635,70.0,CMN_Monday,175.55151
CMN,PC,Monday,815,70.0,CMN_Monday,182.30313
CMN,VY,Monday,400,825.0,CMN_Monday,182.3651
CMN,IB,Tuesday,265,825.0,CMN_Tuesday,143.60114
CMN,AT,Tuesday,70,960.0,CMN_Tuesday,116.526924
CMN,PC,Tuesday,635,70.0,CMN_Tuesday,143.38344
CMN,TP,Tuesday,355,1010.0,CMN_Tuesday,151.89746
CMN,TP,Tuesday,975,1010.0,CMN_Tuesday,150.0532
CMN,IB,Tuesday,70,960.0,CMN_Tuesday,138.91115
CMN,IB,Tuesday,955,1000.0,CMN_Tuesday,152.59264
CMN,IB,Tuesday,390,980.0,CMN_Tuesday,154.07147
CMN,AF,Tuesday,575,750.0,CMN_Tuesday,159.42622
CMN,AF,Tuesday,1255,750.0,CMN_Tuesday,156.17792
CMN,AF,Tuesday,475,685.0,CMN_Tuesday,162.75914
CMN,AF,Tuesday,485,355.0,CMN_Tuesday,167.66121
CMN,AF,Tuesday,545,355.0,CMN_Tuesday,167.36327
CMN,AF,Tuesday,690,685.0,CMN_Tuesday,161.31795
CMN,AF,Tuesday,795,1175.0,CMN_Tuesday,160.49078
CMN,IB,Wednesday,265,825.0,CMN_Wednesday,132.71727
CMN,IB,Wednesday,330,825.0,CMN_Wednesday,138.73558
CMN,AT,Wednesday,70,575.0,CMN_Wednesday,116.557045
CMN,AT,Wednesday,70,960.0,CMN_Wednesday,116.13183
CMN,AF,Wednesday,485,355.0,CMN_Wednesday,172.62408
CMN,AF,Wednesday,545,355.0,CMN_Wednesday,167.91718
CMN,TP,Wednesday,240,735.0,CMN_Wednesday,137.03207
CMN,TP,Wednesday,425,735.0,CMN_Wednesday,149.49039
CMN,IB,Wednesday,70,960.0,CMN_Wednesday,142.12473
CMN,IB,Wednesday,955,1000.0,CMN_Wednesday,153.70203
CMN,IB,Wednesday,390,980.0,CMN_Wednesday,155.61707
CMN,IB,Wednesday,415,615.0,CMN_Wednesday,154.03928
CMN,AF,Wednesday,475,685.0,CMN_Wednesday,167.20416
CMN,AF,Wednesday,690,685.0,CMN_Wednesday,165.84724
CMN,AF,Wednesday,795,1175.0,CMN_Wednesday,168.98381
CMN,IB,Thursday,235,1135.0,CMN_Thursday,131.8847
CMN,IB,Thursday,265,825.0,CMN_Thursday,142.82669
CMN,IB,Thursday,330,825.0,CMN_Thursday,147.34589
CMN,AT,Thursday,70,575.0,CMN_Thursday,116.57849
CMN,AT,Thursday,70,960.0,CMN_Thursday,116.10893
CMN,PC,Thursday,635,70.0,CMN_Thursday,148.20808
CMN,AF,Thursday,475,685.0,CMN_Thursday,158.91096
CMN,AF,Thursday,485,355.0,CMN_Thursday,163.10439
CMN,AF,Thursday,690,685.0,CMN_Thursday,158.73972
CMN,AF,Thursday,795,1175.0,CMN_Thursday,157.91255
CMN,AF,Thursday,935,1175.0,CMN_Thursday,156.79399
CMN,TP,Thursday,355,1010.0,CMN_Thursday,153.3181
CMN,TP,Thursday,975,1010.0,CMN_Thursday,152.13396
CMN,AF,Thursday,375,1000.0,CMN_Thursday,156.60466
CMN,AF,Thursday,970,1000.0,CMN_Thursday,154.45563
CMN,IB,Friday,235,1135.0,CMN_Friday,133.3909
CMN,IB,Friday,265,825.0,CMN_Friday,144.33289
CMN,IB,Friday,400,825.0,CMN_Friday,150.323
CMN,3O,Friday,130,340.0,CMN_Friday,117.23597
CMN,AT,Friday,70,575.0,CMN_Friday,117.23969
CMN,AT,Friday,70,960.0,CMN_Friday,116.770134
CMN,AF,Friday,485,355.0,CMN_Friday,166.24646
CMN,AF,Friday,670,355.0,CMN_Friday,168.96234
CMN,TP,Friday,265,710.0,CMN_Friday,149.50879
CMN,TP,Friday,450,710.0,CMN_Friday,153.91849
CMN,IB,Friday,70,575.0,CMN_Friday,138.78452
CMN,IB,Friday,70,960.0,CMN_Friday,138.59007
CMN,IB,Friday,390,980.0,CMN_Friday,152.20982
CMN,AF,Friday,475,685.0,CMN_Friday,160.82455
CMN,AF,Friday,690,685.0,CMN_Friday,160.6533
CMN,AT,Saturday,70,575.0,CMN_Saturday,116.8137
CMN,AT,Saturday,70,960.0,CMN_Saturday,116.29266
CMN,AF,Saturday,485,355.0,CMN_Saturday,159.5337
CMN,AF,Saturday,545,355.0,CMN_Saturday,159.23576
CMN,TP,Saturday,240,735.0,CMN_Saturday,138.26526
CMN,TP,Saturday,355,1010.0,CMN_Saturday,153.69386
CMN,TP,Saturday,425,735.0,CMN_Saturday,155.22011
CMN,TP,Saturday,975,1010.0,CMN_Saturday,152.50972
CMN,AF,Saturday,890,1115.0,CMN_Saturday,156.67357
CMN,AF,Saturday,1000,1115.0,CMN_Saturday,154.96106
CMN,IB,Saturday,70,575.0,CMN_Saturday,138.92404
CMN,IB,Saturday,70,960.0,CMN_Saturday,138.67813
CMN,IB,Saturday,300,980.0,CMN_Saturday,150.97813
CMN,IB,Saturday,390,980.0,CMN_Saturday,152.44905
CMN,IB,Saturday,415,615.0,CMN_Saturday,154.54964
CMN,IB,Sunday,235,1135.0,CMN_Sunday,125.43116
CMN,IB,Sunday,265,825.0,CMN_Sunday,136.02817
CMN,IB,Sunday,785,1135.0,CMN_Sunday,148.08696
CMN,3O,Sunday,130,755.0,CMN_Sunday,115.50776
CMN,AT,Sunday,70,575.0,CMN_Sunday,116.33739
CMN,AT,Sunday,70,960.0,CMN_Sunday,115.86783
CMN,AF,Sunday,485,355.0,CMN_Sunday,150.09143
CMN,AF,Sunday,545,355.0,CMN_Sunday,149.79349
CMN,TP,Sunday,240,735.0,CMN_Sunday,135.42441
CMN,TP,Sunday,355,1010.0,CMN_Sunday,148.72432
CMN,TP,Sunday,425,735.0,CMN_Sunday,150.47804
CMN,TP,Sunday,975,1010.0,CMN_Sunday,147.66217
CMN,IB,Sunday,70,575.0,CMN_Sunday,140.43065
CMN,IB,Sunday,70,960.0,CMN_Sunday,140.2362
CMN,IB,Sunday,955,1000.0,CMN_Sunday,150.02762
CMN,IB,Monday,235,1135.0,CMN_Monday,127.71719
CMN,AT,Monday,70,960.0,CMN_Monday,115.26565
CMN,AT,Monday,130,575.0,CMN_Monday,116.02015
CMN,AF,Monday,375,1000.0,CMN_Monday,153.85052
CMN,AF,Monday,475,685.0,CMN_Monday,157.3302
CMN,AF,Monday,485,355.0,CMN_Monday,165.89583
CMN,AF,Monday,690,685.0,CMN_Monday,158.9414
CMN,AF,Monday,795,1175.0,CMN_Monday,152.9295
CMN,AF,Monday,935,1175.0,CMN_Monday,151.81094
CMN,AF,Monday,970,1000.0,CMN_Monday,150.61902
CMN,TP,Monday,240,735.0,CMN_Monday,136.06053
CMN,TP,Monday,355,1010.0,CMN_Monday,149.65425
CMN,TP,Monday,425,735.0,CMN_Monday,152.5277
CMN,TP,Monday,975,1010.0,CMN_Monday,148.37383
CMN,IB,Monday,70,960.0,CMN_Monday,137.76506
CMN,AT,Tuesday,70,960.0,CMN_Tuesday,116.526924
CMN,PC,Tuesday,635,70.0,CMN_Tuesday,143.38344
CMN,AF,Tuesday,375,1000.0,CMN_Tuesday,158.56032
CMN,AF,Tuesday,475,685.0,CMN_Tuesday,162.75914
CMN,AF,Tuesday,485,355.0,CMN_Tuesday,167.66121
CMN,AF,Tuesday,545,355.0,CMN_Tuesday,167.36327
CMN,AF,Tuesday,690,685.0,CMN_Tuesday,161.31795
CMN,AF,Tuesday,795,1175.0,CMN_Tuesday,160.49078
CMN,AF,Tuesday,970,1000.0,CMN_Tuesday,156.06053
CMN,TP,Tuesday,355,1010.0,CMN_Tuesday,151.89746
CMN,TP,Tuesday,975,1010.0,CMN_Tuesday,150.0532
CMN,AF,Tuesday,575,750.0,CMN_Tuesday,159.42622
CMN,AF,Tuesday,1255,750.0,CMN_Tuesday,156.17792
CMN,IB,Tuesday,70,960.0,CMN_Tuesday,138.91115
CMN,IB,Tuesday,955,1000.0,CMN_Tuesday,152.59264
CMN,AT,Wednesday,70,575.0,CMN_Wednesday,116.557045
CMN,AT,Wednesday,70,960.0,CMN_Wednesday,116.13183
CMN,AF,Wednesday,970,1000.0,CMN_Wednesday,152.34384
CMN,TP,Wednesday,240,735.0,CMN_Wednesday,137.03207
CMN,TP,Wednesday,425,735.0,CMN_Wednesday,149.49039
CMN,IB,Wednesday,70,960.0,CMN_Wednesday,142.12473
CMN,IB,Wednesday,955,1000.0,CMN_Wednesday,153.70203
CMN,IB,Wednesday,390,980.0,CMN_Wednesday,155.61707
CMN,AF,Wednesday,375,1000.0,CMN_Wednesday,165.63852
CMN,AF,Wednesday,795,1175.0,CMN_Wednesday,168.98381
CMN,AF,Wednesday,935,1175.0,CMN_Wednesday,168.528
CMN,VY,Wednesday,330,825.0,CMN_Wednesday,183.71732
CMN,AF,Wednesday,485,355.0,CMN_Wednesday,172.62408
CMN,HC,Wednesday,70,575.0,CMN_Wednesday,205.09505
CMN,VY,Wednesday,265,825.0,CMN_Wednesday,177.2793
CMN,IB,Thursday,235,1135.0,CMN_Thursday,131.8847
CMN,IB,Thursday,265,825.0,CMN_Thursday,142.82669
CMN,AT,Thursday,70,575.0,CMN_Thursday,116.57849
CMN,AT,Thursday,70,960.0,CMN_Thursday,116.10893
CMN,TP,Thursday,355,1010.0,CMN_Thursday,153.3181
CMN,TP,Thursday,975,1010.0,CMN_Thursday,152.13396
CMN,AF,Thursday,485,355.0,CMN_Thursday,163.10439
CMN,IB,Thursday,70,960.0,CMN_Thursday,139.03654
CMN,IB,Thursday,955,1000.0,CMN_Thursday,150.68439
CMN,IB,Thursday,390,980.0,CMN_Thursday,152.07329
CMN,AF,Thursday,530,795.0,CMN_Thursday,157.57483
CMN,AF,Thursday,1210,795.0,CMN_Thursday,155.9646
CMN,AF,Thursday,475,685.0,CMN_Thursday,158.91096
CMN,IB,Thursday,785,1135.0,CMN_Thursday,153.0879
CMN,AF,Thursday,690,685.0,CMN_Thursday,158.73972
CMN,IB,Friday,235,1135.0,CMN_Friday,133.3909
CMN,IB,Friday,265,825.0,CMN_Friday,144.33289
CMN,3O,Friday,130,340.0,CMN_Friday,117.23597
CMN,AT,Friday,70,575.0,CMN_Friday,117.23969
CMN,AT,Friday,70,960.0,CMN_Friday,116.770134
CMN,AF,Friday,375,1000.0,CMN_Friday,158.51825
CMN,TP,Friday,265,710.0,CMN_Friday,149.50879
CMN,TP,Friday,450,710.0,CMN_Friday,153.91849
CMN,IB,Friday,70,575.0,CMN_Friday,138.78452
CMN,IB,Friday,70,960.0,CMN_Friday,138.59007
CMN,IB,Friday,390,980.0,CMN_Friday,152.20982
CMN,AF,Friday,670,355.0,CMN_Friday,168.96234
CMN,AF,Friday,485,355.0,CMN_Friday,166.24646
CMN,IB,Friday,810,1135.0,CMN_Friday,152.34866
CMN,AF,Friday,795,1175.0,CMN_Friday,159.82614
CMN,IB,Saturday,265,825.0,CMN_Saturday,144.62358
CMN,AT,Saturday,70,575.0,CMN_Saturday,116.8137
CMN,AT,Saturday,70,960.0,CMN_Saturday,116.29266
CMN,AF,Saturday,890,1115.0,CMN_Saturday,156.67357
CMN,AF,Saturday,1000,1115.0,CMN_Saturday,154.96106
CMN,AF,Saturday,795,1175.0,CMN_Saturday,158.15297
CMN,AF,Saturday,935,1175.0,CMN_Saturday,157.03441
CMN,AF,Saturday,970,1000.0,CMN_Saturday,154.69604
CMN,TP,Saturday,240,735.0,CMN_Saturday,138.26526
CMN,TP,Saturday,355,1010.0,CMN_Saturday,153.69386
CMN,TP,Saturday,425,735.0,CMN_Saturday,155.22011
CMN,TP,Saturday,975,1010.0,CMN_Saturday,152.50972
CMN,AF,Saturday,375,1000.0,CMN_Saturday,156.84508
CMN,AF,Saturday,690,685.0,CMN_Saturday,159.59879
CMN,IB,Saturday,70,575.0,CMN_Saturday,138.92404
CMN,IB,Sunday,235,1135.0,CMN_Sunday,125.43116
CMN,3O,Sunday,130,755.0,CMN_Sunday,115.50776
CMN,AT,Sunday,70,575.0,CMN_Sunday,116.33739
CMN,AT,Sunday,70,960.0,CMN_Sunday,115.86783
CMN,AF,Sunday,375,1000.0,CMN_Sunday,149.65768
CMN,AF,Sunday,475,685.0,CMN_Sunday,153.33116
CMN,AF,Sunday,485,355.0,CMN_Sunday,150.09143
CMN,AF,Sunday,545,355.0,CMN_Sunday,149.79349
CMN,AF,Sunday,970,1000.0,CMN_Sunday,149.2054
CMN,TP,Sunday,240,735.0,CMN_Sunday,135.42441
CMN,TP,Sunday,355,1010.0,CMN_Sunday,148.72432
CMN,TP,Sunday,425,735.0,CMN_Sunday,150.47804
CMN,TP,Sunday,975,1010.0,CMN_Sunday,147.66217
CMN,AF,Sunday,690,685.0,CMN_Sunday,152.664
CMN,IB,Sunday,70,960.0,CMN_Sunday,140.2362
CMN,IB,Monday,235,1135.0,CMN_Monday,127.71719
CMN,IB,Monday,265,825.0,CMN_Monday,142.41885
CMN,IB,Monday,400,825.0,CMN_Monday,148.31268
CMN,AT,Monday,70,960.0,CMN_Monday,115.26565
CMN,AT,Monday,130,575.0,CMN_Monday,116.02015
CMN,TP,Monday,240,735.0,CMN_Monday,136.06053
CMN,TP,Monday,355,1010.0,CMN_Monday,149.65425
CMN,TP,Monday,425,735.0,CMN_Monday,152.5277
CMN,TP,Monday,975,1010.0,CMN_Monday,148.37383
CMN,AF,Monday,375,1000.0,CMN_Monday,153.85052
CMN,AF,Monday,970,1000.0,CMN_Monday,150.61902
CMN,AF,Monday,795,1175.0,CMN_Monday,152.9295
CMN,AF,Monday,935,1175.0,CMN_Monday,151.81094
CMN,IB,Monday,70,960.0,CMN_Monday,137.76506
CMN,IB,Monday,1360,595.0,CMN_Monday,151.14023
CMN,AT,Tuesday,70,960.0,CMN_Tuesday,116.526924
CMN,TP,Tuesday,355,1010.0,CMN_Tuesday,151.89746
CMN,TP,Tuesday,975,1010.0,CMN_Tuesday,150.0532
CMN,AF,Tuesday,575,750.0,CMN_Tuesday,159.42622
CMN,AF,Tuesday,1255,750.0,CMN_Tuesday,156.17792
CMN,AF,Tuesday,375,1000.0,CMN_Tuesday,158.56032
CMN,AF,Tuesday,795,1175.0,CMN_Tuesday,160.49078
CMN,AF,Tuesday,935,1175.0,CMN_Tuesday,159.37222
CMN,AF,Tuesday,970,1000.0,CMN_Tuesday,156.06053
CMN,IB,Tuesday,70,960.0,CMN_Tuesday,138.91115
CMN,IB,Tuesday,955,1000.0,CMN_Tuesday,152.59264
CMN,IB,Tuesday,390,980.0,CMN_Tuesday,154.07147
CMN,AF,Tuesday,475,685.0,CMN_Tuesday,162.75914
CMN,AF,Tuesday,690,685.0,CMN_Tuesday,161.31795
CMN,AF,Tuesday,485,355.0,CMN_Tuesday,167.66121
CMN,IB,Wednesday,265,825.0,CMN_Wednesday,132.71727
CMN,IB,Wednesday,330,825.0,CMN_Wednesday,138.73558
CMN,AT,Wednesday,70,575.0,CMN_Wednesday,116.557045
CMN,AT,Wednesday,70,960.0,CMN_Wednesday,116.13183
CMN,TP,Wednesday,240,735.0,CMN_Wednesday,137.03207
CMN,TP,Wednesday,425,735.0,CMN_Wednesday,149.49039
CMN,AF,Wednesday,375,1000.0,CMN_Wednesday,165.63852
CMN,AF,Wednesday,475,685.0,CMN_Wednesday,167.20416
CMN,AF,Wednesday,690,685.0,CMN_Wednesday,165.84724
CMN,AF,Wednesday,795,1175.0,CMN_Wednesday,168.98381
CMN,AF,Wednesday,935,1175.0,CMN_Wednesday,168.528
CMN,AF,Wednesday,970,1000.0,CMN_Wednesday,152.34384
CMN,AF,Wednesday,545,355.0,CMN_Wednesday,167.91718
CMN,IB,Wednesday,70,960.0,CMN_Wednesday,142.12473
CMN,IB,Wednesday,955,1000.0,CMN_Wednesday,153.70203
CMN,IB,Thursday,235,1135.0,CMN_Thursday,131.8847
CMN,IB,Thursday,265,825.0,CMN_Thursday,142.82669
CMN,IB,Thursday,330,825.0,CMN_Thursday,147.34589
CMN,AT,Thursday,70,575.0,CMN_Thursday,116.57849
CMN,AT,Thursday,70,960.0,CMN_Thursday,116.10893
CMN,TP,Thursday,355,1010.0,CMN_Thursday,153.3181
CMN,TP,Thursday,975,1010.0,CMN_Thursday,152.13396
CMN,AF,Thursday,375,1000.0,CMN_Thursday,156.60466
CMN,AF,Thursday,970,1000.0,CMN_Thursday,154.45563
CMN,AF,Thursday,485,355.0,CMN_Thursday,163.10439
CMN,AF,Thursday,795,1175.0,CMN_Thursday,157.91255
CMN,AF,Thursday,475,685.0,CMN_Thursday,158.91096
CMN,AF,Thursday,935,1175.0,CMN_Thursday,156.79399
CMN,IB,Thursday,70,575.0,CMN_Thursday,139.23099
CMN,IB,Thursday,70,960.0,CMN_Thursday,139.03654
TUN,TU,Wednesday,105,735.0,TUN_Wednesday,86.554924
TUN,A3,Wednesday,555,70.0,TUN_Wednesday,110.945755
TUN,A3,Wednesday,960,70.0,TUN_Wednesday,106.449036
TUN,AZ,Wednesday,270,685.0,TUN_Wednesday,188.5892
TUN,AZ,Wednesday,710,685.0,TUN_Wednesday,190.43974
TUN,AF,Wednesday,340,330.0,TUN_Wednesday,196.74982
TUN,AF,Wednesday,365,660.0,TUN_Wednesday,193.12471
TUN,AF,Wednesday,500,660.0,TUN_Wednesday,193.97621
TUN,AF,Wednesday,510,330.0,TUN_Wednesday,203.54973
TUN,AH,Wednesday,515,570.0,TUN_Wednesday,221.74516
TUN,AH,Wednesday,1375,1150.0,TUN_Wednesday,225.19458
TUN,AT,Wednesday,320,710.0,TUN_Wednesday,241.69914
TUN,AT,Wednesday,985,1100.0,TUN_Wednesday,247.09619
TUN,AT,Wednesday,1370,1100.0,TUN_Wednesday,247.24562
TUN,AT,Wednesday,1375,710.0,TUN_Wednesday,247.29083
TUN,A3,Thursday,960,70.0,TUN_Thursday,103.43606
TUN,A3,Thursday,555,70.0,TUN_Thursday,114.517456
TUN,AZ,Thursday,255,1140.0,TUN_Thursday,187.44145
TUN,AZ,Thursday,270,685.0,TUN_Thursday,187.71729
TUN,AZ,Thursday,710,685.0,TUN_Thursday,190.45724
TUN,AZ,Thursday,950,1140.0,TUN_Thursday,186.89607
TUN,AF,Thursday,500,660.0,TUN_Thursday,185.35828
TUN,AF,Thursday,365,660.0,TUN_Thursday,184.66881
TUN,AH,Thursday,515,570.0,TUN_Thursday,220.98589
TUN,AH,Thursday,1375,1150.0,TUN_Thursday,223.8254
TUN,AT,Thursday,320,710.0,TUN_Thursday,240.99313
TUN,AT,Thursday,985,1100.0,TUN_Thursday,245.727
TUN,AT,Thursday,1375,710.0,TUN_Thursday,246.2906
TUN,AT,Thursday,1430,1100.0,TUN_Thursday,245.09993
TUN,AF,Thursday,510,330.0,TUN_Thursday,193.34175
TUN,TU,Friday,105,1210.0,TUN_Friday,84.08207
TUN,A3,Friday,555,70.0,TUN_Friday,118.18159
TUN,A3,Friday,960,70.0,TUN_Friday,111.189674
TUN,AZ,Friday,255,1140.0,TUN_Friday,186.65115
TUN,AZ,Friday,270,685.0,TUN_Friday,186.91931
TUN,AZ,Friday,710,685.0,TUN_Friday,189.35938
TUN,AZ,Friday,950,1140.0,TUN_Friday,186.40845
TUN,AH,Friday,515,570.0,TUN_Friday,219.23466
TUN,AH,Friday,1375,1150.0,TUN_Friday,223.572
TUN,AT,Friday,380,710.0,TUN_Friday,239.76389
TUN,AT,Friday,1045,1100.0,TUN_Friday,245.89465
TUN,AT,Friday,1430,1100.0,TUN_Friday,244.84654
TUN,AT,Friday,1435,710.0,TUN_Friday,244.71936
TUN,TK,Friday,770,660.0,TUN_Friday,257.3113
TUN,TK,Friday,1410,660.0,TUN_Friday,264.74146
TUN,A3,Saturday,960,70.0,TUN_Saturday,114.02154
TUN,A3,Saturday,555,70.0,TUN_Saturday,118.15058
TUN,AZ,Saturday,270,685.0,TUN_Saturday,191.9452
TUN,AZ,Saturday,710,685.0,TUN_Saturday,193.36107
TUN,AF,Saturday,660,330.0,TUN_Saturday,195.77324
TUN,AH,Saturday,515,570.0,TUN_Saturday,224.37524
TUN,AH,Saturday,1425,1085.0,TUN_Saturday,225.05733
TUN,A3,Saturday,945,70.0,TUN_Saturday,201.21864
TUN,A3,Saturday,945,70.0,TUN_Saturday,201.21864
TUN,A3,Saturday,945,70.0,TUN_Saturday,201.21864
TUN,A3,Saturday,945,70.0,TUN_Saturday,201.21864
TUN,AT,Saturday,380,710.0,TUN_Saturday,246.0716
TUN,AT,Saturday,985,1100.0,TUN_Saturday,248.66814
TUN,AT,Saturday,1370,1100.0,TUN_Saturday,248.81757
TUN,AT,Saturday,1375,710.0,TUN_Saturday,249.25648
TUN,TU,Sunday,105,1070.0,TUN_Sunday,87.33031
TUN,A3,Sunday,960,70.0,TUN_Sunday,108.20563
TUN,A3,Sunday,555,70.0,TUN_Sunday,114.46859
TUN,AZ,Sunday,255,1140.0,TUN_Sunday,186.65115
TUN,AZ,Sunday,270,685.0,TUN_Sunday,186.91931
TUN,AZ,Sunday,710,685.0,TUN_Sunday,189.35938
TUN,AZ,Sunday,950,1140.0,TUN_Sunday,186.40845
TUN,AF,Sunday,500,660.0,TUN_Sunday,182.91057
TUN,AF,Sunday,935,1035.0,TUN_Sunday,182.49034
TUN,AF,Sunday,360,660.0,TUN_Sunday,181.35611
TUN,AF,Sunday,510,330.0,TUN_Sunday,179.59978
TUN,AH,Sunday,500,570.0,TUN_Sunday,218.79071
TUN,AH,Sunday,1375,1150.0,TUN_Sunday,223.572
TUN,AT,Sunday,320,710.0,TUN_Sunday,239.50534
TUN,AT,Sunday,1045,1100.0,TUN_Sunday,245.89465
TUN,A3,Monday,960,70.0,TUN_Monday,112.44553
TUN,A3,Monday,555,70.0,TUN_Monday,124.038155
TUN,AZ,Monday,255,1140.0,TUN_Monday,185.90291
TUN,AZ,Monday,270,685.0,TUN_Monday,186.17107
TUN,AZ,Monday,710,685.0,TUN_Monday,188.61113
TUN,AZ,Monday,950,1140.0,TUN_Monday,185.6602
TUN,AF,Monday,340,330.0,TUN_Monday,180.25705
TUN,AF,Monday,500,660.0,TUN_Monday,177.34534
TUN,AF,Monday,340,1035.0,TUN_Monday,176.7278
TUN,AH,Monday,515,570.0,TUN_Monday,218.48642
TUN,AH,Monday,1375,1150.0,TUN_Monday,222.82376
TUN,A3,Monday,2395,70.0,TUN_Monday,188.83035
TUN,A3,Monday,2395,70.0,TUN_Monday,188.83035
TUN,A3,Monday,2395,70.0,TUN_Monday,188.83035
TUN,A3,Monday,2395,70.0,TUN_Monday,188.83035
TUN,A3,Tuesday,555,70.0,TUN_Tuesday,133.99939
TUN,A3,Tuesday,960,70.0,TUN_Tuesday,122.117836
TUN,AZ,Tuesday,255,1140.0,TUN_Tuesday,187.79507
TUN,AZ,Tuesday,270,685.0,TUN_Tuesday,188.3221
TUN,AZ,Tuesday,710,685.0,TUN_Tuesday,190.95049
TUN,AZ,Tuesday,950,1140.0,TUN_Tuesday,187.88437
TUN,AF,Tuesday,365,660.0,TUN_Tuesday,175.15254
TUN,AF,Tuesday,500,660.0,TUN_Tuesday,176.00404
TUN,AF,Tuesday,510,330.0,TUN_Tuesday,179.86943
TUN,AF,Tuesday,935,1035.0,TUN_Tuesday,185.06624
TUN,AH,Tuesday,515,570.0,TUN_Tuesday,219.86208
TUN,AH,Tuesday,1375,1150.0,TUN_Tuesday,224.72665
TUN,A3,Tuesday,955,70.0,TUN_Tuesday,183.30782
TUN,AT,Tuesday,320,710.0,TUN_Tuesday,240.90813
TUN,AT,Tuesday,1045,1100.0,TUN_Tuesday,247.57346
TUN,TU,Wednesday,105,735.0,TUN_Wednesday,86.554924
TUN,A3,Wednesday,555,70.0,TUN_Wednesday,110.945755
TUN,A3,Wednesday,960,70.0,TUN_Wednesday,106.449036
TUN,AZ,Wednesday,270,685.0,TUN_Wednesday,188.5892
TUN,AZ,Wednesday,710,685.0,TUN_Wednesday,190.43974
TUN,AF,Wednesday,365,660.0,TUN_Wednesday,193.12471
TUN,AF,Wednesday,500,660.0,TUN_Wednesday,193.97621
TUN,AF,Wednesday,340,330.0,TUN_Wednesday,196.74982
TUN,AF,Wednesday,510,330.0,TUN_Wednesday,203.54973
TUN,AH,Wednesday,515,570.0,TUN_Wednesday,221.74516
TUN,AH,Wednesday,1375,1150.0,TUN_Wednesday,225.19458
TUN,AT,Wednesday,320,710.0,TUN_Wednesday,241.69914
TUN,AT,Wednesday,985,1100.0,TUN_Wednesday,247.09619
TUN,AT,Wednesday,1370,1100.0,TUN_Wednesday,247.24562
TUN,AT,Wednesday,1375,710.0,TUN_Wednesday,247.29083
TUN,A3,Thursday,960,70.0,TUN_Thursday,103.43606
TUN,A3,Thursday,555,70.0,TUN_Thursday,114.517456
TUN,AZ,Thursday,255,1140.0,TUN_Thursday,187.44145
TUN,AZ,Thursday,270,685.0,TUN_Thursday,187.71729
TUN,AZ,Thursday,710,685.0,TUN_Thursday,190.45724
TUN,AZ,Thursday,950,1140.0,TUN_Thursday,186.89607
TUN,AF,Thursday,365,660.0,TUN_Thursday,184.66881
TUN,AF,Thursday,500,660.0,TUN_Thursday,185.35828
TUN,AH,Thursday,515,570.0,TUN_Thursday,220.98589
TUN,AH,Thursday,1375,1150.0,TUN_Thursday,223.8254
TUN,AT,Thursday,320,710.0,TUN_Thursday,240.99313
TUN,AT,Thursday,985,1100.0,TUN_Thursday,245.727
TUN,AT,Thursday,1375,710.0,TUN_Thursday,246.2906
TUN,AT,Thursday,1430,1100.0,TUN_Thursday,245.09993
TUN,AF,Thursday,510,330.0,TUN_Thursday,193.34175
TUN,TU,Friday,105,1210.0,TUN_Friday,84.08207
TUN,A3,Friday,555,70.0,TUN_Friday,118.18159
TUN,A3,Friday,960,70.0,TUN_Friday,111.189674
TUN,A3,Friday,2385,70.0,TUN_Friday,178.76826
TUN,A3,Friday,2385,70.0,TUN_Friday,178.76826
TUN,A3,Friday,2385,70.0,TUN_Friday,178.76826
TUN,A3,Friday,2385,70.0,TUN_Friday,178.76826
TUN,AZ,Friday,270,685.0,TUN_Friday,186.91931
TUN,AH,Friday,515,570.0,TUN_Friday,219.23466
TUN,AH,Friday,1375,1150.0,TUN_Friday,223.572
TUN,AT,Friday,380,710.0,TUN_Friday,239.76389
TUN,AT,Friday,985,1100.0,TUN_Friday,245.47362
TUN,AT,Friday,1370,1100.0,TUN_Friday,245.62305
TUN,AT,Friday,1375,710.0,TUN_Friday,245.66826
TUN,TK,Friday,770,660.0,TUN_Friday,257.3113
TUN,A3,Saturday,555,70.0,TUN_Saturday,118.15058
TUN,A3,Saturday,960,70.0,TUN_Saturday,114.02154
TUN,A3,Saturday,945,70.0,TUN_Saturday,201.21864
TUN,AZ,Saturday,270,685.0,TUN_Saturday,191.9452
TUN,AZ,Saturday,710,685.0,TUN_Saturday,193.36107
TUN,A3,Saturday,945,70.0,TUN_Saturday,201.21864
TUN,A3,Saturday,945,70.0,TUN_Saturday,201.21864
TUN,AH,Saturday,515,570.0,TUN_Saturday,224.37524
TUN,AH,Saturday,1425,1085.0,TUN_Saturday,225.05733
TUN,A3,Saturday,945,70.0,TUN_Saturday,201.21864
TUN,AT,Saturday,320,710.0,TUN_Saturday,245.81305
TUN,AT,Saturday,985,1100.0,TUN_Saturday,248.66814
TUN,AT,Saturday,1370,1100.0,TUN_Saturday,248.81757
TUN,AT,Saturday,1375,710.0,TUN_Saturday,249.25648
TUN,AF,Saturday,660,330.0,TUN_Saturday,195.77324
TUN,TU,Sunday,105,1070.0,TUN_Sunday,87.33031
TUN,A3,Sunday,960,70.0,TUN_Sunday,108.20563
TUN,A3,Sunday,555,70.0,TUN_Sunday,114.46859
TUN,AZ,Sunday,255,1140.0,TUN_Sunday,186.65115
TUN,AZ,Sunday,270,685.0,TUN_Sunday,186.91931
TUN,AZ,Sunday,710,685.0,TUN_Sunday,189.35938
TUN,AZ,Sunday,950,1140.0,TUN_Sunday,186.40845
TUN,AH,Sunday,500,570.0,TUN_Sunday,218.79071
TUN,AH,Sunday,1375,1150.0,TUN_Sunday,223.572
TUN,AT,Sunday,320,710.0,TUN_Sunday,239.50534
TUN,AT,Sunday,1045,1100.0,TUN_Sunday,245.89465
TUN,AT,Sunday,1370,1100.0,TUN_Sunday,245.62305
TUN,AT,Sunday,1435,710.0,TUN_Sunday,244.71936
TUN,TK,Sunday,770,660.0,TUN_Sunday,257.3113
TUN,TK,Sunday,985,1100.0,TUN_Sunday,260.52612
TUN,A3,Monday,960,70.0,TUN_Monday,112.44553
TUN,A3,Monday,555,70.0,TUN_Monday,124.038155
TUN,A3,Monday,2395,70.0,TUN_Monday,188.83035
TUN,A3,Monday,2395,70.0,TUN_Monday,188.83035
TUN,A3,Monday,2395,70.0,TUN_Monday,188.83035
TUN,A3,Monday,2395,70.0,TUN_Monday,188.83035
TUN,AZ,Monday,255,1140.0,TUN_Monday,185.90291
TUN,AZ,Monday,710,685.0,TUN_Monday,188.61113
TUN,AZ,Monday,950,1140.0,TUN_Monday,185.6602
TUN,AZ,Monday,270,685.0,TUN_Monday,186.17107
TUN,AH,Monday,515,570.0,TUN_Monday,218.48642
TUN,AH,Monday,1375,1150.0,TUN_Monday,222.82376
TUN,AT,Monday,320,710.0,TUN_Monday,238.7571
TUN,AT,Monday,1370,1100.0,TUN_Monday,244.8748
TUN,AF,Monday,660,330.0,TUN_Monday,186.73892
TUN,A3,Tuesday,960,70.0,TUN_Tuesday,122.117836
TUN,A3,Tuesday,555,70.0,TUN_Tuesday,133.99939
TUN,AZ,Tuesday,950,1140.0,TUN_Tuesday,187.88437
TUN,AZ,Tuesday,255,1140.0,TUN_Tuesday,187.79507
TUN,AZ,Tuesday,270,685.0,TUN_Tuesday,188.3221
TUN,AZ,Tuesday,710,685.0,TUN_Tuesday,190.95049
TUN,A3,Tuesday,955,70.0,TUN_Tuesday,183.30782
TUN,A3,Tuesday,955,70.0,TUN_Tuesday,183.30782
TUN,AH,Tuesday,515,570.0,TUN_Tuesday,219.86208
TUN,AH,Tuesday,1375,1150.0,TUN_Tuesday,224.72665
TUN,A3,Tuesday,955,70.0,TUN_Tuesday,183.30782
TUN,AT,Tuesday,320,710.0,TUN_Tuesday,240.90813
TUN,AT,Tuesday,985,1100.0,TUN_Tuesday,246.62827
TUN,AT,Tuesday,1370,1100.0,TUN_Tuesday,246.7777
TUN,AT,Tuesday,1375,710.0,TUN_Tuesday,246.8229
TUN,TU,Wednesday,105,735.0,TUN_Wednesday,86.554924
TUN,A3,Wednesday,555,70.0,TUN_Wednesday,110.945755
TUN,A3,Wednesday,960,70.0,TUN_Wednesday,106.449036
TUN,AZ,Wednesday,270,685.0,TUN_Wednesday,188.5892
TUN,AZ,Wednesday,710,685.0,TUN_Wednesday,190.43974
TUN,AF,Wednesday,365,660.0,TUN_Wednesday,193.12471
TUN,AF,Wednesday,500,660.0,TUN_Wednesday,193.97621
TUN,AH,Wednesday,515,570.0,TUN_Wednesday,221.74516
TUN,AH,Wednesday,1375,1150.0,TUN_Wednesday,225.19458
TUN,AT,Wednesday,320,710.0,TUN_Wednesday,241.69914
TUN,AT,Wednesday,985,1100.0,TUN_Wednesday,247.09619
TUN,AT,Wednesday,1370,1100.0,TUN_Wednesday,247.24562
TUN,AT,Wednesday,1375,710.0,TUN_Wednesday,247.29083
TUN,AF,Wednesday,510,330.0,TUN_Wednesday,203.54973
TUN,AF,Wednesday,660,330.0,TUN_Wednesday,208.52896
TUN,A3,Thursday,960,70.0,TUN_Thursday,103.43606
TUN,A3,Thursday,555,70.0,TUN_Thursday,114.517456
TUN,AZ,Thursday,270,685.0,TUN_Thursday,187.71729
TUN,AZ,Thursday,950,1140.0,TUN_Thursday,186.89607
TUN,AZ,Thursday,255,1140.0,TUN_Thursday,187.44145
TUN,AZ,Thursday,710,685.0,TUN_Thursday,190.45724
TUN,AF,Thursday,365,660.0,TUN_Thursday,184.66881
TUN,AF,Thursday,500,660.0,TUN_Thursday,185.35828
TUN,AH,Thursday,515,570.0,TUN_Thursday,220.98589
TUN,AH,Thursday,1375,1150.0,TUN_Thursday,223.8254
TUN,AT,Thursday,320,710.0,TUN_Thursday,240.99313
TUN,AT,Thursday,985,1100.0,TUN_Thursday,245.727
TUN,AT,Thursday,1370,1100.0,TUN_Thursday,245.87643
TUN,AT,Thursday,1375,710.0,TUN_Thursday,246.2906
TUN,AF,Thursday,340,330.0,TUN_Thursday,190.51773
TUN,TU,Friday,105,1210.0,TUN_Friday,84.08207
TUN,A3,Friday,555,70.0,TUN_Friday,118.18159
TUN,A3,Friday,960,70.0,TUN_Friday,111.189674
TUN,A3,Friday,2385,70.0,TUN_Friday,178.76826
TUN,A3,Friday,2385,70.0,TUN_Friday,178.76826
TUN,A3,Friday,2385,70.0,TUN_Friday,178.76826
TUN,AZ,Friday,255,1140.0,TUN_Friday,186.65115
TUN,AZ,Friday,270,685.0,TUN_Friday,186.91931
TUN,AZ,Friday,710,685.0,TUN_Friday,189.35938
TUN,AZ,Friday,950,1140.0,TUN_Friday,186.40845
TUN,AH,Friday,515,570.0,TUN_Friday,219.23466
TUN,AH,Friday,1375,1150.0,TUN_Friday,223.572
TUN,A3,Friday,2385,70.0,TUN_Friday,178.76826
TUN,AT,Friday,320,710.0,TUN_Friday,239.50534
TUN,AT,Friday,985,1100.0,TUN_Friday,245.47362
TUN,A3,Saturday,555,70.0,TUN_Saturday,118.15058
TUN,A3,Saturday,960,70.0,TUN_Saturday,114.02154
TUN,A3,Saturday,945,70.0,TUN_Saturday,201.21864
TUN,AZ,Saturday,270,685.0,TUN_Saturday,191.9452
TUN,AZ,Saturday,710,685.0,TUN_Saturday,193.36107
TUN,A3,Saturday,945,70.0,TUN_Saturday,201.21864
TUN,A3,Saturday,945,70.0,TUN_Saturday,201.21864
TUN,A3,Saturday,945,70.0,TUN_Saturday,201.21864
TUN,AH,Saturday,515,570.0,TUN_Saturday,224.37524
TUN,AH,Saturday,1425,1085.0,TUN_Saturday,225.05733
TUN,LH,Saturday,865,1080.0,TUN_Saturday,227.88742
TUN,A3,Saturday,945,70.0,TUN_Saturday,201.21864
TUN,LH,Saturday,305,1080.0,TUN_Saturday,225.57404
TUN,AT,Saturday,320,710.0,TUN_Saturday,245.81305
TUN,AT,Saturday,985,1100.0,TUN_Saturday,248.66814
TUN,TU,Sunday,105,1070.0,TUN_Sunday,87.33031
TUN,A3,Sunday,555,70.0,TUN_Sunday,114.46859
TUN,A3,Sunday,960,70.0,TUN_Sunday,108.20563
TUN,AZ,Sunday,255,1140.0,TUN_Sunday,186.65115
TUN,AZ,Sunday,950,1140.0,TUN_Sunday,186.40845
TUN,AZ,Sunday,270,685.0,TUN_Sunday,186.91931
TUN,AZ,Sunday,710,685.0,TUN_Sunday,189.35938
TUN,AH,Sunday,500,570.0,TUN_Sunday,218.79071
TUN,AH,Sunday,1375,1150.0,TUN_Sunday,223.572
TUN,AT,Sunday,320,710.0,TUN_Sunday,239.50534
TUN,AT,Sunday,1045,1100.0,TUN_Sunday,245.89465
TUN,AT,Sunday,1370,1100.0,TUN_Sunday,245.62305
TUN,AT,Sunday,1435,710.0,TUN_Sunday,244.71936
TUN,AF,Sunday,500,660.0,TUN_Sunday,182.91057
TUN,TK,Sunday,770,660.0,TUN_Sunday,257.3113
TUN,A3,Monday,555,70.0,TUN_Monday,124.038155
TUN,A3,Monday,960,70.0,TUN_Monday,112.44553
TUN,AF,Monday,365,660.0,TUN_Monday,176.49384
TUN,AF,Monday,500,660.0,TUN_Monday,177.34534
TUN,AF,Monday,510,330.0,TUN_Monday,181.75969
TUN,AF,Monday,340,330.0,TUN_Monday,180.25705
TUN,A3,Monday,2395,70.0,TUN_Monday,188.83035
TUN,A3,Monday,2395,70.0,TUN_Monday,188.83035
TUN,A3,Monday,2395,70.0,TUN_Monday,188.83035
TUN,A3,Monday,2395,70.0,TUN_Monday,188.83035
TUN,A3,Monday,2395,70.0,TUN_Monday,188.83035
TUN,A3,Monday,2395,70.0,TUN_Monday,188.83035
TUN,AZ,Monday,255,1140.0,TUN_Monday,185.90291
TUN,AZ,Monday,270,685.0,TUN_Monday,186.17107
TUN,AZ,Monday,710,685.0,TUN_Monday,188.61113
TUN,A3,Tuesday,555,70.0,TUN_Tuesday,133.99939
TUN,A3,Tuesday,960,70.0,TUN_Tuesday,122.117836
TUN,AF,Tuesday,340,330.0,TUN_Tuesday,176.56906
TUN,AF,Tuesday,365,660.0,TUN_Tuesday,175.15254
TUN,AF,Tuesday,500,660.0,TUN_Tuesday,176.00404
TUN,AF,Tuesday,510,330.0,TUN_Tuesday,179.86943
TUN,AF,Tuesday,340,1035.0,TUN_Tuesday,177.43942
TUN,AF,Tuesday,935,1035.0,TUN_Tuesday,185.06624
TUN,AZ,Tuesday,255,1140.0,TUN_Tuesday,187.79507
TUN,AZ,Tuesday,270,685.0,TUN_Tuesday,188.3221
TUN,AZ,Tuesday,710,685.0,TUN_Tuesday,190.95049
TUN,AZ,Tuesday,950,1140.0,TUN_Tuesday,187.88437
TUN,AF,Tuesday,660,330.0,TUN_Tuesday,189.45027
TUN,AF,Tuesday,660,330.0,TUN_Tuesday,189.45027
TUN,AF,Tuesday,725,660.0,TUN_Tuesday,184.1615
TUN,TU,Wednesday,105,735.0,TUN_Wednesday,86.554924
TUN,A3,Wednesday,960,70.0,TUN_Wednesday,106.449036
TUN,AZ,Wednesday,270,685.0,TUN_Wednesday,188.5892
TUN,AZ,Wednesday,710,685.0,TUN_Wednesday,190.43974
TUN,AF,Wednesday,500,660.0,TUN_Wednesday,193.97621
TUN,AF,Wednesday,725,660.0,TUN_Wednesday,194.6172
TUN,AF,Wednesday,725,660.0,TUN_Wednesday,194.6172
TUN,AF,Wednesday,660,330.0,TUN_Wednesday,208.52896
TUN,AF,Wednesday,365,660.0,TUN_Wednesday,193.12471
TUN,AH,Wednesday,515,570.0,TUN_Wednesday,221.74516
TUN,AH,Wednesday,1375,1150.0,TUN_Wednesday,225.19458
TUN,AF,Wednesday,935,1035.0,TUN_Wednesday,194.17172
TUN,AT,Wednesday,320,710.0,TUN_Wednesday,241.69914
TUN,AT,Wednesday,985,1100.0,TUN_Wednesday,247.09619
TUN,AT,Wednesday,1370,1100.0,TUN_Wednesday,247.24562
TUN,A3,Thursday,960,70.0,TUN_Thursday,103.43606
TUN,A3,Thursday,555,70.0,TUN_Thursday,114.517456
TUN,AF,Thursday,340,330.0,TUN_Thursday,190.51773
TUN,AF,Thursday,365,660.0,TUN_Thursday,184.66881
TUN,AF,Thursday,500,660.0,TUN_Thursday,185.35828
TUN,AF,Thursday,510,330.0,TUN_Thursday,193.34175
TUN,AF,Thursday,340,1035.0,TUN_Thursday,181.0976
TUN,AF,Thursday,935,1035.0,TUN_Thursday,181.32002
TUN,AZ,Thursday,255,1140.0,TUN_Thursday,187.44145
TUN,AZ,Thursday,270,685.0,TUN_Thursday,187.71729
TUN,AZ,Thursday,710,685.0,TUN_Thursday,190.45724
TUN,AZ,Thursday,950,1140.0,TUN_Thursday,186.89607
TUN,AF,Thursday,660,330.0,TUN_Thursday,192.79794
TUN,AF,Thursday,660,330.0,TUN_Thursday,192.79794
TUN,AF,Thursday,725,660.0,TUN_Thursday,183.43546
TUN,TU,Friday,105,1210.0,TUN_Friday,84.08207
TUN,A3,Friday,555,70.0,TUN_Friday,118.18159
TUN,A3,Friday,960,70.0,TUN_Friday,111.189674
TUN,A3,Friday,2385,70.0,TUN_Friday,178.76826
TUN,A3,Friday,2385,70.0,TUN_Friday,178.76826
TUN,A3,Friday,2385,70.0,TUN_Friday,178.76826
TUN,A3,Friday,2385,70.0,TUN_Friday,178.76826
TUN,AZ,Friday,255,1140.0,TUN_Friday,186.65115
TUN,AZ,Friday,270,685.0,TUN_Friday,186.91931
TUN,AZ,Friday,710,685.0,TUN_Friday,189.35938
TUN,AZ,Friday,950,1140.0,TUN_Friday,186.40845
TUN,LH,Friday,340,180.0,TUN_Friday,203.0811
TUN,LH,Friday,340,800.0,TUN_Friday,216.13747
TUN,LH,Friday,390,800.0,TUN_Friday,216.37088
TUN,AH,Friday,515,570.0,TUN_Friday,219.23466
TUN,A3,Saturday,555,70.0,TUN_Saturday,118.15058
TUN,A3,Saturday,960,70.0,TUN_Saturday,114.02154
TUN,AF,Saturday,935,1035.0,TUN_Saturday,186.57191
TUN,AF,Saturday,660,330.0,TUN_Saturday,195.77324
TUN,AF,Saturday,660,330.0,TUN_Saturday,195.77324
TUN,A3,Saturday,945,70.0,TUN_Saturday,201.21864
TUN,AZ,Saturday,710,685.0,TUN_Saturday,193.36107
TUN,AF,Saturday,340,1035.0,TUN_Saturday,186.83537
TUN,AF,Saturday,660,330.0,TUN_Saturday,195.77324
TUN,AZ,Saturday,270,685.0,TUN_Saturday,191.9452
TUN,A3,Saturday,945,70.0,TUN_Saturday,201.21864
TUN,A3,Saturday,945,70.0,TUN_Saturday,201.21864
TUN,A3,Saturday,945,70.0,TUN_Saturday,201.21864
TUN,LH,Saturday,305,1080.0,TUN_Saturday,225.57404
TUN,AF,Saturday,510,330.0,TUN_Saturday,192.01396
TUN,TU,Sunday,105,1070.0,TUN_Sunday,87.33031
TUN,A3,Sunday,555,70.0,TUN_Sunday,114.46859
TUN,A3,Sunday,960,70.0,TUN_Sunday,108.20563
TUN,AF,Sunday,340,330.0,TUN_Sunday,178.09714
TUN,AF,Sunday,360,660.0,TUN_Sunday,181.35611
TUN,AF,Sunday,500,660.0,TUN_Sunday,182.91057
TUN,AF,Sunday,510,330.0,TUN_Sunday,179.59978
TUN,AF,Sunday,340,1035.0,TUN_Sunday,180.7812
TUN,AF,Sunday,935,1035.0,TUN_Sunday,182.49034
TUN,AZ,Sunday,255,1140.0,TUN_Sunday,186.65115
TUN,AZ,Sunday,270,685.0,TUN_Sunday,186.91931
TUN,AZ,Sunday,710,685.0,TUN_Sunday,189.35938
TUN,AZ,Sunday,950,1140.0,TUN_Sunday,186.40845
TUN,LH,Sunday,315,740.0,TUN_Sunday,217.9508
TUN,LH,Sunday,645,740.0,TUN_Sunday,216.20924
TUN,A3,Monday,555,70.0,TUN_Monday,124.038155
TUN,A3,Monday,960,70.0,TUN_Monday,112.44553
TUN,AF,Monday,340,1035.0,TUN_Monday,176.7278
TUN,AF,Monday,365,660.0,TUN_Monday,176.49384
TUN,AF,Monday,500,660.0,TUN_Monday,177.34534
TUN,AF,Monday,935,1035.0,TUN_Monday,176.92511
TUN,AF,Monday,510,330.0,TUN_Monday,181.75969
TUN,AF,Monday,340,330.0,TUN_Monday,180.25705
TUN,A3,Monday,2395,70.0,TUN_Monday,188.83035
TUN,A3,Monday,2395,70.0,TUN_Monday,188.83035
TUN,A3,Monday,2395,70.0,TUN_Monday,188.83035
TUN,A3,Monday,2395,70.0,TUN_Monday,188.83035
TUN,A3,Monday,2395,70.0,TUN_Monday,188.83035
TUN,AF,Monday,660,330.0,TUN_Monday,186.73892
TUN,AF,Monday,725,660.0,TUN_Monday,177.98633
TUN,A3,Tuesday,555,70.0,TUN_Tuesday,133.99939
TUN,A3,Tuesday,960,70.0,TUN_Tuesday,122.117836
TUN,AF,Tuesday,365,660.0,TUN_Tuesday,175.15254
TUN,AF,Tuesday,500,660.0,TUN_Tuesday,176.00404
TUN,AF,Tuesday,510,330.0,TUN_Tuesday,179.86943
TUN,AF,Tuesday,340,330.0,TUN_Tuesday,176.56906
TUN,A3,Tuesday,955,70.0,TUN_Tuesday,183.30782
TUN,AF,Tuesday,725,660.0,TUN_Tuesday,184.1615
TUN,AF,Tuesday,725,660.0,TUN_Tuesday,184.1615
TUN,AZ,Tuesday,255,1140.0,TUN_Tuesday,187.79507
TUN,AZ,Tuesday,270,685.0,TUN_Tuesday,188.3221
TUN,AZ,Tuesday,710,685.0,TUN_Tuesday,190.95049
TUN,AZ,Tuesday,950,1140.0,TUN_Tuesday,187.88437
TUN,AF,Tuesday,340,1035.0,TUN_Tuesday,177.43942
TUN,AF,Tuesday,935,1035.0,TUN_Tuesday,185.06624
TUN,TU,Wednesday,105,735.0,TUN_Wednesday,86.554924
TUN,A3,Wednesday,555,70.0,TUN_Wednesday,110.945755
TUN,A3,Wednesday,960,70.0,TUN_Wednesday,106.449036
TUN,AF,Wednesday,365,660.0,TUN_Wednesday,193.12471
TUN,AF,Wednesday,500,660.0,TUN_Wednesday,193.97621
TUN,AF,Wednesday,340,330.0,TUN_Wednesday,196.74982
TUN,AF,Wednesday,340,1035.0,TUN_Wednesday,188.70555
TUN,AF,Wednesday,725,660.0,TUN_Wednesday,194.6172
TUN,AF,Wednesday,725,660.0,TUN_Wednesday,194.6172
TUN,AZ,Wednesday,710,685.0,TUN_Wednesday,190.43974
TUN,AF,Wednesday,660,330.0,TUN_Wednesday,208.52896
TUN,AZ,Wednesday,270,685.0,TUN_Wednesday,188.5892
TUN,AF,Wednesday,660,330.0,TUN_Wednesday,208.52896
TUN,LH,Wednesday,375,765.0,TUN_Wednesday,217.31348
TUN,LH,Wednesday,425,765.0,TUN_Wednesday,217.98499
TUN,A3,Thursday,555,70.0,TUN_Thursday,114.517456
TUN,A3,Thursday,960,70.0,TUN_Thursday,103.43606
TUN,AF,Thursday,365,660.0,TUN_Thursday,184.66881
TUN,AF,Thursday,500,660.0,TUN_Thursday,185.35828
TUN,AF,Thursday,935,1035.0,TUN_Thursday,181.32002
TUN,AF,Thursday,725,660.0,TUN_Thursday,183.43546
TUN,AF,Thursday,725,660.0,TUN_Thursday,183.43546
TUN,AF,Thursday,340,1035.0,TUN_Thursday,181.0976
TUN,AZ,Thursday,950,1140.0,TUN_Thursday,186.89607
TUN,AF,Thursday,340,330.0,TUN_Thursday,190.51773
TUN,AF,Thursday,510,330.0,TUN_Thursday,193.34175
TUN,AF,Thursday,660,330.0,TUN_Thursday,192.79794
TUN,AF,Thursday,660,330.0,TUN_Thursday,192.79794
TUN,AZ,Thursday,255,1140.0,TUN_Thursday,187.44145
TUN,AZ,Thursday,270,685.0,TUN_Thursday,187.71729
CDG,IB,Wednesday,105,925.0,CDG_Wednesday,105.1885
CDG,IB,Wednesday,110,590.0,CDG_Wednesday,105.28668
CDG,IB,Wednesday,110,1255.0,CDG_Wednesday,103.71924
CDG,IB,Wednesday,110,1325.0,CDG_Wednesday,103.71924
CDG,VY,Wednesday,105,925.0,CDG_Wednesday,104.04313
CDG,VY,Wednesday,110,590.0,CDG_Wednesday,105.687004
CDG,VY,Wednesday,110,1255.0,CDG_Wednesday,103.098114
CDG,VY,Wednesday,110,1325.0,CDG_Wednesday,102.411514
CDG,UX,Wednesday,575,420.0,CDG_Wednesday,124.23458
CDG,AF,Wednesday,105,425.0,CDG_Wednesday,134.1977
CDG,AF,Wednesday,105,920.0,CDG_Wednesday,130.63611
CDG,AF,Wednesday,105,1055.0,CDG_Wednesday,129.05818
CDG,AF,Wednesday,110,560.0,CDG_Wednesday,129.45465
CDG,AF,Wednesday,110,1265.0,CDG_Wednesday,127.00994
CDG,AF,Wednesday,105,735.0,CDG_Wednesday,132.07845
CDG,VY,Thursday,110,1325.0,CDG_Thursday,102.395584
CDG,VY,Thursday,105,925.0,CDG_Thursday,104.0272
CDG,IB,Thursday,105,925.0,CDG_Thursday,105.17257
CDG,IB,Thursday,110,590.0,CDG_Thursday,105.27075
CDG,IB,Thursday,110,1325.0,CDG_Thursday,103.70331
CDG,VY,Thursday,110,590.0,CDG_Thursday,105.671074
CDG,DY,Thursday,1595,1250.0,CDG_Thursday,128.29848
CDG,DY,Thursday,895,1250.0,CDG_Thursday,126.54482
CDG,DY,Thursday,690,710.0,CDG_Thursday,134.40298
CDG,IB,Thursday,325,765.0,CDG_Thursday,151.9481
CDG,AF,Thursday,105,425.0,CDG_Thursday,132.8653
CDG,AF,Thursday,105,735.0,CDG_Thursday,130.37057
CDG,AF,Thursday,105,920.0,CDG_Thursday,130.10118
CDG,AF,Thursday,105,1055.0,CDG_Thursday,128.1275
CDG,AF,Thursday,110,1265.0,CDG_Thursday,126.303566
CDG,VY,Friday,105,935.0,CDG_Friday,104.04313
CDG,IB,Friday,105,935.0,CDG_Friday,105.37302
CDG,IB,Friday,110,590.0,CDG_Friday,105.4712
CDG,IB,Friday,110,1255.0,CDG_Friday,103.903755
CDG,IB,Friday,110,1325.0,CDG_Friday,103.903755
CDG,VY,Friday,110,1255.0,CDG_Friday,103.098114
CDG,DY,Friday,500,905.0,CDG_Friday,132.94502
CDG,VY,Friday,110,590.0,CDG_Friday,105.687004
CDG,VY,Friday,110,1325.0,CDG_Friday,102.411514
CDG,QS,Friday,325,525.0,CDG_Friday,155.77896
CDG,AF,Friday,830,1235.0,CDG_Friday,149.80687
CDG,AF,Friday,940,1235.0,CDG_Friday,149.27434
CDG,AZ,Friday,285,365.0,CDG_Friday,150.59264
CDG,AZ,Friday,300,1095.0,CDG_Friday,151.48428
CDG,AZ,Friday,590,365.0,CDG_Friday,155.45158
CDG,IB,Saturday,110,590.0,CDG_Saturday,105.41627
CDG,IB,Saturday,105,925.0,CDG_Saturday,105.2666
CDG,IB,Saturday,110,1255.0,CDG_Saturday,103.79734
CDG,IB,Saturday,110,1325.0,CDG_Saturday,103.79734
CDG,VY,Saturday,105,925.0,CDG_Saturday,104.3325
CDG,VY,Saturday,110,590.0,CDG_Saturday,106.027855
CDG,VY,Saturday,110,1255.0,CDG_Saturday,103.38748
CDG,VY,Saturday,110,1325.0,CDG_Saturday,102.70088
CDG,QS,Saturday,1075,1215.0,CDG_Saturday,155.57553
CDG,QS,Saturday,1390,900.0,CDG_Saturday,151.88353
CDG,AZ,Saturday,285,365.0,CDG_Saturday,147.48422
CDG,AZ,Saturday,300,1095.0,CDG_Saturday,149.27792
CDG,AZ,Saturday,590,365.0,CDG_Saturday,151.09499
CDG,AZ,Saturday,690,705.0,CDG_Saturday,150.5405
CDG,VY,Saturday,820,1125.0,CDG_Saturday,173.56294
CDG,IB,Sunday,105,925.0,CDG_Sunday,105.1885
CDG,IB,Sunday,110,590.0,CDG_Sunday,105.28668
CDG,IB,Sunday,110,1325.0,CDG_Sunday,103.71924
CDG,VY,Sunday,105,925.0,CDG_Sunday,104.30949
CDG,VY,Sunday,110,1325.0,CDG_Sunday,102.67787
CDG,VY,Sunday,110,590.0,CDG_Sunday,105.95336
CDG,DY,Sunday,895,1250.0,CDG_Sunday,132.75449
CDG,DY,Sunday,1055,1250.0,CDG_Sunday,140.23654
CDG,AF,Sunday,100,800.0,CDG_Sunday,131.96101
CDG,AF,Sunday,105,735.0,CDG_Sunday,131.34908
CDG,AF,Sunday,110,1265.0,CDG_Sunday,126.62312
CDG,AF,Sunday,105,425.0,CDG_Sunday,133.8438
CDG,AF,Sunday,105,1055.0,CDG_Sunday,128.67133
CDG,QS,Sunday,325,525.0,CDG_Sunday,155.62488
CDG,QS,Sunday,1075,1215.0,CDG_Sunday,154.87108
CDG,DY,Monday,895,1250.0,CDG_Monday,121.77388
CDG,VY,Monday,110,1325.0,CDG_Monday,102.292175
CDG,IB,Monday,105,925.0,CDG_Monday,104.969025
CDG,IB,Monday,110,590.0,CDG_Monday,105.06721
CDG,IB,Monday,110,1255.0,CDG_Monday,103.5999
CDG,IB,Monday,110,1325.0,CDG_Monday,103.5999
CDG,VY,Monday,105,925.0,CDG_Monday,103.823654
CDG,VY,Monday,110,1255.0,CDG_Monday,102.978775
CDG,VY,Monday,110,590.0,CDG_Monday,105.46753
CDG,AF,Monday,100,800.0,CDG_Monday,131.65924
CDG,AF,Monday,105,425.0,CDG_Monday,133.12743
CDG,AF,Monday,105,735.0,CDG_Monday,130.6327
CDG,AF,Monday,105,920.0,CDG_Monday,129.92868
CDG,AF,Monday,105,1055.0,CDG_Monday,127.95502
CDG,AF,Monday,110,560.0,CDG_Monday,128.38435
CDG,IB,Tuesday,105,925.0,CDG_Tuesday,105.1885
CDG,IB,Tuesday,110,590.0,CDG_Tuesday,105.28668
CDG,IB,Tuesday,110,1325.0,CDG_Tuesday,103.71924
CDG,VY,Tuesday,105,925.0,CDG_Tuesday,104.04313
CDG,VY,Tuesday,110,590.0,CDG_Tuesday,105.687004
CDG,VY,Tuesday,110,1325.0,CDG_Tuesday,102.411514
CDG,AZ,Tuesday,285,365.0,CDG_Tuesday,144.83493
CDG,AZ,Tuesday,300,1095.0,CDG_Tuesday,145.88565
CDG,AZ,Tuesday,590,365.0,CDG_Tuesday,147.38231
CDG,AZ,Tuesday,690,705.0,CDG_Tuesday,146.70535
CDG,AZ,Tuesday,995,1095.0,CDG_Tuesday,142.39082
CDG,AF,Tuesday,100,800.0,CDG_Tuesday,131.8139
CDG,AF,Tuesday,105,425.0,CDG_Tuesday,133.27716
CDG,AF,Tuesday,105,735.0,CDG_Tuesday,131.20197
CDG,AF,Tuesday,105,920.0,CDG_Tuesday,130.49794
CDG,VY,Wednesday,110,590.0,CDG_Wednesday,105.687004
CDG,IB,Wednesday,105,925.0,CDG_Wednesday,105.1885
CDG,IB,Wednesday,110,590.0,CDG_Wednesday,105.28668
CDG,IB,Wednesday,110,1255.0,CDG_Wednesday,103.71924
CDG,IB,Wednesday,110,1325.0,CDG_Wednesday,103.71924
CDG,VY,Wednesday,105,925.0,CDG_Wednesday,104.04313
CDG,VY,Wednesday,110,1255.0,CDG_Wednesday,103.098114
CDG,VY,Wednesday,110,1325.0,CDG_Wednesday,102.411514
CDG,AZ,Wednesday,285,365.0,CDG_Wednesday,144.83493
CDG,AZ,Wednesday,300,1095.0,CDG_Wednesday,145.88565
CDG,AZ,Wednesday,590,365.0,CDG_Wednesday,147.38231
CDG,AZ,Wednesday,690,705.0,CDG_Wednesday,146.70535
CDG,AZ,Wednesday,995,1095.0,CDG_Wednesday,142.39082
CDG,AF,Wednesday,100,800.0,CDG_Wednesday,131.9143
CDG,AF,Wednesday,105,425.0,CDG_Wednesday,134.1977
CDG,VY,Thursday,110,1325.0,CDG_Thursday,102.395584
CDG,DY,Thursday,895,1250.0,CDG_Thursday,126.54482
CDG,IB,Thursday,105,925.0,CDG_Thursday,105.17257
CDG,IB,Thursday,110,590.0,CDG_Thursday,105.27075
CDG,IB,Thursday,110,1325.0,CDG_Thursday,103.70331
CDG,VY,Thursday,105,925.0,CDG_Thursday,104.0272
CDG,VY,Thursday,110,590.0,CDG_Thursday,105.671074
CDG,DY,Thursday,1595,1250.0,CDG_Thursday,128.29848
CDG,AZ,Thursday,285,365.0,CDG_Thursday,144.83493
CDG,AZ,Thursday,300,1095.0,CDG_Thursday,145.88565
CDG,AZ,Thursday,590,365.0,CDG_Thursday,147.38231
CDG,AZ,Thursday,690,705.0,CDG_Thursday,146.70535
CDG,AF,Thursday,105,425.0,CDG_Thursday,132.8653
CDG,AF,Thursday,105,920.0,CDG_Thursday,130.10118
CDG,AF,Thursday,105,1055.0,CDG_Thursday,128.1275
CDG,VY,Friday,110,1325.0,CDG_Friday,102.411514
CDG,VY,Friday,105,935.0,CDG_Friday,104.04313
CDG,IB,Friday,105,935.0,CDG_Friday,105.37302
CDG,IB,Friday,110,590.0,CDG_Friday,105.4712
CDG,IB,Friday,110,1255.0,CDG_Friday,103.903755
CDG,IB,Friday,110,1325.0,CDG_Friday,103.903755
CDG,VY,Friday,110,590.0,CDG_Friday,105.687004
CDG,VY,Friday,110,1255.0,CDG_Friday,103.098114
CDG,AF,Friday,830,1235.0,CDG_Friday,149.80687
CDG,AF,Friday,940,1235.0,CDG_Friday,149.27434
CDG,AZ,Friday,300,1095.0,CDG_Friday,151.48428
CDG,AZ,Friday,690,705.0,CDG_Friday,150.30197
CDG,AF,Friday,105,425.0,CDG_Friday,133.59833
CDG,AF,Friday,105,735.0,CDG_Friday,131.1036
CDG,AF,Friday,105,920.0,CDG_Friday,130.39958
CDG,IB,Saturday,105,925.0,CDG_Saturday,105.2666
CDG,IB,Saturday,110,590.0,CDG_Saturday,105.41627
CDG,IB,Saturday,110,1255.0,CDG_Saturday,103.79734
CDG,IB,Saturday,110,1325.0,CDG_Saturday,103.79734
CDG,VY,Saturday,105,925.0,CDG_Saturday,104.3325
CDG,VY,Saturday,110,1325.0,CDG_Saturday,102.70088
CDG,VY,Saturday,110,1255.0,CDG_Saturday,103.38748
CDG,VY,Saturday,110,590.0,CDG_Saturday,106.027855
CDG,AF,Saturday,340,805.0,CDG_Saturday,152.31277
CDG,AF,Saturday,830,1235.0,CDG_Saturday,145.71036
CDG,AF,Saturday,940,1235.0,CDG_Saturday,145.17783
CDG,AZ,Saturday,300,1095.0,CDG_Saturday,149.27792
CDG,AZ,Saturday,590,365.0,CDG_Saturday,151.09499
CDG,AZ,Saturday,690,705.0,CDG_Saturday,150.5405
CDG,AZ,Saturday,995,1095.0,CDG_Saturday,144.63441
CDG,IB,Sunday,110,1325.0,CDG_Sunday,103.71924
CDG,VY,Sunday,110,1325.0,CDG_Sunday,102.67787
CDG,IB,Sunday,105,925.0,CDG_Sunday,105.1885
CDG,IB,Sunday,110,590.0,CDG_Sunday,105.28668
CDG,VY,Sunday,105,925.0,CDG_Sunday,104.30949
CDG,VY,Sunday,110,590.0,CDG_Sunday,105.95336
CDG,DY,Sunday,895,1250.0,CDG_Sunday,132.75449
CDG,AZ,Sunday,285,365.0,CDG_Sunday,144.83493
CDG,AZ,Sunday,300,1095.0,CDG_Sunday,145.88565
CDG,AZ,Sunday,590,365.0,CDG_Sunday,147.38231
CDG,AZ,Sunday,690,705.0,CDG_Sunday,146.70535
CDG,AZ,Sunday,995,1095.0,CDG_Sunday,142.39082
CDG,DY,Sunday,1055,1250.0,CDG_Sunday,140.23654
CDG,QS,Sunday,325,525.0,CDG_Sunday,155.62488
CDG,QS,Sunday,1075,1215.0,CDG_Sunday,154.87108
CDG,DY,Monday,895,1250.0,CDG_Monday,121.77388
CDG,IB,Monday,105,925.0,CDG_Monday,104.969025
CDG,IB,Monday,110,590.0,CDG_Monday,105.06721
CDG,IB,Monday,110,1255.0,CDG_Monday,103.5999
CDG,IB,Monday,110,1325.0,CDG_Monday,103.5999
CDG,VY,Monday,105,925.0,CDG_Monday,103.823654
CDG,VY,Monday,110,590.0,CDG_Monday,105.46753
CDG,VY,Monday,110,1255.0,CDG_Monday,102.978775
CDG,VY,Monday,110,1325.0,CDG_Monday,102.292175
CDG,AZ,Monday,285,365.0,CDG_Monday,144.61545
CDG,AZ,Monday,300,1095.0,CDG_Monday,145.66617
CDG,AZ,Monday,590,365.0,CDG_Monday,147.16283
CDG,AZ,Monday,690,705.0,CDG_Monday,146.48587
CDG,AZ,Monday,995,1095.0,CDG_Monday,142.17134
CDG,QS,Monday,325,525.0,CDG_Monday,155.58705
CDG,VY,Tuesday,110,1325.0,CDG_Tuesday,102.411514
CDG,IB,Tuesday,105,925.0,CDG_Tuesday,105.1885
CDG,IB,Tuesday,110,590.0,CDG_Tuesday,105.28668
CDG,IB,Tuesday,110,1325.0,CDG_Tuesday,103.71924
CDG,VY,Tuesday,105,925.0,CDG_Tuesday,104.04313
CDG,VY,Tuesday,110,590.0,CDG_Tuesday,105.687004
CDG,AZ,Tuesday,285,365.0,CDG_Tuesday,144.83493
CDG,AZ,Tuesday,300,1095.0,CDG_Tuesday,145.88565
CDG,AZ,Tuesday,690,705.0,CDG_Tuesday,146.70535
CDG,AZ,Tuesday,995,1095.0,CDG_Tuesday,142.39082
CDG,AF,Tuesday,100,800.0,CDG_Tuesday,131.8139
CDG,AF,Tuesday,105,920.0,CDG_Tuesday,130.49794
CDG,AF,Tuesday,105,1055.0,CDG_Tuesday,129.0627
CDG,AF,Tuesday,105,735.0,CDG_Tuesday,131.20197
CDG,AF,Tuesday,110,1265.0,CDG_Tuesday,127.01441
CDG,IB,Wednesday,105,925.0,CDG_Wednesday,105.1885
CDG,IB,Wednesday,110,590.0,CDG_Wednesday,105.28668
CDG,IB,Wednesday,110,1255.0,CDG_Wednesday,103.71924
CDG,IB,Wednesday,110,1325.0,CDG_Wednesday,103.71924
CDG,VY,Wednesday,105,925.0,CDG_Wednesday,104.04313
CDG,VY,Wednesday,110,590.0,CDG_Wednesday,105.687004
CDG,VY,Wednesday,110,1255.0,CDG_Wednesday,103.098114
CDG,VY,Wednesday,110,1325.0,CDG_Wednesday,102.411514
CDG,AF,Wednesday,100,800.0,CDG_Wednesday,131.9143
CDG,AF,Wednesday,105,425.0,CDG_Wednesday,134.1977
CDG,AF,Wednesday,105,735.0,CDG_Wednesday,132.07845
CDG,AF,Wednesday,105,920.0,CDG_Wednesday,130.63611
CDG,AF,Wednesday,105,1055.0,CDG_Wednesday,129.05818
CDG,AF,Wednesday,110,560.0,CDG_Wednesday,129.45465
CDG,AF,Wednesday,110,1265.0,CDG_Wednesday,127.00994
CDG,VY,Thursday,105,925.0,CDG_Thursday,104.0272
CDG,IB,Thursday,105,925.0,CDG_Thursday,105.17257
CDG,IB,Thursday,110,590.0,CDG_Thursday,105.27075
CDG,IB,Thursday,110,1325.0,CDG_Thursday,103.70331
CDG,VY,Thursday,110,1325.0,CDG_Thursday,102.395584
CDG,DY,Thursday,1595,1250.0,CDG_Thursday,128.29848
CDG,VY,Thursday,110,590.0,CDG_Thursday,105.671074
CDG,DY,Thursday,690,710.0,CDG_Thursday,134.40298
CDG,DY,Thursday,1695,710.0,CDG_Thursday,133.26924
CDG,AF,Thursday,105,425.0,CDG_Thursday,132.8653
CDG,AF,Thursday,105,735.0,CDG_Thursday,130.37057
CDG,AF,Thursday,105,920.0,CDG_Thursday,130.10118
CDG,AF,Thursday,105,1055.0,CDG_Thursday,128.1275
CDG,AF,Thursday,110,560.0,CDG_Thursday,128.34654
CDG,AF,Thursday,110,1265.0,CDG_Thursday,126.303566
CDG,VY,Friday,110,590.0,CDG_Friday,105.687004
CDG,IB,Friday,105,935.0,CDG_Friday,105.37302
CDG,IB,Friday,110,590.0,CDG_Friday,105.4712
CDG,IB,Friday,110,1255.0,CDG_Friday,103.903755
CDG,IB,Friday,110,1325.0,CDG_Friday,103.903755
CDG,VY,Friday,105,935.0,CDG_Friday,104.04313
CDG,VY,Friday,110,1255.0,CDG_Friday,103.098114
CDG,VY,Friday,110,1325.0,CDG_Friday,102.411514
CDG,AF,Friday,830,1235.0,CDG_Friday,149.80687
CDG,AF,Friday,940,1235.0,CDG_Friday,149.27434
CDG,AF,Friday,105,425.0,CDG_Friday,133.59833
CDG,AF,Friday,105,735.0,CDG_Friday,131.1036
CDG,AF,Friday,105,1055.0,CDG_Friday,128.42587
CDG,AF,Friday,110,560.0,CDG_Friday,128.85527
CDG,DY,Friday,500,905.0,CDG_Friday,132.94502
CDG,VY,Saturday,110,1325.0,CDG_Saturday,102.70088
CDG,IB,Saturday,105,925.0,CDG_Saturday,105.2666
CDG,IB,Saturday,110,590.0,CDG_Saturday,105.41627
CDG,IB,Saturday,110,1255.0,CDG_Saturday,103.79734
CDG,IB,Saturday,110,1325.0,CDG_Saturday,103.79734
CDG,VY,Saturday,105,925.0,CDG_Saturday,104.3325
CDG,VY,Saturday,110,590.0,CDG_Saturday,106.027855
CDG,VY,Saturday,110,1255.0,CDG_Saturday,103.38748
CDG,AF,Saturday,340,805.0,CDG_Saturday,152.31277
CDG,AF,Saturday,375,615.0,CDG_Saturday,153.26176
CDG,AF,Saturday,975,1090.0,CDG_Saturday,149.36273
CDG,AF,Saturday,830,1235.0,CDG_Saturday,145.71036
CDG,AF,Saturday,940,1235.0,CDG_Saturday,145.17783
CDG,UX,Saturday,575,420.0,CDG_Saturday,125.18026
CDG,AF,Saturday,100,800.0,CDG_Saturday,130.56783
CDG,VY,Sunday,110,1325.0,CDG_Sunday,102.67787
CDG,IB,Sunday,105,925.0,CDG_Sunday,105.1885
CDG,IB,Sunday,110,590.0,CDG_Sunday,105.28668
CDG,IB,Sunday,110,1325.0,CDG_Sunday,103.71924
CDG,VY,Sunday,105,925.0,CDG_Sunday,104.30949
CDG,VY,Sunday,110,590.0,CDG_Sunday,105.95336
CDG,AF,Sunday,100,800.0,CDG_Sunday,131.96101
CDG,AF,Sunday,105,425.0,CDG_Sunday,133.8438
CDG,AF,Sunday,105,735.0,CDG_Sunday,131.34908
CDG,AF,Sunday,105,915.0,CDG_Sunday,130.64505
CDG,AF,Sunday,105,1055.0,CDG_Sunday,128.67133
CDG,AF,Sunday,110,1265.0,CDG_Sunday,126.62312
CDG,AF,Sunday,110,560.0,CDG_Sunday,129.10075
CDG,AZ,Sunday,285,365.0,CDG_Sunday,144.83493
CDG,AZ,Sunday,590,365.0,CDG_Sunday,147.38231
CDG,IB,Monday,105,925.0,CDG_Monday,104.969025
CDG,IB,Monday,110,1255.0,CDG_Monday,103.5999
CDG,IB,Monday,110,1325.0,CDG_Monday,103.5999
CDG,VY,Monday,105,925.0,CDG_Monday,103.823654
CDG,VY,Monday,110,1255.0,CDG_Monday,102.978775
CDG,VY,Monday,110,1325.0,CDG_Monday,102.292175
CDG,DY,Monday,895,1250.0,CDG_Monday,121.77388
CDG,IB,Monday,110,590.0,CDG_Monday,105.06721
CDG,VY,Monday,110,590.0,CDG_Monday,105.46753
CDG,AF,Monday,105,425.0,CDG_Monday,133.12743
CDG,AF,Monday,105,735.0,CDG_Monday,130.6327
CDG,AF,Monday,105,920.0,CDG_Monday,129.92868
CDG,AF,Monday,105,1055.0,CDG_Monday,127.95502
CDG,AF,Monday,110,560.0,CDG_Monday,128.38435
CDG,AF,Monday,110,1265.0,CDG_Monday,126.00688
CDG,VY,Tuesday,105,925.0,CDG_Tuesday,104.04313
CDG,VY,Tuesday,110,1325.0,CDG_Tuesday,102.411514
CDG,IB,Tuesday,105,925.0,CDG_Tuesday,105.1885
CDG,IB,Tuesday,110,590.0,CDG_Tuesday,105.28668
CDG,IB,Tuesday,110,1325.0,CDG_Tuesday,103.71924
CDG,VY,Tuesday,110,590.0,CDG_Tuesday,105.687004
CDG,AF,Tuesday,100,800.0,CDG_Tuesday,131.8139
CDG,AF,Tuesday,105,425.0,CDG_Tuesday,133.27716
CDG,AF,Tuesday,105,735.0,CDG_Tuesday,131.20197
CDG,AF,Tuesday,105,920.0,CDG_Tuesday,130.49794
CDG,AF,Tuesday,105,1055.0,CDG_Tuesday,129.0627
CDG,AF,Tuesday,110,560.0,CDG_Tuesday,128.53409
CDG,AF,Tuesday,110,1265.0,CDG_Tuesday,127.01441
CDG,AZ,Tuesday,285,365.0,CDG_Tuesday,144.83493
CDG,AZ,Tuesday,300,1095.0,CDG_Tuesday,145.88565
CDG,IB,Wednesday,105,925.0,CDG_Wednesday,105.1885
CDG,IB,Wednesday,110,590.0,CDG_Wednesday,105.28668
CDG,IB,Wednesday,110,1255.0,CDG_Wednesday,103.71924
CDG,VY,Wednesday,105,925.0,CDG_Wednesday,104.04313
CDG,VY,Wednesday,110,590.0,CDG_Wednesday,105.687004
CDG,VY,Wednesday,110,1255.0,CDG_Wednesday,103.098114
CDG,AF,Wednesday,105,425.0,CDG_Wednesday,134.1977
CDG,AF,Wednesday,105,920.0,CDG_Wednesday,130.63611
CDG,AF,Wednesday,105,1055.0,CDG_Wednesday,129.05818
CDG,AZ,Wednesday,285,365.0,CDG_Wednesday,144.83493
CDG,AZ,Wednesday,300,1095.0,CDG_Wednesday,145.88565
CDG,AZ,Wednesday,590,365.0,CDG_Wednesday,147.38231
CDG,AZ,Wednesday,690,705.0,CDG_Wednesday,146.70535
CDG,AZ,Wednesday,995,1095.0,CDG_Wednesday,142.39082
CDG,DY,Wednesday,1505,695.0,CDG_Wednesday,141.42494
CDG,IB,Thursday,105,925.0,CDG_Thursday,105.17257
CDG,IB,Thursday,110,590.0,CDG_Thursday,105.27075
CDG,VY,Thursday,105,925.0,CDG_Thursday,104.0272
CDG,VY,Thursday,110,590.0,CDG_Thursday,105.671074
CDG,AF,Thursday,105,425.0,CDG_Thursday,132.8653
CDG,AF,Thursday,105,735.0,CDG_Thursday,130.37057
CDG,AF,Thursday,105,920.0,CDG_Thursday,130.10118
CDG,AF,Thursday,105,1055.0,CDG_Thursday,128.1275
CDG,AF,Thursday,110,560.0,CDG_Thursday,128.34654
CDG,AF,Thursday,110,1265.0,CDG_Thursday,126.303566
CDG,DY,Thursday,1595,1250.0,CDG_Thursday,128.29848
CDG,DY,Thursday,1695,710.0,CDG_Thursday,133.26924
CDG,DY,Thursday,690,710.0,CDG_Thursday,134.40298
CDG,AZ,Thursday,285,365.0,CDG_Thursday,144.83493
CDG,AZ,Thursday,300,1095.0,CDG_Thursday,145.88565
CDG,IB,Friday,105,935.0,CDG_Friday,105.37302
CDG,IB,Friday,110,590.0,CDG_Friday,105.4712
CDG,IB,Friday,110,1255.0,CDG_Friday,103.903755
CDG,IB,Friday,110,1325.0,CDG_Friday,103.903755
CDG,VY,Friday,105,935.0,CDG_Friday,104.04313
CDG,VY,Friday,110,590.0,CDG_Friday,105.687004
CDG,VY,Friday,110,1255.0,CDG_Friday,103.098114
CDG,VY,Friday,110,1325.0,CDG_Friday,102.411514
CDG,AF,Friday,105,425.0,CDG_Friday,133.59833
CDG,AF,Friday,105,1055.0,CDG_Friday,128.42587
CDG,AF,Friday,110,1265.0,CDG_Friday,126.37765
CDG,AF,Friday,105,920.0,CDG_Friday,130.39958
CDG,AF,Friday,830,1235.0,CDG_Friday,149.80687
CDG,AF,Friday,940,1235.0,CDG_Friday,149.27434
CDG,DY,Friday,500,905.0,CDG_Friday,132.94502
CDG,IB,Saturday,105,925.0,CDG_Saturday,105.2666
CDG,IB,Saturday,110,590.0,CDG_Saturday,105.41627
CDG,IB,Saturday,110,1255.0,CDG_Saturday,103.79734
CDG,VY,Saturday,105,925.0,CDG_Saturday,104.3325
CDG,VY,Saturday,110,1255.0,CDG_Saturday,103.38748
CDG,AF,Saturday,830,1235.0,CDG_Saturday,145.71036
CDG,AF,Saturday,940,1235.0,CDG_Saturday,145.17783
CDG,AF,Saturday,340,805.0,CDG_Saturday,152.31277
CDG,AF,Saturday,375,615.0,CDG_Saturday,153.26176
CDG,AF,Saturday,975,1090.0,CDG_Saturday,149.36273
CDG,UX,Saturday,575,420.0,CDG_Saturday,125.18026
CDG,AF,Saturday,110,1265.0,CDG_Saturday,123.7942
CDG,VY,Saturday,110,590.0,CDG_Saturday,106.027855
CDG,AZ,Saturday,285,365.0,CDG_Saturday,147.48422
CDG,AZ,Saturday,300,1095.0,CDG_Saturday,149.27792
CDG,IB,Sunday,105,925.0,CDG_Sunday,105.1885
CDG,IB,Sunday,110,590.0,CDG_Sunday,105.28668
CDG,IB,Sunday,110,1325.0,CDG_Sunday,103.71924
CDG,VY,Sunday,105,925.0,CDG_Sunday,104.30949
CDG,VY,Sunday,110,1325.0,CDG_Sunday,102.67787
CDG,VY,Sunday,110,590.0,CDG_Sunday,105.95336
CDG,AF,Sunday,100,800.0,CDG_Sunday,131.96101
CDG,AF,Sunday,105,425.0,CDG_Sunday,133.8438
CDG,AF,Sunday,105,735.0,CDG_Sunday,131.34908
CDG,AF,Sunday,105,915.0,CDG_Sunday,130.64505
CDG,AF,Sunday,105,1055.0,CDG_Sunday,128.67133
CDG,AF,Sunday,110,560.0,CDG_Sunday,129.10075
CDG,AF,Sunday,110,1265.0,CDG_Sunday,126.62312
CDG,UX,Sunday,575,420.0,CDG_Sunday,125.01176
CDG,AZ,Sunday,285,365.0,CDG_Sunday,144.83493
CDG,VY,Monday,110,590.0,CDG_Monday,105.46753
CDG,IB,Monday,105,925.0,CDG_Monday,104.969025
CDG,IB,Monday,110,590.0,CDG_Monday,105.06721
CDG,IB,Monday,110,1255.0,CDG_Monday,103.5999
CDG,IB,Monday,110,1325.0,CDG_Monday,103.5999
CDG,VY,Monday,105,925.0,CDG_Monday,103.823654
CDG,VY,Monday,110,1255.0,CDG_Monday,102.978775
CDG,VY,Monday,110,1325.0,CDG_Monday,102.292175
CDG,DY,Monday,1460,740.0,CDG_Monday,131.9935
CDG,AF,Monday,105,425.0,CDG_Monday,133.12743
CDG,AF,Monday,105,735.0,CDG_Monday,130.6327
CDG,AF,Monday,105,920.0,CDG_Monday,129.92868
CDG,AF,Monday,105,1055.0,CDG_Monday,127.95502
CDG,AF,Monday,110,1265.0,CDG_Monday,126.00688
CDG,DY,Monday,895,1250.0,CDG_Monday,121.77388
CDG,IB,Tuesday,105,925.0,CDG_Tuesday,105.1885
CDG,IB,Tuesday,110,590.0,CDG_Tuesday,105.28668
CDG,IB,Tuesday,110,1325.0,CDG_Tuesday,103.71924
CDG,VY,Tuesday,105,925.0,CDG_Tuesday,104.04313
CDG,VY,Tuesday,110,1325.0,CDG_Tuesday,102.411514
CDG,AF,Tuesday,100,800.0,CDG_Tuesday,131.8139
CDG,AF,Tuesday,105,425.0,CDG_Tuesday,133.27716
CDG,AF,Tuesday,105,735.0,CDG_Tuesday,131.20197
CDG,AF,Tuesday,105,920.0,CDG_Tuesday,130.49794
CDG,AF,Tuesday,105,1055.0,CDG_Tuesday,129.0627
CDG,AF,Tuesday,110,560.0,CDG_Tuesday,128.53409
CDG,AF,Tuesday,110,1265.0,CDG_Tuesday,127.01441
CDG,VY,Tuesday,110,590.0,CDG_Tuesday,105.687004
CDG,AZ,Tuesday,285,365.0,CDG_Tuesday,144.83493
CDG,AZ,Tuesday,300,1095.0,CDG_Tuesday,145.88565
CDG,IB,Wednesday,105,925.0,CDG_Wednesday,105.1885
CDG,IB,Wednesday,110,590.0,CDG_Wednesday,105.28668
CDG,IB,Wednesday,110,1255.0,CDG_Wednesday,103.71924
CDG,VY,Wednesday,105,925.0,CDG_Wednesday,104.04313
CDG,VY,Wednesday,110,1255.0,CDG_Wednesday,103.098114
CDG,VY,Wednesday,110,590.0,CDG_Wednesday,105.687004
CDG,AF,Wednesday,100,800.0,CDG_Wednesday,131.9143
CDG,AF,Wednesday,105,425.0,CDG_Wednesday,134.1977
CDG,AF,Wednesday,105,735.0,CDG_Wednesday,132.07845
CDG,AF,Wednesday,105,920.0,CDG_Wednesday,130.63611
CDG,AF,Wednesday,105,1055.0,CDG_Wednesday,129.05818
CDG,AF,Wednesday,110,560.0,CDG_Wednesday,129.45465
CDG,AF,Wednesday,110,1265.0,CDG_Wednesday,127.00994
CDG,AZ,Wednesday,300,1095.0,CDG_Wednesday,145.88565
CDG,AZ,Wednesday,690,705.0,CDG_Wednesday,146.70535
CDG,IB,Thursday,105,925.0,CDG_Thursday,105.17257
CDG,IB,Thursday,110,590.0,CDG_Thursday,105.27075
CDG,VY,Thursday,105,925.0,CDG_Thursday,104.0272
CDG,DY,Thursday,1595,1250.0,CDG_Thursday,128.29848
CDG,AF,Thursday,105,425.0,CDG_Thursday,132.8653
CDG,AF,Thursday,105,920.0,CDG_Thursday,130.10118
CDG,AF,Thursday,105,1055.0,CDG_Thursday,128.1275
CDG,AF,Thursday,110,560.0,CDG_Thursday,128.34654
CDG,AF,Thursday,110,1265.0,CDG_Thursday,126.303566
CDG,AF,Thursday,105,735.0,CDG_Thursday,130.37057
CDG,DY,Thursday,1695,710.0,CDG_Thursday,133.26924
CDG,VY,Thursday,110,590.0,CDG_Thursday,105.671074
CDG,AZ,Thursday,285,365.0,CDG_Thursday,144.83493
CDG,AZ,Thursday,300,1095.0,CDG_Thursday,145.88565
CDG,AZ,Thursday,590,365.0,CDG_Thursday,147.38231
LON,IB,Wednesday,125,790.0,LON_Wednesday,89.90995
LON,IB,Wednesday,125,1070.0,LON_Wednesday,89.60919
LON,IB,Wednesday,125,1265.0,LON_Wednesday,88.74939
LON,IB,Wednesday,130,510.0,LON_Wednesday,93.96901
LON,VY,Wednesday,125,1070.0,LON_Wednesday,89.82423
LON,VY,Wednesday,125,1265.0,LON_Wednesday,88.964424
LON,VY,Wednesday,130,510.0,LON_Wednesday,94.43738
LON,VY,Wednesday,130,595.0,LON_Wednesday,93.08996
LON,VY,Wednesday,125,790.0,LON_Wednesday,90.64439
LON,UX,Wednesday,335,600.0,LON_Wednesday,116.5327
LON,IB,Wednesday,125,440.0,LON_Wednesday,93.29969
LON,IB,Wednesday,125,495.0,LON_Wednesday,93.94428
LON,IB,Wednesday,130,630.0,LON_Wednesday,92.23367
LON,IB,Wednesday,130,695.0,LON_Wednesday,91.63405
LON,IB,Wednesday,130,915.0,LON_Wednesday,96.30644
LON,VY,Thursday,125,965.0,LON_Thursday,89.97653
LON,IB,Thursday,125,1250.0,LON_Thursday,88.541016
LON,IB,Thursday,125,420.0,LON_Thursday,93.28376
LON,IB,Thursday,125,895.0,LON_Thursday,89.87371
LON,IB,Thursday,125,950.0,LON_Thursday,89.80826
LON,IB,Thursday,125,965.0,LON_Thursday,89.80826
LON,IB,Thursday,125,1030.0,LON_Thursday,89.61302
LON,IB,Thursday,130,765.0,LON_Thursday,91.130226
LON,VY,Thursday,125,420.0,LON_Thursday,93.22469
LON,VY,Thursday,125,1030.0,LON_Thursday,89.97653
LON,VY,Thursday,130,765.0,LON_Thursday,91.86466
LON,VY,Thursday,125,950.0,LON_Thursday,89.97653
LON,VY,Thursday,125,1250.0,LON_Thursday,88.904526
LON,VY,Thursday,125,895.0,LON_Thursday,90.041985
LON,UX,Thursday,335,600.0,LON_Thursday,116.51677
LON,VY,Friday,125,875.0,LON_Friday,89.49056
LON,VY,Friday,125,410.0,LON_Friday,90.15745
LON,VY,Friday,125,840.0,LON_Friday,89.80729
LON,VY,Friday,130,550.0,LON_Friday,91.0273
LON,IB,Friday,125,410.0,LON_Friday,90.54079
LON,IB,Friday,125,780.0,LON_Friday,89.20457
LON,IB,Friday,125,840.0,LON_Friday,89.24836
LON,IB,Friday,125,875.0,LON_Friday,89.24836
LON,IB,Friday,125,985.0,LON_Friday,89.60679
LON,IB,Friday,125,1205.0,LON_Friday,89.90369
LON,IB,Friday,125,1305.0,LON_Friday,88.53199
LON,IB,Friday,130,550.0,LON_Friday,90.8832
LON,IB,Friday,130,590.0,LON_Friday,91.04992
LON,VY,Friday,125,780.0,LON_Friday,89.61473
LON,VY,Friday,125,1305.0,LON_Friday,88.80951
LON,VY,Saturday,125,875.0,LON_Saturday,89.997475
LON,VY,Saturday,125,1175.0,LON_Saturday,90.25621
LON,IB,Saturday,125,405.0,LON_Saturday,91.22182
LON,IB,Saturday,125,790.0,LON_Saturday,90.04947
LON,IB,Saturday,125,875.0,LON_Saturday,89.553795
LON,IB,Saturday,125,1015.0,LON_Saturday,89.71699
LON,IB,Saturday,125,1175.0,LON_Saturday,90.041176
LON,IB,Saturday,125,1265.0,LON_Saturday,88.837425
LON,IB,Saturday,130,590.0,LON_Saturday,91.40684
LON,VY,Saturday,125,405.0,LON_Saturday,91.16275
LON,VY,Saturday,125,790.0,LON_Saturday,90.783905
LON,VY,Saturday,125,1265.0,LON_Saturday,89.05246
LON,VY,Saturday,125,1015.0,LON_Saturday,89.93202
LON,VY,Saturday,130,590.0,LON_Saturday,91.875206
LON,UX,Saturday,335,600.0,LON_Saturday,116.8234
LON,VY,Sunday,125,1265.0,LON_Sunday,88.964424
LON,VY,Sunday,125,1045.0,LON_Sunday,89.6784
LON,VY,Sunday,125,1170.0,LON_Sunday,89.81113
LON,VY,Sunday,130,550.0,LON_Sunday,91.56897
LON,IB,Sunday,125,970.0,LON_Sunday,89.82419
LON,IB,Sunday,125,1045.0,LON_Sunday,89.46336
LON,IB,Sunday,125,1170.0,LON_Sunday,89.59609
LON,IB,Sunday,125,1250.0,LON_Sunday,88.556946
LON,IB,Sunday,125,1265.0,LON_Sunday,88.74939
LON,IB,Sunday,130,550.0,LON_Sunday,91.1006
LON,IB,Sunday,130,590.0,LON_Sunday,91.26732
LON,VY,Sunday,125,970.0,LON_Sunday,89.84399
LON,VY,Sunday,130,590.0,LON_Sunday,91.73569
LON,VY,Sunday,125,1250.0,LON_Sunday,88.77198
LON,IB,Sunday,125,790.0,LON_Sunday,89.90995
LON,VY,Monday,125,1170.0,LON_Monday,89.59165
LON,VY,Monday,125,985.0,LON_Monday,89.62451
LON,IB,Monday,125,845.0,LON_Monday,89.246284
LON,IB,Monday,125,920.0,LON_Monday,89.670166
LON,IB,Monday,125,985.0,LON_Monday,89.60471
LON,IB,Monday,125,1040.0,LON_Monday,89.40948
LON,IB,Monday,125,1170.0,LON_Monday,89.37662
LON,IB,Monday,130,540.0,LON_Monday,90.80507
LON,IB,Monday,130,610.0,LON_Monday,91.503555
LON,IB,Monday,130,770.0,LON_Monday,90.92668
LON,VY,Monday,125,845.0,LON_Monday,90.129486
LON,VY,Monday,125,920.0,LON_Monday,89.689964
LON,VY,Monday,130,540.0,LON_Monday,91.27344
LON,VY,Monday,125,1040.0,LON_Monday,89.62451
LON,VY,Monday,130,610.0,LON_Monday,92.23799
LON,VY,Tuesday,125,875.0,LON_Tuesday,89.90944
LON,VY,Tuesday,125,1040.0,LON_Tuesday,89.84399
LON,IB,Tuesday,125,875.0,LON_Tuesday,89.46576
LON,IB,Tuesday,125,790.0,LON_Tuesday,89.90995
LON,IB,Tuesday,125,970.0,LON_Tuesday,89.82419
LON,IB,Tuesday,125,1040.0,LON_Tuesday,89.62895
LON,IB,Tuesday,130,590.0,LON_Tuesday,91.26732
LON,VY,Tuesday,125,790.0,LON_Tuesday,90.64439
LON,VY,Tuesday,130,590.0,LON_Tuesday,91.73569
LON,VY,Tuesday,125,970.0,LON_Tuesday,89.84399
LON,VY,Tuesday,130,595.0,LON_Tuesday,93.10714
LON,UX,Tuesday,335,600.0,LON_Tuesday,116.5327
LON,UX,Tuesday,870,1045.0,LON_Tuesday,123.21131
LON,IB,Tuesday,125,360.0,LON_Tuesday,91.460594
LON,IB,Tuesday,125,440.0,LON_Tuesday,93.29969
LON,VY,Wednesday,125,875.0,LON_Wednesday,89.90944
LON,IB,Wednesday,125,790.0,LON_Wednesday,89.90995
LON,IB,Wednesday,125,875.0,LON_Wednesday,89.46576
LON,IB,Wednesday,125,1070.0,LON_Wednesday,89.60919
LON,IB,Wednesday,125,1265.0,LON_Wednesday,88.74939
LON,IB,Wednesday,130,510.0,LON_Wednesday,93.96901
LON,IB,Wednesday,130,590.0,LON_Wednesday,91.26732
LON,VY,Wednesday,125,790.0,LON_Wednesday,90.64439
LON,VY,Wednesday,125,1070.0,LON_Wednesday,89.82423
LON,VY,Wednesday,125,1265.0,LON_Wednesday,88.964424
LON,VY,Wednesday,130,510.0,LON_Wednesday,94.43738
LON,VY,Wednesday,130,590.0,LON_Wednesday,91.73569
LON,VY,Wednesday,130,595.0,LON_Wednesday,93.08996
LON,UX,Wednesday,335,600.0,LON_Wednesday,116.5327
LON,IB,Wednesday,125,440.0,LON_Wednesday,93.29969
LON,VY,Thursday,125,950.0,LON_Thursday,89.97653
LON,IB,Thursday,125,420.0,LON_Thursday,93.28376
LON,IB,Thursday,125,895.0,LON_Thursday,89.87371
LON,IB,Thursday,125,950.0,LON_Thursday,89.80826
LON,IB,Thursday,125,965.0,LON_Thursday,89.80826
LON,IB,Thursday,125,1030.0,LON_Thursday,89.61302
LON,IB,Thursday,125,1250.0,LON_Thursday,88.541016
LON,IB,Thursday,130,550.0,LON_Thursday,91.08467
LON,IB,Thursday,130,765.0,LON_Thursday,91.130226
LON,VY,Thursday,125,420.0,LON_Thursday,93.22469
LON,VY,Thursday,125,965.0,LON_Thursday,89.97653
LON,VY,Thursday,125,1030.0,LON_Thursday,89.97653
LON,VY,Thursday,125,1250.0,LON_Thursday,88.904526
LON,VY,Thursday,130,765.0,LON_Thursday,91.86466
LON,VY,Thursday,125,895.0,LON_Thursday,90.041985
LON,VY,Friday,125,985.0,LON_Friday,89.42511
LON,IB,Friday,125,410.0,LON_Friday,90.54079
LON,IB,Friday,125,780.0,LON_Friday,89.20457
LON,IB,Friday,125,840.0,LON_Friday,89.24836
LON,IB,Friday,125,875.0,LON_Friday,89.24836
LON,IB,Friday,125,985.0,LON_Friday,89.60679
LON,IB,Friday,125,1205.0,LON_Friday,89.90369
LON,IB,Friday,125,1305.0,LON_Friday,88.53199
LON,IB,Friday,130,550.0,LON_Friday,90.8832
LON,IB,Friday,130,590.0,LON_Friday,91.04992
LON,VY,Friday,125,410.0,LON_Friday,90.15745
LON,VY,Friday,125,840.0,LON_Friday,89.80729
LON,VY,Friday,125,875.0,LON_Friday,89.49056
LON,VY,Friday,125,1205.0,LON_Friday,90.181206
LON,VY,Friday,125,1305.0,LON_Friday,88.80951
LON,VY,Saturday,125,875.0,LON_Saturday,89.997475
LON,VY,Saturday,125,1265.0,LON_Saturday,89.05246
LON,IB,Saturday,125,405.0,LON_Saturday,91.22182
LON,IB,Saturday,125,790.0,LON_Saturday,90.04947
LON,IB,Saturday,125,875.0,LON_Saturday,89.553795
LON,IB,Saturday,125,1015.0,LON_Saturday,89.71699
LON,IB,Saturday,125,1175.0,LON_Saturday,90.041176
LON,IB,Saturday,125,1265.0,LON_Saturday,88.837425
LON,IB,Saturday,130,590.0,LON_Saturday,91.40684
LON,VY,Saturday,125,405.0,LON_Saturday,91.16275
LON,VY,Saturday,125,1175.0,LON_Saturday,90.25621
LON,VY,Saturday,130,590.0,LON_Saturday,91.875206
LON,VY,Saturday,125,790.0,LON_Saturday,90.783905
LON,VY,Saturday,125,1015.0,LON_Saturday,89.93202
LON,UX,Saturday,335,600.0,LON_Saturday,116.8234
LON,VY,Sunday,125,1045.0,LON_Sunday,89.6784
LON,VY,Sunday,125,1265.0,LON_Sunday,88.964424
LON,VY,Sunday,125,1170.0,LON_Sunday,89.81113
LON,IB,Sunday,125,790.0,LON_Sunday,89.90995
LON,IB,Sunday,125,970.0,LON_Sunday,89.82419
LON,IB,Sunday,125,1045.0,LON_Sunday,89.46336
LON,IB,Sunday,125,1170.0,LON_Sunday,89.59609
LON,IB,Sunday,125,1250.0,LON_Sunday,88.556946
LON,IB,Sunday,125,1265.0,LON_Sunday,88.74939
LON,IB,Sunday,130,550.0,LON_Sunday,91.1006
LON,IB,Sunday,130,590.0,LON_Sunday,91.26732
LON,VY,Sunday,125,790.0,LON_Sunday,90.64439
LON,VY,Sunday,125,970.0,LON_Sunday,89.84399
LON,VY,Sunday,125,1250.0,LON_Sunday,88.77198
LON,VY,Sunday,130,550.0,LON_Sunday,91.56897
LON,VY,Monday,125,920.0,LON_Monday,89.689964
LON,IB,Monday,125,845.0,LON_Monday,89.246284
LON,IB,Monday,125,920.0,LON_Monday,89.670166
LON,IB,Monday,125,985.0,LON_Monday,89.60471
LON,IB,Monday,125,1040.0,LON_Monday,89.40948
LON,IB,Monday,125,1170.0,LON_Monday,89.37662
LON,IB,Monday,130,540.0,LON_Monday,90.80507
LON,IB,Monday,130,610.0,LON_Monday,91.503555
LON,IB,Monday,130,770.0,LON_Monday,90.92668
LON,VY,Monday,125,845.0,LON_Monday,90.129486
LON,VY,Monday,130,540.0,LON_Monday,91.27344
LON,VY,Monday,130,610.0,LON_Monday,92.23799
LON,VY,Monday,130,770.0,LON_Monday,91.66112
LON,VY,Monday,125,985.0,LON_Monday,89.62451
LON,VY,Monday,125,1040.0,LON_Monday,89.62451
LON,VY,Tuesday,130,590.0,LON_Tuesday,91.73569
LON,IB,Tuesday,125,790.0,LON_Tuesday,89.90995
LON,IB,Tuesday,125,875.0,LON_Tuesday,89.46576
LON,IB,Tuesday,125,970.0,LON_Tuesday,89.82419
LON,IB,Tuesday,125,1040.0,LON_Tuesday,89.62895
LON,IB,Tuesday,130,590.0,LON_Tuesday,91.26732
LON,VY,Tuesday,125,790.0,LON_Tuesday,90.64439
LON,VY,Tuesday,125,875.0,LON_Tuesday,89.90944
LON,VY,Tuesday,125,970.0,LON_Tuesday,89.84399
LON,VY,Tuesday,125,1040.0,LON_Tuesday,89.84399
LON,IB,Tuesday,125,360.0,LON_Tuesday,91.460594
LON,IB,Tuesday,125,440.0,LON_Tuesday,93.29969
LON,IB,Tuesday,125,495.0,LON_Tuesday,93.94428
LON,IB,Tuesday,130,630.0,LON_Tuesday,92.250854
LON,IB,Tuesday,130,885.0,LON_Tuesday,94.97485
LON,VY,Wednesday,125,1265.0,LON_Wednesday,88.964424
LON,IB,Wednesday,125,790.0,LON_Wednesday,89.90995
LON,IB,Wednesday,125,875.0,LON_Wednesday,89.46576
LON,IB,Wednesday,125,1070.0,LON_Wednesday,89.60919
LON,IB,Wednesday,125,1265.0,LON_Wednesday,88.74939
LON,IB,Wednesday,130,510.0,LON_Wednesday,93.96901
LON,IB,Wednesday,130,590.0,LON_Wednesday,91.26732
LON,VY,Wednesday,125,790.0,LON_Wednesday,90.64439
LON,VY,Wednesday,125,1070.0,LON_Wednesday,89.82423
LON,VY,Wednesday,125,875.0,LON_Wednesday,89.90944
LON,VY,Wednesday,130,510.0,LON_Wednesday,94.43738
LON,VY,Wednesday,130,590.0,LON_Wednesday,91.73569
LON,IB,Wednesday,125,440.0,LON_Wednesday,93.29969
LON,IB,Wednesday,125,495.0,LON_Wednesday,93.94428
LON,IB,Wednesday,130,630.0,LON_Wednesday,92.23367
LON,VY,Thursday,125,1030.0,LON_Thursday,89.97653
LON,IB,Thursday,125,420.0,LON_Thursday,93.28376
LON,IB,Thursday,125,895.0,LON_Thursday,89.87371
LON,IB,Thursday,125,950.0,LON_Thursday,89.80826
LON,IB,Thursday,125,965.0,LON_Thursday,89.80826
LON,IB,Thursday,125,1030.0,LON_Thursday,89.61302
LON,IB,Thursday,125,1250.0,LON_Thursday,88.541016
LON,IB,Thursday,130,550.0,LON_Thursday,91.08467
LON,IB,Thursday,130,765.0,LON_Thursday,91.130226
LON,VY,Thursday,125,895.0,LON_Thursday,90.041985
LON,VY,Thursday,125,950.0,LON_Thursday,89.97653
LON,VY,Thursday,125,1250.0,LON_Thursday,88.904526
LON,VY,Thursday,130,550.0,LON_Thursday,91.55304
LON,VY,Thursday,130,765.0,LON_Thursday,91.86466
LON,VY,Thursday,125,965.0,LON_Thursday,89.97653
LON,VY,Friday,125,410.0,LON_Friday,90.15745
LON,VY,Friday,125,840.0,LON_Friday,89.80729
LON,VY,Friday,125,985.0,LON_Friday,89.42511
LON,IB,Friday,125,410.0,LON_Friday,90.54079
LON,IB,Friday,125,780.0,LON_Friday,89.20457
LON,IB,Friday,125,840.0,LON_Friday,89.24836
LON,IB,Friday,125,875.0,LON_Friday,89.24836
LON,IB,Friday,125,985.0,LON_Friday,89.60679
LON,IB,Friday,125,1205.0,LON_Friday,89.90369
LON,IB,Friday,125,1305.0,LON_Friday,88.53199
LON,IB,Friday,130,550.0,LON_Friday,90.8832
LON,IB,Friday,130,590.0,LON_Friday,91.04992
LON,VY,Friday,125,780.0,LON_Friday,89.61473
LON,VY,Friday,125,875.0,LON_Friday,89.49056
LON,VY,Friday,125,1205.0,LON_Friday,90.181206
LON,VY,Saturday,125,1175.0,LON_Saturday,90.25621
LON,VY,Saturday,125,405.0,LON_Saturday,91.16275
LON,VY,Saturday,125,875.0,LON_Saturday,89.997475
LON,IB,Saturday,125,405.0,LON_Saturday,91.22182
LON,IB,Saturday,125,790.0,LON_Saturday,90.04947
LON,IB,Saturday,125,875.0,LON_Saturday,89.553795
LON,IB,Saturday,125,1015.0,LON_Saturday,89.71699
LON,IB,Saturday,125,1175.0,LON_Saturday,90.041176
LON,IB,Saturday,125,1265.0,LON_Saturday,88.837425
LON,IB,Saturday,130,590.0,LON_Saturday,91.40684
LON,VY,Saturday,125,790.0,LON_Saturday,90.783905
LON,VY,Saturday,125,1015.0,LON_Saturday,89.93202
LON,VY,Saturday,125,1265.0,LON_Saturday,89.05246
LON,VY,Saturday,130,590.0,LON_Saturday,91.875206
LON,IB,Saturday,125,365.0,LON_Saturday,91.931755
LON,VY,Sunday,125,1045.0,LON_Sunday,89.6784
LON,VY,Sunday,125,1265.0,LON_Sunday,88.964424
LON,IB,Sunday,125,790.0,LON_Sunday,89.90995
LON,IB,Sunday,125,970.0,LON_Sunday,89.82419
LON,IB,Sunday,125,1045.0,LON_Sunday,89.46336
LON,IB,Sunday,125,1170.0,LON_Sunday,89.59609
LON,IB,Sunday,125,1250.0,LON_Sunday,88.556946
LON,IB,Sunday,125,1265.0,LON_Sunday,88.74939
LON,IB,Sunday,130,590.0,LON_Sunday,91.26732
LON,VY,Sunday,125,970.0,LON_Sunday,89.84399
LON,VY,Sunday,125,1170.0,LON_Sunday,89.81113
LON,VY,Sunday,130,590.0,LON_Sunday,91.73569
LON,VY,Sunday,125,1250.0,LON_Sunday,88.77198
LON,IB,Sunday,125,365.0,LON_Sunday,91.460594
LON,IB,Sunday,125,445.0,LON_Sunday,93.20707
LON,VY,Monday,125,985.0,LON_Monday,89.62451
LON,VY,Monday,125,920.0,LON_Monday,89.689964
LON,IB,Monday,125,845.0,LON_Monday,89.246284
LON,IB,Monday,125,920.0,LON_Monday,89.670166
LON,IB,Monday,125,985.0,LON_Monday,89.60471
LON,IB,Monday,125,1040.0,LON_Monday,89.40948
LON,IB,Monday,125,1170.0,LON_Monday,89.37662
LON,IB,Monday,130,540.0,LON_Monday,90.80507
LON,IB,Monday,130,610.0,LON_Monday,91.503555
LON,IB,Monday,130,770.0,LON_Monday,90.92668
LON,VY,Monday,125,845.0,LON_Monday,90.129486
LON,VY,Monday,130,610.0,LON_Monday,92.23799
LON,VY,Monday,130,770.0,LON_Monday,91.66112
LON,VY,Monday,125,1040.0,LON_Monday,89.62451
LON,VY,Monday,125,1170.0,LON_Monday,89.59165
LON,VY,Tuesday,125,1040.0,LON_Tuesday,89.84399
LON,IB,Tuesday,125,790.0,LON_Tuesday,89.90995
LON,IB,Tuesday,125,875.0,LON_Tuesday,89.46576
LON,IB,Tuesday,125,970.0,LON_Tuesday,89.82419
LON,IB,Tuesday,125,1040.0,LON_Tuesday,89.62895
LON,VY,Tuesday,125,875.0,LON_Tuesday,89.90944
LON,VY,Tuesday,125,970.0,LON_Tuesday,89.84399
LON,VY,Tuesday,130,595.0,LON_Tuesday,93.10714
LON,IB,Tuesday,125,440.0,LON_Tuesday,93.29969
LON,IB,Tuesday,125,495.0,LON_Tuesday,93.94428
LON,IB,Tuesday,130,630.0,LON_Tuesday,92.250854
LON,IB,Tuesday,130,885.0,LON_Tuesday,94.97485
LON,IB,Tuesday,130,995.0,LON_Tuesday,96.25817
LON,IB,Tuesday,135,1155.0,LON_Tuesday,96.11218
LON,UX,Tuesday,335,600.0,LON_Tuesday,116.5327
LON,VY,Wednesday,125,875.0,LON_Wednesday,89.90944
LON,IB,Wednesday,125,790.0,LON_Wednesday,89.90995
LON,IB,Wednesday,125,875.0,LON_Wednesday,89.46576
LON,IB,Wednesday,125,1265.0,LON_Wednesday,88.74939
LON,IB,Wednesday,130,510.0,LON_Wednesday,93.96901
LON,IB,Wednesday,130,590.0,LON_Wednesday,91.26732
LON,VY,Wednesday,125,790.0,LON_Wednesday,90.64439
LON,VY,Wednesday,130,510.0,LON_Wednesday,94.43738
LON,VY,Wednesday,125,1265.0,LON_Wednesday,88.964424
LON,VY,Wednesday,130,590.0,LON_Wednesday,91.73569
LON,IB,Wednesday,125,440.0,LON_Wednesday,93.29969
LON,IB,Wednesday,125,495.0,LON_Wednesday,93.94428
LON,IB,Wednesday,130,630.0,LON_Wednesday,92.23367
LON,IB,Wednesday,130,695.0,LON_Wednesday,91.63405
LON,IB,Wednesday,130,915.0,LON_Wednesday,96.30644
LON,VY,Thursday,125,420.0,LON_Thursday,93.22469
LON,VY,Thursday,125,965.0,LON_Thursday,89.97653
LON,IB,Thursday,125,420.0,LON_Thursday,93.28376
LON,IB,Thursday,125,950.0,LON_Thursday,89.80826
LON,IB,Thursday,125,965.0,LON_Thursday,89.80826
LON,IB,Thursday,125,1030.0,LON_Thursday,89.61302
LON,IB,Thursday,125,1250.0,LON_Thursday,88.541016
LON,IB,Thursday,130,550.0,LON_Thursday,91.08467
LON,IB,Thursday,130,765.0,LON_Thursday,91.130226
LON,VY,Thursday,125,1250.0,LON_Thursday,88.904526
LON,VY,Thursday,125,950.0,LON_Thursday,89.97653
LON,VY,Thursday,125,1030.0,LON_Thursday,89.97653
LON,VY,Thursday,130,550.0,LON_Thursday,91.55304
LON,VY,Thursday,130,765.0,LON_Thursday,91.86466
LON,VY,Thursday,130,595.0,LON_Thursday,92.563385
LON,VY,Friday,125,875.0,LON_Friday,89.49056
LON,VY,Friday,125,1305.0,LON_Friday,88.80951
LON,IB,Friday,125,410.0,LON_Friday,90.54079
LON,IB,Friday,125,780.0,LON_Friday,89.20457
LON,IB,Friday,125,840.0,LON_Friday,89.24836
LON,IB,Friday,125,875.0,LON_Friday,89.24836
LON,IB,Friday,125,985.0,LON_Friday,89.60679
LON,IB,Friday,125,1205.0,LON_Friday,89.90369
LON,IB,Friday,125,1305.0,LON_Friday,88.53199
LON,IB,Friday,130,550.0,LON_Friday,90.8832
LON,IB,Friday,130,590.0,LON_Friday,91.04992
LON,VY,Friday,125,410.0,LON_Friday,90.15745
LON,VY,Friday,125,840.0,LON_Friday,89.80729
LON,VY,Friday,125,1205.0,LON_Friday,90.181206
LON,VY,Friday,130,550.0,LON_Friday,91.0273
LON,VY,Saturday,125,875.0,LON_Saturday,89.997475
LON,VY,Saturday,125,1175.0,LON_Saturday,90.25621
LON,IB,Saturday,125,405.0,LON_Saturday,91.22182
LON,IB,Saturday,125,790.0,LON_Saturday,90.04947
LON,IB,Saturday,125,875.0,LON_Saturday,89.553795
LON,IB,Saturday,125,1015.0,LON_Saturday,89.71699
LON,IB,Saturday,125,1175.0,LON_Saturday,90.041176
LON,IB,Saturday,125,1265.0,LON_Saturday,88.837425
LON,IB,Saturday,130,590.0,LON_Saturday,91.40684
LON,VY,Saturday,125,405.0,LON_Saturday,91.16275
LON,VY,Saturday,125,790.0,LON_Saturday,90.783905
LON,VY,Saturday,125,1265.0,LON_Saturday,89.05246
LON,IB,Saturday,125,365.0,LON_Saturday,91.931755
LON,IB,Saturday,125,440.0,LON_Saturday,93.43921
LON,IB,Saturday,125,510.0,LON_Saturday,93.63778
LON,VY,Sunday,125,1045.0,LON_Sunday,89.6784
LON,IB,Sunday,125,1170.0,LON_Sunday,89.59609
LON,VY,Sunday,125,1170.0,LON_Sunday,89.81113
LON,IB,Sunday,125,790.0,LON_Sunday,89.90995
LON,IB,Sunday,125,970.0,LON_Sunday,89.82419
LON,IB,Sunday,125,1045.0,LON_Sunday,89.46336
LON,IB,Sunday,125,1250.0,LON_Sunday,88.556946
LON,IB,Sunday,125,1265.0,LON_Sunday,88.74939
LON,IB,Sunday,130,590.0,LON_Sunday,91.26732
LON,VY,Sunday,125,790.0,LON_Sunday,90.64439
LON,VY,Sunday,125,970.0,LON_Sunday,89.84399
LON,VY,Sunday,125,1250.0,LON_Sunday,88.77198
LON,VY,Sunday,130,590.0,LON_Sunday,91.73569
LON,VY,Sunday,125,1265.0,LON_Sunday,88.964424
LON,VY,Sunday,130,595.0,LON_Sunday,92.579315
LON,VY,Monday,125,985.0,LON_Monday,89.62451
LON,IB,Monday,125,845.0,LON_Monday,89.246284
LON,IB,Monday,125,920.0,LON_Monday,89.670166
LON,IB,Monday,125,985.0,LON_Monday,89.60471
LON,IB,Monday,125,1040.0,LON_Monday,89.40948
LON,IB,Monday,125,1170.0,LON_Monday,89.37662
LON,IB,Monday,130,540.0,LON_Monday,90.80507
LON,IB,Monday,130,610.0,LON_Monday,91.503555
LON,IB,Monday,130,770.0,LON_Monday,90.92668
LON,VY,Monday,125,845.0,LON_Monday,90.129486
LON,VY,Monday,125,920.0,LON_Monday,89.689964
LON,VY,Monday,130,540.0,LON_Monday,91.27344
LON,VY,Monday,130,770.0,LON_Monday,91.66112
LON,VY,Monday,125,1040.0,LON_Monday,89.62451
LON,VY,Monday,125,1170.0,LON_Monday,89.59165
LON,IB,Tuesday,125,875.0,LON_Tuesday,89.46576
LON,VY,Tuesday,125,1040.0,LON_Tuesday,89.84399
LON,IB,Tuesday,125,790.0,LON_Tuesday,89.90995
LON,IB,Tuesday,125,970.0,LON_Tuesday,89.82419
LON,IB,Tuesday,125,1040.0,LON_Tuesday,89.62895
LON,VY,Tuesday,125,790.0,LON_Tuesday,90.64439
LON,VY,Tuesday,125,970.0,LON_Tuesday,89.84399
LON,VY,Tuesday,125,875.0,LON_Tuesday,89.90944
LON,IB,Tuesday,125,360.0,LON_Tuesday,91.460594
LON,IB,Tuesday,125,440.0,LON_Tuesday,93.29969
LON,IB,Tuesday,125,495.0,LON_Tuesday,93.94428
LON,IB,Tuesday,130,630.0,LON_Tuesday,92.250854
LON,IB,Tuesday,130,885.0,LON_Tuesday,94.97485
LON,IB,Tuesday,130,995.0,LON_Tuesday,96.25817
LON,IB,Tuesday,135,1155.0,LON_Tuesday,96.11218
LON,IB,Wednesday,125,875.0,LON_Wednesday,89.46576
LON,IB,Wednesday,125,790.0,LON_Wednesday,89.90995
LON,IB,Wednesday,125,1265.0,LON_Wednesday,88.74939
LON,IB,Wednesday,130,510.0,LON_Wednesday,93.96901
LON,IB,Wednesday,130,590.0,LON_Wednesday,91.26732
LON,VY,Wednesday,125,790.0,LON_Wednesday,90.64439
LON,VY,Wednesday,130,590.0,LON_Wednesday,91.73569
LON,VY,Wednesday,125,875.0,LON_Wednesday,89.90944
LON,VY,Wednesday,125,1265.0,LON_Wednesday,88.964424
LON,VY,Wednesday,130,510.0,LON_Wednesday,94.43738
LON,VY,Wednesday,130,595.0,LON_Wednesday,93.08996
LON,IB,Wednesday,125,440.0,LON_Wednesday,93.29969
LON,IB,Wednesday,125,495.0,LON_Wednesday,93.94428
LON,IB,Wednesday,130,630.0,LON_Wednesday,92.23367
LON,IB,Wednesday,130,695.0,LON_Wednesday,91.63405
LON,VY,Thursday,125,965.0,LON_Thursday,89.97653
LON,IB,Thursday,125,1250.0,LON_Thursday,88.541016
LON,IB,Thursday,125,420.0,LON_Thursday,93.28376
LON,IB,Thursday,125,950.0,LON_Thursday,89.80826
LON,IB,Thursday,125,965.0,LON_Thursday,89.80826
LON,IB,Thursday,125,1030.0,LON_Thursday,89.61302
LON,IB,Thursday,130,550.0,LON_Thursday,91.08467
LON,IB,Thursday,130,765.0,LON_Thursday,91.130226
LON,VY,Thursday,125,950.0,LON_Thursday,89.97653
LON,VY,Thursday,125,1030.0,LON_Thursday,89.97653
LON,VY,Thursday,125,1250.0,LON_Thursday,88.904526
LON,VY,Thursday,130,550.0,LON_Thursday,91.55304
LON,VY,Thursday,130,765.0,LON_Thursday,91.86466
LON,VY,Thursday,130,595.0,LON_Thursday,92.563385
LON,VY,Thursday,135,1130.0,LON_Thursday,95.7596
ZRH,UX,Wednesday,330,665.0,ZRH_Wednesday,123.49879
ZRH,IB,Wednesday,110,580.0,ZRH_Wednesday,133.94295
ZRH,IB,Wednesday,110,1295.0,ZRH_Wednesday,134.14084
ZRH,VY,Wednesday,110,580.0,ZRH_Wednesday,132.1826
ZRH,VY,Wednesday,110,1295.0,ZRH_Wednesday,133.39859
ZRH,JU,Wednesday,745,1240.0,ZRH_Wednesday,149.75208
ZRH,JU,Wednesday,615,570.0,ZRH_Wednesday,158.728
ZRH,JU,Wednesday,1415,570.0,ZRH_Wednesday,154.07236
ZRH,A3,Wednesday,1310,1160.0,ZRH_Wednesday,148.87538
ZRH,TP,Wednesday,965,1080.0,ZRH_Wednesday,158.15115
ZRH,TP,Wednesday,1065,1080.0,ZRH_Wednesday,158.55292
ZRH,UX,Wednesday,865,1110.0,ZRH_Wednesday,133.42484
ZRH,UX,Wednesday,1325,1110.0,ZRH_Wednesday,134.80988
ZRH,AZ,Wednesday,310,645.0,ZRH_Wednesday,138.24022
ZRH,UX,Wednesday,1310,665.0,ZRH_Wednesday,139.07336
ZRH,UX,Thursday,330,665.0,ZRH_Thursday,127.0757
ZRH,VY,Thursday,110,580.0,ZRH_Thursday,134.37434
ZRH,IB,Thursday,110,580.0,ZRH_Thursday,134.08159
ZRH,IB,Thursday,110,1295.0,ZRH_Thursday,134.27948
ZRH,VY,Thursday,110,1295.0,ZRH_Thursday,134.7228
ZRH,JU,Thursday,745,1240.0,ZRH_Thursday,143.07503
ZRH,JU,Thursday,1415,570.0,ZRH_Thursday,145.62184
ZRH,IB,Thursday,765,1180.0,ZRH_Thursday,158.72281
ZRH,TP,Thursday,965,1080.0,ZRH_Thursday,160.03459
ZRH,TP,Thursday,1185,1080.0,ZRH_Thursday,161.14299
ZRH,AZ,Thursday,310,645.0,ZRH_Thursday,140.09346
ZRH,AZ,Thursday,935,1155.0,ZRH_Thursday,140.85315
ZRH,AZ,Thursday,1240,1155.0,ZRH_Thursday,147.39351
ZRH,UX,Thursday,865,1110.0,ZRH_Thursday,157.33789
ZRH,UX,Thursday,1310,665.0,ZRH_Thursday,160.90895
ZRH,VY,Friday,110,575.0,ZRH_Friday,132.28326
ZRH,IB,Friday,110,575.0,ZRH_Friday,135.19244
ZRH,IB,Friday,110,1295.0,ZRH_Friday,135.99919
ZRH,VY,Friday,110,1090.0,ZRH_Friday,135.86963
ZRH,VY,Friday,110,1295.0,ZRH_Friday,136.40872
ZRH,JU,Friday,615,570.0,ZRH_Friday,147.49104
ZRH,JU,Friday,745,1240.0,ZRH_Friday,145.30394
ZRH,AZ,Friday,310,645.0,ZRH_Friday,136.97449
ZRH,AZ,Friday,935,1155.0,ZRH_Friday,136.1518
ZRH,JU,Friday,1080,905.0,ZRH_Friday,148.09148
ZRH,TP,Friday,410,810.0,ZRH_Friday,163.77449
ZRH,TP,Friday,455,370.0,ZRH_Friday,164.95515
ZRH,TP,Friday,615,810.0,ZRH_Friday,163.4891
ZRH,TP,Friday,665,370.0,ZRH_Friday,166.6452
ZRH,TP,Friday,965,1080.0,ZRH_Friday,159.40642
ZRH,IB,Saturday,110,580.0,ZRH_Saturday,134.91302
ZRH,IB,Saturday,110,1295.0,ZRH_Saturday,134.81453
ZRH,VY,Saturday,110,580.0,ZRH_Saturday,135.04861
ZRH,VY,Saturday,110,1295.0,ZRH_Saturday,135.3456
ZRH,JU,Saturday,1385,1240.0,ZRH_Saturday,141.12666
ZRH,AZ,Saturday,310,645.0,ZRH_Saturday,136.10275
ZRH,IB,Saturday,410,450.0,ZRH_Saturday,162.71284
ZRH,TP,Saturday,410,810.0,ZRH_Saturday,161.62923
ZRH,TP,Saturday,455,370.0,ZRH_Saturday,162.31018
ZRH,TP,Saturday,615,810.0,ZRH_Saturday,161.71375
ZRH,TP,Saturday,665,370.0,ZRH_Saturday,164.59547
ZRH,TP,Saturday,965,1080.0,ZRH_Saturday,160.70815
ZRH,TP,Saturday,1065,1080.0,ZRH_Saturday,161.10991
ZRH,AF,Saturday,450,540.0,ZRH_Saturday,157.88359
ZRH,AF,Saturday,1015,1050.0,ZRH_Saturday,152.95331
ZRH,UX,Sunday,330,665.0,ZRH_Sunday,123.69928
ZRH,JU,Sunday,1385,1240.0,ZRH_Sunday,137.49876
ZRH,UX,Sunday,1310,665.0,ZRH_Sunday,137.33836
ZRH,IB,Sunday,110,580.0,ZRH_Sunday,133.97849
ZRH,IB,Sunday,110,1295.0,ZRH_Sunday,134.17638
ZRH,VY,Sunday,110,580.0,ZRH_Sunday,134.27124
ZRH,VY,Sunday,110,1295.0,ZRH_Sunday,134.61969
ZRH,AZ,Sunday,310,645.0,ZRH_Sunday,135.79305
ZRH,AZ,Sunday,935,1155.0,ZRH_Sunday,134.07254
ZRH,AZ,Sunday,1240,1155.0,ZRH_Sunday,137.369
ZRH,JU,Sunday,615,570.0,ZRH_Sunday,145.41438
ZRH,JU,Sunday,1080,905.0,ZRH_Sunday,141.19055
ZRH,JU,Sunday,745,1240.0,ZRH_Sunday,142.48843
ZRH,TP,Sunday,410,810.0,ZRH_Sunday,159.87949
ZRH,TP,Sunday,615,810.0,ZRH_Sunday,159.5941
ZRH,UX,Monday,330,665.0,ZRH_Monday,122.6671
ZRH,UX,Monday,1310,665.0,ZRH_Monday,136.8079
ZRH,IB,Monday,110,580.0,ZRH_Monday,133.72346
ZRH,IB,Monday,110,1295.0,ZRH_Monday,134.02148
ZRH,VY,Monday,110,580.0,ZRH_Monday,134.01622
ZRH,VY,Monday,110,1295.0,ZRH_Monday,134.4648
ZRH,AZ,Monday,310,645.0,ZRH_Monday,136.06679
ZRH,AZ,Monday,935,1155.0,ZRH_Monday,133.85306
ZRH,JU,Monday,615,570.0,ZRH_Monday,146.58809
ZRH,TP,Monday,1065,1080.0,ZRH_Monday,159.21365
ZRH,TP,Monday,965,1080.0,ZRH_Monday,158.81189
ZRH,AF,Monday,275,715.0,ZRH_Monday,152.52193
ZRH,AF,Monday,290,855.0,ZRH_Monday,151.82112
ZRH,AF,Monday,325,410.0,ZRH_Monday,155.84425
ZRH,AF,Monday,330,1055.0,ZRH_Monday,157.84836
ZRH,UX,Tuesday,330,665.0,ZRH_Tuesday,122.88657
ZRH,UX,Tuesday,865,1110.0,ZRH_Tuesday,131.88055
ZRH,AZ,Tuesday,310,645.0,ZRH_Tuesday,134.55208
ZRH,AZ,Tuesday,935,1155.0,ZRH_Tuesday,133.78995
ZRH,UX,Tuesday,1310,665.0,ZRH_Tuesday,137.52908
ZRH,UX,Tuesday,1325,1110.0,ZRH_Tuesday,133.2656
ZRH,IB,Tuesday,110,580.0,ZRH_Tuesday,133.94295
ZRH,IB,Tuesday,110,1295.0,ZRH_Tuesday,134.14084
ZRH,VY,Tuesday,110,580.0,ZRH_Tuesday,134.2357
ZRH,VY,Tuesday,110,1295.0,ZRH_Tuesday,134.58415
ZRH,IB,Tuesday,375,715.0,ZRH_Tuesday,155.42097
ZRH,TP,Tuesday,455,370.0,ZRH_Tuesday,162.38544
ZRH,SK,Tuesday,1315,1225.0,ZRH_Tuesday,198.86186
ZRH,TP,Tuesday,965,1080.0,ZRH_Tuesday,160.47478
ZRH,TP,Tuesday,1065,1080.0,ZRH_Tuesday,161.4007
ZRH,UX,Wednesday,330,665.0,ZRH_Wednesday,123.49879
ZRH,AZ,Wednesday,310,645.0,ZRH_Wednesday,138.24022
ZRH,UX,Wednesday,1325,1110.0,ZRH_Wednesday,134.80988
ZRH,IB,Wednesday,110,580.0,ZRH_Wednesday,133.94295
ZRH,IB,Wednesday,110,1295.0,ZRH_Wednesday,134.14084
ZRH,VY,Wednesday,110,580.0,ZRH_Wednesday,132.1826
ZRH,VY,Wednesday,110,1295.0,ZRH_Wednesday,133.39859
ZRH,AZ,Wednesday,935,1155.0,ZRH_Wednesday,134.97894
ZRH,UX,Wednesday,865,1110.0,ZRH_Wednesday,133.42484
ZRH,JU,Wednesday,745,1240.0,ZRH_Wednesday,149.75208
ZRH,IB,Wednesday,765,1180.0,ZRH_Wednesday,158.58417
ZRH,JU,Wednesday,615,570.0,ZRH_Wednesday,158.728
ZRH,JU,Wednesday,1415,570.0,ZRH_Wednesday,154.07236
ZRH,A3,Wednesday,905,1160.0,ZRH_Wednesday,152.94095
ZRH,TP,Wednesday,1065,1080.0,ZRH_Wednesday,158.55292
ZRH,JU,Thursday,745,1240.0,ZRH_Thursday,143.07503
ZRH,UX,Thursday,330,665.0,ZRH_Thursday,127.0757
ZRH,AZ,Thursday,310,645.0,ZRH_Thursday,140.09346
ZRH,IB,Thursday,110,580.0,ZRH_Thursday,134.08159
ZRH,IB,Thursday,110,1295.0,ZRH_Thursday,134.27948
ZRH,VY,Thursday,110,580.0,ZRH_Thursday,134.37434
ZRH,VY,Thursday,110,1295.0,ZRH_Thursday,134.7228
ZRH,JU,Thursday,1385,1240.0,ZRH_Thursday,141.11325
ZRH,JU,Thursday,1415,570.0,ZRH_Thursday,145.62184
ZRH,IB,Thursday,765,1180.0,ZRH_Thursday,158.72281
ZRH,TP,Thursday,455,370.0,ZRH_Thursday,160.52426
ZRH,UX,Thursday,865,1110.0,ZRH_Thursday,157.33789
ZRH,UX,Thursday,1310,665.0,ZRH_Thursday,160.90895
ZRH,UX,Thursday,1325,1110.0,ZRH_Thursday,158.45453
ZRH,TP,Thursday,665,370.0,ZRH_Thursday,162.80956
ZRH,UX,Friday,330,665.0,ZRH_Friday,122.4379
ZRH,AZ,Friday,310,645.0,ZRH_Friday,136.97449
ZRH,IB,Friday,110,575.0,ZRH_Friday,135.19244
ZRH,IB,Friday,110,1295.0,ZRH_Friday,135.99919
ZRH,VY,Friday,110,575.0,ZRH_Friday,132.28326
ZRH,VY,Friday,110,1090.0,ZRH_Friday,135.86963
ZRH,VY,Friday,110,1295.0,ZRH_Friday,136.40872
ZRH,JU,Friday,615,570.0,ZRH_Friday,147.49104
ZRH,JU,Friday,745,1240.0,ZRH_Friday,145.30394
ZRH,TP,Friday,965,1080.0,ZRH_Friday,159.40642
ZRH,UX,Friday,1310,665.0,ZRH_Friday,141.23811
ZRH,JU,Friday,1080,905.0,ZRH_Friday,148.09148
ZRH,TP,Friday,410,810.0,ZRH_Friday,163.77449
ZRH,TP,Friday,615,810.0,ZRH_Friday,163.4891
ZRH,TP,Friday,1065,1080.0,ZRH_Friday,162.97812
ZRH,AZ,Saturday,310,645.0,ZRH_Saturday,136.10275
ZRH,AZ,Saturday,935,1155.0,ZRH_Saturday,133.33395
ZRH,IB,Saturday,110,580.0,ZRH_Saturday,134.91302
ZRH,IB,Saturday,110,1295.0,ZRH_Saturday,134.81453
ZRH,VY,Saturday,110,580.0,ZRH_Saturday,135.04861
ZRH,VY,Saturday,110,1295.0,ZRH_Saturday,135.3456
ZRH,JU,Saturday,1385,1240.0,ZRH_Saturday,141.12666
ZRH,AF,Saturday,450,540.0,ZRH_Saturday,157.88359
ZRH,AF,Saturday,1015,1050.0,ZRH_Saturday,152.95331
ZRH,AF,Saturday,1125,1050.0,ZRH_Saturday,153.37434
ZRH,TP,Saturday,410,810.0,ZRH_Saturday,161.62923
ZRH,TP,Saturday,615,810.0,ZRH_Saturday,161.71375
ZRH,TP,Saturday,965,1080.0,ZRH_Saturday,160.70815
ZRH,TP,Saturday,1065,1080.0,ZRH_Saturday,161.10991
ZRH,TP,Saturday,455,370.0,ZRH_Saturday,162.31018
ZRH,JU,Sunday,745,1240.0,ZRH_Sunday,142.48843
ZRH,JU,Sunday,1080,905.0,ZRH_Sunday,141.19055
ZRH,AZ,Sunday,310,645.0,ZRH_Sunday,135.79305
ZRH,AZ,Sunday,935,1155.0,ZRH_Sunday,134.07254
ZRH,UX,Sunday,1310,665.0,ZRH_Sunday,137.33836
ZRH,IB,Sunday,110,580.0,ZRH_Sunday,133.97849
ZRH,IB,Sunday,110,1295.0,ZRH_Sunday,134.17638
ZRH,VY,Sunday,110,580.0,ZRH_Sunday,134.27124
ZRH,VY,Sunday,110,1295.0,ZRH_Sunday,134.61969
ZRH,JU,Sunday,615,570.0,ZRH_Sunday,145.41438
ZRH,JU,Sunday,1385,1240.0,ZRH_Sunday,137.49876
ZRH,TP,Sunday,455,370.0,ZRH_Sunday,160.54018
ZRH,TP,Sunday,665,370.0,ZRH_Sunday,162.82547
ZRH,TP,Sunday,1065,1080.0,ZRH_Sunday,159.43314
ZRH,AF,Sunday,275,715.0,ZRH_Sunday,152.58696
ZRH,UX,Monday,330,665.0,ZRH_Monday,122.6671
ZRH,UX,Monday,865,1110.0,ZRH_Monday,132.59315
ZRH,AZ,Monday,310,645.0,ZRH_Monday,136.06679
ZRH,UX,Monday,1310,665.0,ZRH_Monday,136.8079
ZRH,UX,Monday,1325,1110.0,ZRH_Monday,133.9782
ZRH,IB,Monday,110,580.0,ZRH_Monday,133.72346
ZRH,IB,Monday,110,1295.0,ZRH_Monday,134.02148
ZRH,VY,Monday,110,580.0,ZRH_Monday,134.01622
ZRH,VY,Monday,110,1295.0,ZRH_Monday,134.4648
ZRH,JU,Monday,615,570.0,ZRH_Monday,146.58809
ZRH,TP,Monday,410,810.0,ZRH_Monday,159.66
ZRH,TP,Monday,615,810.0,ZRH_Monday,159.37462
ZRH,TP,Monday,1065,1080.0,ZRH_Monday,159.21365
ZRH,LH,Monday,610,520.0,ZRH_Monday,200.81067
ZRH,TP,Monday,965,1080.0,ZRH_Monday,158.81189
ZRH,UX,Tuesday,330,665.0,ZRH_Tuesday,122.88657
ZRH,AZ,Tuesday,310,645.0,ZRH_Tuesday,134.55208
ZRH,IB,Tuesday,110,580.0,ZRH_Tuesday,133.94295
ZRH,IB,Tuesday,110,1295.0,ZRH_Tuesday,134.14084
ZRH,VY,Tuesday,110,580.0,ZRH_Tuesday,134.2357
ZRH,VY,Tuesday,110,1295.0,ZRH_Tuesday,134.58415
ZRH,TP,Tuesday,455,370.0,ZRH_Tuesday,162.38544
ZRH,UX,Tuesday,1310,665.0,ZRH_Tuesday,137.52908
ZRH,IB,Tuesday,740,1180.0,ZRH_Tuesday,157.86105
ZRH,TP,Tuesday,410,810.0,ZRH_Tuesday,161.72475
ZRH,TP,Tuesday,615,810.0,ZRH_Tuesday,161.43936
ZRH,TP,Tuesday,665,370.0,ZRH_Tuesday,164.26888
ZRH,TP,Tuesday,1065,1080.0,ZRH_Tuesday,161.4007
ZRH,AF,Tuesday,275,715.0,ZRH_Tuesday,152.58696
ZRH,AF,Tuesday,290,855.0,ZRH_Tuesday,151.88615
ZRH,UX,Wednesday,330,665.0,ZRH_Wednesday,123.49879
ZRH,AZ,Wednesday,310,645.0,ZRH_Wednesday,138.24022
ZRH,AZ,Wednesday,935,1155.0,ZRH_Wednesday,134.97894
ZRH,UX,Wednesday,1325,1110.0,ZRH_Wednesday,134.80988
ZRH,IB,Wednesday,110,580.0,ZRH_Wednesday,133.94295
ZRH,IB,Wednesday,110,1295.0,ZRH_Wednesday,134.14084
ZRH,VY,Wednesday,110,580.0,ZRH_Wednesday,132.1826
ZRH,VY,Wednesday,110,1295.0,ZRH_Wednesday,133.39859
ZRH,AF,Wednesday,245,1130.0,ZRH_Wednesday,151.63216
ZRH,AF,Wednesday,255,645.0,ZRH_Wednesday,152.1956
ZRH,AF,Wednesday,280,390.0,ZRH_Wednesday,152.7866
ZRH,AF,Wednesday,380,645.0,ZRH_Wednesday,153.88805
ZRH,AF,Wednesday,450,390.0,ZRH_Wednesday,154.91853
ZRH,AF,Wednesday,840,1130.0,ZRH_Wednesday,153.55191
ZRH,TP,Wednesday,1065,1080.0,ZRH_Wednesday,158.55292
ZRH,UX,Thursday,330,665.0,ZRH_Thursday,127.0757
ZRH,AZ,Thursday,310,645.0,ZRH_Thursday,140.09346
ZRH,AZ,Thursday,935,1155.0,ZRH_Thursday,140.85315
ZRH,IB,Thursday,110,580.0,ZRH_Thursday,134.08159
ZRH,IB,Thursday,110,1295.0,ZRH_Thursday,134.27948
ZRH,VY,Thursday,110,580.0,ZRH_Thursday,134.37434
ZRH,VY,Thursday,110,1295.0,ZRH_Thursday,134.7228
ZRH,AF,Thursday,245,1130.0,ZRH_Thursday,149.70149
ZRH,AF,Thursday,280,390.0,ZRH_Thursday,151.90814
ZRH,AF,Thursday,380,645.0,ZRH_Thursday,151.95738
ZRH,AF,Thursday,450,390.0,ZRH_Thursday,154.04007
ZRH,AF,Thursday,840,1130.0,ZRH_Thursday,151.62125
ZRH,JU,Thursday,745,1240.0,ZRH_Thursday,143.07503
ZRH,JU,Thursday,1385,1240.0,ZRH_Thursday,141.11325
ZRH,TP,Thursday,455,370.0,ZRH_Thursday,160.52426
ZRH,UX,Friday,330,665.0,ZRH_Friday,122.4379
ZRH,AZ,Friday,310,645.0,ZRH_Friday,136.97449
ZRH,AZ,Friday,935,1155.0,ZRH_Friday,136.1518
ZRH,IB,Friday,110,575.0,ZRH_Friday,135.19244
ZRH,IB,Friday,110,1295.0,ZRH_Friday,135.99919
ZRH,VY,Friday,110,575.0,ZRH_Friday,132.28326
ZRH,VY,Friday,110,1090.0,ZRH_Friday,135.86963
ZRH,VY,Friday,110,1295.0,ZRH_Friday,136.40872
ZRH,A3,Friday,1230,1225.0,ZRH_Friday,151.28885
ZRH,JU,Friday,615,570.0,ZRH_Friday,147.49104
ZRH,JU,Friday,745,1240.0,ZRH_Friday,145.30394
ZRH,TP,Friday,965,1080.0,ZRH_Friday,159.40642
ZRH,JU,Friday,1080,905.0,ZRH_Friday,148.09148
ZRH,A3,Friday,905,1160.0,ZRH_Friday,153.72496
ZRH,AF,Friday,275,715.0,ZRH_Friday,154.47847
ZRH,UX,Saturday,330,665.0,ZRH_Saturday,123.90508
ZRH,AZ,Saturday,310,645.0,ZRH_Saturday,136.10275
ZRH,AZ,Saturday,935,1155.0,ZRH_Saturday,133.33395
ZRH,IB,Saturday,110,580.0,ZRH_Saturday,134.91302
ZRH,IB,Saturday,110,1295.0,ZRH_Saturday,134.81453
ZRH,VY,Saturday,110,580.0,ZRH_Saturday,135.04861
ZRH,VY,Saturday,110,1295.0,ZRH_Saturday,135.3456
ZRH,JU,Saturday,1385,1240.0,ZRH_Saturday,141.12666
ZRH,TP,Saturday,1065,1080.0,ZRH_Saturday,161.10991
ZRH,AF,Saturday,450,540.0,ZRH_Saturday,157.88359
ZRH,IB,Saturday,330,895.0,ZRH_Saturday,156.14243
ZRH,AF,Saturday,275,715.0,ZRH_Saturday,153.60548
ZRH,TP,Saturday,965,1080.0,ZRH_Saturday,160.70815
ZRH,UX,Saturday,1310,665.0,ZRH_Saturday,143.70477
ZRH,AF,Saturday,290,855.0,ZRH_Saturday,152.90468
ZRH,UX,Sunday,330,665.0,ZRH_Sunday,123.69928
ZRH,AZ,Sunday,310,645.0,ZRH_Sunday,135.79305
ZRH,AZ,Sunday,935,1155.0,ZRH_Sunday,134.07254
ZRH,A3,Sunday,905,1160.0,ZRH_Sunday,151.81815
ZRH,IB,Sunday,110,580.0,ZRH_Sunday,133.97849
ZRH,IB,Sunday,110,1295.0,ZRH_Sunday,134.17638
ZRH,VY,Sunday,110,580.0,ZRH_Sunday,134.27124
ZRH,VY,Sunday,110,1295.0,ZRH_Sunday,134.61969
ZRH,JU,Sunday,615,570.0,ZRH_Sunday,145.41438
ZRH,JU,Sunday,1080,905.0,ZRH_Sunday,141.19055
ZRH,JU,Sunday,1385,1240.0,ZRH_Sunday,137.49876
ZRH,JU,Sunday,745,1240.0,ZRH_Sunday,142.48843
ZRH,TP,Sunday,455,370.0,ZRH_Sunday,160.54018
ZRH,IB,Sunday,740,1180.0,ZRH_Sunday,157.89659
ZRH,AF,Sunday,275,715.0,ZRH_Sunday,152.58696
ZRH,UX,Monday,330,665.0,ZRH_Monday,122.6671
ZRH,AZ,Monday,310,645.0,ZRH_Monday,136.06679
ZRH,AZ,Monday,935,1155.0,ZRH_Monday,133.85306
ZRH,UX,Monday,1325,1110.0,ZRH_Monday,133.9782
ZRH,IB,Monday,110,580.0,ZRH_Monday,133.72346
ZRH,IB,Monday,110,1295.0,ZRH_Monday,134.02148
ZRH,VY,Monday,110,580.0,ZRH_Monday,134.01622
ZRH,VY,Monday,110,1295.0,ZRH_Monday,134.4648
ZRH,AF,Monday,245,1130.0,ZRH_Monday,151.56712
ZRH,AF,Monday,270,890.0,ZRH_Monday,151.82951
ZRH,AF,Monday,280,390.0,ZRH_Monday,152.72157
ZRH,AF,Monday,380,645.0,ZRH_Monday,153.82301
ZRH,AF,Monday,450,390.0,ZRH_Monday,154.8535
ZRH,AF,Monday,485,890.0,ZRH_Monday,154.43839
ZRH,AF,Monday,840,1130.0,ZRH_Monday,153.48688
ZRH,UX,Tuesday,330,665.0,ZRH_Tuesday,122.88657
ZRH,AZ,Tuesday,310,645.0,ZRH_Tuesday,134.55208
ZRH,AZ,Tuesday,935,1155.0,ZRH_Tuesday,133.78995
ZRH,UX,Tuesday,1325,1110.0,ZRH_Tuesday,133.2656
ZRH,IB,Tuesday,110,580.0,ZRH_Tuesday,133.94295
ZRH,IB,Tuesday,110,1295.0,ZRH_Tuesday,134.14084
ZRH,VY,Tuesday,110,580.0,ZRH_Tuesday,134.2357
ZRH,VY,Tuesday,110,1295.0,ZRH_Tuesday,134.58415
ZRH,AF,Tuesday,245,1130.0,ZRH_Tuesday,151.63216
ZRH,AF,Tuesday,255,645.0,ZRH_Tuesday,152.1956
ZRH,AF,Tuesday,280,390.0,ZRH_Tuesday,152.7866
ZRH,AF,Tuesday,380,645.0,ZRH_Tuesday,153.88805
ZRH,AF,Tuesday,450,390.0,ZRH_Tuesday,154.91853
ZRH,AF,Tuesday,840,1130.0,ZRH_Tuesday,153.55191
ZRH,AF,Tuesday,275,715.0,ZRH_Tuesday,152.58696
ZRH,UX,Wednesday,330,665.0,ZRH_Wednesday,123.49879
ZRH,UX,Wednesday,865,1110.0,ZRH_Wednesday,133.42484
ZRH,VY,Wednesday,110,580.0,ZRH_Wednesday,132.1826
ZRH,AZ,Wednesday,310,645.0,ZRH_Wednesday,138.24022
ZRH,AZ,Wednesday,935,1155.0,ZRH_Wednesday,134.97894
ZRH,UX,Wednesday,1310,665.0,ZRH_Wednesday,139.07336
ZRH,UX,Wednesday,1325,1110.0,ZRH_Wednesday,134.80988
ZRH,IB,Wednesday,110,580.0,ZRH_Wednesday,133.94295
ZRH,IB,Wednesday,110,1295.0,ZRH_Wednesday,134.14084
ZRH,VY,Wednesday,110,1295.0,ZRH_Wednesday,133.39859
ZRH,AF,Wednesday,840,1130.0,ZRH_Wednesday,153.55191
ZRH,TP,Wednesday,1065,1080.0,ZRH_Wednesday,158.55292
ZRH,AF,Wednesday,275,715.0,ZRH_Wednesday,152.58696
ZRH,AF,Wednesday,335,1050.0,ZRH_Wednesday,152.33037
ZRH,AF,Wednesday,450,540.0,ZRH_Wednesday,154.00319
ZRH,UX,Thursday,330,665.0,ZRH_Thursday,127.0757
ZRH,AZ,Thursday,935,1155.0,ZRH_Thursday,140.85315
ZRH,IB,Thursday,110,580.0,ZRH_Thursday,134.08159
ZRH,IB,Thursday,110,1295.0,ZRH_Thursday,134.27948
ZRH,VY,Thursday,110,580.0,ZRH_Thursday,134.37434
ZRH,VY,Thursday,110,1295.0,ZRH_Thursday,134.7228
ZRH,AF,Thursday,280,390.0,ZRH_Thursday,151.90814
ZRH,AF,Thursday,450,390.0,ZRH_Thursday,154.04007
ZRH,JU,Thursday,745,1240.0,ZRH_Thursday,143.07503
ZRH,JU,Thursday,1385,1240.0,ZRH_Thursday,141.11325
ZRH,TP,Thursday,455,370.0,ZRH_Thursday,160.52426
ZRH,AF,Thursday,275,715.0,ZRH_Thursday,150.6563
ZRH,AF,Thursday,290,855.0,ZRH_Thursday,149.95549
ZRH,AF,Thursday,325,410.0,ZRH_Thursday,155.03082
ZRH,AF,Thursday,335,1050.0,ZRH_Thursday,150.3997
ZRH,UX,Friday,330,665.0,ZRH_Friday,122.4379
ZRH,AZ,Friday,935,1155.0,ZRH_Friday,136.1518
ZRH,UX,Friday,1325,1110.0,ZRH_Friday,134.95233
ZRH,A3,Friday,905,1160.0,ZRH_Friday,153.72496
ZRH,IB,Friday,110,575.0,ZRH_Friday,135.19244
ZRH,IB,Friday,110,1295.0,ZRH_Friday,135.99919
ZRH,VY,Friday,110,575.0,ZRH_Friday,132.28326
ZRH,VY,Friday,110,1090.0,ZRH_Friday,135.86963
ZRH,VY,Friday,110,1295.0,ZRH_Friday,136.40872
ZRH,AZ,Friday,310,645.0,ZRH_Friday,136.97449
ZRH,A3,Friday,1230,1225.0,ZRH_Friday,151.28885
ZRH,UX,Friday,865,1110.0,ZRH_Friday,134.72842
ZRH,JU,Friday,615,570.0,ZRH_Friday,147.49104
ZRH,JU,Friday,745,1240.0,ZRH_Friday,145.30394
ZRH,AF,Friday,275,715.0,ZRH_Friday,154.47847
ZRH,UX,Saturday,330,665.0,ZRH_Saturday,123.90508
ZRH,AZ,Saturday,935,1155.0,ZRH_Saturday,133.33395
ZRH,AF,Saturday,275,715.0,ZRH_Saturday,153.60548
ZRH,AF,Saturday,290,855.0,ZRH_Saturday,152.90468
ZRH,AF,Saturday,325,410.0,ZRH_Saturday,157.25946
ZRH,AF,Saturday,430,715.0,ZRH_Saturday,156.20555
ZRH,AF,Saturday,450,540.0,ZRH_Saturday,157.88359
ZRH,AF,Saturday,1015,1050.0,ZRH_Saturday,152.95331
ZRH,AF,Saturday,1125,1050.0,ZRH_Saturday,153.37434
ZRH,AF,Saturday,1210,855.0,ZRH_Saturday,153.89476
ZRH,IB,Saturday,110,580.0,ZRH_Saturday,134.91302
ZRH,IB,Saturday,110,1295.0,ZRH_Saturday,134.81453
ZRH,VY,Saturday,110,580.0,ZRH_Saturday,135.04861
ZRH,VY,Saturday,110,1295.0,ZRH_Saturday,135.3456
ZRH,AZ,Saturday,310,645.0,ZRH_Saturday,136.10275
ZRH,JU,Sunday,1385,1240.0,ZRH_Sunday,137.49876
ZRH,AZ,Sunday,935,1155.0,ZRH_Sunday,134.07254
ZRH,AF,Sunday,275,715.0,ZRH_Sunday,152.58696
ZRH,AF,Sunday,290,855.0,ZRH_Sunday,151.88615
ZRH,AF,Sunday,325,410.0,ZRH_Sunday,155.90929
ZRH,AF,Sunday,335,1050.0,ZRH_Sunday,152.33037
ZRH,AF,Sunday,430,715.0,ZRH_Sunday,154.49606
ZRH,AF,Sunday,450,540.0,ZRH_Sunday,154.00319
ZRH,AF,Sunday,530,855.0,ZRH_Sunday,153.85881
ZRH,AF,Sunday,915,1150.0,ZRH_Sunday,152.59372
ZRH,AF,Sunday,1015,1050.0,ZRH_Sunday,150.98178
ZRH,AF,Sunday,1025,1150.0,ZRH_Sunday,151.17282
ZRH,IB,Sunday,110,580.0,ZRH_Sunday,133.97849
ZRH,IB,Sunday,110,1295.0,ZRH_Sunday,134.17638
ZRH,VY,Sunday,110,580.0,ZRH_Sunday,134.27124
ZRH,JU,Monday,615,570.0,ZRH_Monday,146.58809
ZRH,UX,Monday,330,665.0,ZRH_Monday,122.6671
ZRH,AZ,Monday,935,1155.0,ZRH_Monday,133.85306
ZRH,AF,Monday,915,1150.0,ZRH_Monday,152.52869
ZRH,AF,Monday,1010,1055.0,ZRH_Monday,150.91675
ZRH,AF,Monday,1025,1150.0,ZRH_Monday,151.10779
ZRH,IB,Monday,110,580.0,ZRH_Monday,133.72346
ZRH,IB,Monday,110,1295.0,ZRH_Monday,134.02148
ZRH,VY,Monday,110,580.0,ZRH_Monday,134.01622
ZRH,VY,Monday,110,1295.0,ZRH_Monday,134.4648
ZRH,AF,Monday,245,1130.0,ZRH_Monday,151.56712
ZRH,AF,Monday,270,890.0,ZRH_Monday,151.82951
ZRH,AF,Monday,380,645.0,ZRH_Monday,153.82301
ZRH,AF,Monday,485,890.0,ZRH_Monday,154.43839
ZRH,AF,Monday,840,1130.0,ZRH_Monday,153.48688
ZRH,UX,Tuesday,330,665.0,ZRH_Tuesday,122.88657
ZRH,AZ,Tuesday,310,645.0,ZRH_Tuesday,134.55208
ZRH,UX,Tuesday,1325,1110.0,ZRH_Tuesday,133.2656
ZRH,AF,Tuesday,275,715.0,ZRH_Tuesday,152.58696
ZRH,AF,Tuesday,290,855.0,ZRH_Tuesday,151.88615
ZRH,AF,Tuesday,325,410.0,ZRH_Tuesday,155.90929
ZRH,AF,Tuesday,335,1050.0,ZRH_Tuesday,152.33037
ZRH,AF,Tuesday,430,715.0,ZRH_Tuesday,154.49606
ZRH,AF,Tuesday,450,540.0,ZRH_Tuesday,154.00319
ZRH,AF,Tuesday,530,855.0,ZRH_Tuesday,153.85881
ZRH,AF,Tuesday,915,1150.0,ZRH_Tuesday,152.59372
ZRH,AF,Tuesday,1015,1050.0,ZRH_Tuesday,150.98178
ZRH,AF,Tuesday,1025,1150.0,ZRH_Tuesday,151.17282
ZRH,IB,Tuesday,110,580.0,ZRH_Tuesday,133.94295
ZRH,IB,Tuesday,110,1295.0,ZRH_Tuesday,134.14084
ZRH,UX,Wednesday,330,665.0,ZRH_Wednesday,123.49879
ZRH,AZ,Wednesday,935,1155.0,ZRH_Wednesday,134.97894
ZRH,UX,Wednesday,1325,1110.0,ZRH_Wednesday,134.80988
ZRH,AF,Wednesday,275,715.0,ZRH_Wednesday,152.58696
ZRH,AF,Wednesday,290,855.0,ZRH_Wednesday,151.88615
ZRH,AF,Wednesday,325,410.0,ZRH_Wednesday,155.90929
ZRH,AF,Wednesday,335,1050.0,ZRH_Wednesday,152.33037
ZRH,AF,Wednesday,430,715.0,ZRH_Wednesday,154.49606
ZRH,AF,Wednesday,450,540.0,ZRH_Wednesday,154.00319
ZRH,AF,Wednesday,530,855.0,ZRH_Wednesday,153.85881
ZRH,AF,Wednesday,915,1150.0,ZRH_Wednesday,152.59372
ZRH,AF,Wednesday,1015,1050.0,ZRH_Wednesday,150.98178
ZRH,AF,Wednesday,1025,1150.0,ZRH_Wednesday,151.17282
ZRH,IB,Wednesday,110,580.0,ZRH_Wednesday,133.94295
ZRH,IB,Wednesday,110,1295.0,ZRH_Wednesday,134.14084
ZRH,JU,Thursday,1385,1240.0,ZRH_Thursday,141.11325
ZRH,UX,Thursday,330,665.0,ZRH_Thursday,127.0757
ZRH,AF,Thursday,275,715.0,ZRH_Thursday,150.6563
ZRH,AF,Thursday,290,855.0,ZRH_Thursday,149.95549
ZRH,AF,Thursday,325,410.0,ZRH_Thursday,155.03082
ZRH,AF,Thursday,335,1050.0,ZRH_Thursday,150.3997
ZRH,AF,Thursday,430,715.0,ZRH_Thursday,152.5654
ZRH,AF,Thursday,450,540.0,ZRH_Thursday,152.07253
ZRH,AF,Thursday,530,855.0,ZRH_Thursday,151.92815
ZRH,AF,Thursday,915,1150.0,ZRH_Thursday,150.66306
ZRH,AF,Thursday,1015,1050.0,ZRH_Thursday,149.05112
ZRH,AF,Thursday,1025,1150.0,ZRH_Thursday,149.24216
ZRH,IB,Thursday,110,580.0,ZRH_Thursday,134.08159
ZRH,IB,Thursday,110,1295.0,ZRH_Thursday,134.27948
ZRH,VY,Thursday,110,580.0,ZRH_Thursday,134.37434
BRU,VY,Wednesday,125,580.0,BRU_Wednesday,92.078354
BRU,IB,Wednesday,120,910.0,BRU_Wednesday,90.20499
BRU,IB,Wednesday,124,1315.0,BRU_Wednesday,91.26613
BRU,IB,Wednesday,125,580.0,BRU_Wednesday,92.63743
BRU,IB,Wednesday,125,1030.0,BRU_Wednesday,92.14569
BRU,VY,Wednesday,120,910.0,BRU_Wednesday,89.3708
BRU,VY,Wednesday,124,1315.0,BRU_Wednesday,90.627174
BRU,VY,Wednesday,125,1030.0,BRU_Wednesday,91.50674
BRU,UX,Wednesday,350,645.0,BRU_Wednesday,108.97989
BRU,UX,Wednesday,1300,1135.0,BRU_Wednesday,114.88506
BRU,UX,Wednesday,840,1135.0,BRU_Wednesday,114.70112
BRU,A3,Wednesday,1290,1180.0,BRU_Wednesday,135.98242
BRU,A3,Wednesday,885,1180.0,BRU_Wednesday,140.57271
BRU,A3,Wednesday,1380,685.0,BRU_Wednesday,136.15373
BRU,A3,Wednesday,1785,685.0,BRU_Wednesday,138.29195
BRU,VY,Thursday,125,580.0,BRU_Thursday,92.06242
BRU,IB,Thursday,120,930.0,BRU_Thursday,90.18906
BRU,IB,Thursday,124,1315.0,BRU_Thursday,91.2502
BRU,IB,Thursday,125,580.0,BRU_Thursday,92.6215
BRU,IB,Thursday,125,1030.0,BRU_Thursday,92.12976
BRU,VY,Thursday,120,930.0,BRU_Thursday,89.354866
BRU,VY,Thursday,124,1315.0,BRU_Thursday,90.611244
BRU,VY,Thursday,125,1030.0,BRU_Thursday,91.49081
BRU,UX,Thursday,350,645.0,BRU_Thursday,108.96396
BRU,UX,Thursday,1300,1135.0,BRU_Thursday,115.28826
BRU,A3,Thursday,1765,705.0,BRU_Thursday,137.38506
BRU,A3,Thursday,885,1180.0,BRU_Thursday,140.5568
BRU,A3,Thursday,1290,1180.0,BRU_Thursday,136.38564
BRU,A3,Thursday,1360,705.0,BRU_Thursday,136.90062
BRU,UX,Thursday,840,1135.0,BRU_Thursday,115.915276
BRU,IB,Friday,120,910.0,BRU_Friday,90.20499
BRU,IB,Friday,124,1315.0,BRU_Friday,91.26613
BRU,IB,Friday,125,580.0,BRU_Friday,92.63743
BRU,IB,Friday,125,1030.0,BRU_Friday,92.14569
BRU,VY,Friday,120,910.0,BRU_Friday,89.3708
BRU,VY,Friday,124,1315.0,BRU_Friday,90.627174
BRU,VY,Friday,125,580.0,BRU_Friday,92.078354
BRU,VY,Friday,125,1030.0,BRU_Friday,91.50674
BRU,UX,Friday,350,645.0,BRU_Friday,108.97989
BRU,UX,Friday,1330,645.0,BRU_Friday,117.22373
BRU,AZ,Friday,955,1135.0,BRU_Friday,125.0781
BRU,AZ,Friday,1260,1135.0,BRU_Friday,124.32775
BRU,A3,Friday,885,1180.0,BRU_Friday,140.57271
BRU,A3,Friday,1380,685.0,BRU_Friday,136.15373
BRU,JU,Friday,620,565.0,BRU_Friday,138.41475
BRU,VY,Saturday,120,910.0,BRU_Saturday,89.45883
BRU,VY,Saturday,125,580.0,BRU_Saturday,92.21787
BRU,IB,Saturday,120,910.0,BRU_Saturday,90.29302
BRU,IB,Saturday,124,1315.0,BRU_Saturday,91.354164
BRU,IB,Saturday,125,580.0,BRU_Saturday,92.77695
BRU,VY,Saturday,124,1315.0,BRU_Saturday,90.71521
BRU,UX,Saturday,350,645.0,BRU_Saturday,109.27059
BRU,UX,Saturday,1330,645.0,BRU_Saturday,117.779465
BRU,A3,Saturday,1290,1180.0,BRU_Saturday,136.22165
BRU,IB,Saturday,760,1185.0,BRU_Saturday,149.14668
BRU,IB,Saturday,840,1185.0,BRU_Saturday,149.0382
BRU,AZ,Saturday,700,695.0,BRU_Saturday,127.15808
BRU,AZ,Saturday,955,1135.0,BRU_Saturday,124.07515
BRU,AZ,Saturday,1260,1135.0,BRU_Saturday,123.90784
BRU,AZ,Saturday,1395,695.0,BRU_Saturday,125.170204
BRU,IB,Sunday,120,910.0,BRU_Sunday,90.20499
BRU,IB,Sunday,124,1315.0,BRU_Sunday,91.26613
BRU,IB,Sunday,125,580.0,BRU_Sunday,92.63743
BRU,IB,Sunday,125,1020.0,BRU_Sunday,92.14569
BRU,VY,Sunday,120,910.0,BRU_Sunday,89.3708
BRU,VY,Sunday,124,1315.0,BRU_Sunday,90.627174
BRU,VY,Sunday,125,580.0,BRU_Sunday,92.078354
BRU,VY,Sunday,125,1020.0,BRU_Sunday,91.50674
BRU,UX,Sunday,350,645.0,BRU_Sunday,110.21155
BRU,UX,Sunday,1330,645.0,BRU_Sunday,117.22373
BRU,A3,Sunday,885,1180.0,BRU_Sunday,140.57271
BRU,A3,Sunday,1290,1180.0,BRU_Sunday,135.98242
BRU,A3,Sunday,1380,685.0,BRU_Sunday,136.15373
BRU,IB,Sunday,340,420.0,BRU_Sunday,150.25612
BRU,AZ,Sunday,955,1135.0,BRU_Sunday,122.69384
BRU,VY,Monday,125,580.0,BRU_Monday,91.85888
BRU,IB,Monday,120,910.0,BRU_Monday,89.98551
BRU,IB,Monday,124,1315.0,BRU_Monday,91.14679
BRU,IB,Monday,125,580.0,BRU_Monday,92.41795
BRU,IB,Monday,125,1030.0,BRU_Monday,91.926216
BRU,VY,Monday,120,910.0,BRU_Monday,89.15132
BRU,VY,Monday,124,1315.0,BRU_Monday,90.507835
BRU,VY,Monday,125,1030.0,BRU_Monday,91.28726
BRU,UX,Monday,840,1135.0,BRU_Monday,114.48164
BRU,UX,Monday,1300,1135.0,BRU_Monday,114.66559
BRU,A3,Monday,885,1180.0,BRU_Monday,140.16293
BRU,A3,Monday,1290,1180.0,BRU_Monday,135.57265
BRU,A3,Monday,1380,685.0,BRU_Monday,135.74396
BRU,A3,Monday,1785,685.0,BRU_Monday,137.5214
BRU,AZ,Monday,955,1135.0,BRU_Monday,122.474365
BRU,IB,Tuesday,120,910.0,BRU_Tuesday,90.20499
BRU,IB,Tuesday,124,1315.0,BRU_Tuesday,91.26613
BRU,IB,Tuesday,125,580.0,BRU_Tuesday,92.63743
BRU,VY,Tuesday,120,910.0,BRU_Tuesday,89.3708
BRU,VY,Tuesday,124,1315.0,BRU_Tuesday,90.627174
BRU,VY,Tuesday,125,580.0,BRU_Tuesday,92.078354
BRU,UX,Tuesday,350,645.0,BRU_Tuesday,108.97989
BRU,UX,Tuesday,1330,645.0,BRU_Tuesday,118.33744
BRU,AZ,Tuesday,955,1135.0,BRU_Tuesday,122.69384
BRU,AZ,Tuesday,1260,1135.0,BRU_Tuesday,122.52655
BRU,A3,Tuesday,885,1180.0,BRU_Tuesday,141.30519
BRU,A3,Tuesday,1290,1180.0,BRU_Tuesday,136.6866
BRU,A3,Tuesday,1380,685.0,BRU_Tuesday,137.26744
BRU,A3,Tuesday,1785,685.0,BRU_Tuesday,138.7588
BRU,SN,Tuesday,120,735.0,BRU_Tuesday,134.46594
BRU,IB,Wednesday,120,910.0,BRU_Wednesday,90.20499
BRU,IB,Wednesday,124,1315.0,BRU_Wednesday,91.26613
BRU,IB,Wednesday,125,580.0,BRU_Wednesday,92.63743
BRU,IB,Wednesday,125,1030.0,BRU_Wednesday,92.14569
BRU,VY,Wednesday,120,910.0,BRU_Wednesday,89.3708
BRU,VY,Wednesday,124,1315.0,BRU_Wednesday,90.627174
BRU,VY,Wednesday,125,580.0,BRU_Wednesday,92.078354
BRU,VY,Wednesday,125,1030.0,BRU_Wednesday,91.50674
BRU,UX,Wednesday,350,645.0,BRU_Wednesday,108.97989
BRU,UX,Wednesday,1300,1135.0,BRU_Wednesday,114.88506
BRU,UX,Wednesday,1330,645.0,BRU_Wednesday,117.22373
BRU,A3,Wednesday,885,1180.0,BRU_Wednesday,140.57271
BRU,A3,Wednesday,1290,1180.0,BRU_Wednesday,135.98242
BRU,A3,Wednesday,1380,685.0,BRU_Wednesday,136.15373
BRU,A3,Wednesday,1785,685.0,BRU_Wednesday,138.29195
BRU,IB,Thursday,120,930.0,BRU_Thursday,90.18906
BRU,IB,Thursday,124,1315.0,BRU_Thursday,91.2502
BRU,IB,Thursday,125,580.0,BRU_Thursday,92.6215
BRU,IB,Thursday,125,1030.0,BRU_Thursday,92.12976
BRU,VY,Thursday,120,930.0,BRU_Thursday,89.354866
BRU,VY,Thursday,124,1315.0,BRU_Thursday,90.611244
BRU,VY,Thursday,125,580.0,BRU_Thursday,92.06242
BRU,VY,Thursday,125,1030.0,BRU_Thursday,91.49081
BRU,UX,Thursday,350,645.0,BRU_Thursday,108.96396
BRU,UX,Thursday,1300,1135.0,BRU_Thursday,115.28826
BRU,AZ,Thursday,1260,1135.0,BRU_Thursday,122.52655
BRU,A3,Thursday,885,1180.0,BRU_Thursday,140.5568
BRU,A3,Thursday,1290,1180.0,BRU_Thursday,136.38564
BRU,A3,Thursday,1380,685.0,BRU_Thursday,135.89456
BRU,A3,Thursday,1785,685.0,BRU_Thursday,137.30357
BRU,IB,Friday,120,910.0,BRU_Friday,90.20499
BRU,IB,Friday,124,1315.0,BRU_Friday,91.26613
BRU,IB,Friday,125,580.0,BRU_Friday,92.63743
BRU,IB,Friday,125,1030.0,BRU_Friday,92.14569
BRU,VY,Friday,120,910.0,BRU_Friday,89.3708
BRU,VY,Friday,124,1315.0,BRU_Friday,90.627174
BRU,VY,Friday,125,580.0,BRU_Friday,92.078354
BRU,VY,Friday,125,1030.0,BRU_Friday,91.50674
BRU,UX,Friday,350,645.0,BRU_Friday,108.97989
BRU,UX,Friday,1300,1135.0,BRU_Friday,114.88506
BRU,AZ,Friday,1260,1135.0,BRU_Friday,124.32775
BRU,A3,Friday,885,1180.0,BRU_Friday,140.57271
BRU,A3,Friday,1290,1180.0,BRU_Friday,135.98242
BRU,A3,Friday,1380,685.0,BRU_Friday,136.15373
BRU,A3,Friday,1785,685.0,BRU_Friday,138.40886
BRU,VY,Saturday,125,580.0,BRU_Saturday,92.21787
BRU,IB,Saturday,120,910.0,BRU_Saturday,90.29302
BRU,IB,Saturday,124,1315.0,BRU_Saturday,91.354164
BRU,IB,Saturday,125,580.0,BRU_Saturday,92.77695
BRU,VY,Saturday,120,910.0,BRU_Saturday,89.45883
BRU,VY,Saturday,124,1315.0,BRU_Saturday,90.71521
BRU,UX,Saturday,350,645.0,BRU_Saturday,109.27059
BRU,UX,Saturday,1330,645.0,BRU_Saturday,117.779465
BRU,AZ,Saturday,700,695.0,BRU_Saturday,127.15808
BRU,AZ,Saturday,955,1135.0,BRU_Saturday,124.07515
BRU,AZ,Saturday,1260,1135.0,BRU_Saturday,123.90784
BRU,AZ,Saturday,1395,695.0,BRU_Saturday,125.170204
BRU,A3,Saturday,885,1180.0,BRU_Saturday,140.81194
BRU,A3,Saturday,1290,1180.0,BRU_Saturday,136.22165
BRU,A3,Saturday,1380,685.0,BRU_Saturday,135.9639
BRU,IB,Sunday,120,910.0,BRU_Sunday,90.20499
BRU,IB,Sunday,124,1315.0,BRU_Sunday,91.26613
BRU,IB,Sunday,125,580.0,BRU_Sunday,92.63743
BRU,IB,Sunday,125,1020.0,BRU_Sunday,92.14569
BRU,VY,Sunday,120,910.0,BRU_Sunday,89.3708
BRU,VY,Sunday,124,1315.0,BRU_Sunday,90.627174
BRU,VY,Sunday,125,580.0,BRU_Sunday,92.078354
BRU,VY,Sunday,125,1020.0,BRU_Sunday,91.50674
BRU,UX,Sunday,1330,645.0,BRU_Sunday,117.22373
BRU,AZ,Sunday,955,1135.0,BRU_Sunday,122.69384
BRU,AZ,Sunday,1260,1135.0,BRU_Sunday,122.52655
BRU,A3,Sunday,1290,1180.0,BRU_Sunday,135.98242
BRU,SN,Sunday,120,735.0,BRU_Sunday,120.42642
BRU,SN,Sunday,120,1105.0,BRU_Sunday,119.822136
BRU,UX,Sunday,350,645.0,BRU_Sunday,110.21155
BRU,IB,Monday,120,910.0,BRU_Monday,89.98551
BRU,IB,Monday,124,1315.0,BRU_Monday,91.14679
BRU,IB,Monday,125,580.0,BRU_Monday,92.41795
BRU,IB,Monday,125,1030.0,BRU_Monday,91.926216
BRU,VY,Monday,120,910.0,BRU_Monday,89.15132
BRU,VY,Monday,124,1315.0,BRU_Monday,90.507835
BRU,VY,Monday,125,580.0,BRU_Monday,91.85888
BRU,VY,Monday,125,1030.0,BRU_Monday,91.28726
BRU,UX,Monday,840,1135.0,BRU_Monday,114.48164
BRU,UX,Monday,1300,1135.0,BRU_Monday,114.66559
BRU,AZ,Monday,955,1135.0,BRU_Monday,122.474365
BRU,AZ,Monday,1260,1135.0,BRU_Monday,122.307076
BRU,SN,Monday,120,735.0,BRU_Monday,122.88588
BRU,SN,Monday,120,1105.0,BRU_Monday,122.28159
BRU,TP,Monday,510,710.0,BRU_Monday,145.15327
BRU,IB,Tuesday,120,910.0,BRU_Tuesday,90.20499
BRU,IB,Tuesday,124,1315.0,BRU_Tuesday,91.26613
BRU,IB,Tuesday,125,580.0,BRU_Tuesday,92.63743
BRU,VY,Tuesday,120,910.0,BRU_Tuesday,89.3708
BRU,VY,Tuesday,124,1315.0,BRU_Tuesday,90.627174
BRU,VY,Tuesday,125,580.0,BRU_Tuesday,92.078354
BRU,UX,Tuesday,350,645.0,BRU_Tuesday,108.97989
BRU,UX,Tuesday,1300,1135.0,BRU_Tuesday,115.58924
BRU,AZ,Tuesday,955,1135.0,BRU_Tuesday,122.69384
BRU,AZ,Tuesday,1260,1135.0,BRU_Tuesday,122.52655
BRU,A3,Tuesday,885,1180.0,BRU_Tuesday,141.30519
BRU,A3,Tuesday,1290,1180.0,BRU_Tuesday,136.6866
BRU,A3,Tuesday,1380,685.0,BRU_Tuesday,137.26744
BRU,A3,Tuesday,1785,685.0,BRU_Tuesday,138.7588
BRU,UX,Tuesday,840,1135.0,BRU_Tuesday,115.4336
BRU,IB,Wednesday,120,910.0,BRU_Wednesday,90.20499
BRU,IB,Wednesday,124,1315.0,BRU_Wednesday,91.26613
BRU,IB,Wednesday,125,580.0,BRU_Wednesday,92.63743
BRU,IB,Wednesday,125,1030.0,BRU_Wednesday,92.14569
BRU,VY,Wednesday,120,910.0,BRU_Wednesday,89.3708
BRU,VY,Wednesday,124,1315.0,BRU_Wednesday,90.627174
BRU,VY,Wednesday,125,1030.0,BRU_Wednesday,91.50674
BRU,VY,Wednesday,125,580.0,BRU_Wednesday,92.078354
BRU,UX,Wednesday,350,645.0,BRU_Wednesday,108.97989
BRU,UX,Wednesday,1300,1135.0,BRU_Wednesday,114.88506
BRU,AZ,Wednesday,955,1135.0,BRU_Wednesday,122.42282
BRU,AZ,Wednesday,1260,1135.0,BRU_Wednesday,122.25553
BRU,UX,Wednesday,840,1135.0,BRU_Wednesday,114.70112
BRU,SN,Wednesday,120,1105.0,BRU_Wednesday,118.725914
BRU,LX,Wednesday,220,920.0,BRU_Wednesday,145.83989
BRU,IB,Thursday,120,930.0,BRU_Thursday,90.18906
BRU,IB,Thursday,124,1315.0,BRU_Thursday,91.2502
BRU,IB,Thursday,125,580.0,BRU_Thursday,92.6215
BRU,IB,Thursday,125,1030.0,BRU_Thursday,92.12976
BRU,VY,Thursday,120,930.0,BRU_Thursday,89.354866
BRU,VY,Thursday,124,1315.0,BRU_Thursday,90.611244
BRU,VY,Thursday,125,580.0,BRU_Thursday,92.06242
BRU,VY,Thursday,125,1030.0,BRU_Thursday,91.49081
BRU,UX,Thursday,350,645.0,BRU_Thursday,108.96396
BRU,UX,Thursday,1300,1135.0,BRU_Thursday,115.28826
BRU,AZ,Thursday,955,1135.0,BRU_Thursday,122.69384
BRU,AZ,Thursday,1260,1135.0,BRU_Thursday,122.52655
BRU,SN,Thursday,120,735.0,BRU_Thursday,119.54362
BRU,SN,Thursday,120,1105.0,BRU_Thursday,118.93933
BRU,A3,Thursday,885,1180.0,BRU_Thursday,140.5568
BRU,IB,Friday,120,910.0,BRU_Friday,90.20499
BRU,IB,Friday,124,1315.0,BRU_Friday,91.26613
BRU,IB,Friday,125,580.0,BRU_Friday,92.63743
BRU,IB,Friday,125,1030.0,BRU_Friday,92.14569
BRU,VY,Friday,120,910.0,BRU_Friday,89.3708
BRU,VY,Friday,124,1315.0,BRU_Friday,90.627174
BRU,VY,Friday,125,580.0,BRU_Friday,92.078354
BRU,VY,Friday,125,1030.0,BRU_Friday,91.50674
BRU,UX,Friday,350,645.0,BRU_Friday,108.97989
BRU,UX,Friday,1300,1135.0,BRU_Friday,114.88506
BRU,AZ,Friday,955,1135.0,BRU_Friday,125.0781
BRU,AZ,Friday,1260,1135.0,BRU_Friday,124.32775
BRU,LX,Friday,220,920.0,BRU_Friday,145.39359
BRU,LX,Friday,245,600.0,BRU_Friday,149.48914
BRU,LX,Friday,300,1080.0,BRU_Friday,153.42465
BRU,IB,Saturday,120,910.0,BRU_Saturday,90.29302
BRU,IB,Saturday,124,1315.0,BRU_Saturday,91.354164
BRU,IB,Saturday,125,580.0,BRU_Saturday,92.77695
BRU,VY,Saturday,120,910.0,BRU_Saturday,89.45883
BRU,VY,Saturday,124,1315.0,BRU_Saturday,90.71521
BRU,VY,Saturday,125,580.0,BRU_Saturday,92.21787
BRU,UX,Saturday,350,645.0,BRU_Saturday,109.27059
BRU,AZ,Saturday,700,695.0,BRU_Saturday,127.15808
BRU,AZ,Saturday,955,1135.0,BRU_Saturday,124.07515
BRU,AZ,Saturday,1260,1135.0,BRU_Saturday,123.90784
BRU,AZ,Saturday,1395,695.0,BRU_Saturday,125.170204
BRU,SN,Saturday,120,735.0,BRU_Saturday,119.76963
BRU,SN,Saturday,120,1105.0,BRU_Saturday,119.11386
BRU,UX,Saturday,1300,1135.0,BRU_Saturday,115.86984
BRU,TP,Saturday,350,1075.0,BRU_Saturday,144.04317
BRU,IB,Sunday,120,910.0,BRU_Sunday,90.20499
BRU,IB,Sunday,124,1315.0,BRU_Sunday,91.26613
BRU,IB,Sunday,125,580.0,BRU_Sunday,92.63743
BRU,IB,Sunday,125,1020.0,BRU_Sunday,92.14569
BRU,VY,Sunday,120,910.0,BRU_Sunday,89.3708
BRU,VY,Sunday,124,1315.0,BRU_Sunday,90.627174
BRU,VY,Sunday,125,580.0,BRU_Sunday,92.078354
BRU,VY,Sunday,125,1020.0,BRU_Sunday,91.50674
BRU,AZ,Sunday,955,1135.0,BRU_Sunday,122.69384
BRU,AZ,Sunday,1260,1135.0,BRU_Sunday,122.52655
BRU,UX,Sunday,350,645.0,BRU_Sunday,110.21155
BRU,SN,Sunday,120,735.0,BRU_Sunday,120.42642
BRU,SN,Sunday,120,1105.0,BRU_Sunday,119.822136
BRU,A3,Sunday,885,1180.0,BRU_Sunday,140.57271
BRU,A3,Sunday,1290,1180.0,BRU_Sunday,135.98242
BRU,IB,Monday,120,910.0,BRU_Monday,89.98551
BRU,IB,Monday,124,1315.0,BRU_Monday,91.14679
BRU,IB,Monday,125,580.0,BRU_Monday,92.41795
BRU,IB,Monday,125,1030.0,BRU_Monday,91.926216
BRU,VY,Monday,120,910.0,BRU_Monday,89.15132
BRU,VY,Monday,124,1315.0,BRU_Monday,90.507835
BRU,VY,Monday,125,580.0,BRU_Monday,91.85888
BRU,VY,Monday,125,1030.0,BRU_Monday,91.28726
BRU,UX,Monday,350,645.0,BRU_Monday,108.760414
BRU,UX,Monday,1300,1135.0,BRU_Monday,114.66559
BRU,AZ,Monday,955,1135.0,BRU_Monday,122.474365
BRU,AZ,Monday,1260,1135.0,BRU_Monday,122.307076
BRU,SN,Monday,120,735.0,BRU_Monday,122.88588
BRU,SN,Monday,120,1105.0,BRU_Monday,122.28159
BRU,A3,Monday,885,1180.0,BRU_Monday,140.16293
BRU,IB,Tuesday,120,910.0,BRU_Tuesday,90.20499
BRU,IB,Tuesday,124,1315.0,BRU_Tuesday,91.26613
BRU,IB,Tuesday,125,580.0,BRU_Tuesday,92.63743
BRU,VY,Tuesday,120,910.0,BRU_Tuesday,89.3708
BRU,VY,Tuesday,124,1315.0,BRU_Tuesday,90.627174
BRU,VY,Tuesday,125,580.0,BRU_Tuesday,92.078354
BRU,UX,Tuesday,350,645.0,BRU_Tuesday,108.97989
BRU,AZ,Tuesday,700,695.0,BRU_Tuesday,126.511734
BRU,AZ,Tuesday,955,1135.0,BRU_Tuesday,122.69384
BRU,AZ,Tuesday,1260,1135.0,BRU_Tuesday,122.52655
BRU,TP,Tuesday,675,360.0,BRU_Tuesday,148.44197
BRU,TP,Tuesday,465,360.0,BRU_Tuesday,145.81557
BRU,LX,Tuesday,220,920.0,BRU_Tuesday,145.83989
BRU,LX,Tuesday,245,600.0,BRU_Tuesday,150.7092
BRU,LX,Tuesday,300,1080.0,BRU_Tuesday,155.02936
BRU,IB,Wednesday,120,910.0,BRU_Wednesday,90.20499
BRU,IB,Wednesday,124,1315.0,BRU_Wednesday,91.26613
BRU,IB,Wednesday,125,580.0,BRU_Wednesday,92.63743
BRU,IB,Wednesday,125,1030.0,BRU_Wednesday,92.14569
BRU,VY,Wednesday,120,910.0,BRU_Wednesday,89.3708
BRU,VY,Wednesday,124,1315.0,BRU_Wednesday,90.627174
BRU,VY,Wednesday,125,580.0,BRU_Wednesday,92.078354
BRU,VY,Wednesday,125,1030.0,BRU_Wednesday,91.50674
BRU,UX,Wednesday,350,645.0,BRU_Wednesday,108.97989
BRU,UX,Wednesday,840,1135.0,BRU_Wednesday,114.70112
BRU,UX,Wednesday,1300,1135.0,BRU_Wednesday,114.88506
BRU,UX,Wednesday,1330,645.0,BRU_Wednesday,117.22373
BRU,AZ,Wednesday,700,695.0,BRU_Wednesday,126.240715
BRU,AZ,Wednesday,955,1135.0,BRU_Wednesday,122.42282
BRU,AZ,Wednesday,1260,1135.0,BRU_Wednesday,122.25553
BRU,IB,Thursday,120,930.0,BRU_Thursday,90.18906
BRU,IB,Thursday,124,1315.0,BRU_Thursday,91.2502
BRU,IB,Thursday,125,580.0,BRU_Thursday,92.6215
BRU,IB,Thursday,125,1030.0,BRU_Thursday,92.12976
BRU,VY,Thursday,120,930.0,BRU_Thursday,89.354866
BRU,VY,Thursday,124,1315.0,BRU_Thursday,90.611244
BRU,VY,Thursday,125,580.0,BRU_Thursday,92.06242
BRU,VY,Thursday,125,1030.0,BRU_Thursday,91.49081
BRU,UX,Thursday,350,645.0,BRU_Thursday,108.96396
BRU,UX,Thursday,1300,1135.0,BRU_Thursday,115.28826
BRU,AZ,Thursday,955,1135.0,BRU_Thursday,122.69384
BRU,AZ,Thursday,1260,1135.0,BRU_Thursday,122.52655
BRU,SN,Thursday,120,735.0,BRU_Thursday,119.54362
BRU,SN,Thursday,120,1105.0,BRU_Thursday,118.93933
BRU,UX,Thursday,1330,645.0,BRU_Thursday,117.62693
BRU,IB,Friday,120,910.0,BRU_Friday,90.20499
BRU,IB,Friday,124,1315.0,BRU_Friday,91.26613
BRU,IB,Friday,125,580.0,BRU_Friday,92.63743
BRU,IB,Friday,125,1030.0,BRU_Friday,92.14569
BRU,VY,Friday,120,910.0,BRU_Friday,89.3708
BRU,VY,Friday,124,1315.0,BRU_Friday,90.627174
BRU,VY,Friday,125,580.0,BRU_Friday,92.078354
BRU,VY,Friday,125,1030.0,BRU_Friday,91.50674
BRU,UX,Friday,1300,1135.0,BRU_Friday,114.88506
BRU,AZ,Friday,955,1135.0,BRU_Friday,125.0781
BRU,AZ,Friday,1260,1135.0,BRU_Friday,124.32775
BRU,SN,Friday,120,1105.0,BRU_Friday,117.150116
BRU,TP,Friday,510,710.0,BRU_Friday,145.37276
BRU,TP,Friday,715,710.0,BRU_Friday,145.79068
BRU,LX,Friday,220,920.0,BRU_Friday,145.39359
BRU,VY,Saturday,125,580.0,BRU_Saturday,92.21787
BRU,IB,Saturday,120,910.0,BRU_Saturday,90.29302
BRU,IB,Saturday,125,580.0,BRU_Saturday,92.77695
BRU,VY,Saturday,120,910.0,BRU_Saturday,89.45883
BRU,UX,Saturday,350,645.0,BRU_Saturday,109.27059
BRU,AZ,Saturday,700,695.0,BRU_Saturday,127.15808
BRU,AZ,Saturday,955,1135.0,BRU_Saturday,124.07515
BRU,AZ,Saturday,1395,695.0,BRU_Saturday,125.170204
BRU,SN,Saturday,120,735.0,BRU_Saturday,119.76963
BRU,SN,Saturday,120,1105.0,BRU_Saturday,119.11386
BRU,UX,Saturday,1300,1135.0,BRU_Saturday,115.86984
BRU,TP,Saturday,350,1075.0,BRU_Saturday,144.04317
BRU,TP,Saturday,510,710.0,BRU_Saturday,145.18292
BRU,A3,Saturday,885,1180.0,BRU_Saturday,140.81194
BRU,A3,Saturday,1290,1180.0,BRU_Saturday,136.22165
BRU,IB,Sunday,120,910.0,BRU_Sunday,90.20499
BRU,IB,Sunday,124,1315.0,BRU_Sunday,91.26613
BRU,IB,Sunday,125,580.0,BRU_Sunday,92.63743
BRU,IB,Sunday,125,1020.0,BRU_Sunday,92.14569
BRU,VY,Sunday,120,910.0,BRU_Sunday,89.3708
BRU,VY,Sunday,124,1315.0,BRU_Sunday,90.627174
BRU,VY,Sunday,125,580.0,BRU_Sunday,92.078354
BRU,VY,Sunday,125,1020.0,BRU_Sunday,91.50674
BRU,UX,Sunday,350,645.0,BRU_Sunday,110.21155
BRU,AZ,Sunday,955,1135.0,BRU_Sunday,122.69384
BRU,SN,Sunday,120,735.0,BRU_Sunday,120.42642
BRU,SN,Sunday,120,1105.0,BRU_Sunday,119.822136
BRU,AZ,Sunday,1260,1135.0,BRU_Sunday,122.52655
BRU,TP,Sunday,465,360.0,BRU_Sunday,146.27003
BRU,TP,Sunday,675,360.0,BRU_Sunday,148.44197
BRU,IB,Monday,120,910.0,BRU_Monday,89.98551
BRU,IB,Monday,124,1315.0,BRU_Monday,91.14679
BRU,IB,Monday,125,580.0,BRU_Monday,92.41795
BRU,IB,Monday,125,1030.0,BRU_Monday,91.926216
BRU,VY,Monday,120,910.0,BRU_Monday,89.15132
BRU,VY,Monday,124,1315.0,BRU_Monday,90.507835
BRU,VY,Monday,125,580.0,BRU_Monday,91.85888
BRU,VY,Monday,125,1030.0,BRU_Monday,91.28726
BRU,UX,Monday,350,645.0,BRU_Monday,108.760414
BRU,UX,Monday,1300,1135.0,BRU_Monday,114.66559
BRU,AZ,Monday,955,1135.0,BRU_Monday,122.474365
BRU,AZ,Monday,1260,1135.0,BRU_Monday,122.307076
BRU,AF,Monday,250,375.0,BRU_Monday,145.43924
BRU,AF,Monday,360,375.0,BRU_Monday,147.65227
BRU,AF,Monday,500,645.0,BRU_Monday,147.73505
BRU,IB,Tuesday,120,910.0,BRU_Tuesday,90.20499
BRU,IB,Tuesday,124,1315.0,BRU_Tuesday,91.26613
BRU,IB,Tuesday,125,580.0,BRU_Tuesday,92.63743
BRU,VY,Tuesday,120,910.0,BRU_Tuesday,89.3708
BRU,VY,Tuesday,124,1315.0,BRU_Tuesday,90.627174
BRU,VY,Tuesday,125,580.0,BRU_Tuesday,92.078354
BRU,UX,Tuesday,350,645.0,BRU_Tuesday,108.97989
BRU,AZ,Tuesday,955,1135.0,BRU_Tuesday,122.69384
BRU,AZ,Tuesday,1260,1135.0,BRU_Tuesday,122.52655
BRU,TP,Tuesday,350,1075.0,BRU_Tuesday,143.80394
BRU,TP,Tuesday,510,710.0,BRU_Tuesday,145.37276
BRU,TP,Tuesday,715,710.0,BRU_Tuesday,145.79068
BRU,TP,Tuesday,970,1075.0,BRU_Tuesday,142.69994
BRU,AZ,Tuesday,700,695.0,BRU_Tuesday,126.511734
BRU,TP,Tuesday,675,360.0,BRU_Tuesday,148.44197
BRU,VY,Wednesday,120,910.0,BRU_Wednesday,89.3708
BRU,IB,Wednesday,120,910.0,BRU_Wednesday,90.20499
BRU,IB,Wednesday,124,1315.0,BRU_Wednesday,91.26613
BRU,IB,Wednesday,125,1030.0,BRU_Wednesday,92.14569
BRU,VY,Wednesday,124,1315.0,BRU_Wednesday,90.627174
BRU,VY,Wednesday,125,1030.0,BRU_Wednesday,91.50674
BRU,UX,Wednesday,350,645.0,BRU_Wednesday,108.97989
BRU,UX,Wednesday,1300,1135.0,BRU_Wednesday,114.88506
BRU,AZ,Wednesday,955,1135.0,BRU_Wednesday,122.42282
BRU,AZ,Wednesday,1260,1135.0,BRU_Wednesday,122.25553
BRU,A3,Wednesday,885,1180.0,BRU_Wednesday,140.57271
BRU,A3,Wednesday,1380,685.0,BRU_Wednesday,136.15373
BRU,TP,Wednesday,510,710.0,BRU_Wednesday,145.37276
BRU,TP,Wednesday,465,360.0,BRU_Wednesday,145.81557
BRU,TP,Wednesday,970,1075.0,BRU_Wednesday,142.69994
BRU,IB,Thursday,120,930.0,BRU_Thursday,90.18906
BRU,IB,Thursday,124,1315.0,BRU_Thursday,91.2502
BRU,IB,Thursday,125,580.0,BRU_Thursday,92.6215
BRU,IB,Thursday,125,1030.0,BRU_Thursday,92.12976
BRU,VY,Thursday,120,930.0,BRU_Thursday,89.354866
BRU,VY,Thursday,124,1315.0,BRU_Thursday,90.611244
BRU,VY,Thursday,125,580.0,BRU_Thursday,92.06242
BRU,VY,Thursday,125,1030.0,BRU_Thursday,91.49081
BRU,UX,Thursday,350,645.0,BRU_Thursday,108.96396
BRU,SN,Thursday,120,735.0,BRU_Thursday,119.54362
BRU,SN,Thursday,120,1105.0,BRU_Thursday,118.93933
BRU,AZ,Thursday,955,1135.0,BRU_Thursday,122.69384
BRU,TP,Thursday,465,360.0,BRU_Thursday,145.79965
BRU,AF,Thursday,250,375.0,BRU_Thursday,145.71928
BRU,AF,Thursday,250,485.0,BRU_Thursday,148.61818
AMS,VY,Wednesday,135,1300.0,AMS_Wednesday,133.83578
AMS,IB,Wednesday,130,900.0,AMS_Wednesday,135.60576
AMS,IB,Wednesday,135,420.0,AMS_Wednesday,137.95473
AMS,IB,Wednesday,135,625.0,AMS_Wednesday,135.57176
AMS,IB,Wednesday,135,790.0,AMS_Wednesday,135.7553
AMS,IB,Wednesday,135,1000.0,AMS_Wednesday,135.66954
AMS,IB,Wednesday,135,1300.0,AMS_Wednesday,134.70404
AMS,VY,Wednesday,130,900.0,AMS_Wednesday,133.8128
AMS,VY,Wednesday,135,625.0,AMS_Wednesday,135.4347
AMS,VY,Wednesday,135,790.0,AMS_Wednesday,135.31848
AMS,VY,Wednesday,135,1000.0,AMS_Wednesday,134.87447
AMS,VY,Wednesday,140,420.0,AMS_Wednesday,137.84146
AMS,UX,Wednesday,335,660.0,AMS_Wednesday,129.02081
AMS,DY,Wednesday,1055,1250.0,AMS_Wednesday,144.54788
AMS,AF,Wednesday,125,500.0,AMS_Wednesday,149.97475
AMS,VY,Thursday,135,625.0,AMS_Thursday,134.73955
AMS,IB,Thursday,130,900.0,AMS_Thursday,135.55782
AMS,IB,Thursday,135,420.0,AMS_Thursday,137.90678
AMS,IB,Thursday,135,625.0,AMS_Thursday,135.52382
AMS,IB,Thursday,135,790.0,AMS_Thursday,135.70735
AMS,IB,Thursday,135,1000.0,AMS_Thursday,135.6216
AMS,IB,Thursday,135,1300.0,AMS_Thursday,134.6561
AMS,VY,Thursday,135,790.0,AMS_Thursday,134.84343
AMS,VY,Thursday,135,900.0,AMS_Thursday,134.54802
AMS,VY,Thursday,135,1000.0,AMS_Thursday,134.33624
AMS,VY,Thursday,135,1300.0,AMS_Thursday,133.29756
AMS,DY,Thursday,1120,1025.0,AMS_Thursday,145.9969
AMS,AF,Thursday,125,500.0,AMS_Thursday,150.24706
AMS,AF,Thursday,125,865.0,AMS_Thursday,146.93613
AMS,AF,Thursday,130,605.0,AMS_Thursday,147.5252
AMS,VY,Friday,135,790.0,AMS_Friday,134.7651
AMS,VY,Friday,130,900.0,AMS_Friday,132.16815
AMS,VY,Friday,140,420.0,AMS_Friday,137.41113
AMS,DY,Friday,380,1025.0,AMS_Friday,139.34901
AMS,IB,Friday,130,900.0,AMS_Friday,135.60576
AMS,IB,Friday,135,420.0,AMS_Friday,137.95473
AMS,IB,Friday,135,625.0,AMS_Friday,135.57176
AMS,IB,Friday,135,790.0,AMS_Friday,135.7553
AMS,IB,Friday,135,1000.0,AMS_Friday,135.66954
AMS,IB,Friday,135,1125.0,AMS_Friday,135.43768
AMS,IB,Friday,135,1300.0,AMS_Friday,134.70404
AMS,VY,Friday,135,625.0,AMS_Friday,135.00436
AMS,VY,Friday,135,1000.0,AMS_Friday,134.32109
AMS,VY,Friday,135,1125.0,AMS_Friday,134.28445
AMS,VY,Friday,135,1300.0,AMS_Friday,133.28241
AMS,IB,Saturday,135,420.0,AMS_Saturday,138.09425
AMS,IB,Saturday,135,625.0,AMS_Saturday,135.71129
AMS,IB,Saturday,135,715.0,AMS_Saturday,135.491
AMS,IB,Saturday,135,790.0,AMS_Saturday,135.89482
AMS,IB,Saturday,135,1135.0,AMS_Saturday,135.39853
AMS,IB,Saturday,135,1300.0,AMS_Saturday,134.7921
AMS,VY,Saturday,135,625.0,AMS_Saturday,135.2078
AMS,VY,Saturday,135,715.0,AMS_Saturday,134.07338
AMS,VY,Saturday,135,790.0,AMS_Saturday,134.96854
AMS,VY,Saturday,135,1135.0,AMS_Saturday,134.3092
AMS,VY,Saturday,135,1300.0,AMS_Saturday,133.43437
AMS,VY,Saturday,140,420.0,AMS_Saturday,137.61456
AMS,AF,Saturday,125,500.0,AMS_Saturday,150.08621
AMS,AF,Saturday,125,865.0,AMS_Saturday,146.67584
AMS,AF,Saturday,130,605.0,AMS_Saturday,147.10133
AMS,VY,Sunday,135,1000.0,AMS_Sunday,134.52748
AMS,VY,Sunday,135,1125.0,AMS_Sunday,134.49084
AMS,VY,Sunday,135,1300.0,AMS_Sunday,133.38992
AMS,VY,Sunday,135,625.0,AMS_Sunday,135.15207
AMS,IB,Sunday,130,900.0,AMS_Sunday,135.60576
AMS,IB,Sunday,135,420.0,AMS_Sunday,137.95473
AMS,IB,Sunday,135,625.0,AMS_Sunday,135.57176
AMS,IB,Sunday,135,790.0,AMS_Sunday,135.7553
AMS,IB,Sunday,135,1000.0,AMS_Sunday,135.66954
AMS,IB,Sunday,135,1125.0,AMS_Sunday,135.43768
AMS,IB,Sunday,135,1300.0,AMS_Sunday,134.70404
AMS,VY,Sunday,130,900.0,AMS_Sunday,134.97746
AMS,VY,Sunday,135,790.0,AMS_Sunday,134.9715
AMS,VY,Sunday,140,420.0,AMS_Sunday,137.55884
AMS,AF,Sunday,125,500.0,AMS_Sunday,147.93257
AMS,VY,Monday,130,900.0,AMS_Monday,131.41187
AMS,DY,Monday,1120,1025.0,AMS_Monday,143.14178
AMS,IB,Monday,130,900.0,AMS_Monday,135.49771
AMS,IB,Monday,135,420.0,AMS_Monday,137.84668
AMS,IB,Monday,135,625.0,AMS_Monday,135.46371
AMS,IB,Monday,135,790.0,AMS_Monday,135.64725
AMS,IB,Monday,135,1000.0,AMS_Monday,135.5615
AMS,IB,Monday,135,1125.0,AMS_Monday,135.32964
AMS,IB,Monday,135,1300.0,AMS_Monday,134.69612
AMS,VY,Monday,135,625.0,AMS_Monday,135.03325
AMS,VY,Monday,135,790.0,AMS_Monday,134.79399
AMS,VY,Monday,135,1000.0,AMS_Monday,134.34998
AMS,VY,Monday,135,1125.0,AMS_Monday,134.31334
AMS,VY,Monday,135,1300.0,AMS_Monday,133.41142
AMS,VY,Monday,140,420.0,AMS_Monday,137.44002
AMS,VY,Tuesday,135,790.0,AMS_Tuesday,134.7315
AMS,IB,Tuesday,135,420.0,AMS_Tuesday,137.95473
AMS,IB,Tuesday,135,625.0,AMS_Tuesday,135.57176
AMS,IB,Tuesday,135,790.0,AMS_Tuesday,135.7553
AMS,IB,Tuesday,135,1135.0,AMS_Tuesday,135.31047
AMS,IB,Tuesday,135,1300.0,AMS_Tuesday,134.70404
AMS,VY,Tuesday,135,625.0,AMS_Tuesday,135.05354
AMS,VY,Tuesday,135,1135.0,AMS_Tuesday,134.2977
AMS,VY,Tuesday,135,1300.0,AMS_Tuesday,133.42287
AMS,VY,Tuesday,140,420.0,AMS_Tuesday,137.47504
AMS,AF,Tuesday,125,500.0,AMS_Tuesday,148.08421
AMS,AF,Tuesday,125,865.0,AMS_Tuesday,145.11525
AMS,AF,Tuesday,130,605.0,AMS_Tuesday,146.68604
AMS,AF,Tuesday,130,1015.0,AMS_Tuesday,145.57098
AMS,AF,Tuesday,135,1250.0,AMS_Tuesday,144.51073
AMS,DY,Wednesday,1055,1250.0,AMS_Wednesday,144.54788
AMS,IB,Wednesday,130,900.0,AMS_Wednesday,135.60576
AMS,IB,Wednesday,135,420.0,AMS_Wednesday,137.95473
AMS,IB,Wednesday,135,625.0,AMS_Wednesday,135.57176
AMS,IB,Wednesday,135,790.0,AMS_Wednesday,135.7553
AMS,IB,Wednesday,135,1000.0,AMS_Wednesday,135.66954
AMS,IB,Wednesday,135,1300.0,AMS_Wednesday,134.70404
AMS,VY,Wednesday,130,900.0,AMS_Wednesday,133.8128
AMS,VY,Wednesday,135,625.0,AMS_Wednesday,135.4347
AMS,VY,Wednesday,135,790.0,AMS_Wednesday,135.31848
AMS,VY,Wednesday,135,1000.0,AMS_Wednesday,134.87447
AMS,VY,Wednesday,135,1300.0,AMS_Wednesday,133.83578
AMS,VY,Wednesday,140,420.0,AMS_Wednesday,137.84146
AMS,AF,Wednesday,125,500.0,AMS_Wednesday,149.97475
AMS,AF,Wednesday,125,865.0,AMS_Wednesday,146.38992
AMS,VY,Thursday,135,1000.0,AMS_Thursday,134.33624
AMS,VY,Thursday,135,1300.0,AMS_Thursday,133.29756
AMS,VY,Thursday,140,420.0,AMS_Thursday,137.04659
AMS,DY,Thursday,1120,1025.0,AMS_Thursday,145.9969
AMS,IB,Thursday,130,900.0,AMS_Thursday,135.55782
AMS,IB,Thursday,135,420.0,AMS_Thursday,137.90678
AMS,IB,Thursday,135,625.0,AMS_Thursday,135.52382
AMS,IB,Thursday,135,790.0,AMS_Thursday,135.70735
AMS,IB,Thursday,135,1000.0,AMS_Thursday,135.6216
AMS,IB,Thursday,135,1300.0,AMS_Thursday,134.6561
AMS,VY,Thursday,135,625.0,AMS_Thursday,134.73955
AMS,VY,Thursday,135,790.0,AMS_Thursday,134.84343
AMS,VY,Thursday,135,900.0,AMS_Thursday,134.54802
AMS,AF,Thursday,125,500.0,AMS_Thursday,150.24706
AMS,AF,Thursday,125,865.0,AMS_Thursday,146.93613
AMS,VY,Friday,130,900.0,AMS_Friday,132.16815
AMS,IB,Friday,130,900.0,AMS_Friday,135.60576
AMS,IB,Friday,135,420.0,AMS_Friday,137.95473
AMS,IB,Friday,135,625.0,AMS_Friday,135.57176
AMS,IB,Friday,135,790.0,AMS_Friday,135.7553
AMS,IB,Friday,135,1000.0,AMS_Friday,135.66954
AMS,IB,Friday,135,1125.0,AMS_Friday,135.43768
AMS,IB,Friday,135,1300.0,AMS_Friday,134.70404
AMS,VY,Friday,135,625.0,AMS_Friday,135.00436
AMS,VY,Friday,135,790.0,AMS_Friday,134.7651
AMS,VY,Friday,135,1000.0,AMS_Friday,134.32109
AMS,VY,Friday,135,1125.0,AMS_Friday,134.28445
AMS,VY,Friday,135,1300.0,AMS_Friday,133.28241
AMS,VY,Friday,140,420.0,AMS_Friday,137.41113
AMS,AF,Friday,125,500.0,AMS_Friday,147.14291
AMS,VY,Saturday,135,715.0,AMS_Saturday,134.07338
AMS,VY,Saturday,135,1300.0,AMS_Saturday,133.43437
AMS,IB,Saturday,135,420.0,AMS_Saturday,138.09425
AMS,IB,Saturday,135,625.0,AMS_Saturday,135.71129
AMS,IB,Saturday,135,715.0,AMS_Saturday,135.491
AMS,IB,Saturday,135,790.0,AMS_Saturday,135.89482
AMS,IB,Saturday,135,1135.0,AMS_Saturday,135.39853
AMS,IB,Saturday,135,1300.0,AMS_Saturday,134.7921
AMS,VY,Saturday,135,625.0,AMS_Saturday,135.2078
AMS,VY,Saturday,135,790.0,AMS_Saturday,134.96854
AMS,VY,Saturday,135,1135.0,AMS_Saturday,134.3092
AMS,VY,Saturday,140,420.0,AMS_Saturday,137.61456
AMS,AF,Saturday,125,500.0,AMS_Saturday,150.08621
AMS,AF,Saturday,125,865.0,AMS_Saturday,146.67584
AMS,AF,Saturday,130,605.0,AMS_Saturday,147.10133
AMS,IB,Sunday,130,900.0,AMS_Sunday,135.60576
AMS,IB,Sunday,135,420.0,AMS_Sunday,137.95473
AMS,IB,Sunday,135,625.0,AMS_Sunday,135.57176
AMS,IB,Sunday,135,790.0,AMS_Sunday,135.7553
AMS,IB,Sunday,135,1000.0,AMS_Sunday,135.66954
AMS,IB,Sunday,135,1125.0,AMS_Sunday,135.43768
AMS,IB,Sunday,135,1300.0,AMS_Sunday,134.70404
AMS,VY,Sunday,135,625.0,AMS_Sunday,135.15207
AMS,VY,Sunday,135,790.0,AMS_Sunday,134.9715
AMS,VY,Sunday,135,1000.0,AMS_Sunday,134.52748
AMS,VY,Sunday,135,1125.0,AMS_Sunday,134.49084
AMS,VY,Sunday,135,1300.0,AMS_Sunday,133.38992
AMS,VY,Sunday,140,420.0,AMS_Sunday,137.55884
AMS,VY,Sunday,130,900.0,AMS_Sunday,134.97746
AMS,AF,Sunday,125,500.0,AMS_Sunday,147.93257
AMS,VY,Monday,130,900.0,AMS_Monday,131.41187
AMS,DY,Monday,1120,1025.0,AMS_Monday,143.14178
AMS,IB,Monday,130,900.0,AMS_Monday,135.49771
AMS,IB,Monday,135,420.0,AMS_Monday,137.84668
AMS,IB,Monday,135,625.0,AMS_Monday,135.46371
AMS,IB,Monday,135,790.0,AMS_Monday,135.64725
AMS,IB,Monday,135,1000.0,AMS_Monday,135.5615
AMS,IB,Monday,135,1125.0,AMS_Monday,135.32964
AMS,IB,Monday,135,1300.0,AMS_Monday,134.69612
AMS,VY,Monday,135,625.0,AMS_Monday,135.03325
AMS,VY,Monday,135,790.0,AMS_Monday,134.79399
AMS,VY,Monday,135,1000.0,AMS_Monday,134.34998
AMS,VY,Monday,135,1125.0,AMS_Monday,134.31334
AMS,VY,Monday,135,1300.0,AMS_Monday,133.41142
AMS,VY,Monday,140,420.0,AMS_Monday,137.44002
AMS,IB,Tuesday,135,420.0,AMS_Tuesday,137.95473
AMS,IB,Tuesday,135,625.0,AMS_Tuesday,135.57176
AMS,IB,Tuesday,135,790.0,AMS_Tuesday,135.7553
AMS,IB,Tuesday,135,1135.0,AMS_Tuesday,135.31047
AMS,IB,Tuesday,135,1300.0,AMS_Tuesday,134.70404
AMS,VY,Tuesday,135,625.0,AMS_Tuesday,135.05354
AMS,VY,Tuesday,135,790.0,AMS_Tuesday,134.7315
AMS,VY,Tuesday,135,1135.0,AMS_Tuesday,134.2977
AMS,VY,Tuesday,135,1300.0,AMS_Tuesday,133.42287
AMS,VY,Tuesday,140,420.0,AMS_Tuesday,137.47504
AMS,AF,Tuesday,125,500.0,AMS_Tuesday,148.08421
AMS,AF,Tuesday,125,865.0,AMS_Tuesday,145.11525
AMS,AF,Tuesday,130,605.0,AMS_Tuesday,146.68604
AMS,AF,Tuesday,130,1015.0,AMS_Tuesday,145.57098
AMS,AF,Tuesday,135,1250.0,AMS_Tuesday,144.51073
AMS,IB,Wednesday,130,900.0,AMS_Wednesday,135.60576
AMS,IB,Wednesday,135,420.0,AMS_Wednesday,137.95473
AMS,IB,Wednesday,135,625.0,AMS_Wednesday,135.57176
AMS,IB,Wednesday,135,790.0,AMS_Wednesday,135.7553
AMS,IB,Wednesday,135,1000.0,AMS_Wednesday,135.66954
AMS,IB,Wednesday,135,1300.0,AMS_Wednesday,134.70404
AMS,VY,Wednesday,130,900.0,AMS_Wednesday,133.8128
AMS,VY,Wednesday,135,625.0,AMS_Wednesday,135.4347
AMS,VY,Wednesday,135,790.0,AMS_Wednesday,135.31848
AMS,VY,Wednesday,135,1000.0,AMS_Wednesday,134.87447
AMS,VY,Wednesday,135,1300.0,AMS_Wednesday,133.83578
AMS,VY,Wednesday,140,420.0,AMS_Wednesday,137.84146
AMS,AF,Wednesday,125,500.0,AMS_Wednesday,149.97475
AMS,AF,Wednesday,125,865.0,AMS_Wednesday,146.38992
AMS,AF,Wednesday,130,605.0,AMS_Wednesday,144.80527
AMS,IB,Thursday,130,900.0,AMS_Thursday,135.55782
AMS,IB,Thursday,135,420.0,AMS_Thursday,137.90678
AMS,IB,Thursday,135,625.0,AMS_Thursday,135.52382
AMS,IB,Thursday,135,790.0,AMS_Thursday,135.70735
AMS,IB,Thursday,135,1000.0,AMS_Thursday,135.6216
AMS,IB,Thursday,135,1300.0,AMS_Thursday,134.6561
AMS,VY,Thursday,135,625.0,AMS_Thursday,134.73955
AMS,VY,Thursday,135,790.0,AMS_Thursday,134.84343
AMS,VY,Thursday,135,900.0,AMS_Thursday,134.54802
AMS,VY,Thursday,135,1000.0,AMS_Thursday,134.33624
AMS,VY,Thursday,135,1300.0,AMS_Thursday,133.29756
AMS,VY,Thursday,140,420.0,AMS_Thursday,137.04659
AMS,AF,Thursday,125,500.0,AMS_Thursday,150.24706
AMS,AF,Thursday,125,865.0,AMS_Thursday,146.93613
AMS,AF,Thursday,130,605.0,AMS_Thursday,147.5252
AMS,VY,Friday,130,900.0,AMS_Friday,132.16815
AMS,VY,Friday,135,1000.0,AMS_Friday,134.32109
AMS,DY,Friday,380,1025.0,AMS_Friday,139.34901
AMS,IB,Friday,130,900.0,AMS_Friday,135.60576
AMS,IB,Friday,135,420.0,AMS_Friday,137.95473
AMS,IB,Friday,135,625.0,AMS_Friday,135.57176
AMS,IB,Friday,135,790.0,AMS_Friday,135.7553
AMS,IB,Friday,135,1000.0,AMS_Friday,135.66954
AMS,IB,Friday,135,1125.0,AMS_Friday,135.43768
AMS,IB,Friday,135,1300.0,AMS_Friday,134.70404
AMS,VY,Friday,135,625.0,AMS_Friday,135.00436
AMS,VY,Friday,135,790.0,AMS_Friday,134.7651
AMS,VY,Friday,135,1125.0,AMS_Friday,134.28445
AMS,VY,Friday,135,1300.0,AMS_Friday,133.28241
AMS,VY,Friday,140,420.0,AMS_Friday,137.41113
AMS,VY,Saturday,135,715.0,AMS_Saturday,134.07338
AMS,IB,Saturday,135,420.0,AMS_Saturday,138.09425
AMS,IB,Saturday,135,625.0,AMS_Saturday,135.71129
AMS,IB,Saturday,135,715.0,AMS_Saturday,135.491
AMS,IB,Saturday,135,790.0,AMS_Saturday,135.89482
AMS,IB,Saturday,135,1135.0,AMS_Saturday,135.39853
AMS,IB,Saturday,135,1300.0,AMS_Saturday,134.7921
AMS,VY,Saturday,135,625.0,AMS_Saturday,135.2078
AMS,VY,Saturday,135,790.0,AMS_Saturday,134.96854
AMS,VY,Saturday,135,1135.0,AMS_Saturday,134.3092
AMS,VY,Saturday,135,1300.0,AMS_Saturday,133.43437
AMS,VY,Saturday,140,420.0,AMS_Saturday,137.61456
AMS,AF,Saturday,125,500.0,AMS_Saturday,150.08621
AMS,AF,Saturday,125,865.0,AMS_Saturday,146.67584
AMS,AF,Saturday,130,605.0,AMS_Saturday,147.10133
AMS,IB,Sunday,130,900.0,AMS_Sunday,135.60576
AMS,IB,Sunday,135,420.0,AMS_Sunday,137.95473
AMS,IB,Sunday,135,625.0,AMS_Sunday,135.57176
AMS,IB,Sunday,135,790.0,AMS_Sunday,135.7553
AMS,IB,Sunday,135,1000.0,AMS_Sunday,135.66954
AMS,IB,Sunday,135,1125.0,AMS_Sunday,135.43768
AMS,IB,Sunday,135,1300.0,AMS_Sunday,134.70404
AMS,VY,Sunday,135,625.0,AMS_Sunday,135.15207
AMS,VY,Sunday,135,790.0,AMS_Sunday,134.9715
AMS,VY,Sunday,135,1000.0,AMS_Sunday,134.52748
AMS,VY,Sunday,135,1125.0,AMS_Sunday,134.49084
AMS,VY,Sunday,135,1300.0,AMS_Sunday,133.38992
AMS,VY,Sunday,140,420.0,AMS_Sunday,137.55884
AMS,VY,Sunday,130,900.0,AMS_Sunday,134.97746
AMS,AF,Sunday,125,500.0,AMS_Sunday,147.93257
AMS,VY,Monday,130,900.0,AMS_Monday,131.41187
AMS,DY,Monday,1120,1025.0,AMS_Monday,143.14178
AMS,IB,Monday,130,900.0,AMS_Monday,135.49771
AMS,IB,Monday,135,420.0,AMS_Monday,137.84668
AMS,IB,Monday,135,625.0,AMS_Monday,135.46371
AMS,IB,Monday,135,790.0,AMS_Monday,135.64725
AMS,IB,Monday,135,1000.0,AMS_Monday,135.5615
AMS,IB,Monday,135,1125.0,AMS_Monday,135.32964
AMS,IB,Monday,135,1300.0,AMS_Monday,134.69612
AMS,VY,Monday,135,625.0,AMS_Monday,135.03325
AMS,VY,Monday,135,790.0,AMS_Monday,134.79399
AMS,VY,Monday,135,1000.0,AMS_Monday,134.34998
AMS,VY,Monday,135,1125.0,AMS_Monday,134.31334
AMS,VY,Monday,135,1300.0,AMS_Monday,133.41142
AMS,VY,Monday,140,420.0,AMS_Monday,137.44002
AMS,VY,Tuesday,135,790.0,AMS_Tuesday,134.7315
AMS,VY,Tuesday,135,1300.0,AMS_Tuesday,133.42287
AMS,IB,Tuesday,135,420.0,AMS_Tuesday,137.95473
AMS,IB,Tuesday,135,625.0,AMS_Tuesday,135.57176
AMS,IB,Tuesday,135,790.0,AMS_Tuesday,135.7553
AMS,IB,Tuesday,135,1135.0,AMS_Tuesday,135.31047
AMS,IB,Tuesday,135,1300.0,AMS_Tuesday,134.70404
AMS,VY,Tuesday,135,625.0,AMS_Tuesday,135.05354
AMS,VY,Tuesday,135,1135.0,AMS_Tuesday,134.2977
AMS,VY,Tuesday,140,420.0,AMS_Tuesday,137.47504
AMS,AF,Tuesday,125,500.0,AMS_Tuesday,148.08421
AMS,AF,Tuesday,125,865.0,AMS_Tuesday,145.11525
AMS,AF,Tuesday,130,605.0,AMS_Tuesday,146.68604
AMS,AF,Tuesday,130,1015.0,AMS_Tuesday,145.57098
AMS,AF,Tuesday,135,1250.0,AMS_Tuesday,144.51073
AMS,IB,Wednesday,130,900.0,AMS_Wednesday,135.60576
AMS,IB,Wednesday,135,420.0,AMS_Wednesday,137.95473
AMS,IB,Wednesday,135,625.0,AMS_Wednesday,135.57176
AMS,IB,Wednesday,135,790.0,AMS_Wednesday,135.7553
AMS,IB,Wednesday,135,1000.0,AMS_Wednesday,135.66954
AMS,IB,Wednesday,135,1300.0,AMS_Wednesday,134.70404
AMS,VY,Wednesday,130,900.0,AMS_Wednesday,133.8128
AMS,VY,Wednesday,135,625.0,AMS_Wednesday,135.4347
AMS,VY,Wednesday,135,790.0,AMS_Wednesday,135.31848
AMS,VY,Wednesday,135,1000.0,AMS_Wednesday,134.87447
AMS,VY,Wednesday,135,1300.0,AMS_Wednesday,133.83578
AMS,VY,Wednesday,140,420.0,AMS_Wednesday,137.84146
AMS,AF,Wednesday,125,500.0,AMS_Wednesday,149.97475
AMS,AF,Wednesday,125,865.0,AMS_Wednesday,146.38992
AMS,AF,Wednesday,130,605.0,AMS_Wednesday,144.80527
AMS,IB,Thursday,130,900.0,AMS_Thursday,135.55782
AMS,IB,Thursday,135,420.0,AMS_Thursday,137.90678
AMS,IB,Thursday,135,625.0,AMS_Thursday,135.52382
AMS,IB,Thursday,135,790.0,AMS_Thursday,135.70735
AMS,IB,Thursday,135,1000.0,AMS_Thursday,135.6216
AMS,IB,Thursday,135,1300.0,AMS_Thursday,134.6561
AMS,VY,Thursday,135,625.0,AMS_Thursday,134.73955
AMS,VY,Thursday,135,790.0,AMS_Thursday,134.84343
AMS,VY,Thursday,135,900.0,AMS_Thursday,134.54802
AMS,VY,Thursday,135,1000.0,AMS_Thursday,134.33624
AMS,VY,Thursday,135,1300.0,AMS_Thursday,133.29756
AMS,VY,Thursday,140,420.0,AMS_Thursday,137.04659
AMS,AF,Thursday,125,500.0,AMS_Thursday,150.24706
AMS,AF,Thursday,125,865.0,AMS_Thursday,146.93613
AMS,AF,Thursday,130,605.0,AMS_Thursday,147.5252
AMS,DY,Friday,380,1025.0,AMS_Friday,139.34901
AMS,IB,Friday,130,900.0,AMS_Friday,135.60576
AMS,IB,Friday,135,420.0,AMS_Friday,137.95473
AMS,IB,Friday,135,625.0,AMS_Friday,135.57176
AMS,IB,Friday,135,790.0,AMS_Friday,135.7553
AMS,IB,Friday,135,1000.0,AMS_Friday,135.66954
AMS,IB,Friday,135,1125.0,AMS_Friday,135.43768
AMS,IB,Friday,135,1300.0,AMS_Friday,134.70404
AMS,VY,Friday,135,625.0,AMS_Friday,135.00436
AMS,VY,Friday,135,790.0,AMS_Friday,134.7651
AMS,VY,Friday,135,1000.0,AMS_Friday,134.32109
AMS,VY,Friday,135,1125.0,AMS_Friday,134.28445
AMS,VY,Friday,135,1300.0,AMS_Friday,133.28241
AMS,VY,Friday,140,420.0,AMS_Friday,137.41113
AMS,AF,Friday,125,500.0,AMS_Friday,147.14291
AMS,IB,Saturday,135,420.0,AMS_Saturday,138.09425
AMS,IB,Saturday,135,715.0,AMS_Saturday,135.491
AMS,IB,Saturday,135,790.0,AMS_Saturday,135.89482
AMS,IB,Saturday,135,1135.0,AMS_Saturday,135.39853
AMS,IB,Saturday,135,1300.0,AMS_Saturday,134.7921
AMS,VY,Saturday,135,715.0,AMS_Saturday,134.07338
AMS,VY,Saturday,135,790.0,AMS_Saturday,134.96854
AMS,VY,Saturday,135,1135.0,AMS_Saturday,134.3092
AMS,VY,Saturday,135,1300.0,AMS_Saturday,133.43437
AMS,VY,Saturday,140,420.0,AMS_Saturday,137.61456
AMS,AF,Saturday,125,500.0,AMS_Saturday,150.08621
AMS,AF,Saturday,125,865.0,AMS_Saturday,146.67584
AMS,AF,Saturday,130,605.0,AMS_Saturday,147.10133
AMS,AF,Saturday,130,1015.0,AMS_Saturday,145.2967
AMS,AZ,Saturday,320,1075.0,AMS_Saturday,147.12726
AMS,IB,Sunday,130,900.0,AMS_Sunday,135.60576
AMS,IB,Sunday,135,420.0,AMS_Sunday,137.95473
AMS,IB,Sunday,135,790.0,AMS_Sunday,135.7553
AMS,IB,Sunday,135,1000.0,AMS_Sunday,135.66954
AMS,IB,Sunday,135,1125.0,AMS_Sunday,135.43768
AMS,IB,Sunday,135,1300.0,AMS_Sunday,134.70404
AMS,VY,Sunday,135,790.0,AMS_Sunday,134.9715
AMS,VY,Sunday,135,1000.0,AMS_Sunday,134.52748
AMS,VY,Sunday,135,1125.0,AMS_Sunday,134.49084
AMS,VY,Sunday,135,1300.0,AMS_Sunday,133.38992
AMS,VY,Sunday,140,420.0,AMS_Sunday,137.55884
AMS,AF,Sunday,125,500.0,AMS_Sunday,147.93257
AMS,AF,Sunday,125,865.0,AMS_Sunday,144.4954
AMS,AF,Sunday,130,605.0,AMS_Sunday,145.36098
AMS,AF,Sunday,130,1015.0,AMS_Sunday,143.89507
AMS,VY,Monday,130,900.0,AMS_Monday,131.41187
AMS,VY,Monday,135,1125.0,AMS_Monday,134.31334
AMS,VY,Monday,135,1300.0,AMS_Monday,133.41142
AMS,IB,Monday,130,900.0,AMS_Monday,135.49771
AMS,IB,Monday,135,420.0,AMS_Monday,137.84668
AMS,IB,Monday,135,625.0,AMS_Monday,135.46371
AMS,IB,Monday,135,790.0,AMS_Monday,135.64725
AMS,IB,Monday,135,1000.0,AMS_Monday,135.5615
AMS,IB,Monday,135,1125.0,AMS_Monday,135.32964
AMS,IB,Monday,135,1300.0,AMS_Monday,134.69612
AMS,VY,Monday,135,625.0,AMS_Monday,135.03325
AMS,VY,Monday,135,790.0,AMS_Monday,134.79399
AMS,VY,Monday,135,1000.0,AMS_Monday,134.34998
AMS,VY,Monday,140,420.0,AMS_Monday,137.44002
AMS,AF,Monday,125,500.0,AMS_Monday,146.84348
AMS,IB,Tuesday,135,420.0,AMS_Tuesday,137.95473
AMS,IB,Tuesday,135,625.0,AMS_Tuesday,135.57176
AMS,IB,Tuesday,135,790.0,AMS_Tuesday,135.7553
AMS,IB,Tuesday,135,1135.0,AMS_Tuesday,135.31047
AMS,IB,Tuesday,135,1300.0,AMS_Tuesday,134.70404
AMS,VY,Tuesday,135,625.0,AMS_Tuesday,135.05354
AMS,VY,Tuesday,135,790.0,AMS_Tuesday,134.7315
AMS,VY,Tuesday,135,1135.0,AMS_Tuesday,134.2977
AMS,VY,Tuesday,135,1300.0,AMS_Tuesday,133.42287
AMS,VY,Tuesday,140,420.0,AMS_Tuesday,137.47504
AMS,AF,Tuesday,125,500.0,AMS_Tuesday,148.08421
AMS,AF,Tuesday,125,865.0,AMS_Tuesday,145.11525
AMS,AF,Tuesday,130,605.0,AMS_Tuesday,146.68604
AMS,AF,Tuesday,130,1015.0,AMS_Tuesday,145.57098
AMS,AF,Tuesday,135,1250.0,AMS_Tuesday,144.51073
AMS,IB,Wednesday,135,420.0,AMS_Wednesday,137.95473
AMS,IB,Wednesday,135,625.0,AMS_Wednesday,135.57176
AMS,IB,Wednesday,135,1000.0,AMS_Wednesday,135.66954
AMS,IB,Wednesday,135,1300.0,AMS_Wednesday,134.70404
AMS,VY,Wednesday,135,625.0,AMS_Wednesday,135.4347
AMS,VY,Wednesday,135,1000.0,AMS_Wednesday,134.87447
AMS,VY,Wednesday,135,1300.0,AMS_Wednesday,133.83578
AMS,VY,Wednesday,140,420.0,AMS_Wednesday,137.84146
AMS,AF,Wednesday,125,500.0,AMS_Wednesday,149.97475
AMS,AF,Wednesday,125,865.0,AMS_Wednesday,146.38992
AMS,AF,Wednesday,130,605.0,AMS_Wednesday,144.80527
AMS,AF,Wednesday,130,1015.0,AMS_Wednesday,143.43663
AMS,AF,Wednesday,135,1250.0,AMS_Wednesday,142.36932
AMS,AZ,Wednesday,320,1075.0,AMS_Wednesday,146.88803
AMS,AZ,Wednesday,680,715.0,AMS_Wednesday,147.41975
AMS,IB,Thursday,130,900.0,AMS_Thursday,135.55782
AMS,IB,Thursday,135,420.0,AMS_Thursday,137.90678
AMS,IB,Thursday,135,625.0,AMS_Thursday,135.52382
AMS,IB,Thursday,135,790.0,AMS_Thursday,135.70735
AMS,IB,Thursday,135,1000.0,AMS_Thursday,135.6216
AMS,IB,Thursday,135,1300.0,AMS_Thursday,134.6561
AMS,VY,Thursday,135,625.0,AMS_Thursday,134.73955
AMS,VY,Thursday,135,790.0,AMS_Thursday,134.84343
AMS,VY,Thursday,135,900.0,AMS_Thursday,134.54802
AMS,VY,Thursday,135,1000.0,AMS_Thursday,134.33624
AMS,VY,Thursday,135,1300.0,AMS_Thursday,133.29756
AMS,VY,Thursday,140,420.0,AMS_Thursday,137.04659
AMS,AF,Thursday,125,500.0,AMS_Thursday,150.24706
AMS,AF,Thursday,125,865.0,AMS_Thursday,146.93613
AMS,AF,Thursday,130,605.0,AMS_Thursday,147.5252
BER,VY,Wednesday,155,945.0,BER_Wednesday,84.43589
BER,VY,Wednesday,165,1280.0,BER_Wednesday,83.19287
BER,DY,Wednesday,1565,740.0,BER_Wednesday,109.53124
BER,VY,Wednesday,155,640.0,BER_Wednesday,84.48698
BER,IB,Wednesday,155,945.0,BER_Wednesday,83.811806
BER,IB,Wednesday,165,1280.0,BER_Wednesday,82.44643
BER,IB,Wednesday,155,640.0,BER_Wednesday,83.587776
BER,JU,Wednesday,740,1245.0,BER_Wednesday,144.51315
BER,TP,Wednesday,450,770.0,BER_Wednesday,156.66745
BER,TP,Wednesday,655,770.0,BER_Wednesday,156.9325
BER,VY,Wednesday,465,690.0,BER_Wednesday,174.39214
BER,SK,Wednesday,490,610.0,BER_Wednesday,195.82741
BER,AF,Wednesday,285,740.0,BER_Wednesday,152.05786
BER,AF,Wednesday,420,740.0,BER_Wednesday,156.5667
BER,AF,Wednesday,425,415.0,BER_Wednesday,159.75551
BER,VY,Thursday,155,640.0,BER_Thursday,84.85588
BER,VY,Thursday,165,1280.0,BER_Thursday,83.76641
BER,IB,Thursday,155,640.0,BER_Thursday,83.82313
BER,IB,Thursday,165,1280.0,BER_Thursday,82.92483
BER,DY,Thursday,1405,740.0,BER_Thursday,116.67209
BER,DY,Thursday,505,895.0,BER_Thursday,138.77484
BER,JU,Thursday,1420,565.0,BER_Thursday,136.66217
BER,TP,Thursday,1015,1030.0,BER_Thursday,156.96239
BER,TP,Thursday,1235,1030.0,BER_Thursday,157.2612
BER,DY,Thursday,985,1215.0,BER_Thursday,152.6256
BER,DY,Thursday,1335,865.0,BER_Thursday,146.91823
BER,DY,Thursday,1510,895.0,BER_Thursday,153.0766
BER,AF,Thursday,285,740.0,BER_Thursday,152.67969
BER,AF,Thursday,420,740.0,BER_Thursday,152.49922
BER,AF,Thursday,425,415.0,BER_Thursday,154.54657
BER,VY,Friday,155,630.0,BER_Friday,85.55073
BER,DY,Friday,645,760.0,BER_Friday,115.7398
BER,IB,Friday,155,630.0,BER_Friday,84.65153
BER,IB,Friday,155,950.0,BER_Friday,84.34422
BER,IB,Friday,165,1280.0,BER_Friday,82.97884
BER,VY,Friday,155,950.0,BER_Friday,84.96831
BER,VY,Friday,165,1280.0,BER_Friday,83.72529
BER,JU,Friday,740,1245.0,BER_Friday,138.89545
BER,TP,Friday,450,770.0,BER_Friday,156.58813
BER,TP,Friday,465,360.0,BER_Friday,158.0552
BER,TP,Friday,655,770.0,BER_Friday,156.85318
BER,TP,Friday,675,360.0,BER_Friday,159.93864
BER,TP,Friday,1015,1030.0,BER_Friday,156.05841
BER,TP,Friday,1115,1030.0,BER_Friday,156.47945
BER,AF,Friday,425,415.0,BER_Friday,161.90979
BER,VY,Saturday,155,640.0,BER_Saturday,84.69661
BER,VY,Saturday,155,945.0,BER_Saturday,85.05634
BER,VY,Saturday,165,1280.0,BER_Saturday,83.813324
BER,IB,Saturday,155,640.0,BER_Saturday,83.79741
BER,IB,Saturday,155,945.0,BER_Saturday,84.43226
BER,IB,Saturday,165,1280.0,BER_Saturday,83.06688
BER,DY,Saturday,1465,605.0,BER_Saturday,130.26054
BER,TP,Saturday,450,770.0,BER_Saturday,157.27023
BER,TP,Saturday,465,360.0,BER_Saturday,157.86769
BER,TP,Saturday,655,770.0,BER_Saturday,157.53528
BER,TP,Saturday,675,360.0,BER_Saturday,159.75113
BER,DY,Saturday,445,605.0,BER_Saturday,138.80498
BER,VY,Saturday,535,690.0,BER_Saturday,177.2266
BER,VY,Saturday,765,1180.0,BER_Saturday,174.22757
BER,VY,Saturday,845,1180.0,BER_Saturday,174.22757
BER,VY,Sunday,155,640.0,BER_Sunday,85.2262
BER,VY,Sunday,155,945.0,BER_Sunday,85.17511
BER,VY,Sunday,165,1280.0,BER_Sunday,83.72529
BER,IB,Sunday,155,640.0,BER_Sunday,84.326996
BER,IB,Sunday,155,945.0,BER_Sunday,84.551025
BER,IB,Sunday,165,1280.0,BER_Sunday,82.97884
BER,DY,Sunday,445,755.0,BER_Sunday,131.37868
BER,DY,Sunday,1390,755.0,BER_Sunday,126.66362
BER,JU,Sunday,740,1245.0,BER_Sunday,138.41196
BER,JU,Sunday,1380,1245.0,BER_Sunday,134.14401
BER,TP,Sunday,450,770.0,BER_Sunday,156.58813
BER,TP,Sunday,465,360.0,BER_Sunday,157.53523
BER,TP,Sunday,655,770.0,BER_Sunday,156.85318
BER,TP,Sunday,675,360.0,BER_Sunday,159.41867
BER,TP,Sunday,1015,1030.0,BER_Sunday,156.05841
BER,VY,Monday,155,640.0,BER_Monday,85.16549
BER,VY,Monday,165,1280.0,BER_Monday,83.97152
BER,IB,Monday,155,640.0,BER_Monday,84.81614
BER,IB,Monday,165,1280.0,BER_Monday,83.774925
BER,DY,Monday,1385,760.0,BER_Monday,110.95498
BER,JU,Monday,620,565.0,BER_Monday,143.95773
BER,DY,Monday,660,740.0,BER_Monday,125.46256
BER,TP,Monday,450,770.0,BER_Monday,157.74646
BER,TP,Monday,465,360.0,BER_Monday,158.8169
BER,TP,Monday,655,770.0,BER_Monday,158.69443
BER,TP,Monday,675,360.0,BER_Monday,162.7368
BER,DY,Monday,1335,865.0,BER_Monday,148.51682
BER,DY,Monday,985,1215.0,BER_Monday,152.7532
BER,LO,Monday,380,685.0,BER_Monday,174.14922
BER,LO,Monday,955,1120.0,BER_Monday,166.59904
BER,VY,Tuesday,155,640.0,BER_Tuesday,84.72737
BER,VY,Tuesday,155,945.0,BER_Tuesday,84.676285
BER,DY,Tuesday,1520,760.0,BER_Tuesday,107.02694
BER,IB,Tuesday,155,640.0,BER_Tuesday,84.12019
BER,IB,Tuesday,155,945.0,BER_Tuesday,84.34422
BER,IB,Tuesday,165,1280.0,BER_Tuesday,82.97884
BER,VY,Tuesday,165,1280.0,BER_Tuesday,83.433266
BER,DY,Tuesday,1385,815.0,BER_Tuesday,139.6064
BER,LH,Tuesday,340,640.0,BER_Tuesday,175.52312
BER,LH,Tuesday,365,700.0,BER_Tuesday,174.22314
BER,PC,Tuesday,1220,925.0,BER_Tuesday,171.9341
BER,PC,Tuesday,1400,925.0,BER_Tuesday,164.98483
BER,SK,Tuesday,1285,1255.0,BER_Tuesday,184.9832
BER,PC,Tuesday,1055,1090.0,BER_Tuesday,175.1357
BER,PC,Tuesday,1235,1090.0,BER_Tuesday,173.95627
BER,DY,Wednesday,1565,740.0,BER_Wednesday,109.53124
BER,VY,Wednesday,155,640.0,BER_Wednesday,84.48698
BER,VY,Wednesday,155,945.0,BER_Wednesday,84.43589
BER,VY,Wednesday,165,1280.0,BER_Wednesday,83.19287
BER,IB,Wednesday,155,640.0,BER_Wednesday,83.587776
BER,IB,Wednesday,155,945.0,BER_Wednesday,83.811806
BER,IB,Wednesday,165,1280.0,BER_Wednesday,82.44643
BER,DY,Wednesday,1385,815.0,BER_Wednesday,140.01845
BER,JU,Wednesday,740,1245.0,BER_Wednesday,144.51315
BER,TP,Wednesday,450,770.0,BER_Wednesday,156.66745
BER,TP,Wednesday,655,770.0,BER_Wednesday,156.9325
BER,PC,Wednesday,1055,1090.0,BER_Wednesday,175.30753
BER,PC,Wednesday,1220,925.0,BER_Wednesday,173.77953
BER,SK,Wednesday,490,610.0,BER_Wednesday,195.82741
BER,LO,Wednesday,380,685.0,BER_Wednesday,165.79164
BER,DY,Thursday,1405,740.0,BER_Thursday,116.67209
BER,VY,Thursday,155,640.0,BER_Thursday,84.85588
BER,VY,Thursday,165,1280.0,BER_Thursday,83.76641
BER,IB,Thursday,155,640.0,BER_Thursday,83.82313
BER,IB,Thursday,165,1280.0,BER_Thursday,82.92483
BER,JU,Thursday,1420,565.0,BER_Thursday,136.66217
BER,DY,Thursday,505,895.0,BER_Thursday,138.77484
BER,TP,Thursday,1015,1030.0,BER_Thursday,156.96239
BER,TP,Thursday,1115,1030.0,BER_Thursday,157.38342
BER,DY,Thursday,985,1215.0,BER_Thursday,152.6256
BER,DY,Thursday,1335,865.0,BER_Thursday,146.91823
BER,EI,Thursday,610,615.0,BER_Thursday,186.58049
BER,LO,Thursday,1385,1120.0,BER_Thursday,153.027
BER,AF,Thursday,285,740.0,BER_Thursday,152.67969
BER,AF,Thursday,300,1075.0,BER_Thursday,151.58212
BER,VY,Friday,155,630.0,BER_Friday,85.55073
BER,VY,Friday,155,950.0,BER_Friday,84.96831
BER,VY,Friday,165,1280.0,BER_Friday,83.72529
BER,IB,Friday,155,630.0,BER_Friday,84.65153
BER,IB,Friday,155,950.0,BER_Friday,84.34422
BER,IB,Friday,165,1280.0,BER_Friday,82.97884
BER,DY,Friday,645,760.0,BER_Friday,115.7398
BER,JU,Friday,740,1245.0,BER_Friday,138.89545
BER,TP,Friday,450,770.0,BER_Friday,156.58813
BER,TP,Friday,465,360.0,BER_Friday,158.0552
BER,TP,Friday,655,770.0,BER_Friday,156.85318
BER,TP,Friday,675,360.0,BER_Friday,159.93864
BER,TP,Friday,1015,1030.0,BER_Friday,156.05841
BER,TP,Friday,1115,1030.0,BER_Friday,156.47945
BER,AF,Friday,265,360.0,BER_Friday,151.89537
BER,VY,Saturday,155,640.0,BER_Saturday,84.69661
BER,VY,Saturday,155,945.0,BER_Saturday,85.05634
BER,VY,Saturday,165,1280.0,BER_Saturday,83.813324
BER,IB,Saturday,155,640.0,BER_Saturday,83.79741
BER,IB,Saturday,155,945.0,BER_Saturday,84.43226
BER,IB,Saturday,165,1280.0,BER_Saturday,83.06688
BER,DY,Saturday,1465,605.0,BER_Saturday,130.26054
BER,DY,Saturday,445,605.0,BER_Saturday,138.80498
BER,TP,Saturday,450,770.0,BER_Saturday,157.27023
BER,TP,Saturday,465,360.0,BER_Saturday,157.86769
BER,TP,Saturday,655,770.0,BER_Saturday,157.53528
BER,TP,Saturday,675,360.0,BER_Saturday,159.75113
BER,A3,Saturday,1365,700.0,BER_Saturday,145.75043
BER,A3,Saturday,1770,700.0,BER_Saturday,147.59477
BER,AF,Saturday,265,360.0,BER_Saturday,150.8016
BER,VY,Sunday,155,640.0,BER_Sunday,85.2262
BER,VY,Sunday,155,945.0,BER_Sunday,85.17511
BER,VY,Sunday,165,1280.0,BER_Sunday,83.72529
BER,IB,Sunday,155,640.0,BER_Sunday,84.326996
BER,IB,Sunday,155,945.0,BER_Sunday,84.551025
BER,IB,Sunday,165,1280.0,BER_Sunday,82.97884
BER,DY,Sunday,445,755.0,BER_Sunday,131.37868
BER,DY,Sunday,1390,755.0,BER_Sunday,126.66362
BER,JU,Sunday,740,1245.0,BER_Sunday,138.41196
BER,JU,Sunday,1380,1245.0,BER_Sunday,134.14401
BER,DY,Sunday,575,825.0,BER_Sunday,138.54755
BER,AF,Sunday,265,360.0,BER_Sunday,150.82483
BER,AF,Sunday,270,720.0,BER_Sunday,149.69885
BER,AF,Sunday,280,865.0,BER_Sunday,150.286
BER,AF,Sunday,280,1105.0,BER_Sunday,150.05125
BER,DY,Monday,1385,760.0,BER_Monday,110.95498
BER,VY,Monday,155,640.0,BER_Monday,85.16549
BER,VY,Monday,165,1280.0,BER_Monday,83.97152
BER,IB,Monday,155,640.0,BER_Monday,84.81614
BER,IB,Monday,165,1280.0,BER_Monday,83.774925
BER,DY,Monday,660,740.0,BER_Monday,125.46256
BER,LO,Monday,380,685.0,BER_Monday,174.14922
BER,SN,Monday,420,435.0,BER_Monday,186.09634
BER,LH,Monday,340,640.0,BER_Monday,178.40419
BER,LH,Monday,340,1060.0,BER_Monday,177.18639
BER,DY,Monday,985,1215.0,BER_Monday,152.7532
BER,JU,Monday,1420,565.0,BER_Monday,141.06058
BER,SN,Monday,1030,1265.0,BER_Monday,188.84164
BER,DY,Monday,1335,865.0,BER_Monday,148.51682
BER,TP,Monday,675,360.0,BER_Monday,162.7368
BER,VY,Tuesday,155,640.0,BER_Tuesday,84.72737
BER,VY,Tuesday,155,945.0,BER_Tuesday,84.676285
BER,IB,Tuesday,155,640.0,BER_Tuesday,84.12019
BER,IB,Tuesday,155,945.0,BER_Tuesday,84.34422
BER,DY,Tuesday,1520,760.0,BER_Tuesday,107.02694
BER,DY,Tuesday,1385,815.0,BER_Tuesday,139.6064
BER,LO,Tuesday,1385,1120.0,BER_Tuesday,153.0684
BER,SK,Tuesday,1285,1255.0,BER_Tuesday,184.9832
BER,AF,Tuesday,265,360.0,BER_Tuesday,150.43776
BER,AF,Tuesday,270,720.0,BER_Tuesday,150.01302
BER,AF,Tuesday,280,865.0,BER_Tuesday,149.84898
BER,AF,Tuesday,280,1105.0,BER_Tuesday,149.61424
BER,AF,Tuesday,375,360.0,BER_Tuesday,153.2574
BER,AF,Tuesday,380,610.0,BER_Tuesday,153.30774
BER,AF,Tuesday,395,990.0,BER_Tuesday,152.94504
BER,VY,Wednesday,155,640.0,BER_Wednesday,84.48698
BER,VY,Wednesday,155,945.0,BER_Wednesday,84.43589
BER,VY,Wednesday,165,1280.0,BER_Wednesday,83.19287
BER,IB,Wednesday,155,640.0,BER_Wednesday,83.587776
BER,IB,Wednesday,155,945.0,BER_Wednesday,83.811806
BER,IB,Wednesday,165,1280.0,BER_Wednesday,82.44643
BER,DY,Wednesday,1565,740.0,BER_Wednesday,109.53124
BER,AF,Wednesday,425,415.0,BER_Wednesday,159.75551
BER,DY,Wednesday,1385,815.0,BER_Wednesday,140.01845
BER,TP,Wednesday,450,770.0,BER_Wednesday,156.66745
BER,TP,Wednesday,655,770.0,BER_Wednesday,156.9325
BER,LO,Wednesday,380,685.0,BER_Wednesday,165.79164
BER,LO,Wednesday,955,1120.0,BER_Wednesday,158.39575
BER,AF,Wednesday,265,360.0,BER_Wednesday,151.14996
BER,AF,Wednesday,270,720.0,BER_Wednesday,148.91408
BER,VY,Thursday,155,640.0,BER_Thursday,84.85588
BER,VY,Thursday,165,1280.0,BER_Thursday,83.76641
BER,IB,Thursday,155,640.0,BER_Thursday,83.82313
BER,IB,Thursday,165,1280.0,BER_Thursday,82.92483
BER,DY,Thursday,1405,740.0,BER_Thursday,116.67209
BER,DY,Thursday,505,895.0,BER_Thursday,138.77484
BER,DY,Thursday,985,1215.0,BER_Thursday,152.6256
BER,LH,Thursday,250,1135.0,BER_Thursday,157.28859
BER,LH,Thursday,275,780.0,BER_Thursday,156.31442
BER,LH,Thursday,285,600.0,BER_Thursday,161.4053
BER,LH,Thursday,290,375.0,BER_Thursday,161.59073
BER,LH,Thursday,340,1045.0,BER_Thursday,164.74916
BER,LH,Thursday,345,540.0,BER_Thursday,164.37527
BER,LH,Thursday,395,660.0,BER_Thursday,164.98569
BER,OS,Thursday,275,910.0,BER_Thursday,164.8923
BER,VY,Friday,155,630.0,BER_Friday,85.55073
BER,VY,Friday,155,950.0,BER_Friday,84.96831
BER,VY,Friday,165,1280.0,BER_Friday,83.72529
BER,IB,Friday,155,630.0,BER_Friday,84.65153
BER,IB,Friday,155,950.0,BER_Friday,84.34422
BER,IB,Friday,165,1280.0,BER_Friday,82.97884
BER,DY,Friday,645,760.0,BER_Friday,115.7398
BER,OS,Friday,725,1265.0,BER_Friday,165.70993
BER,OS,Friday,810,1180.0,BER_Friday,167.87375
BER,TP,Friday,450,770.0,BER_Friday,156.58813
BER,TP,Friday,465,360.0,BER_Friday,158.0552
BER,TP,Friday,655,770.0,BER_Friday,156.85318
BER,TP,Friday,675,360.0,BER_Friday,159.93864
BER,TP,Friday,1015,1030.0,BER_Friday,156.05841
BER,TP,Friday,1115,1030.0,BER_Friday,156.47945
BER,VY,Saturday,155,640.0,BER_Saturday,84.69661
BER,VY,Saturday,155,945.0,BER_Saturday,85.05634
BER,VY,Saturday,165,1280.0,BER_Saturday,83.813324
BER,IB,Saturday,155,640.0,BER_Saturday,83.79741
BER,IB,Saturday,155,945.0,BER_Saturday,84.43226
BER,IB,Saturday,165,1280.0,BER_Saturday,83.06688
BER,DY,Saturday,1465,605.0,BER_Saturday,130.26054
BER,AF,Saturday,300,1075.0,BER_Saturday,151.47234
BER,AF,Saturday,385,990.0,BER_Saturday,150.28865
BER,AF,Saturday,425,415.0,BER_Saturday,158.78773
BER,AF,Saturday,435,590.0,BER_Saturday,153.5806
BER,AF,Saturday,765,1205.0,BER_Saturday,151.86963
BER,AF,Saturday,895,1075.0,BER_Saturday,150.80353
BER,DY,Saturday,445,605.0,BER_Saturday,138.80498
BER,AF,Saturday,285,740.0,BER_Saturday,150.43565
BER,VY,Sunday,155,640.0,BER_Sunday,85.2262
BER,VY,Sunday,155,945.0,BER_Sunday,85.17511
BER,VY,Sunday,165,1280.0,BER_Sunday,83.72529
BER,IB,Sunday,155,640.0,BER_Sunday,84.326996
BER,IB,Sunday,155,945.0,BER_Sunday,84.551025
BER,IB,Sunday,165,1280.0,BER_Sunday,82.97884
BER,DY,Sunday,575,825.0,BER_Sunday,138.54755
BER,DY,Sunday,1350,850.0,BER_Sunday,144.85324
BER,JU,Sunday,740,1245.0,BER_Sunday,138.41196
BER,JU,Sunday,1380,1245.0,BER_Sunday,134.14401
BER,DY,Sunday,955,1245.0,BER_Sunday,145.84154
BER,LH,Sunday,245,420.0,BER_Sunday,167.46082
BER,LH,Sunday,250,1135.0,BER_Sunday,162.06184
BER,LH,Sunday,275,780.0,BER_Sunday,161.06432
BER,LH,Sunday,340,1045.0,BER_Sunday,170.88469
BER,DY,Monday,1385,760.0,BER_Monday,110.95498
BER,VY,Monday,155,640.0,BER_Monday,85.16549
BER,VY,Monday,165,1280.0,BER_Monday,83.97152
BER,IB,Monday,155,640.0,BER_Monday,84.81614
BER,IB,Monday,165,1280.0,BER_Monday,83.774925
BER,DY,Monday,660,740.0,BER_Monday,125.46256
BER,AF,Monday,300,1075.0,BER_Monday,150.35013
BER,AF,Monday,385,990.0,BER_Monday,149.6963
BER,AF,Monday,425,415.0,BER_Monday,156.03735
BER,AF,Monday,265,360.0,BER_Monday,149.44061
BER,AF,Monday,270,720.0,BER_Monday,147.85446
BER,AF,Monday,280,865.0,BER_Monday,147.69043
BER,AF,Monday,280,1105.0,BER_Monday,147.45569
BER,AF,Monday,375,360.0,BER_Monday,152.0427
BER,AF,Monday,380,610.0,BER_Monday,150.93163
BER,VY,Tuesday,155,640.0,BER_Tuesday,84.72737
BER,IB,Tuesday,155,640.0,BER_Tuesday,84.12019
BER,IB,Tuesday,155,945.0,BER_Tuesday,84.34422
BER,VY,Tuesday,155,945.0,BER_Tuesday,84.676285
BER,DY,Tuesday,1520,760.0,BER_Tuesday,107.02694
BER,DY,Tuesday,1385,815.0,BER_Tuesday,139.6064
BER,LO,Tuesday,1385,1120.0,BER_Tuesday,153.0684
BER,AF,Tuesday,265,360.0,BER_Tuesday,150.43776
BER,AF,Tuesday,270,720.0,BER_Tuesday,150.01302
BER,AF,Tuesday,280,865.0,BER_Tuesday,149.84898
BER,AF,Tuesday,280,1105.0,BER_Tuesday,149.61424
BER,AF,Tuesday,375,360.0,BER_Tuesday,153.2574
BER,AF,Tuesday,380,610.0,BER_Tuesday,153.30774
BER,AF,Tuesday,395,990.0,BER_Tuesday,152.94504
BER,AF,Tuesday,425,720.0,BER_Tuesday,153.7334
BER,VY,Wednesday,155,640.0,BER_Wednesday,84.48698
BER,IB,Wednesday,155,640.0,BER_Wednesday,83.587776
BER,IB,Wednesday,155,945.0,BER_Wednesday,83.811806
BER,VY,Wednesday,155,945.0,BER_Wednesday,84.43589
BER,DY,Wednesday,1565,740.0,BER_Wednesday,109.53124
BER,AF,Wednesday,285,740.0,BER_Wednesday,152.05786
BER,AF,Wednesday,420,740.0,BER_Wednesday,156.5667
BER,AF,Wednesday,435,590.0,BER_Wednesday,152.75717
BER,DY,Wednesday,1385,815.0,BER_Wednesday,140.01845
BER,LO,Wednesday,380,685.0,BER_Wednesday,165.79164
BER,LO,Wednesday,955,1120.0,BER_Wednesday,158.39575
BER,AF,Wednesday,265,360.0,BER_Wednesday,151.14996
BER,AF,Wednesday,270,720.0,BER_Wednesday,148.91408
BER,AF,Wednesday,280,865.0,BER_Wednesday,148.72076
BER,AF,Wednesday,280,1105.0,BER_Wednesday,148.48602
BER,VY,Thursday,155,640.0,BER_Thursday,84.85588
BER,VY,Thursday,165,1280.0,BER_Thursday,83.76641
BER,IB,Thursday,155,640.0,BER_Thursday,83.82313
BER,IB,Thursday,165,1280.0,BER_Thursday,82.92483
BER,DY,Thursday,1510,895.0,BER_Thursday,153.0766
BER,AF,Thursday,285,740.0,BER_Thursday,152.67969
BER,AF,Thursday,385,990.0,BER_Thursday,145.70914
BER,AF,Thursday,420,740.0,BER_Thursday,152.49922
BER,AF,Thursday,425,415.0,BER_Thursday,154.54657
BER,AF,Thursday,435,590.0,BER_Thursday,148.7522
BER,AF,Thursday,765,1205.0,BER_Thursday,147.29012
BER,AF,Thursday,300,1075.0,BER_Thursday,151.58212
BER,DY,Thursday,505,895.0,BER_Thursday,138.77484
BER,LO,Thursday,1385,1120.0,BER_Thursday,153.027
BER,AF,Thursday,265,360.0,BER_Thursday,146.80467
BER,VY,Friday,155,630.0,BER_Friday,85.55073
BER,VY,Friday,155,950.0,BER_Friday,84.96831
BER,VY,Friday,165,1280.0,BER_Friday,83.72529
BER,IB,Friday,155,630.0,BER_Friday,84.65153
BER,IB,Friday,155,950.0,BER_Friday,84.34422
BER,IB,Friday,165,1280.0,BER_Friday,82.97884
BER,DY,Friday,645,760.0,BER_Friday,115.7398
BER,LO,Friday,380,685.0,BER_Friday,165.26622
BER,LO,Friday,955,1120.0,BER_Friday,158.30133
BER,AF,Friday,265,360.0,BER_Friday,151.89537
BER,AF,Friday,270,720.0,BER_Friday,149.78925
BER,AF,Friday,280,865.0,BER_Friday,149.62521
BER,AF,Friday,280,1105.0,BER_Friday,149.39047
BER,AF,Friday,375,360.0,BER_Friday,154.86432
BER,AF,Friday,380,610.0,BER_Friday,153.67053
BER,VY,Saturday,155,640.0,BER_Saturday,84.69661
BER,IB,Saturday,155,640.0,BER_Saturday,83.79741
BER,IB,Saturday,155,945.0,BER_Saturday,84.43226
BER,IB,Saturday,165,1280.0,BER_Saturday,83.06688
BER,VY,Saturday,155,945.0,BER_Saturday,85.05634
BER,VY,Saturday,165,1280.0,BER_Saturday,83.813324
BER,AF,Saturday,265,360.0,BER_Saturday,150.8016
BER,AF,Saturday,270,720.0,BER_Saturday,148.8838
BER,AF,Saturday,280,865.0,BER_Saturday,148.71977
BER,AF,Saturday,375,360.0,BER_Saturday,152.73164
BER,AF,Saturday,380,610.0,BER_Saturday,151.28893
BER,AF,Saturday,425,720.0,BER_Saturday,153.45789
BER,AF,Saturday,775,1290.0,BER_Saturday,146.793
BER,LH,Saturday,250,1135.0,BER_Saturday,152.243
BER,LH,Saturday,275,780.0,BER_Saturday,150.83464
BER,VY,Sunday,155,640.0,BER_Sunday,85.2262
BER,VY,Sunday,155,945.0,BER_Sunday,85.17511
BER,VY,Sunday,165,1280.0,BER_Sunday,83.72529
BER,IB,Sunday,155,640.0,BER_Sunday,84.326996
BER,IB,Sunday,155,945.0,BER_Sunday,84.551025
BER,IB,Sunday,165,1280.0,BER_Sunday,82.97884
BER,JU,Sunday,1380,1245.0,BER_Sunday,134.14401
BER,AF,Sunday,265,360.0,BER_Sunday,150.82483
BER,AF,Sunday,270,720.0,BER_Sunday,149.69885
BER,AF,Sunday,280,865.0,BER_Sunday,150.286
BER,AF,Sunday,280,1105.0,BER_Sunday,150.05125
BER,AF,Sunday,375,360.0,BER_Sunday,152.54807
BER,AF,Sunday,380,610.0,BER_Sunday,151.89717
BER,AF,Sunday,395,990.0,BER_Sunday,152.28564
BER,AF,Sunday,425,720.0,BER_Sunday,153.21243
BER,VY,Monday,155,640.0,BER_Monday,85.16549
BER,VY,Monday,165,1280.0,BER_Monday,83.97152
BER,IB,Monday,155,640.0,BER_Monday,84.81614
BER,IB,Monday,165,1280.0,BER_Monday,83.774925
BER,DY,Monday,985,1215.0,BER_Monday,152.7532
BER,DY,Monday,660,740.0,BER_Monday,125.46256
BER,DY,Monday,1385,760.0,BER_Monday,110.95498
BER,DY,Monday,1335,865.0,BER_Monday,148.51682
BER,AF,Monday,265,360.0,BER_Monday,149.44061
BER,AF,Monday,270,720.0,BER_Monday,147.85446
BER,AF,Monday,280,865.0,BER_Monday,147.69043
BER,AF,Monday,280,1105.0,BER_Monday,147.45569
BER,AF,Monday,375,360.0,BER_Monday,152.0427
BER,AF,Monday,380,610.0,BER_Monday,150.93163
BER,AF,Monday,395,990.0,BER_Monday,150.56892
BER,VY,Tuesday,155,640.0,BER_Tuesday,84.72737
BER,IB,Tuesday,155,640.0,BER_Tuesday,84.12019
BER,DY,Tuesday,1520,760.0,BER_Tuesday,107.02694
BER,LO,Tuesday,1385,1120.0,BER_Tuesday,153.0684
BER,AF,Tuesday,265,360.0,BER_Tuesday,150.43776
BER,AF,Tuesday,270,720.0,BER_Tuesday,150.01302
BER,AF,Tuesday,280,865.0,BER_Tuesday,149.84898
BER,AF,Tuesday,280,1105.0,BER_Tuesday,149.61424
BER,AF,Tuesday,375,360.0,BER_Tuesday,153.2574
BER,AF,Tuesday,380,610.0,BER_Tuesday,153.30774
BER,AF,Tuesday,395,990.0,BER_Tuesday,152.94504
BER,AF,Tuesday,425,720.0,BER_Tuesday,153.7334
BER,AF,Tuesday,775,1290.0,BER_Tuesday,147.07397
BER,AF,Tuesday,885,1290.0,BER_Tuesday,146.68828
BER,AF,Tuesday,285,740.0,BER_Tuesday,151.56487
BER,VY,Wednesday,155,640.0,BER_Wednesday,84.48698
BER,VY,Wednesday,155,945.0,BER_Wednesday,84.43589
BER,IB,Wednesday,155,640.0,BER_Wednesday,83.587776
BER,IB,Wednesday,155,945.0,BER_Wednesday,83.811806
BER,DY,Wednesday,1565,740.0,BER_Wednesday,109.53124
BER,AF,Wednesday,265,360.0,BER_Wednesday,151.14996
BER,AF,Wednesday,270,720.0,BER_Wednesday,148.91408
BER,AF,Wednesday,280,865.0,BER_Wednesday,148.72076
BER,AF,Wednesday,280,1105.0,BER_Wednesday,148.48602
BER,AF,Wednesday,375,360.0,BER_Wednesday,153.08
BER,AF,Wednesday,380,610.0,BER_Wednesday,151.3192
BER,AF,Wednesday,395,990.0,BER_Wednesday,150.92722
BER,AF,Wednesday,425,720.0,BER_Wednesday,152.63446
BER,AF,Wednesday,775,1290.0,BER_Wednesday,146.11255
BER,AF,Wednesday,885,1290.0,BER_Wednesday,145.72685
BER,VY,Thursday,155,640.0,BER_Thursday,84.85588
BER,VY,Thursday,165,1280.0,BER_Thursday,83.76641
BER,IB,Thursday,155,640.0,BER_Thursday,83.82313
BER,IB,Thursday,165,1280.0,BER_Thursday,82.92483
BER,AF,Thursday,265,360.0,BER_Thursday,146.80467
BER,AF,Thursday,270,720.0,BER_Thursday,145.13638
BER,AF,Thursday,280,865.0,BER_Thursday,144.60258
BER,AF,Thursday,280,1105.0,BER_Thursday,144.36784
BER,AF,Thursday,375,360.0,BER_Thursday,148.50743
BER,AF,Thursday,380,610.0,BER_Thursday,147.31422
BER,AF,Thursday,395,990.0,BER_Thursday,146.58176
BER,AF,Thursday,425,720.0,BER_Thursday,148.62949
BER,AF,Thursday,775,1290.0,BER_Thursday,142.31361
BER,AF,Thursday,885,1290.0,BER_Thursday,141.92792
BER,LO,Thursday,1385,1120.0,BER_Thursday,153.027
PRG,IB,Wednesday,145,655.0,PRG_Wednesday,86.460014
PRG,IB,Wednesday,150,1270.0,PRG_Wednesday,84.42196
PRG,VY,Wednesday,145,655.0,PRG_Wednesday,85.90093
PRG,VY,Wednesday,150,1270.0,PRG_Wednesday,83.783
PRG,JU,Wednesday,755,1230.0,PRG_Wednesday,146.30098
PRG,IB,Wednesday,340,750.0,PRG_Wednesday,150.8208
PRG,IB,Wednesday,430,940.0,PRG_Wednesday,153.66791
PRG,SK,Wednesday,475,625.0,PRG_Wednesday,194.9302
PRG,DY,Wednesday,1450,750.0,PRG_Wednesday,144.46407
PRG,A3,Wednesday,1020,1045.0,PRG_Wednesday,139.16183
PRG,A3,Wednesday,1425,1045.0,PRG_Wednesday,138.10701
PRG,LO,Wednesday,490,575.0,PRG_Wednesday,158.27644
PRG,LO,Wednesday,630,435.0,PRG_Wednesday,161.88211
PRG,AF,Wednesday,265,360.0,PRG_Wednesday,153.24834
PRG,AF,Wednesday,275,1110.0,PRG_Wednesday,152.31561
PRG,VY,Thursday,145,655.0,PRG_Thursday,83.49284
PRG,QS,Thursday,155,695.0,PRG_Thursday,82.174706
PRG,IB,Thursday,145,655.0,PRG_Thursday,84.51729
PRG,IB,Thursday,150,1270.0,PRG_Thursday,83.10611
PRG,VY,Thursday,150,1270.0,PRG_Thursday,80.95716
PRG,DY,Thursday,1320,825.0,PRG_Thursday,131.16518
PRG,JU,Thursday,1415,570.0,PRG_Thursday,133.51254
PRG,DY,Thursday,1450,750.0,PRG_Thursday,144.62427
PRG,TP,Thursday,890,1155.0,PRG_Thursday,160.82129
PRG,TP,Thursday,1110,1155.0,PRG_Thursday,160.52777
PRG,IB,Thursday,430,940.0,PRG_Thursday,153.72519
PRG,UX,Thursday,400,595.0,PRG_Thursday,176.6969
PRG,AF,Thursday,265,760.0,PRG_Thursday,149.26929
PRG,AF,Thursday,280,390.0,PRG_Thursday,148.74818
PRG,AF,Thursday,400,760.0,PRG_Thursday,155.58734
PRG,DY,Friday,780,625.0,PRG_Friday,127.13157
PRG,QS,Friday,155,695.0,PRG_Friday,85.144554
PRG,IB,Friday,145,655.0,PRG_Friday,86.460014
PRG,IB,Friday,149,1290.0,PRG_Friday,84.55461
PRG,VY,Friday,145,655.0,PRG_Friday,85.90093
PRG,VY,Friday,149,1290.0,PRG_Friday,83.91565
PRG,A3,Friday,1380,685.0,PRG_Friday,138.49573
PRG,LH,Friday,145,1085.0,PRG_Friday,124.19546
PRG,JU,Friday,615,570.0,PRG_Friday,141.4577
PRG,JU,Friday,755,1230.0,PRG_Friday,139.48529
PRG,JU,Friday,1415,570.0,PRG_Friday,138.71892
PRG,TP,Friday,505,715.0,PRG_Friday,159.93967
PRG,TP,Friday,710,715.0,PRG_Friday,160.06636
PRG,LO,Friday,490,575.0,PRG_Friday,157.0677
PRG,LO,Friday,630,435.0,PRG_Friday,159.8336
PRG,IB,Saturday,145,655.0,PRG_Saturday,86.62211
PRG,IB,Saturday,150,1270.0,PRG_Saturday,84.65962
PRG,VY,Saturday,150,1270.0,PRG_Saturday,84.31348
PRG,VY,Saturday,145,655.0,PRG_Saturday,87.509796
PRG,A3,Saturday,1380,685.0,PRG_Saturday,140.67795
PRG,TP,Saturday,470,750.0,PRG_Saturday,163.57281
PRG,TP,Saturday,675,750.0,PRG_Saturday,162.79207
PRG,LO,Saturday,1425,1080.0,PRG_Saturday,153.4688
PRG,IB,Saturday,430,940.0,PRG_Saturday,156.99168
PRG,UX,Saturday,400,595.0,PRG_Saturday,179.52562
PRG,DY,Saturday,1305,765.0,PRG_Saturday,150.30333
PRG,UX,Saturday,1380,595.0,PRG_Saturday,172.43227
PRG,PC,Saturday,1280,865.0,PRG_Saturday,173.17905
PRG,PC,Saturday,1520,625.0,PRG_Saturday,178.77258
PRG,SK,Saturday,475,625.0,PRG_Saturday,213.92212
PRG,QS,Sunday,155,695.0,PRG_Sunday,85.144554
PRG,IB,Sunday,145,655.0,PRG_Sunday,86.460014
PRG,IB,Sunday,150,1270.0,PRG_Sunday,84.42196
PRG,VY,Sunday,145,655.0,PRG_Sunday,85.90093
PRG,VY,Sunday,150,1270.0,PRG_Sunday,83.783
PRG,JU,Sunday,1395,1230.0,PRG_Sunday,135.42966
PRG,DY,Sunday,575,625.0,PRG_Sunday,130.3371
PRG,DY,Sunday,1520,625.0,PRG_Sunday,129.57985
PRG,JU,Sunday,755,1230.0,PRG_Sunday,139.0018
PRG,LH,Sunday,150,915.0,PRG_Sunday,129.03194
PRG,TP,Sunday,890,1155.0,PRG_Sunday,159.60698
PRG,LO,Sunday,490,575.0,PRG_Sunday,156.2456
PRG,LO,Sunday,1330,1175.0,PRG_Sunday,150.44087
PRG,IB,Sunday,765,1180.0,PRG_Sunday,152.30693
PRG,PC,Sunday,1280,865.0,PRG_Sunday,165.83522
PRG,QS,Monday,155,695.0,PRG_Monday,84.51457
PRG,DY,Monday,1520,625.0,PRG_Monday,105.57983
PRG,IB,Monday,145,675.0,PRG_Monday,85.83003
PRG,IB,Monday,150,1270.0,PRG_Monday,84.001396
PRG,VY,Monday,150,1270.0,PRG_Monday,83.362434
PRG,VY,Monday,145,675.0,PRG_Monday,85.27095
PRG,JU,Monday,615,570.0,PRG_Monday,138.20941
PRG,DY,Monday,655,745.0,PRG_Monday,123.43849
PRG,LO,Monday,490,575.0,PRG_Monday,154.76596
PRG,LO,Monday,630,435.0,PRG_Monday,156.68063
PRG,IB,Monday,340,750.0,PRG_Monday,151.69556
PRG,IB,Monday,430,940.0,PRG_Monday,154.54266
PRG,DY,Monday,1450,750.0,PRG_Monday,128.154
PRG,TP,Monday,675,750.0,PRG_Monday,159.72707
PRG,AF,Monday,280,390.0,PRG_Monday,153.15314
PRG,IB,Tuesday,145,655.0,PRG_Tuesday,86.460014
PRG,IB,Tuesday,150,1270.0,PRG_Tuesday,84.42196
PRG,VY,Tuesday,145,655.0,PRG_Tuesday,85.90093
PRG,VY,Tuesday,150,1270.0,PRG_Tuesday,83.783
PRG,LO,Tuesday,1330,1175.0,PRG_Tuesday,147.00656
PRG,LO,Tuesday,1425,1080.0,PRG_Tuesday,147.94351
PRG,TP,Tuesday,890,1155.0,PRG_Tuesday,159.60698
PRG,TP,Tuesday,990,1155.0,PRG_Tuesday,158.89243
PRG,DY,Tuesday,1450,750.0,PRG_Tuesday,143.20099
PRG,IB,Tuesday,765,1180.0,PRG_Tuesday,152.30693
PRG,PC,Tuesday,1520,625.0,PRG_Tuesday,173.26376
PRG,PC,Tuesday,1700,625.0,PRG_Tuesday,167.5052
PRG,SK,Tuesday,1380,1160.0,PRG_Tuesday,178.88737
PRG,UX,Tuesday,400,595.0,PRG_Tuesday,172.27959
PRG,AF,Tuesday,265,760.0,PRG_Tuesday,151.55298
PRG,IB,Wednesday,145,655.0,PRG_Wednesday,86.460014
PRG,IB,Wednesday,150,1270.0,PRG_Wednesday,84.42196
PRG,VY,Wednesday,145,655.0,PRG_Wednesday,85.90093
PRG,VY,Wednesday,150,1270.0,PRG_Wednesday,83.783
PRG,A3,Wednesday,1020,1045.0,PRG_Wednesday,139.16183
PRG,A3,Wednesday,1425,1045.0,PRG_Wednesday,138.10701
PRG,DY,Wednesday,1450,750.0,PRG_Wednesday,144.46407
PRG,LO,Wednesday,490,575.0,PRG_Wednesday,158.27644
PRG,LO,Wednesday,630,435.0,PRG_Wednesday,161.88211
PRG,JU,Wednesday,755,1230.0,PRG_Wednesday,146.30098
PRG,TP,Wednesday,470,750.0,PRG_Wednesday,160.39655
PRG,TP,Wednesday,675,750.0,PRG_Wednesday,159.6158
PRG,PC,Wednesday,1520,625.0,PRG_Wednesday,171.70924
PRG,SK,Wednesday,475,625.0,PRG_Wednesday,194.9302
PRG,UX,Wednesday,400,595.0,PRG_Wednesday,171.23996
PRG,DY,Thursday,1320,825.0,PRG_Thursday,131.16518
PRG,QS,Thursday,155,695.0,PRG_Thursday,82.174706
PRG,IB,Thursday,145,655.0,PRG_Thursday,84.51729
PRG,IB,Thursday,150,1270.0,PRG_Thursday,83.10611
PRG,VY,Thursday,150,1270.0,PRG_Thursday,80.95716
PRG,VY,Thursday,145,655.0,PRG_Thursday,83.49284
PRG,JU,Thursday,1415,570.0,PRG_Thursday,133.51254
PRG,A3,Thursday,1020,1045.0,PRG_Thursday,131.21779
PRG,A3,Thursday,1425,1045.0,PRG_Thursday,130.75438
PRG,LO,Thursday,1330,1175.0,PRG_Thursday,145.20457
PRG,LO,Thursday,1425,1080.0,PRG_Thursday,146.51587
PRG,DY,Thursday,1450,750.0,PRG_Thursday,144.62427
PRG,TP,Thursday,890,1155.0,PRG_Thursday,160.82129
PRG,TP,Thursday,990,1155.0,PRG_Thursday,160.10674
PRG,IB,Thursday,430,940.0,PRG_Thursday,153.72519
PRG,QS,Friday,155,695.0,PRG_Friday,85.144554
PRG,IB,Friday,145,655.0,PRG_Friday,86.460014
PRG,IB,Friday,149,1290.0,PRG_Friday,84.55461
PRG,VY,Friday,145,655.0,PRG_Friday,85.90093
PRG,VY,Friday,149,1290.0,PRG_Friday,83.91565
PRG,A3,Friday,1380,685.0,PRG_Friday,138.49573
PRG,DY,Friday,780,625.0,PRG_Friday,127.13157
PRG,LH,Friday,145,1085.0,PRG_Friday,124.19546
PRG,JU,Friday,615,570.0,PRG_Friday,141.4577
PRG,JU,Friday,755,1230.0,PRG_Friday,139.48529
PRG,JU,Friday,1415,570.0,PRG_Friday,138.71892
PRG,LO,Friday,490,575.0,PRG_Friday,157.0677
PRG,LO,Friday,630,435.0,PRG_Friday,159.8336
PRG,TP,Friday,505,715.0,PRG_Friday,159.93967
PRG,TP,Friday,710,715.0,PRG_Friday,160.06636
PRG,IB,Saturday,145,655.0,PRG_Saturday,86.62211
PRG,IB,Saturday,150,1270.0,PRG_Saturday,84.65962
PRG,VY,Saturday,145,655.0,PRG_Saturday,87.509796
PRG,VY,Saturday,150,1270.0,PRG_Saturday,84.31348
PRG,A3,Saturday,1380,685.0,PRG_Saturday,140.67795
PRG,LO,Saturday,1330,1175.0,PRG_Saturday,150.51852
PRG,LO,Saturday,1425,1080.0,PRG_Saturday,153.4688
PRG,DY,Saturday,1305,765.0,PRG_Saturday,150.30333
PRG,TP,Saturday,470,750.0,PRG_Saturday,163.57281
PRG,TP,Saturday,675,750.0,PRG_Saturday,162.79207
PRG,AF,Saturday,265,360.0,PRG_Saturday,156.36868
PRG,AF,Saturday,275,870.0,PRG_Saturday,153.14229
PRG,AF,Saturday,295,695.0,PRG_Saturday,157.74391
PRG,AF,Saturday,375,360.0,PRG_Saturday,160.21593
PRG,AF,Saturday,450,695.0,PRG_Saturday,159.65656
PRG,QS,Sunday,155,695.0,PRG_Sunday,85.144554
PRG,IB,Sunday,145,655.0,PRG_Sunday,86.460014
PRG,IB,Sunday,150,1270.0,PRG_Sunday,84.42196
PRG,VY,Sunday,145,655.0,PRG_Sunday,85.90093
PRG,VY,Sunday,150,1270.0,PRG_Sunday,83.783
PRG,JU,Sunday,755,1230.0,PRG_Sunday,139.0018
PRG,DY,Sunday,575,625.0,PRG_Sunday,130.3371
PRG,DY,Sunday,1520,625.0,PRG_Sunday,129.57985
PRG,JU,Sunday,1395,1230.0,PRG_Sunday,135.42966
PRG,DY,Sunday,795,605.0,PRG_Sunday,131.453
PRG,LO,Sunday,490,575.0,PRG_Sunday,156.2456
PRG,AF,Sunday,265,360.0,PRG_Sunday,153.24834
PRG,AF,Sunday,275,870.0,PRG_Sunday,151.74554
PRG,AF,Sunday,275,1110.0,PRG_Sunday,152.31561
PRG,AF,Sunday,375,360.0,PRG_Sunday,157.65097
PRG,DY,Monday,1520,625.0,PRG_Monday,105.57983
PRG,QS,Monday,155,695.0,PRG_Monday,84.51457
PRG,IB,Monday,145,675.0,PRG_Monday,85.83003
PRG,IB,Monday,150,1270.0,PRG_Monday,84.001396
PRG,VY,Monday,145,675.0,PRG_Monday,85.27095
PRG,VY,Monday,150,1270.0,PRG_Monday,83.362434
PRG,A3,Monday,1425,1045.0,PRG_Monday,131.43243
PRG,DY,Monday,655,745.0,PRG_Monday,123.43849
PRG,JU,Monday,615,570.0,PRG_Monday,138.20941
PRG,JU,Monday,755,1230.0,PRG_Monday,140.7512
PRG,TP,Monday,470,750.0,PRG_Monday,161.2713
PRG,TP,Monday,675,750.0,PRG_Monday,159.72707
PRG,EI,Monday,525,700.0,PRG_Monday,174.30788
PRG,AF,Monday,265,360.0,PRG_Monday,152.34927
PRG,AF,Monday,275,870.0,PRG_Monday,151.47415
PRG,IB,Tuesday,145,655.0,PRG_Tuesday,86.460014
PRG,IB,Tuesday,150,1270.0,PRG_Tuesday,84.42196
PRG,VY,Tuesday,145,655.0,PRG_Tuesday,85.90093
PRG,VY,Tuesday,150,1270.0,PRG_Tuesday,83.783
PRG,A3,Tuesday,1380,685.0,PRG_Tuesday,137.97328
PRG,DY,Tuesday,1450,750.0,PRG_Tuesday,143.20099
PRG,LO,Tuesday,1425,1080.0,PRG_Tuesday,147.94351
PRG,SK,Tuesday,1380,1160.0,PRG_Tuesday,178.88737
PRG,TP,Tuesday,985,1060.0,PRG_Tuesday,158.2317
PRG,TP,Tuesday,1085,1060.0,PRG_Tuesday,159.1769
PRG,AF,Tuesday,265,360.0,PRG_Tuesday,153.24834
PRG,AF,Tuesday,275,870.0,PRG_Tuesday,151.74554
PRG,AF,Tuesday,275,1110.0,PRG_Tuesday,152.31561
PRG,AF,Tuesday,295,695.0,PRG_Tuesday,155.5106
PRG,AF,Tuesday,375,360.0,PRG_Tuesday,157.65097
PRG,IB,Wednesday,145,655.0,PRG_Wednesday,86.460014
PRG,IB,Wednesday,150,1270.0,PRG_Wednesday,84.42196
PRG,VY,Wednesday,145,655.0,PRG_Wednesday,85.90093
PRG,VY,Wednesday,150,1270.0,PRG_Wednesday,83.783
PRG,A3,Wednesday,1425,1045.0,PRG_Wednesday,138.10701
PRG,LO,Wednesday,490,575.0,PRG_Wednesday,158.27644
PRG,LO,Wednesday,630,435.0,PRG_Wednesday,161.88211
PRG,DY,Wednesday,1450,750.0,PRG_Wednesday,144.46407
PRG,AF,Wednesday,265,360.0,PRG_Wednesday,153.24834
PRG,AF,Wednesday,295,695.0,PRG_Wednesday,155.5106
PRG,AF,Wednesday,375,360.0,PRG_Wednesday,157.65097
PRG,AF,Wednesday,450,695.0,PRG_Wednesday,156.30936
PRG,AF,Wednesday,455,535.0,PRG_Wednesday,156.9502
PRG,AF,Wednesday,515,870.0,PRG_Wednesday,155.42151
PRG,AF,Wednesday,850,1215.0,PRG_Wednesday,156.13101
PRG,QS,Thursday,155,695.0,PRG_Thursday,82.174706
PRG,IB,Thursday,145,655.0,PRG_Thursday,84.51729
PRG,IB,Thursday,150,1270.0,PRG_Thursday,83.10611
PRG,VY,Thursday,145,655.0,PRG_Thursday,83.49284
PRG,VY,Thursday,150,1270.0,PRG_Thursday,80.95716
PRG,JU,Thursday,1415,570.0,PRG_Thursday,133.51254
PRG,LO,Thursday,1330,1175.0,PRG_Thursday,145.20457
PRG,LO,Thursday,1425,1080.0,PRG_Thursday,146.51587
PRG,DY,Thursday,1320,825.0,PRG_Thursday,131.16518
PRG,DY,Thursday,1450,750.0,PRG_Thursday,144.62427
PRG,AF,Thursday,265,360.0,PRG_Thursday,149.3781
PRG,AF,Thursday,275,1110.0,PRG_Thursday,148.0764
PRG,AF,Thursday,295,695.0,PRG_Thursday,151.35907
PRG,AF,Thursday,455,535.0,PRG_Thursday,149.89671
PRG,AF,Thursday,515,870.0,PRG_Thursday,148.91025
PRG,QS,Friday,155,695.0,PRG_Friday,85.144554
PRG,IB,Friday,145,655.0,PRG_Friday,86.460014
PRG,IB,Friday,149,1290.0,PRG_Friday,84.55461
PRG,VY,Friday,145,655.0,PRG_Friday,85.90093
PRG,VY,Friday,149,1290.0,PRG_Friday,83.91565
PRG,DY,Friday,780,625.0,PRG_Friday,127.13157
PRG,JU,Friday,615,570.0,PRG_Friday,141.4577
PRG,JU,Friday,755,1230.0,PRG_Friday,139.48529
PRG,JU,Friday,1415,570.0,PRG_Friday,138.71892
PRG,LO,Friday,490,575.0,PRG_Friday,157.0677
PRG,LO,Friday,630,435.0,PRG_Friday,159.8336
PRG,A3,Friday,1380,685.0,PRG_Friday,138.49573
PRG,AF,Friday,265,360.0,PRG_Friday,154.34998
PRG,AF,Friday,295,695.0,PRG_Friday,156.52953
PRG,AF,Friday,455,535.0,PRG_Friday,157.39001
PRG,IB,Saturday,145,655.0,PRG_Saturday,86.62211
PRG,IB,Saturday,150,1270.0,PRG_Saturday,84.65962
PRG,VY,Saturday,145,655.0,PRG_Saturday,87.509796
PRG,VY,Saturday,150,1270.0,PRG_Saturday,84.31348
PRG,DY,Saturday,1305,765.0,PRG_Saturday,150.30333
PRG,A3,Saturday,1380,685.0,PRG_Saturday,140.67795
PRG,LO,Saturday,1330,1175.0,PRG_Saturday,150.51852
PRG,LO,Saturday,1425,1080.0,PRG_Saturday,153.4688
PRG,AF,Saturday,265,360.0,PRG_Saturday,156.36868
PRG,AF,Saturday,295,695.0,PRG_Saturday,157.74391
PRG,AF,Saturday,455,535.0,PRG_Saturday,158.5872
PRG,AF,Saturday,275,870.0,PRG_Saturday,153.14229
PRG,AF,Saturday,375,360.0,PRG_Saturday,160.21593
PRG,AF,Saturday,450,695.0,PRG_Saturday,159.65656
PRG,AF,Saturday,850,1215.0,PRG_Saturday,157.228
PRG,QS,Sunday,155,695.0,PRG_Sunday,85.144554
PRG,IB,Sunday,145,655.0,PRG_Sunday,86.460014
PRG,IB,Sunday,150,1270.0,PRG_Sunday,84.42196
PRG,VY,Sunday,145,655.0,PRG_Sunday,85.90093
PRG,VY,Sunday,150,1270.0,PRG_Sunday,83.783
PRG,DY,Sunday,795,605.0,PRG_Sunday,131.453
PRG,DY,Sunday,575,625.0,PRG_Sunday,130.3371
PRG,JU,Sunday,755,1230.0,PRG_Sunday,139.0018
PRG,JU,Sunday,1395,1230.0,PRG_Sunday,135.42966
PRG,LO,Sunday,490,575.0,PRG_Sunday,156.2456
PRG,DY,Sunday,1620,580.0,PRG_Sunday,133.34853
PRG,A3,Sunday,1380,685.0,PRG_Sunday,140.29459
PRG,AF,Sunday,275,870.0,PRG_Sunday,151.74554
PRG,DY,Sunday,1520,625.0,PRG_Sunday,129.57985
PRG,AF,Sunday,265,360.0,PRG_Sunday,153.24834
PRG,DY,Monday,1520,625.0,PRG_Monday,105.57983
PRG,QS,Monday,155,695.0,PRG_Monday,84.51457
PRG,IB,Monday,145,675.0,PRG_Monday,85.83003
PRG,IB,Monday,150,1270.0,PRG_Monday,84.001396
PRG,VY,Monday,145,675.0,PRG_Monday,85.27095
PRG,VY,Monday,150,1270.0,PRG_Monday,83.362434
PRG,DY,Monday,655,745.0,PRG_Monday,123.43849
PRG,A3,Monday,1020,1045.0,PRG_Monday,131.69894
PRG,A3,Monday,1425,1045.0,PRG_Monday,131.43243
PRG,JU,Monday,615,570.0,PRG_Monday,138.20941
PRG,AF,Monday,265,360.0,PRG_Monday,152.34927
PRG,AF,Monday,275,870.0,PRG_Monday,151.47415
PRG,AF,Monday,275,1110.0,PRG_Monday,152.04422
PRG,AF,Monday,295,695.0,PRG_Monday,156.11627
PRG,AF,Monday,375,360.0,PRG_Monday,156.48846
PRG,IB,Tuesday,145,655.0,PRG_Tuesday,86.460014
PRG,IB,Tuesday,150,1270.0,PRG_Tuesday,84.42196
PRG,VY,Tuesday,145,655.0,PRG_Tuesday,85.90093
PRG,VY,Tuesday,150,1270.0,PRG_Tuesday,83.783
PRG,LO,Tuesday,1330,1175.0,PRG_Tuesday,147.00656
PRG,LO,Tuesday,1425,1080.0,PRG_Tuesday,147.94351
PRG,AF,Tuesday,265,760.0,PRG_Tuesday,151.55298
PRG,AF,Tuesday,290,1085.0,PRG_Tuesday,150.98885
PRG,AF,Tuesday,885,1085.0,PRG_Tuesday,154.59212
PRG,DY,Tuesday,1450,750.0,PRG_Tuesday,143.20099
PRG,AF,Tuesday,265,360.0,PRG_Tuesday,153.24834
PRG,AF,Tuesday,275,870.0,PRG_Tuesday,151.74554
PRG,AF,Tuesday,295,695.0,PRG_Tuesday,155.5106
PRG,AF,Tuesday,275,1110.0,PRG_Tuesday,152.31561
PRG,AF,Tuesday,450,695.0,PRG_Tuesday,156.30936
PRG,IB,Wednesday,145,655.0,PRG_Wednesday,86.460014
PRG,IB,Wednesday,150,1270.0,PRG_Wednesday,84.42196
PRG,VY,Wednesday,145,655.0,PRG_Wednesday,85.90093
PRG,VY,Wednesday,150,1270.0,PRG_Wednesday,83.783
PRG,A3,Wednesday,1425,1045.0,PRG_Wednesday,138.10701
PRG,LO,Wednesday,490,575.0,PRG_Wednesday,158.27644
PRG,LO,Wednesday,630,435.0,PRG_Wednesday,161.88211
PRG,DY,Wednesday,1450,750.0,PRG_Wednesday,144.46407
PRG,AF,Wednesday,400,760.0,PRG_Wednesday,156.1783
PRG,AF,Wednesday,265,360.0,PRG_Wednesday,153.24834
PRG,AF,Wednesday,275,870.0,PRG_Wednesday,151.74554
PRG,AF,Wednesday,275,1110.0,PRG_Wednesday,152.31561
PRG,AF,Wednesday,295,695.0,PRG_Wednesday,155.5106
PRG,AF,Wednesday,375,360.0,PRG_Wednesday,157.65097
PRG,AF,Wednesday,450,695.0,PRG_Wednesday,156.30936
PRG,QS,Thursday,155,695.0,PRG_Thursday,82.174706
PRG,IB,Thursday,145,655.0,PRG_Thursday,84.51729
PRG,IB,Thursday,150,1270.0,PRG_Thursday,83.10611
PRG,VY,Thursday,145,655.0,PRG_Thursday,83.49284
PRG,VY,Thursday,150,1270.0,PRG_Thursday,80.95716
PRG,A3,Thursday,1020,1045.0,PRG_Thursday,131.21779
PRG,A3,Thursday,1425,1045.0,PRG_Thursday,130.75438
PRG,LO,Thursday,1330,1175.0,PRG_Thursday,145.20457
PRG,LO,Thursday,1425,1080.0,PRG_Thursday,146.51587
PRG,AF,Thursday,265,760.0,PRG_Thursday,149.26929
PRG,AF,Thursday,280,390.0,PRG_Thursday,148.74818
PRG,AF,Thursday,400,760.0,PRG_Thursday,155.58734
PRG,AF,Thursday,450,390.0,PRG_Thursday,152.1598
PRG,JU,Thursday,1415,570.0,PRG_Thursday,133.51254
PRG,AF,Thursday,290,1085.0,PRG_Thursday,146.79272
PRG,QS,Friday,155,695.0,PRG_Friday,85.144554
PRG,IB,Friday,145,655.0,PRG_Friday,86.460014
PRG,IB,Friday,149,1290.0,PRG_Friday,84.55461
PRG,VY,Friday,145,655.0,PRG_Friday,85.90093
PRG,VY,Friday,149,1290.0,PRG_Friday,83.91565
PRG,A3,Friday,1380,685.0,PRG_Friday,138.49573
PRG,DY,Friday,780,625.0,PRG_Friday,127.13157
PRG,LO,Friday,490,575.0,PRG_Friday,157.0677
PRG,LO,Friday,630,435.0,PRG_Friday,159.8336
PRG,JU,Friday,615,570.0,PRG_Friday,141.4577
PRG,JU,Friday,755,1230.0,PRG_Friday,139.48529
PRG,JU,Friday,1415,570.0,PRG_Friday,138.71892
PRG,LH,Friday,145,1085.0,PRG_Friday,124.19546
PRG,AF,Friday,265,360.0,PRG_Friday,154.34998
PRG,AF,Friday,275,870.0,PRG_Friday,152.32721
PRG,IB,Saturday,145,655.0,PRG_Saturday,86.62211
PRG,IB,Saturday,150,1270.0,PRG_Saturday,84.65962
PRG,VY,Saturday,145,655.0,PRG_Saturday,87.509796
PRG,VY,Saturday,150,1270.0,PRG_Saturday,84.31348
PRG,A3,Saturday,1380,685.0,PRG_Saturday,140.67795
PRG,LO,Saturday,1330,1175.0,PRG_Saturday,150.51852
PRG,LO,Saturday,1425,1080.0,PRG_Saturday,153.4688
PRG,AF,Saturday,885,1085.0,PRG_Saturday,154.42361
PRG,AF,Saturday,265,360.0,PRG_Saturday,156.36868
PRG,AF,Saturday,275,870.0,PRG_Saturday,153.14229
PRG,AF,Saturday,295,695.0,PRG_Saturday,157.74391
PRG,AF,Saturday,375,360.0,PRG_Saturday,160.21593
PRG,AF,Saturday,450,695.0,PRG_Saturday,159.65656
PRG,AF,Saturday,455,535.0,PRG_Saturday,158.5872
PRG,AF,Saturday,850,1215.0,PRG_Saturday,157.228
PRG,QS,Sunday,155,695.0,PRG_Sunday,85.144554
PRG,IB,Sunday,145,655.0,PRG_Sunday,86.460014
PRG,IB,Sunday,150,1270.0,PRG_Sunday,84.42196
PRG,VY,Sunday,145,655.0,PRG_Sunday,85.90093
PRG,VY,Sunday,150,1270.0,PRG_Sunday,83.783
PRG,JU,Sunday,1395,1230.0,PRG_Sunday,135.42966
PRG,A3,Sunday,1380,685.0,PRG_Sunday,140.29459
PRG,DY,Sunday,575,625.0,PRG_Sunday,130.3371
PRG,LO,Sunday,490,575.0,PRG_Sunday,156.2456
PRG,LO,Sunday,1330,1175.0,PRG_Sunday,150.44087
PRG,AF,Sunday,280,390.0,PRG_Sunday,153.42453
PRG,AF,Sunday,400,760.0,PRG_Sunday,156.1783
PRG,AF,Sunday,450,390.0,PRG_Sunday,158.60176
PRG,AF,Sunday,615,760.0,PRG_Sunday,154.91896
PRG,AF,Sunday,290,1085.0,PRG_Sunday,150.98885
PRG,QS,Monday,155,695.0,PRG_Monday,84.51457
PRG,IB,Monday,145,675.0,PRG_Monday,85.83003
PRG,IB,Monday,150,1270.0,PRG_Monday,84.001396
PRG,VY,Monday,145,675.0,PRG_Monday,85.27095
PRG,VY,Monday,150,1270.0,PRG_Monday,83.362434
PRG,DY,Monday,1520,625.0,PRG_Monday,105.57983
PRG,DY,Monday,655,745.0,PRG_Monday,123.43849
PRG,JU,Monday,615,570.0,PRG_Monday,138.20941
PRG,A3,Monday,1020,1045.0,PRG_Monday,131.69894
PRG,A3,Monday,1425,1045.0,PRG_Monday,131.43243
PRG,LO,Monday,490,575.0,PRG_Monday,154.76596
PRG,LO,Monday,630,435.0,PRG_Monday,156.68063
PRG,AF,Monday,290,1085.0,PRG_Monday,150.71745
PRG,AF,Monday,885,1085.0,PRG_Monday,149.20251
PRG,DY,Monday,1450,750.0,PRG_Monday,128.154
PRG,IB,Tuesday,145,655.0,PRG_Tuesday,86.460014
PRG,IB,Tuesday,150,1270.0,PRG_Tuesday,84.42196
PRG,VY,Tuesday,145,655.0,PRG_Tuesday,85.90093
PRG,VY,Tuesday,150,1270.0,PRG_Tuesday,83.783
PRG,A3,Tuesday,1380,685.0,PRG_Tuesday,137.97328
PRG,LO,Tuesday,1330,1175.0,PRG_Tuesday,147.00656
PRG,LO,Tuesday,1425,1080.0,PRG_Tuesday,147.94351
PRG,AF,Tuesday,265,760.0,PRG_Tuesday,151.55298
PRG,AF,Tuesday,280,390.0,PRG_Tuesday,153.42453
PRG,AF,Tuesday,290,1085.0,PRG_Tuesday,150.98885
PRG,AF,Tuesday,400,760.0,PRG_Tuesday,156.1783
PRG,AF,Tuesday,450,390.0,PRG_Tuesday,158.60176
PRG,AF,Tuesday,885,1085.0,PRG_Tuesday,154.59212
PRG,AF,Tuesday,265,360.0,PRG_Tuesday,153.24834
PRG,AF,Tuesday,275,870.0,PRG_Tuesday,151.74554
PRG,VY,Wednesday,150,1270.0,PRG_Wednesday,83.783
PRG,IB,Wednesday,145,655.0,PRG_Wednesday,86.460014
PRG,IB,Wednesday,150,1270.0,PRG_Wednesday,84.42196
PRG,VY,Wednesday,145,655.0,PRG_Wednesday,85.90093
PRG,A3,Wednesday,1020,1045.0,PRG_Wednesday,139.16183
PRG,A3,Wednesday,1425,1045.0,PRG_Wednesday,138.10701
PRG,LO,Wednesday,490,575.0,PRG_Wednesday,158.27644
PRG,AF,Wednesday,265,360.0,PRG_Wednesday,153.24834
PRG,AF,Wednesday,275,870.0,PRG_Wednesday,151.74554
PRG,AF,Wednesday,275,1110.0,PRG_Wednesday,152.31561
PRG,AF,Wednesday,295,695.0,PRG_Wednesday,155.5106
PRG,AF,Wednesday,375,360.0,PRG_Wednesday,157.65097
PRG,AF,Wednesday,450,695.0,PRG_Wednesday,156.30936
PRG,AF,Wednesday,455,535.0,PRG_Wednesday,156.9502
PRG,AF,Wednesday,515,870.0,PRG_Wednesday,155.42151
PRG,QS,Thursday,155,695.0,PRG_Thursday,82.174706
PRG,IB,Thursday,145,655.0,PRG_Thursday,84.51729
PRG,IB,Thursday,150,1270.0,PRG_Thursday,83.10611
PRG,VY,Thursday,145,655.0,PRG_Thursday,83.49284
PRG,VY,Thursday,150,1270.0,PRG_Thursday,80.95716
PRG,A3,Thursday,1020,1045.0,PRG_Thursday,131.21779
PRG,A3,Thursday,1425,1045.0,PRG_Thursday,130.75438
PRG,AF,Thursday,265,360.0,PRG_Thursday,149.3781
PRG,AF,Thursday,275,870.0,PRG_Thursday,146.97499
PRG,AF,Thursday,275,1110.0,PRG_Thursday,148.0764
PRG,AF,Thursday,295,695.0,PRG_Thursday,151.35907
PRG,AF,Thursday,375,360.0,PRG_Thursday,151.68996
PRG,AF,Thursday,450,695.0,PRG_Thursday,149.67038
PRG,AF,Thursday,455,535.0,PRG_Thursday,149.89671
PRG,AF,Thursday,515,870.0,PRG_Thursday,148.91025
WAW,A3,Wednesday,1370,1100.0,WAW_Wednesday,120.71846
WAW,A3,Wednesday,965,1100.0,WAW_Wednesday,125.15831
WAW,TP,Wednesday,970,1075.0,WAW_Wednesday,145.99704
WAW,TP,Wednesday,1070,1075.0,WAW_Wednesday,146.35611
WAW,LO,Wednesday,965,1020.0,WAW_Wednesday,172.45537
WAW,AF,Wednesday,445,395.0,WAW_Wednesday,149.48555
WAW,LO,Wednesday,290,1110.0,WAW_Wednesday,180.71574
WAW,LO,Wednesday,380,1020.0,WAW_Wednesday,176.80367
WAW,OS,Wednesday,255,930.0,WAW_Wednesday,198.5127
WAW,OS,Wednesday,285,900.0,WAW_Wednesday,178.5918
WAW,LX,Wednesday,270,870.0,WAW_Wednesday,206.0069
WAW,LX,Wednesday,510,870.0,WAW_Wednesday,203.37892
WAW,LX,Wednesday,550,590.0,WAW_Wednesday,201.68408
WAW,LX,Wednesday,800,1185.0,WAW_Wednesday,209.14642
WAW,LX,Wednesday,1100,1185.0,WAW_Wednesday,206.52867
WAW,TP,Thursday,440,780.0,WAW_Thursday,146.8136
WAW,TP,Thursday,645,780.0,WAW_Thursday,146.90335
WAW,DY,Thursday,1475,725.0,WAW_Thursday,145.69838
WAW,A3,Thursday,965,1100.0,WAW_Thursday,125.85924
WAW,OS,Thursday,255,930.0,WAW_Thursday,198.09674
WAW,LX,Thursday,270,870.0,WAW_Thursday,205.13509
WAW,LX,Thursday,510,870.0,WAW_Thursday,197.82297
WAW,LX,Thursday,800,1185.0,WAW_Thursday,206.3923
WAW,LX,Thursday,1100,1185.0,WAW_Thursday,199.88577
WAW,LX,Thursday,360,1020.0,WAW_Thursday,204.57709
WAW,LX,Thursday,395,450.0,WAW_Thursday,202.22392
WAW,LX,Thursday,690,450.0,WAW_Thursday,203.93391
WAW,LX,Thursday,965,1020.0,WAW_Thursday,202.28516
WAW,SN,Thursday,465,390.0,WAW_Thursday,176.7893
WAW,SN,Thursday,835,390.0,WAW_Thursday,179.65208
WAW,A3,Friday,1370,695.0,WAW_Friday,117.8904
WAW,A3,Friday,1775,695.0,WAW_Friday,117.96723
WAW,TP,Friday,970,1075.0,WAW_Friday,146.22003
WAW,TP,Friday,1070,1075.0,WAW_Friday,146.5791
WAW,LO,Friday,295,1105.0,WAW_Friday,176.27487
WAW,LO,Friday,380,1020.0,WAW_Friday,177.4021
WAW,LO,Friday,1130,815.0,WAW_Friday,174.02977
WAW,OS,Friday,255,930.0,WAW_Friday,196.55247
WAW,OS,Friday,285,900.0,WAW_Friday,177.27957
WAW,LX,Friday,270,870.0,WAW_Friday,208.3867
WAW,LX,Friday,510,870.0,WAW_Friday,203.8737
WAW,LX,Friday,550,590.0,WAW_Friday,202.17886
WAW,LX,Friday,800,1185.0,WAW_Friday,209.14642
WAW,LX,Friday,1100,1185.0,WAW_Friday,206.52867
WAW,LX,Friday,360,1020.0,WAW_Friday,207.33392
WAW,A3,Saturday,1370,1100.0,WAW_Saturday,117.30279
WAW,A3,Saturday,965,1100.0,WAW_Saturday,121.06626
WAW,TP,Saturday,440,780.0,WAW_Saturday,148.73283
WAW,TP,Saturday,645,780.0,WAW_Saturday,148.82259
WAW,LO,Saturday,965,1020.0,WAW_Saturday,172.91759
WAW,LO,Saturday,380,1020.0,WAW_Saturday,177.26588
WAW,LO,Saturday,525,875.0,WAW_Saturday,175.7367
WAW,OS,Saturday,1460,1165.0,WAW_Saturday,196.59373
WAW,OS,Saturday,1620,1005.0,WAW_Saturday,198.64336
WAW,LX,Saturday,360,1020.0,WAW_Saturday,207.57315
WAW,LX,Saturday,395,450.0,WAW_Saturday,206.11609
WAW,LX,Saturday,965,1020.0,WAW_Saturday,205.2785
WAW,LX,Saturday,790,590.0,WAW_Saturday,202.94115
WAW,LX,Saturday,800,1185.0,WAW_Saturday,209.38565
WAW,LX,Saturday,1100,1185.0,WAW_Saturday,206.7679
WAW,A3,Sunday,1370,695.0,WAW_Sunday,117.304184
WAW,A3,Sunday,1775,695.0,WAW_Sunday,117.38101
WAW,TP,Sunday,440,780.0,WAW_Sunday,148.39423
WAW,TP,Sunday,645,780.0,WAW_Sunday,148.48398
WAW,LO,Sunday,190,875.0,WAW_Sunday,147.32622
WAW,LO,Sunday,290,1110.0,WAW_Sunday,182.12009
WAW,AF,Sunday,370,365.0,WAW_Sunday,153.8975
WAW,AF,Sunday,375,1010.0,WAW_Sunday,151.88756
WAW,AF,Sunday,380,765.0,WAW_Sunday,152.45978
WAW,AF,Sunday,620,765.0,WAW_Sunday,152.40329
WAW,AF,Sunday,625,365.0,WAW_Sunday,153.90619
WAW,AF,Sunday,1055,1010.0,WAW_Sunday,150.32928
WAW,LO,Sunday,380,1020.0,WAW_Sunday,177.38864
WAW,AF,Sunday,885,1180.0,WAW_Sunday,151.63463
WAW,AF,Sunday,995,1180.0,WAW_Sunday,150.88814
WAW,TP,Monday,645,780.0,WAW_Monday,147.921
WAW,TP,Monday,440,780.0,WAW_Monday,147.83125
WAW,LH,Monday,450,680.0,WAW_Monday,190.28256
WAW,LO,Monday,360,1020.0,WAW_Monday,176.80717
WAW,LO,Monday,395,450.0,WAW_Monday,180.43127
WAW,LO,Monday,485,360.0,WAW_Monday,176.4889
WAW,LO,Monday,690,450.0,WAW_Monday,179.75974
WAW,LO,Monday,780,360.0,WAW_Monday,176.6152
WAW,DY,Monday,1475,725.0,WAW_Monday,140.19948
WAW,AF,Monday,445,395.0,WAW_Monday,149.21997
WAW,AF,Monday,505,395.0,WAW_Monday,148.74673
WAW,LO,Monday,190,875.0,WAW_Monday,148.47491
WAW,OS,Monday,285,900.0,WAW_Monday,173.68318
WAW,AF,Monday,370,365.0,WAW_Monday,148.07294
WAW,AF,Monday,375,1010.0,WAW_Monday,146.62967
WAW,TP,Tuesday,440,780.0,WAW_Tuesday,147.39183
WAW,TP,Tuesday,645,780.0,WAW_Tuesday,147.18544
WAW,LO,Tuesday,190,445.0,WAW_Tuesday,141.56526
WAW,LO,Tuesday,360,1020.0,WAW_Tuesday,177.50447
WAW,LO,Tuesday,395,450.0,WAW_Tuesday,181.12857
WAW,LO,Tuesday,485,360.0,WAW_Tuesday,177.2963
WAW,LO,Tuesday,690,450.0,WAW_Tuesday,180.16089
WAW,LO,Tuesday,780,360.0,WAW_Tuesday,176.51663
WAW,LO,Tuesday,965,1020.0,WAW_Tuesday,171.20113
WAW,AF,Tuesday,445,395.0,WAW_Tuesday,147.1159
WAW,AF,Tuesday,505,395.0,WAW_Tuesday,146.73595
WAW,SK,Tuesday,485,615.0,WAW_Tuesday,186.32571
WAW,OS,Tuesday,750,435.0,WAW_Tuesday,180.24728
WAW,AF,Tuesday,370,365.0,WAW_Tuesday,148.75458
WAW,AF,Tuesday,375,1010.0,WAW_Tuesday,146.16443
WAW,A3,Wednesday,1370,1100.0,WAW_Wednesday,120.71846
WAW,A3,Wednesday,965,1100.0,WAW_Wednesday,125.15831
WAW,TP,Wednesday,970,1075.0,WAW_Wednesday,145.99704
WAW,TP,Wednesday,1070,1075.0,WAW_Wednesday,146.35611
WAW,LO,Wednesday,190,875.0,WAW_Wednesday,141.42519
WAW,LO,Wednesday,360,1020.0,WAW_Wednesday,176.80367
WAW,LO,Wednesday,690,450.0,WAW_Wednesday,179.75623
WAW,LO,Wednesday,780,360.0,WAW_Wednesday,176.6117
WAW,LO,Wednesday,930,450.0,WAW_Wednesday,184.20886
WAW,LO,Wednesday,965,1020.0,WAW_Wednesday,172.45537
WAW,AF,Wednesday,445,395.0,WAW_Wednesday,149.48555
WAW,OS,Wednesday,255,930.0,WAW_Wednesday,198.5127
WAW,OS,Wednesday,285,900.0,WAW_Wednesday,178.5918
WAW,OS,Wednesday,825,1165.0,WAW_Wednesday,182.65279
WAW,OS,Wednesday,950,1040.0,WAW_Wednesday,185.74953
WAW,A3,Thursday,965,1100.0,WAW_Thursday,125.85924
WAW,A3,Thursday,1370,1100.0,WAW_Thursday,115.978775
WAW,TP,Thursday,440,780.0,WAW_Thursday,146.8136
WAW,TP,Thursday,645,780.0,WAW_Thursday,146.90335
WAW,DY,Thursday,1475,725.0,WAW_Thursday,145.69838
WAW,LO,Thursday,190,445.0,WAW_Thursday,144.40295
WAW,LO,Thursday,360,1020.0,WAW_Thursday,176.41016
WAW,LO,Thursday,395,450.0,WAW_Thursday,180.03426
WAW,LO,Thursday,485,360.0,WAW_Thursday,176.09189
WAW,LO,Thursday,690,450.0,WAW_Thursday,179.36272
WAW,LO,Thursday,780,360.0,WAW_Thursday,176.21819
WAW,OS,Thursday,255,930.0,WAW_Thursday,198.09674
WAW,OS,Thursday,575,610.0,WAW_Thursday,174.48946
WAW,OS,Thursday,825,1165.0,WAW_Thursday,183.0656
WAW,OS,Thursday,950,1040.0,WAW_Thursday,185.71909
WAW,A3,Friday,1370,695.0,WAW_Friday,117.8904
WAW,A3,Friday,1775,695.0,WAW_Friday,117.96723
WAW,TP,Friday,970,1075.0,WAW_Friday,146.22003
WAW,TP,Friday,1070,1075.0,WAW_Friday,146.5791
WAW,LO,Friday,190,875.0,WAW_Friday,142.30132
WAW,AF,Friday,370,365.0,WAW_Friday,150.31235
WAW,AF,Friday,375,1010.0,WAW_Friday,148.78636
WAW,AF,Friday,380,765.0,WAW_Friday,148.7919
WAW,AF,Friday,620,765.0,WAW_Friday,148.73541
WAW,AF,Friday,625,365.0,WAW_Friday,150.32103
WAW,AF,Friday,885,1180.0,WAW_Friday,148.29088
WAW,AF,Friday,995,1180.0,WAW_Friday,147.03966
WAW,AF,Friday,1055,1010.0,WAW_Friday,146.92412
WAW,LO,Friday,360,1020.0,WAW_Friday,177.4021
WAW,LO,Friday,395,450.0,WAW_Friday,181.0262
WAW,A3,Saturday,965,1100.0,WAW_Saturday,121.06626
WAW,A3,Saturday,1370,1100.0,WAW_Saturday,117.30279
WAW,TP,Saturday,440,780.0,WAW_Saturday,148.73283
WAW,TP,Saturday,645,780.0,WAW_Saturday,148.82259
WAW,LO,Saturday,190,445.0,WAW_Saturday,143.84137
WAW,AF,Saturday,370,365.0,WAW_Saturday,149.03168
WAW,AF,Saturday,380,765.0,WAW_Saturday,147.2623
WAW,AF,Saturday,625,365.0,WAW_Saturday,148.75047
WAW,AF,Saturday,885,1180.0,WAW_Saturday,146.53403
WAW,AF,Saturday,995,1180.0,WAW_Saturday,145.2828
WAW,AF,Saturday,1055,1010.0,WAW_Saturday,145.16727
WAW,LO,Saturday,360,1020.0,WAW_Saturday,177.26588
WAW,LO,Saturday,395,450.0,WAW_Saturday,181.33286
WAW,LO,Saturday,485,360.0,WAW_Saturday,177.04085
WAW,LO,Saturday,690,450.0,WAW_Saturday,180.66132
WAW,A3,Sunday,1775,695.0,WAW_Sunday,117.38101
WAW,TP,Sunday,440,780.0,WAW_Sunday,148.39423
WAW,TP,Sunday,645,780.0,WAW_Sunday,148.48398
WAW,LO,Sunday,190,875.0,WAW_Sunday,147.32622
WAW,AF,Sunday,370,365.0,WAW_Sunday,153.8975
WAW,AF,Sunday,375,1010.0,WAW_Sunday,151.88756
WAW,AF,Sunday,380,765.0,WAW_Sunday,152.45978
WAW,AF,Sunday,620,765.0,WAW_Sunday,152.40329
WAW,AF,Sunday,625,365.0,WAW_Sunday,153.90619
WAW,AF,Sunday,885,1180.0,WAW_Sunday,151.63463
WAW,AF,Sunday,995,1180.0,WAW_Sunday,150.88814
WAW,AF,Sunday,1055,1010.0,WAW_Sunday,150.32928
WAW,LO,Sunday,360,1020.0,WAW_Sunday,177.38864
WAW,LO,Sunday,395,450.0,WAW_Sunday,180.82443
WAW,LO,Sunday,485,360.0,WAW_Sunday,176.8954
WAW,A3,Monday,1370,1100.0,WAW_Monday,115.97742
WAW,TP,Monday,440,780.0,WAW_Monday,147.83125
WAW,TP,Monday,645,780.0,WAW_Monday,147.921
WAW,LO,Monday,190,875.0,WAW_Monday,148.47491
WAW,AF,Monday,370,365.0,WAW_Monday,148.07294
WAW,AF,Monday,375,1010.0,WAW_Monday,146.62967
WAW,AF,Monday,380,765.0,WAW_Monday,146.63521
WAW,AF,Monday,620,765.0,WAW_Monday,146.57872
WAW,AF,Monday,625,365.0,WAW_Monday,148.08162
WAW,AF,Monday,885,1180.0,WAW_Monday,146.13419
WAW,AF,Monday,995,1180.0,WAW_Monday,144.88297
WAW,AF,Monday,1055,1010.0,WAW_Monday,144.76743
WAW,LO,Monday,360,1020.0,WAW_Monday,176.80717
WAW,LO,Monday,395,450.0,WAW_Monday,180.43127
WAW,LO,Monday,485,360.0,WAW_Monday,176.4889
WAW,A3,Tuesday,965,1100.0,WAW_Tuesday,118.50302
WAW,A3,Tuesday,1370,1100.0,WAW_Tuesday,114.06318
WAW,LO,Tuesday,190,445.0,WAW_Tuesday,141.56526
WAW,TP,Tuesday,440,780.0,WAW_Tuesday,147.39183
WAW,TP,Tuesday,645,780.0,WAW_Tuesday,147.18544
WAW,AF,Tuesday,370,365.0,WAW_Tuesday,148.75458
WAW,AF,Tuesday,375,1010.0,WAW_Tuesday,146.16443
WAW,AF,Tuesday,380,765.0,WAW_Tuesday,145.89192
WAW,AF,Tuesday,620,765.0,WAW_Tuesday,146.08537
WAW,AF,Tuesday,625,365.0,WAW_Tuesday,147.33421
WAW,AF,Tuesday,885,1180.0,WAW_Tuesday,145.26653
WAW,AF,Tuesday,995,1180.0,WAW_Tuesday,143.34056
WAW,AF,Tuesday,1055,1010.0,WAW_Tuesday,143.89189
WAW,LO,Tuesday,360,1020.0,WAW_Tuesday,177.50447
WAW,LO,Tuesday,395,450.0,WAW_Tuesday,181.12857
WAW,LO,Wednesday,190,875.0,WAW_Wednesday,141.42519
WAW,TP,Wednesday,970,1075.0,WAW_Wednesday,145.99704
WAW,TP,Wednesday,1070,1075.0,WAW_Wednesday,146.35611
WAW,AF,Wednesday,370,365.0,WAW_Wednesday,148.33852
WAW,AF,Wednesday,375,1010.0,WAW_Wednesday,146.89525
WAW,AF,Wednesday,380,765.0,WAW_Wednesday,146.90079
WAW,AF,Wednesday,620,765.0,WAW_Wednesday,146.8443
WAW,AF,Wednesday,625,365.0,WAW_Wednesday,148.3472
WAW,AF,Wednesday,885,1180.0,WAW_Wednesday,146.39977
WAW,AF,Wednesday,995,1180.0,WAW_Wednesday,145.14854
WAW,AF,Wednesday,1055,1010.0,WAW_Wednesday,145.033
WAW,A3,Wednesday,1370,1100.0,WAW_Wednesday,120.71846
WAW,OS,Wednesday,285,900.0,WAW_Wednesday,178.5918
WAW,SN,Wednesday,465,390.0,WAW_Wednesday,170.6081
WAW,SN,Wednesday,835,390.0,WAW_Wednesday,173.76837
WAW,A3,Thursday,965,1100.0,WAW_Thursday,125.85924
WAW,A3,Thursday,1370,1100.0,WAW_Thursday,115.978775
WAW,LO,Thursday,190,445.0,WAW_Thursday,144.40295
WAW,TP,Thursday,440,780.0,WAW_Thursday,146.8136
WAW,TP,Thursday,645,780.0,WAW_Thursday,146.90335
WAW,AF,Thursday,370,365.0,WAW_Thursday,144.08145
WAW,AF,Thursday,375,1010.0,WAW_Thursday,143.52707
WAW,AF,Thursday,380,765.0,WAW_Thursday,143.53261
WAW,AF,Thursday,620,765.0,WAW_Thursday,143.47612
WAW,AF,Thursday,625,365.0,WAW_Thursday,144.09013
WAW,AF,Thursday,885,1180.0,WAW_Thursday,144.56444
WAW,AF,Thursday,995,1180.0,WAW_Thursday,143.33817
WAW,AF,Thursday,1055,1010.0,WAW_Thursday,141.66483
WAW,DY,Thursday,1475,725.0,WAW_Thursday,145.69838
WAW,OS,Thursday,285,900.0,WAW_Thursday,172.08224
WAW,A3,Friday,1370,695.0,WAW_Friday,117.8904
WAW,A3,Friday,1775,695.0,WAW_Friday,117.96723
WAW,LO,Friday,190,875.0,WAW_Friday,142.30132
WAW,TP,Friday,970,1075.0,WAW_Friday,146.22003
WAW,TP,Friday,1070,1075.0,WAW_Friday,146.5791
WAW,AF,Friday,370,365.0,WAW_Friday,150.31235
WAW,AF,Friday,375,1010.0,WAW_Friday,148.78636
WAW,AF,Friday,380,765.0,WAW_Friday,148.7919
WAW,AF,Friday,620,765.0,WAW_Friday,148.73541
WAW,AF,Friday,625,365.0,WAW_Friday,150.32103
WAW,AF,Friday,885,1180.0,WAW_Friday,148.29088
WAW,AF,Friday,995,1180.0,WAW_Friday,147.03966
WAW,AF,Friday,1055,1010.0,WAW_Friday,146.92412
WAW,OS,Friday,285,900.0,WAW_Friday,177.27957
WAW,OS,Friday,825,1165.0,WAW_Friday,179.70087
WAW,A3,Saturday,965,1100.0,WAW_Saturday,121.06626
WAW,A3,Saturday,1370,1100.0,WAW_Saturday,117.30279
WAW,LO,Saturday,190,445.0,WAW_Saturday,143.84137
WAW,TP,Saturday,440,780.0,WAW_Saturday,148.73283
WAW,TP,Saturday,645,780.0,WAW_Saturday,148.82259
WAW,AF,Saturday,370,365.0,WAW_Saturday,149.03168
WAW,AF,Saturday,380,765.0,WAW_Saturday,147.2623
WAW,AF,Saturday,625,365.0,WAW_Saturday,148.75047
WAW,AF,Saturday,885,1180.0,WAW_Saturday,146.53403
WAW,AF,Saturday,995,1180.0,WAW_Saturday,145.2828
WAW,AF,Saturday,1055,1010.0,WAW_Saturday,145.16727
WAW,OS,Saturday,575,610.0,WAW_Saturday,170.5566
WAW,SN,Saturday,465,390.0,WAW_Saturday,170.99112
WAW,SN,Saturday,835,390.0,WAW_Saturday,174.34995
WAW,LX,Saturday,550,590.0,WAW_Saturday,201.87231
WAW,A3,Sunday,1370,695.0,WAW_Sunday,117.304184
WAW,A3,Sunday,1775,695.0,WAW_Sunday,117.38101
WAW,DY,Sunday,1335,865.0,WAW_Sunday,141.83551
WAW,LO,Sunday,190,875.0,WAW_Sunday,147.32622
WAW,TP,Sunday,440,780.0,WAW_Sunday,148.39423
WAW,TP,Sunday,645,780.0,WAW_Sunday,148.48398
WAW,AF,Sunday,370,365.0,WAW_Sunday,153.8975
WAW,AF,Sunday,375,1010.0,WAW_Sunday,151.88756
WAW,AF,Sunday,380,765.0,WAW_Sunday,152.45978
WAW,AF,Sunday,620,765.0,WAW_Sunday,152.40329
WAW,AF,Sunday,625,365.0,WAW_Sunday,153.90619
WAW,AF,Sunday,885,1180.0,WAW_Sunday,151.63463
WAW,AF,Sunday,995,1180.0,WAW_Sunday,150.88814
WAW,AF,Sunday,1055,1010.0,WAW_Sunday,150.32928
WAW,OS,Sunday,285,900.0,WAW_Sunday,167.60788
WAW,A3,Monday,965,1100.0,WAW_Monday,120.41726
WAW,A3,Monday,1370,1100.0,WAW_Monday,115.97742
WAW,AF,Monday,370,365.0,WAW_Monday,148.07294
WAW,AF,Monday,375,1010.0,WAW_Monday,146.62967
WAW,AF,Monday,380,765.0,WAW_Monday,146.63521
WAW,AF,Monday,620,765.0,WAW_Monday,146.57872
WAW,AF,Monday,625,365.0,WAW_Monday,148.08162
WAW,AF,Monday,885,1180.0,WAW_Monday,146.13419
WAW,AF,Monday,995,1180.0,WAW_Monday,144.88297
WAW,AF,Monday,1055,1010.0,WAW_Monday,144.76743
WAW,LO,Monday,190,875.0,WAW_Monday,148.47491
WAW,TP,Monday,440,780.0,WAW_Monday,147.83125
WAW,TP,Monday,645,780.0,WAW_Monday,147.921
WAW,OS,Monday,285,900.0,WAW_Monday,173.68318
WAW,OS,Monday,575,610.0,WAW_Monday,167.72137
WAW,LO,Tuesday,190,445.0,WAW_Tuesday,141.56526
WAW,AF,Tuesday,330,1045.0,WAW_Tuesday,144.6273
WAW,AF,Tuesday,445,395.0,WAW_Tuesday,147.1159
WAW,AF,Tuesday,505,395.0,WAW_Tuesday,146.73595
WAW,AF,Tuesday,925,1045.0,WAW_Tuesday,142.93279
WAW,AF,Tuesday,370,365.0,WAW_Tuesday,148.75458
WAW,AF,Tuesday,375,1010.0,WAW_Tuesday,146.16443
WAW,AF,Tuesday,380,765.0,WAW_Tuesday,145.89192
WAW,AF,Tuesday,620,765.0,WAW_Tuesday,146.08537
WAW,AF,Tuesday,625,365.0,WAW_Tuesday,147.33421
WAW,AF,Tuesday,885,1180.0,WAW_Tuesday,145.26653
WAW,AF,Tuesday,995,1180.0,WAW_Tuesday,143.34056
WAW,AF,Tuesday,1055,1010.0,WAW_Tuesday,143.89189
WAW,TP,Tuesday,440,780.0,WAW_Tuesday,147.39183
WAW,TP,Tuesday,645,780.0,WAW_Tuesday,147.18544
WAW,A3,Wednesday,1370,1100.0,WAW_Wednesday,120.71846
WAW,LO,Wednesday,190,875.0,WAW_Wednesday,141.42519
WAW,A3,Wednesday,965,1100.0,WAW_Wednesday,125.15831
WAW,AF,Wednesday,370,365.0,WAW_Wednesday,148.33852
WAW,AF,Wednesday,375,1010.0,WAW_Wednesday,146.89525
WAW,AF,Wednesday,380,765.0,WAW_Wednesday,146.90079
WAW,AF,Wednesday,620,765.0,WAW_Wednesday,146.8443
WAW,AF,Wednesday,625,365.0,WAW_Wednesday,148.3472
WAW,AF,Wednesday,885,1180.0,WAW_Wednesday,146.39977
WAW,AF,Wednesday,995,1180.0,WAW_Wednesday,145.14854
WAW,AF,Wednesday,1055,1010.0,WAW_Wednesday,145.033
WAW,TP,Wednesday,970,1075.0,WAW_Wednesday,145.99704
WAW,TP,Wednesday,1070,1075.0,WAW_Wednesday,146.35611
WAW,OS,Wednesday,285,900.0,WAW_Wednesday,178.5918
WAW,SN,Wednesday,465,390.0,WAW_Wednesday,170.6081
WAW,A3,Thursday,965,1100.0,WAW_Thursday,125.85924
WAW,A3,Thursday,1370,1100.0,WAW_Thursday,115.978775
WAW,LO,Thursday,190,445.0,WAW_Thursday,144.40295
WAW,AF,Thursday,445,395.0,WAW_Thursday,146.11737
WAW,AF,Thursday,370,365.0,WAW_Thursday,144.08145
WAW,AF,Thursday,375,1010.0,WAW_Thursday,143.52707
WAW,AF,Thursday,380,765.0,WAW_Thursday,143.53261
WAW,AF,Thursday,620,765.0,WAW_Thursday,143.47612
WAW,AF,Thursday,625,365.0,WAW_Thursday,144.09013
WAW,AF,Thursday,885,1180.0,WAW_Thursday,144.56444
WAW,AF,Thursday,995,1180.0,WAW_Thursday,143.33817
WAW,AF,Thursday,1055,1010.0,WAW_Thursday,141.66483
WAW,TP,Thursday,440,780.0,WAW_Thursday,146.8136
WAW,TP,Thursday,645,780.0,WAW_Thursday,146.90335
WAW,OS,Thursday,285,900.0,WAW_Thursday,172.08224
WAW,A3,Friday,1370,695.0,WAW_Friday,117.8904
WAW,A3,Friday,1775,695.0,WAW_Friday,117.96723
WAW,LO,Friday,190,875.0,WAW_Friday,142.30132
WAW,AF,Friday,370,365.0,WAW_Friday,150.31235
WAW,AF,Friday,375,1010.0,WAW_Friday,148.78636
WAW,AF,Friday,380,765.0,WAW_Friday,148.7919
WAW,AF,Friday,620,765.0,WAW_Friday,148.73541
WAW,AF,Friday,625,365.0,WAW_Friday,150.32103
WAW,AF,Friday,885,1180.0,WAW_Friday,148.29088
WAW,AF,Friday,995,1180.0,WAW_Friday,147.03966
WAW,AF,Friday,1055,1010.0,WAW_Friday,146.92412
WAW,SK,Friday,485,615.0,WAW_Friday,165.69336
WAW,TP,Friday,970,1075.0,WAW_Friday,146.22003
WAW,TP,Friday,1070,1075.0,WAW_Friday,146.5791
WAW,OS,Friday,285,900.0,WAW_Friday,177.27957
WAW,A3,Saturday,965,1100.0,WAW_Saturday,121.06626
WAW,A3,Saturday,1370,1100.0,WAW_Saturday,117.30279
WAW,AF,Saturday,370,365.0,WAW_Saturday,149.03168
WAW,AF,Saturday,380,765.0,WAW_Saturday,147.2623
WAW,AF,Saturday,625,365.0,WAW_Saturday,148.75047
WAW,AF,Saturday,885,1180.0,WAW_Saturday,146.53403
WAW,AF,Saturday,995,1180.0,WAW_Saturday,145.2828
WAW,AF,Saturday,1055,1010.0,WAW_Saturday,145.16727
WAW,LO,Saturday,190,445.0,WAW_Saturday,143.84137
WAW,AF,Saturday,1005,965.0,WAW_Saturday,144.51575
WAW,AF,Saturday,410,965.0,WAW_Saturday,148.1029
WAW,TP,Saturday,440,780.0,WAW_Saturday,148.73283
WAW,TP,Saturday,645,780.0,WAW_Saturday,148.82259
WAW,OS,Saturday,575,610.0,WAW_Saturday,170.5566
WAW,SN,Saturday,465,390.0,WAW_Saturday,170.99112
WAW,A3,Sunday,1370,695.0,WAW_Sunday,117.304184
WAW,A3,Sunday,1775,695.0,WAW_Sunday,117.38101
WAW,AF,Sunday,370,365.0,WAW_Sunday,153.8975
WAW,AF,Sunday,375,1010.0,WAW_Sunday,151.88756
WAW,AF,Sunday,380,765.0,WAW_Sunday,152.45978
WAW,AF,Sunday,620,765.0,WAW_Sunday,152.40329
WAW,AF,Sunday,625,365.0,WAW_Sunday,153.90619
WAW,AF,Sunday,885,1180.0,WAW_Sunday,151.63463
WAW,AF,Sunday,995,1180.0,WAW_Sunday,150.88814
WAW,AF,Sunday,1055,1010.0,WAW_Sunday,150.32928
WAW,LO,Sunday,190,875.0,WAW_Sunday,147.32622
WAW,TP,Sunday,440,780.0,WAW_Sunday,148.39423
WAW,TP,Sunday,645,780.0,WAW_Sunday,148.48398
WAW,OS,Sunday,285,900.0,WAW_Sunday,167.60788
WAW,OS,Sunday,825,1165.0,WAW_Sunday,165.88884
WAW,DY,Monday,1475,725.0,WAW_Monday,140.19948
WAW,A3,Monday,965,1100.0,WAW_Monday,120.41726
WAW,A3,Monday,1370,1100.0,WAW_Monday,115.97742
WAW,AF,Monday,370,365.0,WAW_Monday,148.07294
WAW,AF,Monday,375,1010.0,WAW_Monday,146.62967
WAW,AF,Monday,380,765.0,WAW_Monday,146.63521
WAW,AF,Monday,620,765.0,WAW_Monday,146.57872
WAW,AF,Monday,625,365.0,WAW_Monday,148.08162
WAW,AF,Monday,885,1180.0,WAW_Monday,146.13419
WAW,AF,Monday,995,1180.0,WAW_Monday,144.88297
WAW,AF,Monday,1055,1010.0,WAW_Monday,144.76743
WAW,AF,Monday,330,1045.0,WAW_Monday,146.46408
WAW,AF,Monday,375,785.0,WAW_Monday,146.63521
WAW,AF,Monday,445,395.0,WAW_Monday,149.21997
WAW,AF,Monday,590,785.0,WAW_Monday,146.8887
WAW,A3,Tuesday,965,1100.0,WAW_Tuesday,118.50302
WAW,A3,Tuesday,1370,1100.0,WAW_Tuesday,114.06318
WAW,AF,Tuesday,370,365.0,WAW_Tuesday,148.75458
WAW,AF,Tuesday,375,1010.0,WAW_Tuesday,146.16443
WAW,AF,Tuesday,380,765.0,WAW_Tuesday,145.89192
WAW,AF,Tuesday,620,765.0,WAW_Tuesday,146.08537
WAW,AF,Tuesday,625,365.0,WAW_Tuesday,147.33421
WAW,AF,Tuesday,885,1180.0,WAW_Tuesday,145.26653
WAW,AF,Tuesday,995,1180.0,WAW_Tuesday,143.34056
WAW,AF,Tuesday,1055,1010.0,WAW_Tuesday,143.89189
WAW,LO,Tuesday,190,445.0,WAW_Tuesday,141.56526
WAW,AF,Tuesday,330,1045.0,WAW_Tuesday,144.6273
WAW,AF,Tuesday,925,1045.0,WAW_Tuesday,142.93279
WAW,AF,Tuesday,445,395.0,WAW_Tuesday,147.1159
WAW,AF,Tuesday,505,395.0,WAW_Tuesday,146.73595
WAW,A3,Wednesday,965,1100.0,WAW_Wednesday,125.15831
WAW,A3,Wednesday,1370,1100.0,WAW_Wednesday,120.71846
WAW,AF,Wednesday,370,365.0,WAW_Wednesday,148.33852
WAW,AF,Wednesday,375,1010.0,WAW_Wednesday,146.89525
WAW,AF,Wednesday,380,765.0,WAW_Wednesday,146.90079
WAW,AF,Wednesday,620,765.0,WAW_Wednesday,146.8443
WAW,AF,Wednesday,625,365.0,WAW_Wednesday,148.3472
WAW,AF,Wednesday,885,1180.0,WAW_Wednesday,146.39977
WAW,AF,Wednesday,995,1180.0,WAW_Wednesday,145.14854
WAW,AF,Wednesday,1055,1010.0,WAW_Wednesday,145.033
WAW,LO,Wednesday,190,875.0,WAW_Wednesday,141.42519
WAW,AF,Wednesday,445,395.0,WAW_Wednesday,149.48555
WAW,AF,Wednesday,505,395.0,WAW_Wednesday,149.01231
WAW,TP,Wednesday,970,1075.0,WAW_Wednesday,145.99704
WAW,TP,Wednesday,1070,1075.0,WAW_Wednesday,146.35611
WAW,A3,Thursday,965,1100.0,WAW_Thursday,125.85924
WAW,A3,Thursday,1370,1100.0,WAW_Thursday,115.978775
WAW,AF,Thursday,370,365.0,WAW_Thursday,144.08145
WAW,AF,Thursday,375,1010.0,WAW_Thursday,143.52707
WAW,AF,Thursday,380,765.0,WAW_Thursday,143.53261
WAW,AF,Thursday,620,765.0,WAW_Thursday,143.47612
WAW,AF,Thursday,625,365.0,WAW_Thursday,144.09013
WAW,AF,Thursday,1055,1010.0,WAW_Thursday,141.66483
WAW,TP,Thursday,440,780.0,WAW_Thursday,146.8136
WAW,TP,Thursday,645,780.0,WAW_Thursday,146.90335
WAW,OS,Thursday,285,900.0,WAW_Thursday,172.08224
WAW,SN,Thursday,465,390.0,WAW_Thursday,176.7893
WAW,SN,Thursday,835,390.0,WAW_Thursday,179.65208
WAW,LX,Thursday,510,870.0,WAW_Thursday,197.82297
WAW,LX,Thursday,1100,1185.0,WAW_Thursday,199.88577
VIE,A3,Wednesday,375,655.0,VIE_Wednesday,153.17694
VIE,JU,Wednesday,735,1250.0,VIE_Wednesday,151.85263
VIE,A3,Wednesday,1410,655.0,VIE_Wednesday,154.22931
VIE,IB,Wednesday,350,740.0,VIE_Wednesday,168.38144
VIE,IB,Wednesday,760,1185.0,VIE_Wednesday,172.59317
VIE,JU,Wednesday,595,590.0,VIE_Wednesday,164.29811
VIE,JU,Wednesday,1395,590.0,VIE_Wednesday,162.39511
VIE,LH,Wednesday,1355,1210.0,VIE_Wednesday,201.05469
VIE,LH,Wednesday,550,575.0,VIE_Wednesday,202.3743
VIE,SK,Wednesday,485,615.0,VIE_Wednesday,206.01743
VIE,LH,Wednesday,1250,955.0,VIE_Wednesday,200.04417
VIE,AF,Wednesday,295,375.0,VIE_Wednesday,176.56158
VIE,AF,Wednesday,465,375.0,VIE_Wednesday,176.72272
VIE,AF,Wednesday,870,1100.0,VIE_Wednesday,167.58983
VIE,AF,Wednesday,1010,1100.0,VIE_Wednesday,165.21074
VIE,JU,Thursday,735,1250.0,VIE_Thursday,144.83395
VIE,JU,Thursday,1395,590.0,VIE_Thursday,146.57285
VIE,A3,Thursday,375,655.0,VIE_Thursday,151.15997
VIE,TP,Thursday,475,745.0,VIE_Thursday,148.56738
VIE,JU,Thursday,1375,1250.0,VIE_Thursday,142.15518
VIE,TP,Thursday,680,745.0,VIE_Thursday,148.5857
VIE,IB,Thursday,760,1185.0,VIE_Thursday,171.6799
VIE,A3,Thursday,1410,655.0,VIE_Thursday,151.799
VIE,LH,Thursday,1095,885.0,VIE_Thursday,197.94975
VIE,LH,Thursday,1355,1210.0,VIE_Thursday,199.8952
VIE,LH,Thursday,1415,1170.0,VIE_Thursday,196.78374
VIE,OS,Thursday,925,1055.0,VIE_Thursday,194.78337
VIE,AF,Thursday,280,745.0,VIE_Thursday,164.20842
VIE,AF,Thursday,295,375.0,VIE_Thursday,168.73695
VIE,VY,Thursday,335,425.0,VIE_Thursday,205.32686
VIE,IB,Friday,140,845.0,VIE_Friday,117.58796
VIE,VY,Friday,140,845.0,VIE_Friday,117.97758
VIE,TP,Friday,475,745.0,VIE_Friday,145.63799
VIE,TP,Friday,680,745.0,VIE_Friday,144.85724
VIE,A3,Friday,1360,1110.0,VIE_Friday,144.26872
VIE,JU,Friday,285,900.0,VIE_Friday,144.73248
VIE,JU,Friday,735,1250.0,VIE_Friday,146.08485
VIE,JU,Friday,1085,900.0,VIE_Friday,146.8234
VIE,JU,Friday,595,590.0,VIE_Friday,150.13556
VIE,LO,Friday,505,560.0,VIE_Friday,181.44705
VIE,VY,Friday,335,425.0,VIE_Friday,206.08755
VIE,VY,Friday,435,425.0,VIE_Friday,211.92592
VIE,VY,Friday,485,740.0,VIE_Friday,201.69633
VIE,EI,Friday,535,690.0,VIE_Friday,207.40457
VIE,SK,Friday,1335,1205.0,VIE_Friday,218.87436
VIE,A3,Saturday,375,655.0,VIE_Saturday,144.312
VIE,IB,Saturday,435,425.0,VIE_Saturday,194.99377
VIE,A3,Saturday,1410,655.0,VIE_Saturday,168.85796
VIE,TP,Saturday,865,1180.0,VIE_Saturday,163.04236
VIE,TP,Saturday,965,1180.0,VIE_Saturday,161.65018
VIE,VY,Saturday,485,740.0,VIE_Saturday,237.03876
VIE,VY,Saturday,335,425.0,VIE_Saturday,238.01163
VIE,VY,Saturday,435,425.0,VIE_Saturday,242.32632
VIE,VY,Saturday,540,740.0,VIE_Saturday,236.74081
VIE,AF,Saturday,325,410.0,VIE_Saturday,194.9575
VIE,AF,Saturday,580,410.0,VIE_Saturday,196.13464
VIE,AF,Saturday,1050,1015.0,VIE_Saturday,185.49434
VIE,AF,Saturday,935,1130.0,VIE_Saturday,195.65059
VIE,AF,Saturday,1045,1130.0,VIE_Saturday,192.12955
VIE,AF,Saturday,465,375.0,VIE_Saturday,196.96434
VIE,IB,Sunday,140,845.0,VIE_Sunday,118.292274
VIE,VY,Sunday,140,845.0,VIE_Sunday,116.03139
VIE,TP,Sunday,475,745.0,VIE_Sunday,143.57092
VIE,TP,Sunday,680,745.0,VIE_Sunday,142.75325
VIE,TP,Sunday,865,1180.0,VIE_Sunday,142.8946
VIE,TP,Sunday,965,1180.0,VIE_Sunday,141.53275
VIE,A3,Sunday,955,1110.0,VIE_Sunday,139.98372
VIE,A3,Sunday,1360,1110.0,VIE_Sunday,139.74509
VIE,JU,Sunday,285,900.0,VIE_Sunday,143.05338
VIE,JU,Sunday,595,590.0,VIE_Sunday,144.13571
VIE,JU,Sunday,1085,900.0,VIE_Sunday,140.78662
VIE,JU,Sunday,735,1250.0,VIE_Sunday,139.6153
VIE,IB,Sunday,415,740.0,VIE_Sunday,171.85919
VIE,IB,Sunday,760,1185.0,VIE_Sunday,174.01804
VIE,LH,Sunday,990,990.0,VIE_Sunday,193.47978
VIE,JU,Monday,595,590.0,VIE_Monday,161.9461
VIE,IB,Monday,350,740.0,VIE_Monday,174.73848
VIE,IB,Monday,430,940.0,VIE_Monday,174.38292
VIE,JU,Monday,735,1250.0,VIE_Monday,182.55453
VIE,A3,Monday,375,655.0,VIE_Monday,154.67586
VIE,A3,Monday,1410,655.0,VIE_Monday,159.12627
VIE,DY,Monday,1260,940.0,VIE_Monday,179.9273
VIE,JU,Monday,1395,590.0,VIE_Monday,189.2714
VIE,AF,Monday,295,375.0,VIE_Monday,184.63177
VIE,AF,Monday,465,375.0,VIE_Monday,183.45964
VIE,EI,Monday,535,690.0,VIE_Monday,212.17535
VIE,AF,Monday,410,735.0,VIE_Monday,168.64064
VIE,AF,Monday,580,410.0,VIE_Monday,175.31268
VIE,OS,Monday,140,1045.0,VIE_Monday,217.58224
VIE,LO,Monday,505,560.0,VIE_Monday,196.34544
VIE,TP,Tuesday,475,745.0,VIE_Tuesday,145.90768
VIE,TP,Tuesday,680,745.0,VIE_Tuesday,145.12694
VIE,A3,Tuesday,375,655.0,VIE_Tuesday,150.85588
VIE,A3,Tuesday,1410,655.0,VIE_Tuesday,149.04057
VIE,JU,Tuesday,1375,1250.0,VIE_Tuesday,154.11703
VIE,IB,Tuesday,350,740.0,VIE_Tuesday,169.56273
VIE,IB,Tuesday,435,425.0,VIE_Tuesday,177.2818
VIE,IB,Tuesday,760,1185.0,VIE_Tuesday,172.72798
VIE,LO,Tuesday,1340,1165.0,VIE_Tuesday,167.72511
VIE,SK,Tuesday,1335,1205.0,VIE_Tuesday,205.45236
VIE,AF,Tuesday,280,745.0,VIE_Tuesday,164.66496
VIE,AF,Tuesday,295,375.0,VIE_Tuesday,170.13153
VIE,AF,Tuesday,415,745.0,VIE_Tuesday,166.62971
VIE,AF,Tuesday,465,375.0,VIE_Tuesday,170.00458
VIE,AF,Tuesday,325,410.0,VIE_Tuesday,172.30634
VIE,JU,Wednesday,735,1250.0,VIE_Wednesday,151.85263
VIE,DY,Wednesday,1355,845.0,VIE_Wednesday,155.06593
VIE,IB,Wednesday,760,1185.0,VIE_Wednesday,172.59317
VIE,A3,Wednesday,375,655.0,VIE_Wednesday,153.17694
VIE,A3,Wednesday,1410,655.0,VIE_Wednesday,154.22931
VIE,LO,Wednesday,505,560.0,VIE_Wednesday,177.90149
VIE,LH,Wednesday,550,575.0,VIE_Wednesday,202.3743
VIE,SK,Wednesday,485,615.0,VIE_Wednesday,206.01743
VIE,OS,Wednesday,925,1055.0,VIE_Wednesday,196.65858
VIE,AF,Wednesday,295,375.0,VIE_Wednesday,176.56158
VIE,AF,Wednesday,465,375.0,VIE_Wednesday,176.72272
VIE,AF,Wednesday,870,1100.0,VIE_Wednesday,167.58983
VIE,AF,Wednesday,1010,1100.0,VIE_Wednesday,165.21074
VIE,AF,Wednesday,325,410.0,VIE_Wednesday,171.56807
VIE,AF,Wednesday,365,1020.0,VIE_Wednesday,166.18929
VIE,JU,Thursday,735,1250.0,VIE_Thursday,144.83395
VIE,TP,Thursday,475,745.0,VIE_Thursday,148.56738
VIE,TP,Thursday,680,745.0,VIE_Thursday,148.5857
VIE,A3,Thursday,375,655.0,VIE_Thursday,151.15997
VIE,A3,Thursday,1410,655.0,VIE_Thursday,151.799
VIE,JU,Thursday,1375,1250.0,VIE_Thursday,142.15518
VIE,JU,Thursday,1395,590.0,VIE_Thursday,146.57285
VIE,IB,Thursday,350,740.0,VIE_Thursday,167.86833
VIE,IB,Thursday,760,1185.0,VIE_Thursday,171.6799
VIE,LO,Thursday,1340,1165.0,VIE_Thursday,168.8341
VIE,AF,Thursday,280,745.0,VIE_Thursday,164.20842
VIE,AF,Thursday,295,375.0,VIE_Thursday,168.73695
VIE,AF,Thursday,415,745.0,VIE_Thursday,166.04663
VIE,AF,Thursday,465,375.0,VIE_Thursday,167.49477
VIE,AF,Thursday,870,1100.0,VIE_Thursday,164.88681
VIE,IB,Friday,140,845.0,VIE_Friday,117.58796
VIE,VY,Friday,140,845.0,VIE_Friday,117.97758
VIE,TP,Friday,475,745.0,VIE_Friday,145.63799
VIE,TP,Friday,680,745.0,VIE_Friday,144.85724
VIE,A3,Friday,955,1110.0,VIE_Friday,144.50735
VIE,A3,Friday,1360,1110.0,VIE_Friday,144.26872
VIE,JU,Friday,285,900.0,VIE_Friday,144.73248
VIE,JU,Friday,735,1250.0,VIE_Friday,146.08485
VIE,JU,Friday,1085,900.0,VIE_Friday,146.8234
VIE,JU,Friday,595,590.0,VIE_Friday,150.13556
VIE,IB,Friday,350,740.0,VIE_Friday,167.98701
VIE,IB,Friday,430,940.0,VIE_Friday,168.96893
VIE,AF,Friday,325,410.0,VIE_Friday,172.15863
VIE,AF,Friday,370,1015.0,VIE_Friday,166.3714
VIE,AF,Friday,410,735.0,VIE_Friday,167.63252
VIE,TP,Saturday,865,1180.0,VIE_Saturday,163.04236
VIE,TP,Saturday,965,1180.0,VIE_Saturday,161.65018
VIE,A3,Saturday,375,655.0,VIE_Saturday,144.312
VIE,A3,Saturday,1410,655.0,VIE_Saturday,168.85796
VIE,JU,Saturday,1375,1250.0,VIE_Saturday,144.42276
VIE,AF,Saturday,325,410.0,VIE_Saturday,194.9575
VIE,AF,Saturday,410,735.0,VIE_Saturday,181.02782
VIE,AF,Saturday,580,410.0,VIE_Saturday,196.13464
VIE,OS,Saturday,140,410.0,VIE_Saturday,233.89212
VIE,VY,Saturday,540,740.0,VIE_Saturday,236.74081
VIE,VY,Saturday,335,425.0,VIE_Saturday,238.01163
VIE,VY,Saturday,435,425.0,VIE_Saturday,242.32632
VIE,VY,Saturday,485,740.0,VIE_Saturday,237.03876
VIE,LH,Saturday,935,1170.0,VIE_Saturday,229.03899
VIE,AF,Saturday,935,1130.0,VIE_Saturday,195.65059
VIE,JU,Sunday,735,1250.0,VIE_Sunday,139.6153
VIE,JU,Sunday,1085,900.0,VIE_Sunday,140.78662
VIE,IB,Sunday,140,845.0,VIE_Sunday,118.292274
VIE,VY,Sunday,140,845.0,VIE_Sunday,116.03139
VIE,TP,Sunday,475,745.0,VIE_Sunday,143.57092
VIE,TP,Sunday,680,745.0,VIE_Sunday,142.75325
VIE,TP,Sunday,865,1180.0,VIE_Sunday,142.8946
VIE,TP,Sunday,965,1180.0,VIE_Sunday,141.53275
VIE,A3,Sunday,1360,1110.0,VIE_Sunday,139.74509
VIE,JU,Sunday,285,900.0,VIE_Sunday,143.05338
VIE,JU,Sunday,595,590.0,VIE_Sunday,144.13571
VIE,IB,Sunday,350,740.0,VIE_Sunday,169.47186
VIE,AF,Sunday,325,410.0,VIE_Sunday,169.42409
VIE,AF,Sunday,410,735.0,VIE_Sunday,164.62878
VIE,AF,Sunday,580,410.0,VIE_Sunday,165.09378
VIE,IB,Monday,140,845.0,VIE_Monday,123.24979
VIE,VY,Monday,140,845.0,VIE_Monday,120.69781
VIE,A3,Monday,375,655.0,VIE_Monday,154.67586
VIE,IB,Monday,430,940.0,VIE_Monday,174.38292
VIE,IB,Monday,350,740.0,VIE_Monday,174.73848
VIE,IB,Monday,485,740.0,VIE_Monday,178.40729
VIE,JU,Monday,595,590.0,VIE_Monday,161.9461
VIE,AF,Monday,935,1130.0,VIE_Monday,167.19847
VIE,AF,Monday,1045,1020.0,VIE_Monday,165.2225
VIE,EI,Monday,535,690.0,VIE_Monday,212.17535
VIE,LO,Monday,505,560.0,VIE_Monday,196.34544
VIE,JU,Monday,735,1250.0,VIE_Monday,182.55453
VIE,JU,Monday,1395,590.0,VIE_Monday,189.2714
VIE,AF,Monday,870,1100.0,VIE_Monday,171.6004
VIE,DY,Monday,1260,940.0,VIE_Monday,179.9273
VIE,A3,Tuesday,375,655.0,VIE_Tuesday,150.85588
VIE,A3,Tuesday,1410,655.0,VIE_Tuesday,149.04057
VIE,LO,Tuesday,1340,1165.0,VIE_Tuesday,167.72511
VIE,IB,Tuesday,350,740.0,VIE_Tuesday,169.56273
VIE,IB,Tuesday,760,1185.0,VIE_Tuesday,172.72798
VIE,AF,Tuesday,325,410.0,VIE_Tuesday,172.30634
VIE,AF,Tuesday,365,1020.0,VIE_Tuesday,165.00879
VIE,AF,Tuesday,410,735.0,VIE_Tuesday,166.03448
VIE,AF,Tuesday,580,410.0,VIE_Tuesday,168.64178
VIE,AF,Tuesday,650,735.0,VIE_Tuesday,165.64006
VIE,AF,Tuesday,935,1130.0,VIE_Tuesday,164.74713
VIE,AF,Tuesday,1045,1020.0,VIE_Tuesday,164.29944
VIE,LH,Tuesday,1095,885.0,VIE_Tuesday,200.03871
VIE,LH,Tuesday,1355,1210.0,VIE_Tuesday,201.46
VIE,LH,Tuesday,1135,1170.0,VIE_Tuesday,200.2352
VIE,A3,Wednesday,375,655.0,VIE_Wednesday,153.17694
VIE,A3,Wednesday,1410,655.0,VIE_Wednesday,154.22931
VIE,AF,Wednesday,280,745.0,VIE_Wednesday,160.87003
VIE,AF,Wednesday,295,375.0,VIE_Wednesday,176.56158
VIE,AF,Wednesday,415,745.0,VIE_Wednesday,165.6723
VIE,AF,Wednesday,465,375.0,VIE_Wednesday,176.72272
VIE,AF,Wednesday,870,1100.0,VIE_Wednesday,167.58983
VIE,AF,Wednesday,1010,1100.0,VIE_Wednesday,165.21074
VIE,DY,Wednesday,1355,845.0,VIE_Wednesday,155.06593
VIE,LO,Wednesday,505,560.0,VIE_Wednesday,177.90149
VIE,AF,Wednesday,325,410.0,VIE_Wednesday,171.56807
VIE,AF,Wednesday,365,1020.0,VIE_Wednesday,166.18929
VIE,AF,Wednesday,410,735.0,VIE_Wednesday,165.07707
VIE,AF,Wednesday,580,410.0,VIE_Wednesday,169.62245
VIE,AF,Wednesday,650,735.0,VIE_Wednesday,164.68265
VIE,A3,Thursday,1410,655.0,VIE_Thursday,151.799
VIE,JU,Thursday,1375,1250.0,VIE_Thursday,142.15518
VIE,AF,Thursday,325,410.0,VIE_Thursday,166.95204
VIE,AF,Thursday,370,1015.0,VIE_Thursday,164.19028
VIE,AF,Thursday,580,410.0,VIE_Thursday,166.72708
VIE,AF,Thursday,650,735.0,VIE_Thursday,165.05698
VIE,AF,Thursday,935,1130.0,VIE_Thursday,163.92862
VIE,IB,Thursday,760,1185.0,VIE_Thursday,171.6799
VIE,JU,Thursday,735,1250.0,VIE_Thursday,144.83395
VIE,JU,Thursday,1395,590.0,VIE_Thursday,146.57285
VIE,LH,Thursday,855,1125.0,VIE_Thursday,199.68169
VIE,LH,Thursday,600,525.0,VIE_Thursday,199.1175
VIE,LH,Thursday,1105,1225.0,VIE_Thursday,196.66171
VIE,AF,Thursday,410,735.0,VIE_Thursday,165.4514
VIE,AF,Thursday,1045,1130.0,VIE_Thursday,162.92876
VIE,IB,Friday,140,845.0,VIE_Friday,117.58796
VIE,VY,Friday,140,845.0,VIE_Friday,117.97758
VIE,TP,Friday,475,745.0,VIE_Friday,145.63799
VIE,TP,Friday,680,745.0,VIE_Friday,144.85724
VIE,JU,Friday,285,900.0,VIE_Friday,144.73248
VIE,JU,Friday,735,1250.0,VIE_Friday,146.08485
VIE,JU,Friday,1085,900.0,VIE_Friday,146.8234
VIE,LO,Friday,505,560.0,VIE_Friday,181.44705
VIE,AF,Friday,325,410.0,VIE_Friday,172.15863
VIE,AF,Friday,370,1015.0,VIE_Friday,166.3714
VIE,AF,Friday,410,735.0,VIE_Friday,167.63252
VIE,AF,Friday,580,410.0,VIE_Friday,171.78839
VIE,AF,Friday,650,735.0,VIE_Friday,167.2381
VIE,AF,Friday,935,1130.0,VIE_Friday,166.10974
VIE,AF,Friday,1045,1130.0,VIE_Friday,165.10988
VIE,TP,Saturday,865,1180.0,VIE_Saturday,163.04236
VIE,TP,Saturday,965,1180.0,VIE_Saturday,161.65018
VIE,JU,Saturday,1375,1250.0,VIE_Saturday,144.42276
VIE,AF,Saturday,295,375.0,VIE_Saturday,187.86513
VIE,AF,Saturday,465,375.0,VIE_Saturday,196.96434
VIE,AF,Saturday,325,410.0,VIE_Saturday,194.9575
VIE,AF,Saturday,410,735.0,VIE_Saturday,181.02782
VIE,AF,Saturday,580,410.0,VIE_Saturday,196.13464
VIE,AF,Saturday,935,1130.0,VIE_Saturday,195.65059
VIE,AF,Saturday,1045,1130.0,VIE_Saturday,192.12955
VIE,AF,Saturday,1050,1015.0,VIE_Saturday,185.49434
VIE,OS,Saturday,140,410.0,VIE_Saturday,233.89212
VIE,OS,Saturday,140,1045.0,VIE_Saturday,231.24739
VIE,VY,Saturday,335,425.0,VIE_Saturday,238.01163
VIE,VY,Saturday,435,425.0,VIE_Saturday,242.32632
VIE,IB,Sunday,140,845.0,VIE_Sunday,118.292274
VIE,VY,Sunday,140,845.0,VIE_Sunday,116.03139
VIE,TP,Sunday,965,1180.0,VIE_Sunday,141.53275
VIE,A3,Sunday,955,1110.0,VIE_Sunday,139.98372
VIE,A3,Sunday,1360,1110.0,VIE_Sunday,139.74509
VIE,JU,Sunday,285,900.0,VIE_Sunday,143.05338
VIE,JU,Sunday,595,590.0,VIE_Sunday,144.13571
VIE,JU,Sunday,735,1250.0,VIE_Sunday,139.6153
VIE,JU,Sunday,1085,900.0,VIE_Sunday,140.78662
VIE,TP,Sunday,475,745.0,VIE_Sunday,143.57092
VIE,TP,Sunday,680,745.0,VIE_Sunday,142.75325
VIE,TP,Sunday,865,1180.0,VIE_Sunday,142.8946
VIE,DY,Sunday,1460,740.0,VIE_Sunday,149.38292
VIE,LO,Sunday,1450,1055.0,VIE_Sunday,172.37852
VIE,IB,Sunday,735,1185.0,VIE_Sunday,173.6377
VIE,IB,Monday,140,845.0,VIE_Monday,123.24979
VIE,VY,Monday,140,845.0,VIE_Monday,120.69781
VIE,A3,Monday,375,655.0,VIE_Monday,154.67586
VIE,A3,Monday,1410,655.0,VIE_Monday,159.12627
VIE,JU,Monday,595,590.0,VIE_Monday,161.9461
VIE,AF,Monday,465,375.0,VIE_Monday,183.45964
VIE,AF,Monday,325,410.0,VIE_Monday,169.72838
VIE,AF,Monday,365,1020.0,VIE_Monday,162.10812
VIE,AF,Monday,410,735.0,VIE_Monday,168.64064
VIE,AF,Monday,580,410.0,VIE_Monday,175.31268
VIE,AF,Monday,650,735.0,VIE_Monday,166.59863
VIE,AF,Monday,935,1130.0,VIE_Monday,167.19847
VIE,AF,Monday,1045,1020.0,VIE_Monday,165.2225
VIE,AF,Monday,1045,1130.0,VIE_Monday,164.66447
VIE,LO,Monday,505,560.0,VIE_Monday,196.34544
VIE,TP,Tuesday,475,745.0,VIE_Tuesday,145.90768
VIE,TP,Tuesday,680,745.0,VIE_Tuesday,145.12694
VIE,A3,Tuesday,375,655.0,VIE_Tuesday,150.85588
VIE,AF,Tuesday,280,745.0,VIE_Tuesday,164.66496
VIE,AF,Tuesday,295,375.0,VIE_Tuesday,170.13153
VIE,AF,Tuesday,415,745.0,VIE_Tuesday,166.62971
VIE,AF,Tuesday,465,375.0,VIE_Tuesday,170.00458
VIE,LO,Tuesday,1340,1165.0,VIE_Tuesday,167.72511
VIE,AF,Tuesday,325,410.0,VIE_Tuesday,172.30634
VIE,AF,Tuesday,365,1020.0,VIE_Tuesday,165.00879
VIE,AF,Tuesday,410,735.0,VIE_Tuesday,166.03448
VIE,AF,Tuesday,580,410.0,VIE_Tuesday,168.64178
VIE,AF,Tuesday,650,735.0,VIE_Tuesday,165.64006
VIE,AF,Tuesday,935,1130.0,VIE_Tuesday,164.74713
VIE,AF,Tuesday,1045,1020.0,VIE_Tuesday,164.29944
VIE,AF,Wednesday,280,745.0,VIE_Wednesday,160.87003
VIE,AF,Wednesday,415,745.0,VIE_Wednesday,165.6723
VIE,AF,Wednesday,870,1100.0,VIE_Wednesday,167.58983
VIE,AF,Wednesday,1010,1100.0,VIE_Wednesday,165.21074
VIE,LO,Wednesday,505,560.0,VIE_Wednesday,177.90149
VIE,DY,Wednesday,1355,845.0,VIE_Wednesday,155.06593
VIE,JU,Wednesday,735,1250.0,VIE_Wednesday,151.85263
VIE,A3,Wednesday,375,655.0,VIE_Wednesday,153.17694
VIE,A3,Wednesday,1410,655.0,VIE_Wednesday,154.22931
VIE,AF,Wednesday,325,410.0,VIE_Wednesday,171.56807
VIE,AF,Wednesday,365,1020.0,VIE_Wednesday,166.18929
VIE,AF,Wednesday,410,735.0,VIE_Wednesday,165.07707
VIE,AF,Wednesday,580,410.0,VIE_Wednesday,169.62245
VIE,AF,Wednesday,650,735.0,VIE_Wednesday,164.68265
VIE,AF,Wednesday,935,1130.0,VIE_Wednesday,164.12677
VIE,TP,Thursday,475,745.0,VIE_Thursday,148.56738
VIE,TP,Thursday,680,745.0,VIE_Thursday,148.5857
VIE,JU,Thursday,735,1250.0,VIE_Thursday,144.83395
VIE,JU,Thursday,1375,1250.0,VIE_Thursday,142.15518
VIE,AF,Thursday,295,375.0,VIE_Thursday,168.73695
VIE,AF,Thursday,465,375.0,VIE_Thursday,167.49477
VIE,LO,Thursday,1340,1165.0,VIE_Thursday,168.8341
VIE,AF,Thursday,325,410.0,VIE_Thursday,166.95204
VIE,AF,Thursday,370,1015.0,VIE_Thursday,164.19028
VIE,AF,Thursday,410,735.0,VIE_Thursday,165.4514
VIE,AF,Thursday,580,410.0,VIE_Thursday,166.72708
VIE,AF,Thursday,650,735.0,VIE_Thursday,165.05698
VIE,AF,Thursday,935,1130.0,VIE_Thursday,163.92862
VIE,AF,Thursday,1045,1130.0,VIE_Thursday,162.92876
VIE,AF,Thursday,280,745.0,VIE_Thursday,164.20842
VIE,TP,Friday,475,745.0,VIE_Friday,145.63799
VIE,TP,Friday,680,745.0,VIE_Friday,144.85724
VIE,A3,Friday,955,1110.0,VIE_Friday,144.50735
VIE,A3,Friday,1360,1110.0,VIE_Friday,144.26872
VIE,JU,Friday,285,900.0,VIE_Friday,144.73248
VIE,JU,Friday,735,1250.0,VIE_Friday,146.08485
VIE,JU,Friday,1085,900.0,VIE_Friday,146.8234
VIE,LO,Friday,505,560.0,VIE_Friday,181.44705
VIE,JU,Friday,595,590.0,VIE_Friday,150.13556
VIE,AF,Friday,325,410.0,VIE_Friday,172.15863
VIE,AF,Friday,370,1015.0,VIE_Friday,166.3714
VIE,AF,Friday,410,735.0,VIE_Friday,167.63252
VIE,AF,Friday,580,410.0,VIE_Friday,171.78839
VIE,AF,Friday,650,735.0,VIE_Friday,167.2381
VIE,AF,Friday,935,1130.0,VIE_Friday,166.10974
VIE,TP,Saturday,865,1180.0,VIE_Saturday,163.04236
VIE,TP,Saturday,965,1180.0,VIE_Saturday,161.65018
VIE,A3,Saturday,375,655.0,VIE_Saturday,144.312
VIE,AF,Saturday,870,1100.0,VIE_Saturday,176.07014
VIE,AF,Saturday,1010,1100.0,VIE_Saturday,172.93515
VIE,AF,Saturday,325,410.0,VIE_Saturday,194.9575
VIE,AF,Saturday,410,735.0,VIE_Saturday,181.02782
VIE,AF,Saturday,580,410.0,VIE_Saturday,196.13464
VIE,AF,Saturday,935,1130.0,VIE_Saturday,195.65059
VIE,AF,Saturday,1045,1130.0,VIE_Saturday,192.12955
VIE,AF,Saturday,1050,1015.0,VIE_Saturday,185.49434
VIE,JU,Saturday,1375,1250.0,VIE_Saturday,144.42276
VIE,A3,Saturday,1410,655.0,VIE_Saturday,168.85796
VIE,AF,Saturday,280,745.0,VIE_Saturday,192.06244
VIE,AF,Saturday,415,745.0,VIE_Saturday,193.23904
VIE,IB,Sunday,140,845.0,VIE_Sunday,118.292274
VIE,VY,Sunday,140,845.0,VIE_Sunday,116.03139
VIE,A3,Sunday,955,1110.0,VIE_Sunday,139.98372
VIE,A3,Sunday,1360,1110.0,VIE_Sunday,139.74509
VIE,JU,Sunday,1085,900.0,VIE_Sunday,140.78662
VIE,AF,Sunday,325,410.0,VIE_Sunday,169.42409
VIE,AF,Sunday,365,1020.0,VIE_Sunday,160.73946
VIE,AF,Sunday,410,735.0,VIE_Sunday,164.62878
VIE,AF,Sunday,580,410.0,VIE_Sunday,165.09378
VIE,AF,Sunday,650,735.0,VIE_Sunday,160.60318
VIE,AF,Sunday,1045,1020.0,VIE_Sunday,158.50298
VIE,JU,Sunday,285,900.0,VIE_Sunday,143.05338
VIE,JU,Sunday,595,590.0,VIE_Sunday,144.13571
VIE,IB,Sunday,760,1185.0,VIE_Sunday,174.01804
VIE,LH,Sunday,755,1200.0,VIE_Sunday,197.20172
VIE,A3,Monday,375,655.0,VIE_Monday,154.67586
VIE,A3,Monday,1410,655.0,VIE_Monday,159.12627
VIE,DY,Monday,1260,940.0,VIE_Monday,179.9273
VIE,JU,Monday,595,590.0,VIE_Monday,161.9461
VIE,AF,Monday,280,745.0,VIE_Monday,160.31895
VIE,AF,Monday,415,745.0,VIE_Monday,169.03287
VIE,AF,Monday,870,1100.0,VIE_Monday,171.6004
VIE,AF,Monday,325,410.0,VIE_Monday,169.72838
VIE,AF,Monday,365,1020.0,VIE_Monday,162.10812
VIE,AF,Monday,410,735.0,VIE_Monday,168.64064
VIE,AF,Monday,580,410.0,VIE_Monday,175.31268
VIE,AF,Monday,650,735.0,VIE_Monday,166.59863
VIE,AF,Monday,935,1130.0,VIE_Monday,167.19847
VIE,AF,Monday,1045,1020.0,VIE_Monday,165.2225
VIE,AF,Monday,1045,1130.0,VIE_Monday,164.66447
VIE,LO,Tuesday,1340,1165.0,VIE_Tuesday,167.72511
VIE,AF,Tuesday,325,410.0,VIE_Tuesday,172.30634
VIE,AF,Tuesday,365,1020.0,VIE_Tuesday,165.00879
VIE,AF,Tuesday,410,735.0,VIE_Tuesday,166.03448
VIE,AF,Tuesday,580,410.0,VIE_Tuesday,168.64178
VIE,AF,Tuesday,650,735.0,VIE_Tuesday,165.64006
VIE,AF,Tuesday,935,1130.0,VIE_Tuesday,164.74713
VIE,AF,Tuesday,1045,1020.0,VIE_Tuesday,164.29944
VIE,AF,Tuesday,295,375.0,VIE_Tuesday,170.13153
VIE,AF,Tuesday,465,375.0,VIE_Tuesday,170.00458
VIE,A3,Tuesday,375,655.0,VIE_Tuesday,150.85588
VIE,A3,Tuesday,1410,655.0,VIE_Tuesday,149.04057
VIE,IB,Tuesday,350,740.0,VIE_Tuesday,169.56273
VIE,LH,Tuesday,980,1225.0,VIE_Tuesday,197.9991
VIE,LH,Tuesday,1095,885.0,VIE_Tuesday,200.03871
VIE,A3,Wednesday,375,655.0,VIE_Wednesday,153.17694
VIE,LO,Wednesday,505,560.0,VIE_Wednesday,177.90149
VIE,AF,Wednesday,280,745.0,VIE_Wednesday,160.87003
VIE,AF,Wednesday,415,745.0,VIE_Wednesday,165.6723
VIE,AF,Wednesday,870,1100.0,VIE_Wednesday,167.58983
VIE,AF,Wednesday,1010,1100.0,VIE_Wednesday,165.21074
VIE,AF,Wednesday,325,410.0,VIE_Wednesday,171.56807
VIE,AF,Wednesday,365,1020.0,VIE_Wednesday,166.18929
VIE,AF,Wednesday,410,735.0,VIE_Wednesday,165.07707
VIE,AF,Wednesday,580,410.0,VIE_Wednesday,169.62245
VIE,AF,Wednesday,650,735.0,VIE_Wednesday,164.68265
VIE,AF,Wednesday,935,1130.0,VIE_Wednesday,164.12677
VIE,AF,Wednesday,1045,1020.0,VIE_Wednesday,163.70663
VIE,AF,Wednesday,1045,1130.0,VIE_Wednesday,161.6507
VIE,JU,Wednesday,735,1250.0,VIE_Wednesday,151.85263
VIE,JU,Thursday,1375,1250.0,VIE_Thursday,142.15518
VIE,AF,Thursday,325,410.0,VIE_Thursday,166.95204
VIE,AF,Thursday,370,1015.0,VIE_Thursday,164.19028
VIE,AF,Thursday,410,735.0,VIE_Thursday,165.4514
VIE,AF,Thursday,580,410.0,VIE_Thursday,166.72708
VIE,AF,Thursday,650,735.0,VIE_Thursday,165.05698
VIE,AF,Thursday,935,1130.0,VIE_Thursday,163.92862
VIE,AF,Thursday,1045,1130.0,VIE_Thursday,162.92876
VIE,AF,Thursday,1050,1015.0,VIE_Thursday,162.95677
VIE,JU,Thursday,735,1250.0,VIE_Thursday,144.83395
VIE,AF,Thursday,280,745.0,VIE_Thursday,164.20842
VIE,AF,Thursday,295,375.0,VIE_Thursday,168.73695
VIE,AF,Thursday,415,745.0,VIE_Thursday,166.04663
VIE,AF,Thursday,465,375.0,VIE_Thursday,167.49477
VIE,AF,Thursday,870,1100.0,VIE_Thursday,164.88681
LJU,JU,Wednesday,1400,585.0,LJU_Wednesday,152.6813
LJU,JU,Wednesday,600,585.0,LJU_Wednesday,165.59398
LJU,JU,Wednesday,740,1245.0,LJU_Wednesday,154.94829
LJU,AF,Wednesday,615,770.0,LJU_Wednesday,166.11528
LJU,AF,Wednesday,1295,770.0,LJU_Wednesday,171.58235
LJU,AF,Wednesday,415,745.0,LJU_Wednesday,198.3184
LJU,LO,Wednesday,1250,825.0,LJU_Wednesday,207.02245
LJU,AF,Wednesday,640,745.0,LJU_Wednesday,204.71175
LJU,AF,Wednesday,630,745.0,LJU_Wednesday,204.42714
LJU,AF,Wednesday,640,745.0,LJU_Wednesday,204.71175
LJU,TK,Wednesday,465,560.0,LJU_Wednesday,269.67682
LJU,TK,Wednesday,870,560.0,LJU_Wednesday,271.73477
LJU,TK,Wednesday,895,1175.0,LJU_Wednesday,268.2319
LJU,TK,Wednesday,1070,1175.0,LJU_Wednesday,267.89136
LJU,LH,Wednesday,285,600.0,LJU_Wednesday,323.1723
LJU,VY,Thursday,130,915.0,LJU_Thursday,120.82268
LJU,JU,Thursday,740,1245.0,LJU_Thursday,128.59492
LJU,JU,Thursday,1400,585.0,LJU_Thursday,124.52885
LJU,JU,Thursday,1380,1245.0,LJU_Thursday,123.052536
LJU,AF,Thursday,615,770.0,LJU_Thursday,161.80463
LJU,AF,Thursday,1295,770.0,LJU_Thursday,170.48207
LJU,AF,Thursday,415,745.0,LJU_Thursday,196.88577
LJU,AF,Thursday,640,745.0,LJU_Thursday,201.48285
LJU,AF,Thursday,630,745.0,LJU_Thursday,202.72702
LJU,TK,Thursday,465,560.0,LJU_Thursday,268.89023
LJU,TK,Thursday,870,560.0,LJU_Thursday,271.09793
LJU,TK,Thursday,910,1175.0,LJU_Thursday,267.15192
LJU,TK,Thursday,1310,1175.0,LJU_Thursday,263.5984
LJU,AF,Thursday,640,745.0,LJU_Thursday,201.48285
LJU,LH,Thursday,325,395.0,LJU_Thursday,267.1364
LJU,JU,Friday,290,895.0,LJU_Friday,125.79426
LJU,JU,Friday,740,1245.0,LJU_Friday,129.95052
LJU,JU,Friday,1090,895.0,LJU_Friday,132.03168
LJU,JU,Friday,645,540.0,LJU_Friday,133.53346
LJU,AF,Friday,1295,770.0,LJU_Friday,174.17235
LJU,AF,Friday,615,770.0,LJU_Friday,171.86842
LJU,LO,Friday,1250,825.0,LJU_Friday,206.12793
LJU,AF,Friday,640,745.0,LJU_Friday,218.76292
LJU,TK,Friday,485,560.0,LJU_Friday,271.2241
LJU,TK,Friday,870,560.0,LJU_Friday,271.23392
LJU,TK,Friday,895,1175.0,LJU_Friday,267.54605
LJU,TK,Friday,1070,1175.0,LJU_Friday,267.2055
LJU,AF,Friday,640,745.0,LJU_Friday,218.76292
LJU,AF,Friday,415,745.0,LJU_Friday,215.62657
LJU,LH,Friday,735,1210.0,LJU_Friday,287.2876
LJU,JU,Saturday,1380,1245.0,LJU_Saturday,134.31157
LJU,AF,Saturday,375,770.0,LJU_Saturday,163.91147
LJU,AF,Saturday,1295,770.0,LJU_Saturday,171.77837
LJU,LO,Saturday,1475,1030.0,LJU_Saturday,208.50542
LJU,AF,Saturday,1320,745.0,LJU_Saturday,196.91405
LJU,TK,Saturday,465,560.0,LJU_Saturday,271.60342
LJU,TK,Saturday,870,560.0,LJU_Saturday,272.11813
LJU,TK,Saturday,910,1175.0,LJU_Saturday,268.30478
LJU,TK,Saturday,1070,1175.0,LJU_Saturday,267.96423
LJU,JU,Saturday,1370,1255.0,LJU_Saturday,262.3776
LJU,JU,Saturday,1370,1255.0,LJU_Saturday,262.3776
LJU,AF,Saturday,1320,745.0,LJU_Saturday,196.91405
LJU,AF,Saturday,415,745.0,LJU_Saturday,203.42372
LJU,AF,Saturday,630,745.0,LJU_Saturday,207.32037
LJU,LH,Saturday,300,585.0,LJU_Saturday,274.32404
LJU,VY,Sunday,130,960.0,LJU_Sunday,123.75427
LJU,JU,Sunday,290,895.0,LJU_Sunday,125.67745
LJU,JU,Sunday,600,585.0,LJU_Sunday,130.72676
LJU,JU,Sunday,740,1245.0,LJU_Sunday,130.08891
LJU,JU,Sunday,1090,895.0,LJU_Sunday,132.17007
LJU,AF,Sunday,375,770.0,LJU_Sunday,163.81464
LJU,AF,Sunday,615,770.0,LJU_Sunday,167.83244
LJU,AF,Sunday,640,745.0,LJU_Sunday,210.10678
LJU,LO,Sunday,1680,825.0,LJU_Sunday,208.35887
LJU,AF,Sunday,640,745.0,LJU_Sunday,210.10678
LJU,AF,Sunday,415,745.0,LJU_Sunday,203.07751
LJU,AF,Sunday,630,745.0,LJU_Sunday,209.82217
LJU,TK,Sunday,485,560.0,LJU_Sunday,269.60135
LJU,TK,Sunday,870,560.0,LJU_Sunday,271.65933
LJU,TK,Sunday,910,1175.0,LJU_Sunday,268.15082
LJU,JU,Monday,290,895.0,LJU_Monday,127.335754
LJU,JU,Monday,600,585.0,LJU_Monday,130.40047
LJU,JU,Monday,740,1245.0,LJU_Monday,157.05673
LJU,JU,Monday,1090,895.0,LJU_Monday,149.02539
LJU,AF,Monday,375,770.0,LJU_Monday,163.45819
LJU,AF,Monday,615,770.0,LJU_Monday,166.63564
LJU,LO,Monday,1250,825.0,LJU_Monday,209.10007
LJU,AF,Monday,415,745.0,LJU_Monday,204.01407
LJU,AF,Monday,630,745.0,LJU_Monday,211.83015
LJU,TK,Monday,465,560.0,LJU_Monday,268.63455
LJU,TK,Monday,870,560.0,LJU_Monday,272.93515
LJU,TK,Monday,910,1175.0,LJU_Monday,269.8404
LJU,TK,Monday,1070,1175.0,LJU_Monday,269.49988
LJU,AF,Monday,640,745.0,LJU_Monday,212.5246
LJU,AF,Monday,640,745.0,LJU_Monday,212.5246
LJU,JU,Tuesday,1380,1245.0,LJU_Tuesday,186.02174
LJU,AF,Tuesday,375,770.0,LJU_Tuesday,160.3717
LJU,AF,Tuesday,615,770.0,LJU_Tuesday,163.13148
LJU,LO,Tuesday,1475,1030.0,LJU_Tuesday,208.62506
LJU,TK,Tuesday,465,560.0,LJU_Tuesday,269.62784
LJU,TK,Tuesday,870,560.0,LJU_Tuesday,271.44482
LJU,TK,Tuesday,910,1175.0,LJU_Tuesday,270.02667
LJU,TK,Tuesday,1290,1175.0,LJU_Tuesday,266.769
LJU,JU,Tuesday,1370,1255.0,LJU_Tuesday,290.65945
LJU,JU,Tuesday,1370,1255.0,LJU_Tuesday,290.65945
LJU,LH,Tuesday,255,800.0,LJU_Tuesday,273.79355
LJU,LH,Tuesday,585,800.0,LJU_Tuesday,261.489
LJU,LX,Tuesday,245,895.0,LJU_Tuesday,275.11063
LJU,LX,Tuesday,485,895.0,LJU_Tuesday,271.78647
LJU,LH,Tuesday,345,635.0,LJU_Tuesday,262.2925
LJU,JU,Wednesday,1400,585.0,LJU_Wednesday,152.6813
LJU,JU,Wednesday,600,585.0,LJU_Wednesday,165.59398
LJU,JU,Wednesday,740,1245.0,LJU_Wednesday,154.94829
LJU,AF,Wednesday,375,770.0,LJU_Wednesday,162.09747
LJU,AF,Wednesday,615,770.0,LJU_Wednesday,166.11528
LJU,AF,Wednesday,640,745.0,LJU_Wednesday,204.71175
LJU,AF,Wednesday,640,745.0,LJU_Wednesday,204.71175
LJU,AF,Wednesday,415,745.0,LJU_Wednesday,198.3184
LJU,AF,Wednesday,630,745.0,LJU_Wednesday,204.42714
LJU,LO,Wednesday,1250,825.0,LJU_Wednesday,207.02245
LJU,TK,Wednesday,465,560.0,LJU_Wednesday,269.67682
LJU,TK,Wednesday,870,560.0,LJU_Wednesday,271.73477
LJU,TK,Wednesday,895,1175.0,LJU_Wednesday,268.2319
LJU,TK,Wednesday,1070,1175.0,LJU_Wednesday,267.89136
LJU,LH,Wednesday,285,600.0,LJU_Wednesday,323.1723
LJU,JU,Thursday,740,1245.0,LJU_Thursday,128.59492
LJU,JU,Thursday,1400,585.0,LJU_Thursday,124.52885
LJU,VY,Thursday,130,915.0,LJU_Thursday,120.82268
LJU,JU,Thursday,1380,1245.0,LJU_Thursday,123.052536
LJU,AF,Thursday,375,770.0,LJU_Thursday,158.88516
LJU,AF,Thursday,615,770.0,LJU_Thursday,161.80463
LJU,AF,Thursday,640,745.0,LJU_Thursday,201.48285
LJU,AF,Thursday,640,745.0,LJU_Thursday,201.48285
LJU,AF,Thursday,415,745.0,LJU_Thursday,196.88577
LJU,AF,Thursday,630,745.0,LJU_Thursday,202.72702
LJU,TK,Thursday,465,560.0,LJU_Thursday,268.89023
LJU,TK,Thursday,870,560.0,LJU_Thursday,271.09793
LJU,TK,Thursday,910,1175.0,LJU_Thursday,267.15192
LJU,TK,Thursday,1310,1175.0,LJU_Thursday,263.5984
LJU,LH,Thursday,585,800.0,LJU_Thursday,256.16165
LJU,JU,Friday,290,895.0,LJU_Friday,125.79426
LJU,JU,Friday,740,1245.0,LJU_Friday,129.95052
LJU,JU,Friday,1090,895.0,LJU_Friday,132.03168
LJU,JU,Friday,645,540.0,LJU_Friday,133.53346
LJU,AF,Friday,375,770.0,LJU_Friday,167.17625
LJU,AF,Friday,615,770.0,LJU_Friday,171.86842
LJU,LO,Friday,1250,825.0,LJU_Friday,206.12793
LJU,AF,Friday,640,745.0,LJU_Friday,218.76292
LJU,AF,Friday,640,745.0,LJU_Friday,218.76292
LJU,AF,Friday,415,745.0,LJU_Friday,215.62657
LJU,AF,Friday,630,745.0,LJU_Friday,218.47832
LJU,TK,Friday,485,560.0,LJU_Friday,271.2241
LJU,TK,Friday,895,1175.0,LJU_Friday,267.54605
LJU,TK,Friday,1070,1175.0,LJU_Friday,267.2055
LJU,LH,Friday,300,585.0,LJU_Friday,283.65604
LJU,JU,Saturday,1380,1245.0,LJU_Saturday,134.31157
LJU,AF,Saturday,1320,745.0,LJU_Saturday,196.91405
LJU,AF,Saturday,1320,745.0,LJU_Saturday,196.91405
LJU,AF,Saturday,375,770.0,LJU_Saturday,163.91147
LJU,AF,Saturday,1295,770.0,LJU_Saturday,171.77837
LJU,LO,Saturday,1475,1030.0,LJU_Saturday,208.50542
LJU,TK,Saturday,465,560.0,LJU_Saturday,271.60342
LJU,TK,Saturday,870,560.0,LJU_Saturday,272.11813
LJU,TK,Saturday,910,1175.0,LJU_Saturday,268.30478
LJU,TK,Saturday,1070,1175.0,LJU_Saturday,267.96423
LJU,JU,Saturday,1370,1255.0,LJU_Saturday,262.3776
LJU,JU,Saturday,1370,1255.0,LJU_Saturday,262.3776
LJU,LH,Saturday,300,585.0,LJU_Saturday,274.32404
LJU,LH,Saturday,470,585.0,LJU_Saturday,266.1345
LJU,LX,Saturday,250,890.0,LJU_Saturday,259.34073
LJU,JU,Sunday,740,1245.0,LJU_Sunday,130.08891
LJU,JU,Sunday,1090,895.0,LJU_Sunday,132.17007
LJU,VY,Sunday,130,960.0,LJU_Sunday,123.75427
LJU,JU,Sunday,290,895.0,LJU_Sunday,125.67745
LJU,JU,Sunday,600,585.0,LJU_Sunday,130.72676
LJU,AF,Sunday,375,770.0,LJU_Sunday,163.81464
LJU,AF,Sunday,615,770.0,LJU_Sunday,167.83244
LJU,LO,Sunday,1680,825.0,LJU_Sunday,208.35887
LJU,AF,Sunday,640,745.0,LJU_Sunday,210.10678
LJU,AF,Sunday,640,745.0,LJU_Sunday,210.10678
LJU,TK,Sunday,485,560.0,LJU_Sunday,269.60135
LJU,TK,Sunday,870,560.0,LJU_Sunday,271.65933
LJU,TK,Sunday,910,1175.0,LJU_Sunday,268.15082
LJU,TK,Sunday,1290,1175.0,LJU_Sunday,264.89313
LJU,LH,Sunday,300,585.0,LJU_Sunday,265.95703
LJU,A3,Monday,1555,915.0,LJU_Monday,170.92543
LJU,JU,Monday,290,895.0,LJU_Monday,127.335754
LJU,JU,Monday,600,585.0,LJU_Monday,130.40047
LJU,AF,Monday,375,770.0,LJU_Monday,163.45819
LJU,AF,Monday,615,770.0,LJU_Monday,166.63564
LJU,JU,Monday,740,1245.0,LJU_Monday,157.05673
LJU,JU,Monday,1090,895.0,LJU_Monday,149.02539
LJU,A3,Monday,1550,915.0,LJU_Monday,170.92543
LJU,AF,Monday,640,745.0,LJU_Monday,212.5246
LJU,LO,Monday,1250,825.0,LJU_Monday,209.10007
LJU,A3,Monday,1550,915.0,LJU_Monday,170.92543
LJU,AF,Monday,640,745.0,LJU_Monday,212.5246
LJU,A3,Monday,1550,915.0,LJU_Monday,170.92543
LJU,A3,Monday,1150,915.0,LJU_Monday,161.94092
LJU,TK,Monday,465,560.0,LJU_Monday,268.63455
LJU,AF,Tuesday,375,770.0,LJU_Tuesday,160.3717
LJU,AF,Tuesday,615,770.0,LJU_Tuesday,163.13148
LJU,JU,Tuesday,1380,1245.0,LJU_Tuesday,186.02174
LJU,LO,Tuesday,1475,1030.0,LJU_Tuesday,208.62506
LJU,TK,Tuesday,465,560.0,LJU_Tuesday,269.62784
LJU,TK,Tuesday,870,560.0,LJU_Tuesday,271.44482
LJU,TK,Tuesday,910,1175.0,LJU_Tuesday,270.02667
LJU,TK,Tuesday,1290,1175.0,LJU_Tuesday,266.769
LJU,LH,Tuesday,255,800.0,LJU_Tuesday,273.79355
LJU,LH,Tuesday,585,800.0,LJU_Tuesday,261.489
LJU,LX,Tuesday,245,895.0,LJU_Tuesday,275.11063
LJU,LX,Tuesday,455,390.0,LJU_Tuesday,256.251
LJU,LX,Tuesday,485,895.0,LJU_Tuesday,271.78647
LJU,LX,Tuesday,750,390.0,LJU_Tuesday,257.8485
LJU,LH,Tuesday,325,395.0,LJU_Tuesday,261.74286
LJU,JU,Wednesday,1400,585.0,LJU_Wednesday,152.6813
LJU,AF,Wednesday,375,770.0,LJU_Wednesday,162.09747
LJU,AF,Wednesday,615,770.0,LJU_Wednesday,166.11528
LJU,JU,Wednesday,740,1245.0,LJU_Wednesday,154.94829
LJU,AF,Wednesday,415,745.0,LJU_Wednesday,198.3184
LJU,AF,Wednesday,630,745.0,LJU_Wednesday,204.42714
LJU,JU,Wednesday,600,585.0,LJU_Wednesday,165.59398
LJU,LO,Wednesday,1250,825.0,LJU_Wednesday,207.02245
LJU,AF,Wednesday,640,745.0,LJU_Wednesday,204.71175
LJU,AF,Wednesday,640,745.0,LJU_Wednesday,204.71175
LJU,LX,Wednesday,245,895.0,LJU_Wednesday,249.08963
LJU,LX,Wednesday,455,390.0,LJU_Wednesday,245.3443
LJU,LX,Wednesday,485,895.0,LJU_Wednesday,249.8047
LJU,LX,Wednesday,750,390.0,LJU_Wednesday,248.559
LJU,LH,Wednesday,320,395.0,LJU_Wednesday,257.88684
LJU,VY,Thursday,130,915.0,LJU_Thursday,120.82268
LJU,JU,Thursday,740,1245.0,LJU_Thursday,128.59492
LJU,JU,Thursday,1380,1245.0,LJU_Thursday,123.052536
LJU,JU,Thursday,1400,585.0,LJU_Thursday,124.52885
LJU,AF,Thursday,375,770.0,LJU_Thursday,158.88516
LJU,AF,Thursday,615,770.0,LJU_Thursday,161.80463
LJU,AF,Thursday,415,745.0,LJU_Thursday,196.88577
LJU,AF,Thursday,630,745.0,LJU_Thursday,202.72702
LJU,AF,Thursday,640,745.0,LJU_Thursday,201.48285
LJU,LH,Thursday,255,800.0,LJU_Thursday,255.34805
LJU,LH,Thursday,585,800.0,LJU_Thursday,256.16165
LJU,LX,Thursday,275,865.0,LJU_Thursday,246.41104
LJU,LX,Thursday,455,390.0,LJU_Thursday,247.64421
LJU,LX,Thursday,515,865.0,LJU_Thursday,246.52892
LJU,LX,Thursday,750,390.0,LJU_Thursday,252.64815
LJU,A3,Friday,1715,755.0,LJU_Friday,171.11197
LJU,A3,Friday,1310,755.0,LJU_Friday,155.01845
LJU,JU,Friday,290,895.0,LJU_Friday,125.79426
LJU,JU,Friday,1090,895.0,LJU_Friday,132.03168
LJU,JU,Friday,645,540.0,LJU_Friday,133.53346
LJU,JU,Friday,740,1245.0,LJU_Friday,129.95052
LJU,AF,Friday,375,770.0,LJU_Friday,167.17625
LJU,AF,Friday,615,770.0,LJU_Friday,171.86842
LJU,A3,Friday,1700,755.0,LJU_Friday,171.11197
LJU,A3,Friday,1700,755.0,LJU_Friday,171.11197
LJU,A3,Friday,1700,755.0,LJU_Friday,171.11197
LJU,AF,Friday,415,745.0,LJU_Friday,215.62657
LJU,AF,Friday,630,745.0,LJU_Friday,218.47832
LJU,LO,Friday,1250,825.0,LJU_Friday,206.12793
LJU,A3,Friday,1700,755.0,LJU_Friday,171.11197
LJU,AF,Saturday,375,770.0,LJU_Saturday,163.91147
LJU,AF,Saturday,1295,770.0,LJU_Saturday,171.77837
LJU,JU,Saturday,1380,1245.0,LJU_Saturday,134.31157
LJU,AF,Saturday,1320,745.0,LJU_Saturday,196.91405
LJU,AF,Saturday,415,745.0,LJU_Saturday,203.42372
LJU,AF,Saturday,630,745.0,LJU_Saturday,207.32037
LJU,LO,Saturday,1475,1030.0,LJU_Saturday,208.50542
LJU,AF,Saturday,1320,745.0,LJU_Saturday,196.91405
LJU,LH,Saturday,300,585.0,LJU_Saturday,274.32404
LJU,LH,Saturday,470,585.0,LJU_Saturday,266.1345
LJU,LX,Saturday,250,890.0,LJU_Saturday,259.34073
LJU,LX,Saturday,455,390.0,LJU_Saturday,249.72719
LJU,LX,Saturday,490,890.0,LJU_Saturday,254.66939
LJU,LX,Saturday,750,390.0,LJU_Saturday,251.45148
LJU,LH,Saturday,320,415.0,LJU_Saturday,268.58228
LJU,VY,Sunday,130,960.0,LJU_Sunday,123.75427
LJU,JU,Sunday,290,895.0,LJU_Sunday,125.67745
LJU,JU,Sunday,600,585.0,LJU_Sunday,130.72676
LJU,JU,Sunday,740,1245.0,LJU_Sunday,130.08891
LJU,JU,Sunday,1090,895.0,LJU_Sunday,132.17007
LJU,AF,Sunday,375,770.0,LJU_Sunday,163.81464
LJU,AF,Sunday,615,770.0,LJU_Sunday,167.83244
LJU,LO,Sunday,1680,825.0,LJU_Sunday,208.35887
LJU,AF,Sunday,415,745.0,LJU_Sunday,203.07751
LJU,AF,Sunday,630,745.0,LJU_Sunday,209.82217
LJU,AF,Sunday,640,745.0,LJU_Sunday,210.10678
LJU,LH,Sunday,300,585.0,LJU_Sunday,265.95703
LJU,LH,Sunday,470,585.0,LJU_Sunday,258.03888
LJU,LX,Sunday,270,870.0,LJU_Sunday,253.7959
LJU,LX,Sunday,455,390.0,LJU_Sunday,246.1894
LJU,A3,Monday,1150,915.0,LJU_Monday,161.94092
LJU,A3,Monday,1555,915.0,LJU_Monday,170.92543
LJU,JU,Monday,290,895.0,LJU_Monday,127.335754
LJU,JU,Monday,600,585.0,LJU_Monday,130.40047
LJU,AF,Monday,375,770.0,LJU_Monday,163.45819
LJU,AF,Monday,615,770.0,LJU_Monday,166.63564
LJU,A3,Monday,1550,915.0,LJU_Monday,170.92543
LJU,JU,Monday,740,1245.0,LJU_Monday,157.05673
LJU,JU,Monday,1090,895.0,LJU_Monday,149.02539
LJU,LO,Monday,1250,825.0,LJU_Monday,209.10007
LJU,AF,Monday,415,745.0,LJU_Monday,204.01407
LJU,AF,Monday,630,745.0,LJU_Monday,211.83015
LJU,LX,Monday,230,910.0,LJU_Monday,222.47343
LJU,LX,Monday,455,390.0,LJU_Monday,243.39441
LJU,LX,Monday,470,910.0,LJU_Monday,251.31357
LJU,AF,Tuesday,375,770.0,LJU_Tuesday,160.3717
LJU,AF,Tuesday,615,770.0,LJU_Tuesday,163.13148
LJU,JU,Tuesday,1380,1245.0,LJU_Tuesday,186.02174
LJU,LO,Tuesday,1475,1030.0,LJU_Tuesday,208.62506
LJU,LH,Tuesday,255,800.0,LJU_Tuesday,273.79355
LJU,LH,Tuesday,585,800.0,LJU_Tuesday,261.489
LJU,LX,Tuesday,245,895.0,LJU_Tuesday,275.11063
LJU,LX,Tuesday,455,390.0,LJU_Tuesday,256.251
LJU,LX,Tuesday,485,895.0,LJU_Tuesday,271.78647
LJU,LX,Tuesday,750,390.0,LJU_Tuesday,257.8485
LJU,LH,Tuesday,325,395.0,LJU_Tuesday,261.74286
LJU,LH,Tuesday,345,635.0,LJU_Tuesday,262.2925
LJU,LH,Tuesday,385,395.0,LJU_Tuesday,251.33098
LJU,LH,Tuesday,430,635.0,LJU_Tuesday,258.41608
LJU,TK,Tuesday,465,560.0,LJU_Tuesday,269.62784
LJU,AF,Wednesday,375,770.0,LJU_Wednesday,162.09747
LJU,AF,Wednesday,615,770.0,LJU_Wednesday,166.11528
LJU,JU,Wednesday,1400,585.0,LJU_Wednesday,152.6813
LJU,JU,Wednesday,740,1245.0,LJU_Wednesday,154.94829
LJU,JU,Wednesday,600,585.0,LJU_Wednesday,165.59398
LJU,LO,Wednesday,1250,825.0,LJU_Wednesday,207.02245
LJU,LX,Wednesday,245,895.0,LJU_Wednesday,249.08963
LJU,LX,Wednesday,455,390.0,LJU_Wednesday,245.3443
LJU,LX,Wednesday,485,895.0,LJU_Wednesday,249.8047
LJU,LX,Wednesday,750,390.0,LJU_Wednesday,248.559
LJU,LH,Wednesday,320,395.0,LJU_Wednesday,257.88684
LJU,LH,Wednesday,345,635.0,LJU_Wednesday,256.87512
LJU,LH,Wednesday,385,395.0,LJU_Wednesday,249.87947
LJU,LH,Wednesday,430,635.0,LJU_Wednesday,256.13947
LJU,AF,Wednesday,640,745.0,LJU_Wednesday,204.71175
LJU,VY,Thursday,130,915.0,LJU_Thursday,120.82268
LJU,JU,Thursday,1380,1245.0,LJU_Thursday,123.052536
LJU,JU,Thursday,1400,585.0,LJU_Thursday,124.52885
LJU,AF,Thursday,375,770.0,LJU_Thursday,158.88516
LJU,AF,Thursday,615,770.0,LJU_Thursday,161.80463
LJU,AF,Thursday,415,745.0,LJU_Thursday,196.88577
LJU,AF,Thursday,630,745.0,LJU_Thursday,202.72702
LJU,JU,Thursday,740,1245.0,LJU_Thursday,128.59492
LJU,AF,Thursday,640,745.0,LJU_Thursday,201.48285
LJU,AF,Thursday,640,745.0,LJU_Thursday,201.48285
LJU,LH,Thursday,255,800.0,LJU_Thursday,255.34805
LJU,LH,Thursday,585,800.0,LJU_Thursday,256.16165
LJU,LX,Thursday,275,865.0,LJU_Thursday,246.41104
LJU,LX,Thursday,455,390.0,LJU_Thursday,247.64421
LJU,LX,Thursday,515,865.0,LJU_Thursday,246.52892
LJU,A3,Friday,1310,755.0,LJU_Friday,155.01845
LJU,A3,Friday,1715,755.0,LJU_Friday,171.11197
LJU,JU,Friday,290,895.0,LJU_Friday,125.79426
LJU,JU,Friday,740,1245.0,LJU_Friday,129.95052
LJU,JU,Friday,1090,895.0,LJU_Friday,132.03168
LJU,JU,Friday,645,540.0,LJU_Friday,133.53346
LJU,AF,Friday,375,770.0,LJU_Friday,167.17625
LJU,AF,Friday,615,770.0,LJU_Friday,171.86842
LJU,A3,Friday,1700,755.0,LJU_Friday,171.11197
LJU,A3,Friday,1700,755.0,LJU_Friday,171.11197
LJU,AF,Friday,640,745.0,LJU_Friday,218.76292
LJU,AF,Friday,640,745.0,LJU_Friday,218.76292
LJU,LO,Friday,1250,825.0,LJU_Friday,206.12793
LJU,A3,Friday,1700,755.0,LJU_Friday,171.11197
LJU,AF,Friday,415,745.0,LJU_Friday,215.62657
LJU,AF,Saturday,375,770.0,LJU_Saturday,163.91147
LJU,AF,Saturday,1295,770.0,LJU_Saturday,171.77837
LJU,JU,Saturday,1380,1245.0,LJU_Saturday,134.31157
LJU,AF,Saturday,1320,745.0,LJU_Saturday,196.91405
LJU,AF,Saturday,1320,745.0,LJU_Saturday,196.91405
LJU,AF,Saturday,630,745.0,LJU_Saturday,207.32037
LJU,AF,Saturday,415,745.0,LJU_Saturday,203.42372
LJU,LO,Saturday,1475,1030.0,LJU_Saturday,208.50542
LJU,LH,Saturday,300,585.0,LJU_Saturday,274.32404
LJU,LH,Saturday,470,585.0,LJU_Saturday,266.1345
LJU,LX,Saturday,250,890.0,LJU_Saturday,259.34073
LJU,LX,Saturday,455,390.0,LJU_Saturday,249.72719
LJU,LX,Saturday,490,890.0,LJU_Saturday,254.66939
LJU,LX,Saturday,750,390.0,LJU_Saturday,251.45148
LJU,LH,Saturday,320,415.0,LJU_Saturday,268.58228
LJU,AF,Sunday,375,770.0,LJU_Sunday,163.81464
LJU,AF,Sunday,615,770.0,LJU_Sunday,167.83244
LJU,VY,Sunday,130,960.0,LJU_Sunday,123.75427
LJU,JU,Sunday,290,895.0,LJU_Sunday,125.67745
LJU,JU,Sunday,600,585.0,LJU_Sunday,130.72676
LJU,JU,Sunday,740,1245.0,LJU_Sunday,130.08891
LJU,JU,Sunday,1090,895.0,LJU_Sunday,132.17007
LJU,AF,Sunday,415,745.0,LJU_Sunday,203.07751
LJU,AF,Sunday,640,745.0,LJU_Sunday,210.10678
LJU,AF,Sunday,630,745.0,LJU_Sunday,209.82217
LJU,AF,Sunday,640,745.0,LJU_Sunday,210.10678
LJU,LH,Sunday,300,585.0,LJU_Sunday,265.95703
LJU,LH,Sunday,470,585.0,LJU_Sunday,258.03888
LJU,LX,Sunday,270,870.0,LJU_Sunday,253.7959
LJU,LX,Sunday,455,390.0,LJU_Sunday,246.1894
LJU,JU,Monday,290,895.0,LJU_Monday,127.335754
LJU,JU,Monday,600,585.0,LJU_Monday,130.40047
LJU,A3,Monday,1150,915.0,LJU_Monday,161.94092
LJU,A3,Monday,1555,915.0,LJU_Monday,170.92543
LJU,AF,Monday,375,770.0,LJU_Monday,163.45819
LJU,AF,Monday,615,770.0,LJU_Monday,166.63564
LJU,JU,Monday,740,1245.0,LJU_Monday,157.05673
LJU,JU,Monday,1090,895.0,LJU_Monday,149.02539
LJU,A3,Monday,1550,915.0,LJU_Monday,170.92543
LJU,AF,Monday,415,745.0,LJU_Monday,204.01407
LJU,AF,Monday,630,745.0,LJU_Monday,211.83015
LJU,A3,Monday,1550,915.0,LJU_Monday,170.92543
LJU,AF,Monday,640,745.0,LJU_Monday,212.5246
LJU,AF,Monday,640,745.0,LJU_Monday,212.5246
LJU,LX,Monday,230,910.0,LJU_Monday,222.47343
LJU,AF,Tuesday,375,770.0,LJU_Tuesday,160.3717
LJU,AF,Tuesday,615,770.0,LJU_Tuesday,163.13148
LJU,JU,Tuesday,1380,1245.0,LJU_Tuesday,186.02174
LJU,LH,Tuesday,255,800.0,LJU_Tuesday,273.79355
LJU,LH,Tuesday,585,800.0,LJU_Tuesday,261.489
LJU,LX,Tuesday,245,895.0,LJU_Tuesday,275.11063
LJU,LX,Tuesday,455,390.0,LJU_Tuesday,256.251
LJU,LX,Tuesday,485,895.0,LJU_Tuesday,271.78647
LJU,LX,Tuesday,750,390.0,LJU_Tuesday,257.8485
LJU,LH,Tuesday,325,395.0,LJU_Tuesday,261.74286
LJU,LH,Tuesday,345,635.0,LJU_Tuesday,262.2925
LJU,LH,Tuesday,385,395.0,LJU_Tuesday,251.33098
LJU,LH,Tuesday,430,635.0,LJU_Tuesday,258.41608
LJU,TK,Tuesday,465,560.0,LJU_Tuesday,269.62784
LJU,TK,Tuesday,870,560.0,LJU_Tuesday,271.44482
LJU,AF,Wednesday,375,770.0,LJU_Wednesday,162.09747
LJU,AF,Wednesday,615,770.0,LJU_Wednesday,166.11528
LJU,JU,Wednesday,740,1245.0,LJU_Wednesday,154.94829
LJU,JU,Wednesday,1400,585.0,LJU_Wednesday,152.6813
LJU,AF,Wednesday,415,745.0,LJU_Wednesday,198.3184
LJU,AF,Wednesday,630,745.0,LJU_Wednesday,204.42714
LJU,AF,Wednesday,640,745.0,LJU_Wednesday,204.71175
LJU,AF,Wednesday,640,745.0,LJU_Wednesday,204.71175
LJU,JU,Wednesday,600,585.0,LJU_Wednesday,165.59398
LJU,LX,Wednesday,245,895.0,LJU_Wednesday,249.08963
LJU,LX,Wednesday,455,390.0,LJU_Wednesday,245.3443
LJU,LX,Wednesday,485,895.0,LJU_Wednesday,249.8047
LJU,LX,Wednesday,750,390.0,LJU_Wednesday,248.559
LJU,LH,Wednesday,320,395.0,LJU_Wednesday,257.88684
LJU,LH,Wednesday,345,635.0,LJU_Wednesday,256.87512
LJU,JU,Thursday,1380,1245.0,LJU_Thursday,123.052536
LJU,AF,Thursday,375,770.0,LJU_Thursday,158.88516
LJU,AF,Thursday,615,770.0,LJU_Thursday,161.80463
LJU,VY,Thursday,130,915.0,LJU_Thursday,120.82268
LJU,JU,Thursday,1400,585.0,LJU_Thursday,124.52885
LJU,JU,Thursday,740,1245.0,LJU_Thursday,128.59492
LJU,AF,Thursday,640,745.0,LJU_Thursday,201.48285
LJU,AF,Thursday,640,745.0,LJU_Thursday,201.48285
LJU,AF,Thursday,415,745.0,LJU_Thursday,196.88577
LJU,AF,Thursday,630,745.0,LJU_Thursday,202.72702
LJU,LH,Thursday,255,800.0,LJU_Thursday,255.34805
LJU,LH,Thursday,585,800.0,LJU_Thursday,256.16165
LJU,LX,Thursday,275,865.0,LJU_Thursday,246.41104
LJU,LX,Thursday,455,390.0,LJU_Thursday,247.64421
LJU,LX,Thursday,515,865.0,LJU_Thursday,246.52892
FCO,VY,Wednesday,110,585.0,FCO_Wednesday,66.64548
FCO,VY,Wednesday,110,630.0,FCO_Wednesday,66.57848
FCO,VY,Wednesday,110,705.0,FCO_Wednesday,66.35819
FCO,VY,Wednesday,110,1170.0,FCO_Wednesday,67.28647
FCO,IB,Wednesday,110,585.0,FCO_Wednesday,71.283066
FCO,IB,Wednesday,110,630.0,FCO_Wednesday,71.21607
FCO,IB,Wednesday,110,705.0,FCO_Wednesday,70.99578
FCO,IB,Wednesday,110,1170.0,FCO_Wednesday,70.97117
FCO,AZ,Wednesday,110,540.0,FCO_Wednesday,68.07441
FCO,AZ,Wednesday,110,845.0,FCO_Wednesday,68.07795
FCO,AZ,Wednesday,110,1285.0,FCO_Wednesday,67.51647
FCO,A3,Wednesday,1360,1110.0,FCO_Wednesday,123.709694
FCO,UX,Wednesday,365,630.0,FCO_Wednesday,117.984795
FCO,VY,Wednesday,430,760.0,FCO_Wednesday,151.01205
FCO,VY,Wednesday,485,930.0,FCO_Wednesday,151.551
FCO,VY,Thursday,110,585.0,FCO_Thursday,66.42557
FCO,VY,Thursday,110,805.0,FCO_Thursday,66.19816
FCO,VY,Thursday,110,1150.0,FCO_Thursday,65.67342
FCO,IB,Thursday,110,585.0,FCO_Thursday,71.36205
FCO,IB,Thursday,110,705.0,FCO_Thursday,71.07477
FCO,IB,Thursday,110,755.0,FCO_Thursday,70.64666
FCO,IB,Thursday,110,805.0,FCO_Thursday,71.13464
FCO,IB,Thursday,110,1150.0,FCO_Thursday,70.68979
FCO,VY,Thursday,110,705.0,FCO_Thursday,66.13828
FCO,VY,Thursday,110,755.0,FCO_Thursday,65.710175
FCO,V7,Thursday,1505,900.0,FCO_Thursday,107.37077
FCO,AZ,Thursday,110,540.0,FCO_Thursday,68.043686
FCO,AZ,Thursday,110,845.0,FCO_Thursday,68.047226
FCO,AZ,Thursday,110,1285.0,FCO_Thursday,67.3279
FCO,UX,Thursday,365,630.0,FCO_Thursday,115.36547
FCO,VY,Friday,110,585.0,FCO_Friday,66.331474
FCO,VY,Friday,110,705.0,FCO_Friday,66.04419
FCO,VY,Friday,110,755.0,FCO_Friday,65.68761
FCO,VY,Friday,110,845.0,FCO_Friday,65.880165
FCO,VY,Friday,110,1150.0,FCO_Friday,65.650856
FCO,VY,Friday,105,460.0,FCO_Friday,68.14266
FCO,IB,Friday,105,460.0,FCO_Friday,72.77322
FCO,IB,Friday,110,585.0,FCO_Friday,71.26796
FCO,IB,Friday,110,705.0,FCO_Friday,70.980675
FCO,IB,Friday,110,755.0,FCO_Friday,70.62409
FCO,IB,Friday,110,805.0,FCO_Friday,71.112076
FCO,IB,Friday,110,1150.0,FCO_Friday,70.66722
FCO,V7,Friday,260,705.0,FCO_Friday,102.51326
FCO,AZ,Friday,110,540.0,FCO_Friday,67.49281
FCO,AZ,Friday,110,845.0,FCO_Friday,67.49635
FCO,VY,Saturday,110,1150.0,FCO_Saturday,65.73889
FCO,VY,Saturday,110,585.0,FCO_Saturday,66.47099
FCO,VY,Saturday,110,705.0,FCO_Saturday,66.18371
FCO,VY,Saturday,110,755.0,FCO_Saturday,65.827126
FCO,VY,Saturday,110,845.0,FCO_Saturday,66.019684
FCO,IB,Saturday,105,460.0,FCO_Saturday,72.912735
FCO,IB,Saturday,110,585.0,FCO_Saturday,71.40748
FCO,IB,Saturday,110,705.0,FCO_Saturday,71.12019
FCO,IB,Saturday,110,755.0,FCO_Saturday,70.76361
FCO,IB,Saturday,110,805.0,FCO_Saturday,71.251595
FCO,IB,Saturday,110,1150.0,FCO_Saturday,70.75526
FCO,VY,Saturday,105,460.0,FCO_Saturday,68.28218
FCO,V7,Saturday,770,1150.0,FCO_Saturday,109.994736
FCO,AZ,Saturday,110,540.0,FCO_Saturday,67.63233
FCO,AZ,Saturday,110,845.0,FCO_Saturday,67.63587
FCO,VY,Sunday,110,1150.0,FCO_Sunday,65.68697
FCO,IB,Sunday,105,460.0,FCO_Sunday,72.77322
FCO,IB,Sunday,110,655.0,FCO_Sunday,71.07805
FCO,IB,Sunday,110,705.0,FCO_Sunday,70.980675
FCO,IB,Sunday,110,755.0,FCO_Sunday,70.62409
FCO,IB,Sunday,110,805.0,FCO_Sunday,71.112076
FCO,IB,Sunday,110,1150.0,FCO_Sunday,70.66722
FCO,VY,Sunday,105,460.0,FCO_Sunday,68.17878
FCO,VY,Sunday,110,655.0,FCO_Sunday,66.17768
FCO,VY,Sunday,110,705.0,FCO_Sunday,66.08031
FCO,VY,Sunday,110,755.0,FCO_Sunday,65.723724
FCO,VY,Sunday,110,805.0,FCO_Sunday,66.21171
FCO,V7,Sunday,1205,745.0,FCO_Sunday,103.04411
FCO,V7,Sunday,1370,1025.0,FCO_Sunday,102.28324
FCO,AZ,Sunday,110,540.0,FCO_Sunday,67.38113
FCO,VY,Monday,110,585.0,FCO_Monday,66.40127
FCO,VY,Monday,110,705.0,FCO_Monday,66.11398
FCO,VY,Monday,110,845.0,FCO_Monday,65.94996
FCO,VY,Monday,110,1150.0,FCO_Monday,65.72065
FCO,VY,Monday,105,460.0,FCO_Monday,68.212456
FCO,VY,Monday,110,755.0,FCO_Monday,65.7574
FCO,IB,Monday,105,460.0,FCO_Monday,72.68808
FCO,IB,Monday,110,585.0,FCO_Monday,71.18282
FCO,IB,Monday,110,705.0,FCO_Monday,70.89554
FCO,IB,Monday,110,755.0,FCO_Monday,70.538956
FCO,IB,Monday,110,845.0,FCO_Monday,70.58275
FCO,IB,Monday,110,1150.0,FCO_Monday,70.582085
FCO,AZ,Monday,110,540.0,FCO_Monday,67.61975
FCO,AZ,Monday,110,845.0,FCO_Monday,67.41122
FCO,AZ,Monday,110,1285.0,FCO_Monday,66.81116
FCO,VY,Tuesday,105,460.0,FCO_Tuesday,68.14266
FCO,VY,Tuesday,110,585.0,FCO_Tuesday,66.331474
FCO,VY,Tuesday,110,705.0,FCO_Tuesday,66.04419
FCO,VY,Tuesday,110,930.0,FCO_Tuesday,65.880165
FCO,AZ,Tuesday,110,540.0,FCO_Tuesday,67.43373
FCO,AZ,Tuesday,110,845.0,FCO_Tuesday,67.43727
FCO,AZ,Tuesday,110,1285.0,FCO_Tuesday,66.737076
FCO,IB,Tuesday,105,460.0,FCO_Tuesday,72.714134
FCO,IB,Tuesday,110,585.0,FCO_Tuesday,71.20888
FCO,IB,Tuesday,110,705.0,FCO_Tuesday,70.92159
FCO,IB,Tuesday,110,930.0,FCO_Tuesday,71.032684
FCO,IB,Tuesday,110,1350.0,FCO_Tuesday,69.90837
FCO,VY,Tuesday,110,1350.0,FCO_Tuesday,66.862434
FCO,UX,Tuesday,365,630.0,FCO_Tuesday,115.781654
FCO,IB,Tuesday,390,980.0,FCO_Tuesday,141.35245
FCO,VY,Wednesday,110,705.0,FCO_Wednesday,66.35819
FCO,VY,Wednesday,110,930.0,FCO_Wednesday,66.19417
FCO,AZ,Wednesday,110,540.0,FCO_Wednesday,68.07441
FCO,AZ,Wednesday,110,845.0,FCO_Wednesday,68.07795
FCO,AZ,Wednesday,110,1285.0,FCO_Wednesday,67.51647
FCO,VY,Wednesday,110,585.0,FCO_Wednesday,66.64548
FCO,VY,Wednesday,110,630.0,FCO_Wednesday,66.57848
FCO,IB,Wednesday,110,585.0,FCO_Wednesday,71.283066
FCO,IB,Wednesday,110,630.0,FCO_Wednesday,71.21607
FCO,IB,Wednesday,110,705.0,FCO_Wednesday,70.99578
FCO,IB,Wednesday,110,930.0,FCO_Wednesday,71.10687
FCO,IB,Wednesday,110,1170.0,FCO_Wednesday,70.97117
FCO,VY,Wednesday,110,1170.0,FCO_Wednesday,67.28647
FCO,UX,Wednesday,365,630.0,FCO_Wednesday,117.984795
FCO,A3,Wednesday,1360,1110.0,FCO_Wednesday,123.709694
FCO,AZ,Thursday,110,540.0,FCO_Thursday,68.043686
FCO,AZ,Thursday,110,845.0,FCO_Thursday,68.047226
FCO,AZ,Thursday,110,1285.0,FCO_Thursday,67.3279
FCO,VY,Thursday,110,585.0,FCO_Thursday,66.42557
FCO,VY,Thursday,110,805.0,FCO_Thursday,66.19816
FCO,IB,Thursday,105,460.0,FCO_Thursday,73.03135
FCO,IB,Thursday,110,585.0,FCO_Thursday,71.36205
FCO,IB,Thursday,110,705.0,FCO_Thursday,71.07477
FCO,IB,Thursday,110,755.0,FCO_Thursday,70.64666
FCO,IB,Thursday,110,805.0,FCO_Thursday,71.13464
FCO,IB,Thursday,110,1150.0,FCO_Thursday,70.68979
FCO,VY,Thursday,105,460.0,FCO_Thursday,68.400795
FCO,VY,Thursday,110,705.0,FCO_Thursday,66.13828
FCO,VY,Thursday,110,755.0,FCO_Thursday,65.710175
FCO,VY,Thursday,110,1150.0,FCO_Thursday,65.67342
FCO,VY,Friday,105,460.0,FCO_Friday,68.14266
FCO,VY,Friday,110,585.0,FCO_Friday,66.331474
FCO,VY,Friday,110,705.0,FCO_Friday,66.04419
FCO,VY,Friday,110,755.0,FCO_Friday,65.68761
FCO,VY,Friday,110,845.0,FCO_Friday,65.880165
FCO,AZ,Friday,110,540.0,FCO_Friday,67.49281
FCO,AZ,Friday,110,845.0,FCO_Friday,67.49635
FCO,AZ,Friday,110,1285.0,FCO_Friday,66.79616
FCO,IB,Friday,105,460.0,FCO_Friday,72.77322
FCO,IB,Friday,110,585.0,FCO_Friday,71.26796
FCO,IB,Friday,110,705.0,FCO_Friday,70.980675
FCO,IB,Friday,110,755.0,FCO_Friday,70.62409
FCO,IB,Friday,110,805.0,FCO_Friday,71.112076
FCO,IB,Friday,110,1150.0,FCO_Friday,70.66722
FCO,VY,Friday,110,1150.0,FCO_Friday,65.650856
FCO,VY,Saturday,110,585.0,FCO_Saturday,66.47099
FCO,VY,Saturday,110,705.0,FCO_Saturday,66.18371
FCO,VY,Saturday,110,755.0,FCO_Saturday,65.827126
FCO,VY,Saturday,110,845.0,FCO_Saturday,66.019684
FCO,VY,Saturday,110,1150.0,FCO_Saturday,65.73889
FCO,AZ,Saturday,110,540.0,FCO_Saturday,67.63233
FCO,AZ,Saturday,110,845.0,FCO_Saturday,67.63587
FCO,AZ,Saturday,110,1285.0,FCO_Saturday,66.88419
FCO,VY,Saturday,105,460.0,FCO_Saturday,68.28218
FCO,IB,Saturday,105,460.0,FCO_Saturday,72.912735
FCO,IB,Saturday,110,585.0,FCO_Saturday,71.40748
FCO,IB,Saturday,110,705.0,FCO_Saturday,71.12019
FCO,IB,Saturday,110,755.0,FCO_Saturday,70.76361
FCO,IB,Saturday,110,805.0,FCO_Saturday,71.251595
FCO,IB,Saturday,110,1150.0,FCO_Saturday,70.75526
FCO,VY,Sunday,110,655.0,FCO_Sunday,66.17768
FCO,VY,Sunday,110,755.0,FCO_Sunday,65.723724
FCO,VY,Sunday,110,1150.0,FCO_Sunday,65.68697
FCO,AZ,Sunday,110,540.0,FCO_Sunday,67.38113
FCO,AZ,Sunday,110,845.0,FCO_Sunday,67.38467
FCO,AZ,Sunday,110,1285.0,FCO_Sunday,66.68447
FCO,VY,Sunday,105,460.0,FCO_Sunday,68.17878
FCO,VY,Sunday,110,705.0,FCO_Sunday,66.08031
FCO,VY,Sunday,110,805.0,FCO_Sunday,66.21171
FCO,IB,Sunday,105,460.0,FCO_Sunday,72.77322
FCO,IB,Sunday,110,655.0,FCO_Sunday,71.07805
FCO,IB,Sunday,110,705.0,FCO_Sunday,70.980675
FCO,IB,Sunday,110,755.0,FCO_Sunday,70.62409
FCO,IB,Sunday,110,805.0,FCO_Sunday,71.112076
FCO,IB,Sunday,110,1150.0,FCO_Sunday,70.66722
FCO,VY,Monday,110,845.0,FCO_Monday,65.94996
FCO,VY,Monday,110,1150.0,FCO_Monday,65.72065
FCO,AZ,Monday,110,540.0,FCO_Monday,67.61975
FCO,AZ,Monday,110,845.0,FCO_Monday,67.41122
FCO,AZ,Monday,110,1285.0,FCO_Monday,66.81116
FCO,VY,Monday,110,585.0,FCO_Monday,66.40127
FCO,IB,Monday,105,460.0,FCO_Monday,72.68808
FCO,IB,Monday,110,585.0,FCO_Monday,71.18282
FCO,IB,Monday,110,705.0,FCO_Monday,70.89554
FCO,IB,Monday,110,755.0,FCO_Monday,70.538956
FCO,IB,Monday,110,845.0,FCO_Monday,70.58275
FCO,IB,Monday,110,1150.0,FCO_Monday,70.582085
FCO,VY,Monday,105,460.0,FCO_Monday,68.212456
FCO,VY,Monday,110,705.0,FCO_Monday,66.11398
FCO,VY,Monday,110,755.0,FCO_Monday,65.7574
FCO,VY,Tuesday,105,460.0,FCO_Tuesday,68.14266
FCO,VY,Tuesday,110,585.0,FCO_Tuesday,66.331474
FCO,VY,Tuesday,110,705.0,FCO_Tuesday,66.04419
FCO,VY,Tuesday,110,930.0,FCO_Tuesday,65.880165
FCO,AZ,Tuesday,110,540.0,FCO_Tuesday,67.43373
FCO,AZ,Tuesday,110,1285.0,FCO_Tuesday,66.737076
FCO,IB,Tuesday,105,460.0,FCO_Tuesday,72.714134
FCO,IB,Tuesday,110,585.0,FCO_Tuesday,71.20888
FCO,IB,Tuesday,110,705.0,FCO_Tuesday,70.92159
FCO,IB,Tuesday,110,930.0,FCO_Tuesday,71.032684
FCO,IB,Tuesday,110,1350.0,FCO_Tuesday,69.90837
FCO,VY,Tuesday,110,1350.0,FCO_Tuesday,66.862434
FCO,A3,Tuesday,395,635.0,FCO_Tuesday,127.07979
FCO,A3,Tuesday,955,1110.0,FCO_Tuesday,118.71285
FCO,A3,Tuesday,1360,1110.0,FCO_Tuesday,118.91136
FCO,VY,Wednesday,110,705.0,FCO_Wednesday,66.35819
FCO,VY,Wednesday,110,930.0,FCO_Wednesday,66.19417
FCO,AZ,Wednesday,110,540.0,FCO_Wednesday,68.07441
FCO,AZ,Wednesday,110,845.0,FCO_Wednesday,68.07795
FCO,AZ,Wednesday,110,1285.0,FCO_Wednesday,67.51647
FCO,VY,Wednesday,110,585.0,FCO_Wednesday,66.64548
FCO,VY,Wednesday,110,630.0,FCO_Wednesday,66.57848
FCO,IB,Wednesday,110,585.0,FCO_Wednesday,71.283066
FCO,IB,Wednesday,110,630.0,FCO_Wednesday,71.21607
FCO,IB,Wednesday,110,705.0,FCO_Wednesday,70.99578
FCO,IB,Wednesday,110,930.0,FCO_Wednesday,71.10687
FCO,IB,Wednesday,110,1170.0,FCO_Wednesday,70.97117
FCO,VY,Wednesday,110,1170.0,FCO_Wednesday,67.28647
FCO,A3,Wednesday,1360,1110.0,FCO_Wednesday,123.709694
FCO,UX,Wednesday,365,630.0,FCO_Wednesday,117.984795
FCO,VY,Thursday,110,755.0,FCO_Thursday,65.710175
FCO,VY,Thursday,110,805.0,FCO_Thursday,66.19816
FCO,VY,Thursday,110,1150.0,FCO_Thursday,65.67342
FCO,AZ,Thursday,110,540.0,FCO_Thursday,68.043686
FCO,AZ,Thursday,110,845.0,FCO_Thursday,68.047226
FCO,AZ,Thursday,110,1285.0,FCO_Thursday,67.3279
FCO,VY,Thursday,110,585.0,FCO_Thursday,66.42557
FCO,VY,Thursday,110,705.0,FCO_Thursday,66.13828
FCO,IB,Thursday,105,460.0,FCO_Thursday,73.03135
FCO,IB,Thursday,110,585.0,FCO_Thursday,71.36205
FCO,IB,Thursday,110,705.0,FCO_Thursday,71.07477
FCO,IB,Thursday,110,755.0,FCO_Thursday,70.64666
FCO,IB,Thursday,110,805.0,FCO_Thursday,71.13464
FCO,IB,Thursday,110,1150.0,FCO_Thursday,70.68979
FCO,VY,Thursday,105,460.0,FCO_Thursday,68.400795
FCO,VY,Friday,105,460.0,FCO_Friday,68.14266
FCO,VY,Friday,110,705.0,FCO_Friday,66.04419
FCO,VY,Friday,110,755.0,FCO_Friday,65.68761
FCO,VY,Friday,110,845.0,FCO_Friday,65.880165
FCO,AZ,Friday,110,540.0,FCO_Friday,67.49281
FCO,AZ,Friday,110,845.0,FCO_Friday,67.49635
FCO,AZ,Friday,110,1285.0,FCO_Friday,66.79616
FCO,VY,Friday,110,585.0,FCO_Friday,66.331474
FCO,IB,Friday,105,460.0,FCO_Friday,72.77322
FCO,IB,Friday,110,585.0,FCO_Friday,71.26796
FCO,IB,Friday,110,705.0,FCO_Friday,70.980675
FCO,IB,Friday,110,755.0,FCO_Friday,70.62409
FCO,IB,Friday,110,805.0,FCO_Friday,71.112076
FCO,IB,Friday,110,1150.0,FCO_Friday,70.66722
FCO,VY,Friday,110,1150.0,FCO_Friday,65.650856
FCO,VY,Saturday,105,460.0,FCO_Saturday,68.28218
FCO,VY,Saturday,110,585.0,FCO_Saturday,66.47099
FCO,VY,Saturday,110,705.0,FCO_Saturday,66.18371
FCO,VY,Saturday,110,755.0,FCO_Saturday,65.827126
FCO,VY,Saturday,110,845.0,FCO_Saturday,66.019684
FCO,VY,Saturday,110,1150.0,FCO_Saturday,65.73889
FCO,AZ,Saturday,110,540.0,FCO_Saturday,67.63233
FCO,AZ,Saturday,110,845.0,FCO_Saturday,67.63587
FCO,AZ,Saturday,110,1285.0,FCO_Saturday,66.88419
FCO,IB,Saturday,105,460.0,FCO_Saturday,72.912735
FCO,IB,Saturday,110,585.0,FCO_Saturday,71.40748
FCO,IB,Saturday,110,705.0,FCO_Saturday,71.12019
FCO,IB,Saturday,110,755.0,FCO_Saturday,70.76361
FCO,IB,Saturday,110,805.0,FCO_Saturday,71.251595
FCO,IB,Saturday,110,1150.0,FCO_Saturday,70.75526
FCO,VY,Sunday,110,655.0,FCO_Sunday,66.17768
FCO,VY,Sunday,110,705.0,FCO_Sunday,66.08031
FCO,VY,Sunday,110,755.0,FCO_Sunday,65.723724
FCO,VY,Sunday,110,805.0,FCO_Sunday,66.21171
FCO,VY,Sunday,110,1150.0,FCO_Sunday,65.68697
FCO,AZ,Sunday,110,540.0,FCO_Sunday,67.38113
FCO,AZ,Sunday,110,845.0,FCO_Sunday,67.38467
FCO,AZ,Sunday,110,1285.0,FCO_Sunday,66.68447
FCO,IB,Sunday,105,460.0,FCO_Sunday,72.77322
FCO,IB,Sunday,110,655.0,FCO_Sunday,71.07805
FCO,IB,Sunday,110,705.0,FCO_Sunday,70.980675
FCO,IB,Sunday,110,755.0,FCO_Sunday,70.62409
FCO,IB,Sunday,110,805.0,FCO_Sunday,71.112076
FCO,IB,Sunday,110,1150.0,FCO_Sunday,70.66722
FCO,V7,Sunday,1205,745.0,FCO_Sunday,103.04411
FCO,VY,Monday,110,755.0,FCO_Monday,65.7574
FCO,VY,Monday,110,1150.0,FCO_Monday,65.72065
FCO,AZ,Monday,110,540.0,FCO_Monday,67.61975
FCO,AZ,Monday,110,845.0,FCO_Monday,67.41122
FCO,AZ,Monday,110,1285.0,FCO_Monday,66.81116
FCO,VY,Monday,110,585.0,FCO_Monday,66.40127
FCO,VY,Monday,110,845.0,FCO_Monday,65.94996
FCO,IB,Monday,105,460.0,FCO_Monday,72.68808
FCO,IB,Monday,110,585.0,FCO_Monday,71.18282
FCO,IB,Monday,110,705.0,FCO_Monday,70.89554
FCO,IB,Monday,110,755.0,FCO_Monday,70.538956
FCO,IB,Monday,110,845.0,FCO_Monday,70.58275
FCO,IB,Monday,110,1150.0,FCO_Monday,70.582085
FCO,VY,Monday,105,460.0,FCO_Monday,68.212456
FCO,VY,Monday,110,705.0,FCO_Monday,66.11398
FCO,VY,Tuesday,110,930.0,FCO_Tuesday,65.880165
FCO,AZ,Tuesday,110,540.0,FCO_Tuesday,67.43373
FCO,AZ,Tuesday,110,845.0,FCO_Tuesday,67.43727
FCO,AZ,Tuesday,110,1285.0,FCO_Tuesday,66.737076
FCO,VY,Tuesday,110,585.0,FCO_Tuesday,66.331474
FCO,VY,Tuesday,110,705.0,FCO_Tuesday,66.04419
FCO,IB,Tuesday,105,460.0,FCO_Tuesday,72.714134
FCO,IB,Tuesday,110,585.0,FCO_Tuesday,71.20888
FCO,IB,Tuesday,110,705.0,FCO_Tuesday,70.92159
FCO,IB,Tuesday,110,930.0,FCO_Tuesday,71.032684
FCO,IB,Tuesday,110,1350.0,FCO_Tuesday,69.90837
FCO,VY,Tuesday,105,460.0,FCO_Tuesday,68.14266
FCO,VY,Tuesday,110,1350.0,FCO_Tuesday,66.862434
FCO,A3,Tuesday,395,635.0,FCO_Tuesday,127.07979
FCO,TP,Tuesday,675,360.0,FCO_Tuesday,137.76416
FCO,VY,Wednesday,110,705.0,FCO_Wednesday,66.35819
FCO,VY,Wednesday,110,930.0,FCO_Wednesday,66.19417
FCO,AZ,Wednesday,110,540.0,FCO_Wednesday,68.07441
FCO,AZ,Wednesday,110,845.0,FCO_Wednesday,68.07795
FCO,AZ,Wednesday,110,1285.0,FCO_Wednesday,67.51647
FCO,VY,Wednesday,110,585.0,FCO_Wednesday,66.64548
FCO,VY,Wednesday,110,630.0,FCO_Wednesday,66.57848
FCO,IB,Wednesday,110,585.0,FCO_Wednesday,71.283066
FCO,IB,Wednesday,110,630.0,FCO_Wednesday,71.21607
FCO,IB,Wednesday,110,705.0,FCO_Wednesday,70.99578
FCO,IB,Wednesday,110,930.0,FCO_Wednesday,71.10687
FCO,IB,Wednesday,110,1170.0,FCO_Wednesday,70.97117
FCO,VY,Wednesday,110,1170.0,FCO_Wednesday,67.28647
FCO,UX,Wednesday,365,630.0,FCO_Wednesday,117.984795
FCO,AF,Wednesday,725,1245.0,FCO_Wednesday,140.4703
FCO,VY,Thursday,110,705.0,FCO_Thursday,66.13828
FCO,VY,Thursday,110,805.0,FCO_Thursday,66.19816
FCO,VY,Thursday,110,1150.0,FCO_Thursday,65.67342
FCO,AZ,Thursday,110,540.0,FCO_Thursday,68.043686
FCO,AZ,Thursday,110,845.0,FCO_Thursday,68.047226
FCO,AZ,Thursday,110,1285.0,FCO_Thursday,67.3279
FCO,VY,Thursday,110,585.0,FCO_Thursday,66.42557
FCO,VY,Thursday,110,755.0,FCO_Thursday,65.710175
FCO,IB,Thursday,105,460.0,FCO_Thursday,73.03135
FCO,IB,Thursday,110,585.0,FCO_Thursday,71.36205
FCO,IB,Thursday,110,705.0,FCO_Thursday,71.07477
FCO,IB,Thursday,110,755.0,FCO_Thursday,70.64666
FCO,IB,Thursday,110,805.0,FCO_Thursday,71.13464
FCO,IB,Thursday,110,1150.0,FCO_Thursday,70.68979
FCO,VY,Thursday,105,460.0,FCO_Thursday,68.400795
FCO,VY,Friday,105,460.0,FCO_Friday,68.14266
FCO,VY,Friday,110,585.0,FCO_Friday,66.331474
FCO,VY,Friday,110,705.0,FCO_Friday,66.04419
FCO,VY,Friday,110,755.0,FCO_Friday,65.68761
FCO,VY,Friday,110,845.0,FCO_Friday,65.880165
FCO,VY,Friday,110,1150.0,FCO_Friday,65.650856
FCO,AZ,Friday,110,540.0,FCO_Friday,67.49281
FCO,AZ,Friday,110,845.0,FCO_Friday,67.49635
FCO,AZ,Friday,110,1285.0,FCO_Friday,66.79616
FCO,IB,Friday,105,460.0,FCO_Friday,72.77322
FCO,IB,Friday,110,585.0,FCO_Friday,71.26796
FCO,IB,Friday,110,705.0,FCO_Friday,70.980675
FCO,IB,Friday,110,755.0,FCO_Friday,70.62409
FCO,IB,Friday,110,805.0,FCO_Friday,71.112076
FCO,IB,Friday,110,1150.0,FCO_Friday,70.66722
FCO,VY,Saturday,110,585.0,FCO_Saturday,66.47099
FCO,VY,Saturday,110,755.0,FCO_Saturday,65.827126
FCO,VY,Saturday,110,845.0,FCO_Saturday,66.019684
FCO,VY,Saturday,110,1150.0,FCO_Saturday,65.73889
FCO,AZ,Saturday,110,540.0,FCO_Saturday,67.63233
FCO,AZ,Saturday,110,845.0,FCO_Saturday,67.63587
FCO,AZ,Saturday,110,1285.0,FCO_Saturday,66.88419
FCO,VY,Saturday,110,705.0,FCO_Saturday,66.18371
FCO,IB,Saturday,105,460.0,FCO_Saturday,72.912735
FCO,IB,Saturday,110,585.0,FCO_Saturday,71.40748
FCO,IB,Saturday,110,705.0,FCO_Saturday,71.12019
FCO,IB,Saturday,110,755.0,FCO_Saturday,70.76361
FCO,IB,Saturday,110,805.0,FCO_Saturday,71.251595
FCO,IB,Saturday,110,1150.0,FCO_Saturday,70.75526
FCO,VY,Saturday,105,460.0,FCO_Saturday,68.28218
FCO,VY,Sunday,105,460.0,FCO_Sunday,68.17878
FCO,VY,Sunday,110,655.0,FCO_Sunday,66.17768
FCO,VY,Sunday,110,755.0,FCO_Sunday,65.723724
FCO,VY,Sunday,110,805.0,FCO_Sunday,66.21171
FCO,VY,Sunday,110,1150.0,FCO_Sunday,65.68697
FCO,AZ,Sunday,110,540.0,FCO_Sunday,67.38113
FCO,AZ,Sunday,110,845.0,FCO_Sunday,67.38467
FCO,AZ,Sunday,110,1285.0,FCO_Sunday,66.68447
FCO,VY,Sunday,110,705.0,FCO_Sunday,66.08031
FCO,IB,Sunday,105,460.0,FCO_Sunday,72.77322
FCO,IB,Sunday,110,655.0,FCO_Sunday,71.07805
FCO,IB,Sunday,110,705.0,FCO_Sunday,70.980675
FCO,IB,Sunday,110,755.0,FCO_Sunday,70.62409
FCO,IB,Sunday,110,805.0,FCO_Sunday,71.112076
FCO,IB,Sunday,110,1150.0,FCO_Sunday,70.66722
FCO,VY,Monday,110,755.0,FCO_Monday,65.7574
FCO,VY,Monday,110,1150.0,FCO_Monday,65.72065
FCO,AZ,Monday,110,540.0,FCO_Monday,67.61975
FCO,AZ,Monday,110,845.0,FCO_Monday,67.41122
FCO,AZ,Monday,110,1285.0,FCO_Monday,66.81116
FCO,IB,Monday,105,460.0,FCO_Monday,72.68808
FCO,IB,Monday,110,585.0,FCO_Monday,71.18282
FCO,IB,Monday,110,705.0,FCO_Monday,70.89554
FCO,IB,Monday,110,755.0,FCO_Monday,70.538956
FCO,IB,Monday,110,845.0,FCO_Monday,70.58275
FCO,IB,Monday,110,1150.0,FCO_Monday,70.582085
FCO,VY,Monday,105,460.0,FCO_Monday,68.212456
FCO,VY,Monday,110,705.0,FCO_Monday,66.11398
FCO,VY,Monday,110,585.0,FCO_Monday,66.40127
FCO,VY,Monday,110,845.0,FCO_Monday,65.94996
FCO,VY,Tuesday,105,460.0,FCO_Tuesday,68.14266
FCO,VY,Tuesday,110,585.0,FCO_Tuesday,66.331474
FCO,VY,Tuesday,110,930.0,FCO_Tuesday,65.880165
FCO,AZ,Tuesday,110,540.0,FCO_Tuesday,67.43373
FCO,AZ,Tuesday,110,845.0,FCO_Tuesday,67.43727
FCO,AZ,Tuesday,110,1285.0,FCO_Tuesday,66.737076
FCO,VY,Tuesday,110,705.0,FCO_Tuesday,66.04419
FCO,IB,Tuesday,105,460.0,FCO_Tuesday,72.714134
FCO,IB,Tuesday,110,585.0,FCO_Tuesday,71.20888
FCO,IB,Tuesday,110,705.0,FCO_Tuesday,70.92159
FCO,IB,Tuesday,110,930.0,FCO_Tuesday,71.032684
FCO,IB,Tuesday,110,1350.0,FCO_Tuesday,69.90837
FCO,VY,Tuesday,110,1350.0,FCO_Tuesday,66.862434
FCO,A3,Tuesday,395,635.0,FCO_Tuesday,127.07979
FCO,A3,Tuesday,955,1110.0,FCO_Tuesday,118.71285
FCO,VY,Wednesday,110,585.0,FCO_Wednesday,66.64548
FCO,VY,Wednesday,110,630.0,FCO_Wednesday,66.57848
FCO,VY,Wednesday,110,930.0,FCO_Wednesday,66.19417
FCO,AZ,Wednesday,110,540.0,FCO_Wednesday,68.07441
FCO,AZ,Wednesday,110,845.0,FCO_Wednesday,68.07795
FCO,AZ,Wednesday,110,1285.0,FCO_Wednesday,67.51647
FCO,IB,Wednesday,110,585.0,FCO_Wednesday,71.283066
FCO,IB,Wednesday,110,630.0,FCO_Wednesday,71.21607
FCO,IB,Wednesday,110,705.0,FCO_Wednesday,70.99578
FCO,IB,Wednesday,110,930.0,FCO_Wednesday,71.10687
FCO,IB,Wednesday,110,1170.0,FCO_Wednesday,70.97117
FCO,VY,Wednesday,110,705.0,FCO_Wednesday,66.35819
FCO,VY,Wednesday,110,1170.0,FCO_Wednesday,67.28647
FCO,A3,Wednesday,955,1110.0,FCO_Wednesday,123.51119
FCO,A3,Wednesday,1360,1110.0,FCO_Wednesday,123.709694
FCO,VY,Thursday,110,585.0,FCO_Thursday,66.42557
FCO,VY,Thursday,110,755.0,FCO_Thursday,65.710175
FCO,AZ,Thursday,110,540.0,FCO_Thursday,68.043686
FCO,AZ,Thursday,110,845.0,FCO_Thursday,68.047226
FCO,AZ,Thursday,110,1285.0,FCO_Thursday,67.3279
FCO,VY,Thursday,110,805.0,FCO_Thursday,66.19816
FCO,IB,Thursday,105,460.0,FCO_Thursday,73.03135
FCO,IB,Thursday,110,585.0,FCO_Thursday,71.36205
FCO,IB,Thursday,110,705.0,FCO_Thursday,71.07477
FCO,IB,Thursday,110,755.0,FCO_Thursday,70.64666
FCO,IB,Thursday,110,805.0,FCO_Thursday,71.13464
FCO,IB,Thursday,110,1150.0,FCO_Thursday,70.68979
FCO,VY,Thursday,105,460.0,FCO_Thursday,68.400795
FCO,VY,Thursday,110,705.0,FCO_Thursday,66.13828
FCO,VY,Thursday,110,1150.0,FCO_Thursday,65.67342
BUD,JU,Wednesday,800,1185.0,BUD_Wednesday,161.84601
BUD,JU,Wednesday,1070,915.0,BUD_Wednesday,164.94855
BUD,IB,Wednesday,435,935.0,BUD_Wednesday,185.17482
BUD,SK,Wednesday,475,625.0,BUD_Wednesday,198.38115
BUD,AF,Wednesday,460,380.0,BUD_Wednesday,185.79436
BUD,DY,Wednesday,1395,805.0,BUD_Wednesday,176.05257
BUD,AF,Wednesday,520,380.0,BUD_Wednesday,184.02132
BUD,AF,Wednesday,345,390.0,BUD_Wednesday,180.16579
BUD,AF,Wednesday,360,1025.0,BUD_Wednesday,176.12383
BUD,AF,Wednesday,1040,1025.0,BUD_Wednesday,176.51611
BUD,AF,Wednesday,655,730.0,BUD_Wednesday,178.97359
BUD,AF,Wednesday,1335,730.0,BUD_Wednesday,189.6191
BUD,AF,Wednesday,1020,1090.0,BUD_Wednesday,172.82248
BUD,LH,Wednesday,315,875.0,BUD_Wednesday,210.74211
BUD,LO,Wednesday,480,585.0,BUD_Wednesday,183.03233
BUD,JU,Thursday,1070,915.0,BUD_Thursday,142.05544
BUD,JU,Thursday,1310,675.0,BUD_Thursday,137.50508
BUD,IB,Thursday,435,935.0,BUD_Thursday,188.71558
BUD,DY,Thursday,1395,805.0,BUD_Thursday,182.1412
BUD,LO,Thursday,1285,1220.0,BUD_Thursday,168.97243
BUD,LO,Thursday,1435,1070.0,BUD_Thursday,168.63472
BUD,AF,Thursday,400,760.0,BUD_Thursday,187.0831
BUD,AF,Thursday,345,390.0,BUD_Thursday,181.23091
BUD,AF,Thursday,360,1025.0,BUD_Thursday,178.98166
BUD,AF,Thursday,600,390.0,BUD_Thursday,185.306
BUD,AF,Thursday,655,730.0,BUD_Thursday,194.33908
BUD,AF,Thursday,1040,1025.0,BUD_Thursday,177.67064
BUD,AF,Thursday,1335,730.0,BUD_Thursday,202.37143
BUD,SK,Thursday,475,625.0,BUD_Thursday,275.20444
BUD,AF,Thursday,460,380.0,BUD_Thursday,197.11636
BUD,A3,Friday,1570,900.0,BUD_Friday,132.17368
BUD,A3,Friday,1165,900.0,BUD_Friday,132.44951
BUD,JU,Friday,265,920.0,BUD_Friday,142.82445
BUD,JU,Friday,675,1310.0,BUD_Friday,145.30783
BUD,JU,Friday,1065,920.0,BUD_Friday,146.00212
BUD,IB,Friday,1010,935.0,BUD_Friday,175.18697
BUD,IB,Friday,335,755.0,BUD_Friday,179.45264
BUD,IB,Friday,470,755.0,BUD_Friday,180.58597
BUD,LO,Friday,480,585.0,BUD_Friday,185.54889
BUD,LO,Friday,855,1220.0,BUD_Friday,170.68053
BUD,DY,Friday,1685,805.0,BUD_Friday,191.90913
BUD,LX,Friday,265,580.0,BUD_Friday,197.71512
BUD,LX,Friday,470,375.0,BUD_Friday,199.2947
BUD,AF,Friday,345,390.0,BUD_Friday,178.23502
BUD,AF,Friday,360,1025.0,BUD_Friday,175.8897
BUD,A3,Saturday,1165,900.0,BUD_Saturday,127.194534
BUD,A3,Saturday,1570,900.0,BUD_Saturday,126.119225
BUD,LO,Saturday,1435,1070.0,BUD_Saturday,175.13606
BUD,AF,Saturday,310,835.0,BUD_Saturday,184.18939
BUD,AF,Saturday,345,390.0,BUD_Saturday,189.70074
BUD,AF,Saturday,415,730.0,BUD_Saturday,189.4077
BUD,AF,Saturday,600,390.0,BUD_Saturday,188.43654
BUD,AF,Saturday,1040,1025.0,BUD_Saturday,183.58897
BUD,AF,Saturday,1150,1025.0,BUD_Saturday,183.39284
BUD,AF,Saturday,1230,835.0,BUD_Saturday,182.1888
BUD,LH,Saturday,255,800.0,BUD_Saturday,215.76715
BUD,LH,Saturday,285,600.0,BUD_Saturday,240.22974
BUD,LH,Saturday,410,475.0,BUD_Saturday,244.29124
BUD,LH,Saturday,455,600.0,BUD_Saturday,251.08557
BUD,TK,Saturday,475,550.0,BUD_Saturday,338.6426
BUD,JU,Sunday,1315,1310.0,BUD_Sunday,139.48448
BUD,A3,Sunday,1420,1050.0,BUD_Sunday,130.95459
BUD,A3,Sunday,1015,1050.0,BUD_Sunday,134.96855
BUD,JU,Sunday,270,915.0,BUD_Sunday,143.17453
BUD,JU,Sunday,675,1310.0,BUD_Sunday,141.21947
BUD,JU,Sunday,1070,915.0,BUD_Sunday,142.873
BUD,LO,Sunday,480,585.0,BUD_Sunday,180.43524
BUD,LO,Sunday,1285,1220.0,BUD_Sunday,173.49469
BUD,IB,Sunday,435,935.0,BUD_Sunday,181.90375
BUD,AF,Sunday,340,805.0,BUD_Sunday,174.36977
BUD,AF,Sunday,345,390.0,BUD_Sunday,175.49571
BUD,AF,Sunday,360,1025.0,BUD_Sunday,173.23311
BUD,AF,Sunday,415,730.0,BUD_Sunday,174.98384
BUD,AF,Sunday,580,805.0,BUD_Sunday,173.56891
BUD,AF,Sunday,600,390.0,BUD_Sunday,173.8602
BUD,JU,Monday,270,915.0,BUD_Monday,140.7431
BUD,JU,Monday,510,675.0,BUD_Monday,142.06602
BUD,JU,Monday,675,1310.0,BUD_Monday,144.78232
BUD,JU,Monday,1070,915.0,BUD_Monday,146.99638
BUD,LO,Monday,480,585.0,BUD_Monday,178.56696
BUD,IB,Monday,435,935.0,BUD_Monday,181.82657
BUD,DY,Monday,1310,890.0,BUD_Monday,161.30165
BUD,AF,Monday,310,835.0,BUD_Monday,171.52618
BUD,AF,Monday,345,390.0,BUD_Monday,172.37216
BUD,AF,Monday,360,1025.0,BUD_Monday,169.90561
BUD,AF,Monday,415,730.0,BUD_Monday,172.99103
BUD,AF,Monday,550,835.0,BUD_Monday,171.39903
BUD,AF,Monday,600,390.0,BUD_Monday,171.87279
BUD,AF,Monday,1040,1025.0,BUD_Monday,169.50073
BUD,AF,Monday,400,760.0,BUD_Monday,173.07744
BUD,LO,Tuesday,1285,1220.0,BUD_Tuesday,167.22202
BUD,LO,Tuesday,1435,1070.0,BUD_Tuesday,170.7183
BUD,IB,Tuesday,435,935.0,BUD_Tuesday,182.48668
BUD,AF,Tuesday,310,835.0,BUD_Tuesday,171.71931
BUD,AF,Tuesday,360,1025.0,BUD_Tuesday,171.48631
BUD,AF,Tuesday,550,835.0,BUD_Tuesday,171.05054
BUD,AF,Tuesday,1040,1025.0,BUD_Tuesday,169.7203
BUD,AF,Tuesday,400,760.0,BUD_Tuesday,171.78354
BUD,AF,Tuesday,460,380.0,BUD_Tuesday,175.15442
BUD,AF,Tuesday,520,380.0,BUD_Tuesday,171.16585
BUD,AF,Tuesday,615,760.0,BUD_Tuesday,169.80727
BUD,LH,Tuesday,355,365.0,BUD_Tuesday,206.34334
BUD,LH,Tuesday,415,365.0,BUD_Tuesday,207.56606
BUD,SN,Tuesday,1225,1070.0,BUD_Tuesday,209.90869
BUD,SN,Tuesday,1595,1070.0,BUD_Tuesday,216.2532
BUD,A3,Wednesday,1570,900.0,BUD_Wednesday,131.36742
BUD,DY,Wednesday,1395,805.0,BUD_Wednesday,176.05257
BUD,JU,Wednesday,270,915.0,BUD_Wednesday,163.68732
BUD,JU,Wednesday,510,675.0,BUD_Wednesday,168.05084
BUD,JU,Wednesday,1070,915.0,BUD_Wednesday,164.94855
BUD,IB,Wednesday,435,935.0,BUD_Wednesday,185.17482
BUD,SK,Wednesday,475,625.0,BUD_Wednesday,198.38115
BUD,AF,Wednesday,310,835.0,BUD_Wednesday,173.95248
BUD,AF,Wednesday,360,1025.0,BUD_Wednesday,176.12383
BUD,AF,Wednesday,415,730.0,BUD_Wednesday,173.78961
BUD,AF,Wednesday,550,835.0,BUD_Wednesday,172.18747
BUD,AF,Wednesday,600,390.0,BUD_Wednesday,174.58122
BUD,AF,Wednesday,1040,1025.0,BUD_Wednesday,176.51611
BUD,AF,Wednesday,345,390.0,BUD_Wednesday,180.16579
BUD,EI,Wednesday,1435,655.0,BUD_Wednesday,205.00497
BUD,JU,Thursday,1070,915.0,BUD_Thursday,142.05544
BUD,JU,Thursday,1310,675.0,BUD_Thursday,137.50508
BUD,DY,Thursday,1395,805.0,BUD_Thursday,182.1412
BUD,AF,Thursday,310,835.0,BUD_Thursday,173.09908
BUD,AF,Thursday,345,390.0,BUD_Thursday,181.23091
BUD,AF,Thursday,360,1025.0,BUD_Thursday,178.98166
BUD,AF,Thursday,415,730.0,BUD_Thursday,178.42418
BUD,AF,Thursday,550,835.0,BUD_Thursday,173.93234
BUD,AF,Thursday,600,390.0,BUD_Thursday,185.306
BUD,AF,Thursday,1040,1025.0,BUD_Thursday,177.67064
BUD,AF,Thursday,400,760.0,BUD_Thursday,187.0831
BUD,AF,Thursday,460,380.0,BUD_Thursday,197.11636
BUD,AF,Thursday,615,760.0,BUD_Thursday,194.74097
BUD,BT,Thursday,1380,860.0,BUD_Thursday,238.14787
BUD,SK,Thursday,475,625.0,BUD_Thursday,275.20444
BUD,A3,Friday,1165,900.0,BUD_Friday,132.44951
BUD,A3,Friday,1570,900.0,BUD_Friday,132.17368
BUD,JU,Friday,265,920.0,BUD_Friday,142.82445
BUD,JU,Friday,675,1310.0,BUD_Friday,145.30783
BUD,JU,Friday,1065,920.0,BUD_Friday,146.00212
BUD,LO,Friday,855,1220.0,BUD_Friday,170.68053
BUD,AF,Friday,310,835.0,BUD_Friday,174.53049
BUD,AF,Friday,415,730.0,BUD_Friday,176.58208
BUD,AF,Friday,550,835.0,BUD_Friday,174.26349
BUD,AF,Friday,345,390.0,BUD_Friday,178.23502
BUD,AF,Friday,360,1025.0,BUD_Friday,175.8897
BUD,AF,Friday,600,390.0,BUD_Friday,175.54115
BUD,AF,Friday,1040,1025.0,BUD_Friday,172.4091
BUD,DY,Friday,1685,805.0,BUD_Friday,191.90913
BUD,EI,Friday,570,655.0,BUD_Friday,191.88579
BUD,A3,Saturday,1165,900.0,BUD_Saturday,127.194534
BUD,A3,Saturday,1570,900.0,BUD_Saturday,126.119225
BUD,LO,Saturday,1435,1070.0,BUD_Saturday,175.13606
BUD,AF,Saturday,310,835.0,BUD_Saturday,184.18939
BUD,AF,Saturday,345,390.0,BUD_Saturday,189.70074
BUD,AF,Saturday,415,730.0,BUD_Saturday,189.4077
BUD,AF,Saturday,600,390.0,BUD_Saturday,188.43654
BUD,AF,Saturday,1040,1025.0,BUD_Saturday,183.58897
BUD,AF,Saturday,1150,1025.0,BUD_Saturday,183.39284
BUD,AF,Saturday,1230,835.0,BUD_Saturday,182.1888
BUD,TK,Saturday,475,550.0,BUD_Saturday,338.6426
BUD,TK,Saturday,590,840.0,BUD_Saturday,326.03348
BUD,TK,Saturday,880,550.0,BUD_Saturday,337.18637
BUD,TK,Saturday,880,1205.0,BUD_Saturday,335.4057
BUD,TK,Saturday,1040,1205.0,BUD_Saturday,327.1716
BUD,JU,Sunday,675,1310.0,BUD_Sunday,141.21947
BUD,JU,Sunday,1070,915.0,BUD_Sunday,142.873
BUD,A3,Sunday,1420,1050.0,BUD_Sunday,130.95459
BUD,A3,Sunday,1015,1050.0,BUD_Sunday,134.96855
BUD,JU,Sunday,270,915.0,BUD_Sunday,143.17453
BUD,JU,Sunday,1315,1310.0,BUD_Sunday,139.48448
BUD,AF,Sunday,345,390.0,BUD_Sunday,175.49571
BUD,AF,Sunday,600,390.0,BUD_Sunday,173.8602
BUD,AF,Sunday,340,805.0,BUD_Sunday,174.36977
BUD,AF,Sunday,360,1025.0,BUD_Sunday,173.23311
BUD,AF,Sunday,415,730.0,BUD_Sunday,174.98384
BUD,AF,Sunday,580,805.0,BUD_Sunday,173.56891
BUD,AF,Sunday,1040,1025.0,BUD_Sunday,170.81087
BUD,EI,Sunday,1435,655.0,BUD_Sunday,190.40312
BUD,IB,Sunday,435,935.0,BUD_Sunday,181.90375
BUD,JU,Monday,270,915.0,BUD_Monday,140.7431
BUD,JU,Monday,510,675.0,BUD_Monday,142.06602
BUD,LO,Monday,855,1220.0,BUD_Monday,164.66324
BUD,JU,Monday,675,1310.0,BUD_Monday,144.78232
BUD,JU,Monday,1070,915.0,BUD_Monday,146.99638
BUD,AF,Monday,310,835.0,BUD_Monday,171.52618
BUD,AF,Monday,345,390.0,BUD_Monday,172.37216
BUD,AF,Monday,360,1025.0,BUD_Monday,169.90561
BUD,AF,Monday,415,730.0,BUD_Monday,172.99103
BUD,AF,Monday,550,835.0,BUD_Monday,171.39903
BUD,AF,Monday,600,390.0,BUD_Monday,171.87279
BUD,AF,Monday,1040,1025.0,BUD_Monday,169.50073
BUD,IB,Monday,435,935.0,BUD_Monday,181.82657
BUD,SN,Monday,475,380.0,BUD_Monday,200.28383
BUD,SN,Monday,845,380.0,BUD_Monday,204.16852
BUD,LO,Tuesday,1285,1220.0,BUD_Tuesday,167.22202
BUD,LO,Tuesday,1435,1070.0,BUD_Tuesday,170.7183
BUD,A3,Tuesday,1165,900.0,BUD_Tuesday,147.66743
BUD,A3,Tuesday,1570,900.0,BUD_Tuesday,146.07741
BUD,AF,Tuesday,310,835.0,BUD_Tuesday,171.71931
BUD,AF,Tuesday,345,390.0,BUD_Tuesday,173.42453
BUD,AF,Tuesday,360,1025.0,BUD_Tuesday,171.48631
BUD,AF,Tuesday,415,730.0,BUD_Tuesday,172.41832
BUD,AF,Tuesday,550,835.0,BUD_Tuesday,171.05054
BUD,AF,Tuesday,600,390.0,BUD_Tuesday,170.85587
BUD,AF,Tuesday,1040,1025.0,BUD_Tuesday,169.7203
BUD,IB,Tuesday,435,935.0,BUD_Tuesday,182.48668
BUD,OS,Tuesday,920,1070.0,BUD_Tuesday,192.2768
BUD,OS,Tuesday,1330,660.0,BUD_Tuesday,186.15662
BUD,SN,Tuesday,475,380.0,BUD_Tuesday,209.18784
BUD,A3,Wednesday,1165,900.0,BUD_Wednesday,132.52182
BUD,A3,Wednesday,1570,900.0,BUD_Wednesday,131.36742
BUD,LO,Wednesday,480,585.0,BUD_Wednesday,183.03233
BUD,LO,Wednesday,855,1220.0,BUD_Wednesday,166.47098
BUD,AF,Wednesday,310,835.0,BUD_Wednesday,173.95248
BUD,AF,Wednesday,345,390.0,BUD_Wednesday,180.16579
BUD,AF,Wednesday,360,1025.0,BUD_Wednesday,176.12383
BUD,AF,Wednesday,415,730.0,BUD_Wednesday,173.78961
BUD,AF,Wednesday,550,835.0,BUD_Wednesday,172.18747
BUD,AF,Wednesday,600,390.0,BUD_Wednesday,174.58122
BUD,AF,Wednesday,1040,1025.0,BUD_Wednesday,176.51611
BUD,JU,Wednesday,800,1185.0,BUD_Wednesday,161.84601
BUD,JU,Wednesday,1070,915.0,BUD_Wednesday,164.94855
BUD,SK,Wednesday,475,625.0,BUD_Wednesday,198.38115
BUD,DY,Wednesday,1395,805.0,BUD_Wednesday,176.05257
BUD,LO,Thursday,1285,1220.0,BUD_Thursday,168.97243
BUD,LO,Thursday,1435,1070.0,BUD_Thursday,168.63472
BUD,JU,Thursday,1070,915.0,BUD_Thursday,142.05544
BUD,JU,Thursday,1310,675.0,BUD_Thursday,137.50508
BUD,DY,Thursday,1395,805.0,BUD_Thursday,182.1412
BUD,AF,Thursday,310,835.0,BUD_Thursday,173.09908
BUD,AF,Thursday,345,390.0,BUD_Thursday,181.23091
BUD,AF,Thursday,360,1025.0,BUD_Thursday,178.98166
BUD,AF,Thursday,415,730.0,BUD_Thursday,178.42418
BUD,AF,Thursday,550,835.0,BUD_Thursday,173.93234
BUD,AF,Thursday,600,390.0,BUD_Thursday,185.306
BUD,AF,Thursday,1040,1025.0,BUD_Thursday,177.67064
BUD,LX,Thursday,245,895.0,BUD_Thursday,193.5834
BUD,LX,Thursday,485,895.0,BUD_Thursday,198.14963
BUD,LH,Thursday,255,800.0,BUD_Thursday,200.79187
BUD,A3,Friday,1165,900.0,BUD_Friday,132.44951
BUD,A3,Friday,1570,900.0,BUD_Friday,132.17368
BUD,LO,Friday,480,585.0,BUD_Friday,185.54889
BUD,LO,Friday,855,1220.0,BUD_Friday,170.68053
BUD,JU,Friday,265,920.0,BUD_Friday,142.82445
BUD,JU,Friday,675,1310.0,BUD_Friday,145.30783
BUD,JU,Friday,1065,920.0,BUD_Friday,146.00212
BUD,AF,Friday,310,835.0,BUD_Friday,174.53049
BUD,AF,Friday,345,390.0,BUD_Friday,178.23502
BUD,AF,Friday,360,1025.0,BUD_Friday,175.8897
BUD,AF,Friday,415,730.0,BUD_Friday,176.58208
BUD,AF,Friday,550,835.0,BUD_Friday,174.26349
BUD,AF,Friday,600,390.0,BUD_Friday,175.54115
BUD,AF,Friday,1040,1025.0,BUD_Friday,172.4091
BUD,DY,Friday,1685,805.0,BUD_Friday,191.90913
BUD,A3,Saturday,1165,900.0,BUD_Saturday,127.194534
BUD,A3,Saturday,1570,900.0,BUD_Saturday,126.119225
BUD,LO,Saturday,1435,1070.0,BUD_Saturday,175.13606
BUD,AF,Saturday,310,835.0,BUD_Saturday,184.18939
BUD,AF,Saturday,345,390.0,BUD_Saturday,189.70074
BUD,AF,Saturday,415,730.0,BUD_Saturday,189.4077
BUD,AF,Saturday,600,390.0,BUD_Saturday,188.43654
BUD,AF,Saturday,1040,1025.0,BUD_Saturday,183.58897
BUD,AF,Saturday,1150,1025.0,BUD_Saturday,183.39284
BUD,AF,Saturday,1230,835.0,BUD_Saturday,182.1888
BUD,IB,Saturday,345,935.0,BUD_Saturday,192.71454
BUD,IB,Saturday,435,935.0,BUD_Saturday,197.72101
BUD,AF,Saturday,460,380.0,BUD_Saturday,223.07341
BUD,AF,Saturday,880,1090.0,BUD_Saturday,210.72823
BUD,TK,Saturday,475,550.0,BUD_Saturday,338.6426
BUD,A3,Sunday,1015,1050.0,BUD_Sunday,134.96855
BUD,A3,Sunday,1420,1050.0,BUD_Sunday,130.95459
BUD,DY,Sunday,950,1250.0,BUD_Sunday,152.35951
BUD,LO,Sunday,480,585.0,BUD_Sunday,180.43524
BUD,JU,Sunday,270,915.0,BUD_Sunday,143.17453
BUD,JU,Sunday,1070,915.0,BUD_Sunday,142.873
BUD,JU,Sunday,675,1310.0,BUD_Sunday,141.21947
BUD,JU,Sunday,1315,1310.0,BUD_Sunday,139.48448
BUD,AF,Sunday,340,805.0,BUD_Sunday,174.36977
BUD,AF,Sunday,345,390.0,BUD_Sunday,175.49571
BUD,AF,Sunday,360,1025.0,BUD_Sunday,173.23311
BUD,AF,Sunday,415,730.0,BUD_Sunday,174.98384
BUD,AF,Sunday,580,805.0,BUD_Sunday,173.56891
BUD,AF,Sunday,600,390.0,BUD_Sunday,173.8602
BUD,AF,Sunday,1040,1025.0,BUD_Sunday,170.81087
BUD,LO,Monday,855,1220.0,BUD_Monday,164.66324
BUD,JU,Monday,270,915.0,BUD_Monday,140.7431
BUD,JU,Monday,510,675.0,BUD_Monday,142.06602
BUD,AF,Monday,345,390.0,BUD_Monday,172.37216
BUD,AF,Monday,360,1025.0,BUD_Monday,169.90561
BUD,AF,Monday,415,730.0,BUD_Monday,172.99103
BUD,AF,Monday,600,390.0,BUD_Monday,171.87279
BUD,AF,Monday,1040,1025.0,BUD_Monday,169.50073
BUD,OS,Monday,525,660.0,BUD_Monday,179.75064
BUD,OS,Monday,715,470.0,BUD_Monday,186.19395
BUD,OS,Monday,890,1100.0,BUD_Monday,181.9752
BUD,OS,Monday,1330,660.0,BUD_Monday,184.39276
BUD,LX,Monday,245,895.0,BUD_Monday,184.76617
BUD,LX,Monday,265,580.0,BUD_Monday,186.5495
BUD,LX,Monday,470,375.0,BUD_Monday,190.02196
BUD,AF,Tuesday,400,760.0,BUD_Tuesday,171.78354
BUD,AF,Tuesday,460,380.0,BUD_Tuesday,175.15442
BUD,AF,Tuesday,520,380.0,BUD_Tuesday,171.16585
BUD,AF,Tuesday,615,760.0,BUD_Tuesday,169.80727
BUD,A3,Tuesday,1570,900.0,BUD_Tuesday,146.07741
BUD,LO,Tuesday,1285,1220.0,BUD_Tuesday,167.22202
BUD,LO,Tuesday,1435,1070.0,BUD_Tuesday,170.7183
BUD,AF,Tuesday,345,390.0,BUD_Tuesday,173.42453
BUD,AF,Tuesday,360,1025.0,BUD_Tuesday,171.48631
BUD,AF,Tuesday,415,730.0,BUD_Tuesday,172.41832
BUD,AF,Tuesday,600,390.0,BUD_Tuesday,170.85587
BUD,OS,Tuesday,525,660.0,BUD_Tuesday,181.54402
BUD,OS,Tuesday,715,470.0,BUD_Tuesday,188.00824
BUD,OS,Tuesday,920,1070.0,BUD_Tuesday,192.2768
BUD,OS,Tuesday,1330,660.0,BUD_Tuesday,186.15662
BUD,A3,Wednesday,1570,900.0,BUD_Wednesday,131.36742
BUD,AF,Wednesday,880,1090.0,BUD_Wednesday,170.7147
BUD,A3,Wednesday,1165,900.0,BUD_Wednesday,132.52182
BUD,LO,Wednesday,480,585.0,BUD_Wednesday,183.03233
BUD,LO,Wednesday,855,1220.0,BUD_Wednesday,166.47098
BUD,AF,Wednesday,360,1025.0,BUD_Wednesday,176.12383
BUD,AF,Wednesday,550,835.0,BUD_Wednesday,172.18747
BUD,AF,Wednesday,600,390.0,BUD_Wednesday,174.58122
BUD,AF,Wednesday,415,730.0,BUD_Wednesday,173.78961
BUD,AF,Wednesday,1020,1090.0,BUD_Wednesday,172.82248
BUD,SK,Wednesday,475,625.0,BUD_Wednesday,198.38115
BUD,LH,Wednesday,255,800.0,BUD_Wednesday,196.63486
BUD,LH,Wednesday,285,600.0,BUD_Wednesday,203.54922
BUD,LH,Wednesday,365,1020.0,BUD_Wednesday,202.76337
BUD,LH,Wednesday,410,475.0,BUD_Wednesday,204.4511
BUD,LO,Thursday,1285,1220.0,BUD_Thursday,168.97243
BUD,LO,Thursday,1435,1070.0,BUD_Thursday,168.63472
BUD,JU,Thursday,1070,915.0,BUD_Thursday,142.05544
BUD,JU,Thursday,1310,675.0,BUD_Thursday,137.50508
BUD,AF,Thursday,310,835.0,BUD_Thursday,173.09908
BUD,AF,Thursday,345,390.0,BUD_Thursday,181.23091
BUD,AF,Thursday,360,1025.0,BUD_Thursday,178.98166
BUD,AF,Thursday,415,730.0,BUD_Thursday,178.42418
BUD,AF,Thursday,550,835.0,BUD_Thursday,173.93234
BUD,AF,Thursday,600,390.0,BUD_Thursday,185.306
BUD,AF,Thursday,1040,1025.0,BUD_Thursday,177.67064
BUD,SN,Thursday,475,380.0,BUD_Thursday,189.56396
BUD,SN,Thursday,845,380.0,BUD_Thursday,187.25934
BUD,LH,Thursday,410,475.0,BUD_Thursday,207.45512
BUD,LH,Thursday,275,865.0,BUD_Thursday,197.595
BUD,LO,Friday,855,1220.0,BUD_Friday,170.68053
BUD,JU,Friday,265,920.0,BUD_Friday,142.82445
BUD,JU,Friday,675,1310.0,BUD_Friday,145.30783
BUD,JU,Friday,1065,920.0,BUD_Friday,146.00212
BUD,AF,Friday,1040,1025.0,BUD_Friday,172.4091
BUD,OS,Friday,920,1070.0,BUD_Friday,186.41833
BUD,OS,Friday,1330,660.0,BUD_Friday,184.66844
BUD,LX,Friday,245,895.0,BUD_Friday,189.87018
BUD,LX,Friday,560,580.0,BUD_Friday,192.8595
BUD,LX,Friday,800,1185.0,BUD_Friday,188.33952
BUD,LX,Friday,265,580.0,BUD_Friday,197.71512
BUD,LX,Friday,470,375.0,BUD_Friday,199.2947
BUD,SN,Friday,475,380.0,BUD_Friday,183.06339
BUD,SN,Friday,845,380.0,BUD_Friday,188.0735
BUD,LH,Friday,255,800.0,BUD_Friday,201.58951
BUD,AF,Saturday,310,835.0,BUD_Saturday,184.18939
BUD,AF,Saturday,345,390.0,BUD_Saturday,189.70074
BUD,AF,Saturday,415,730.0,BUD_Saturday,189.4077
BUD,AF,Saturday,600,390.0,BUD_Saturday,188.43654
BUD,AF,Saturday,1040,1025.0,BUD_Saturday,183.58897
BUD,AF,Saturday,1150,1025.0,BUD_Saturday,183.39284
BUD,AF,Saturday,1230,835.0,BUD_Saturday,182.1888
BUD,AF,Saturday,880,1090.0,BUD_Saturday,210.72823
BUD,AF,Saturday,1020,1090.0,BUD_Saturday,181.41249
BUD,LO,Saturday,1435,1070.0,BUD_Saturday,175.13606
BUD,LX,Saturday,245,895.0,BUD_Saturday,189.06364
BUD,LX,Saturday,485,895.0,BUD_Saturday,191.29587
BUD,LH,Saturday,255,800.0,BUD_Saturday,215.76715
BUD,LH,Saturday,585,800.0,BUD_Saturday,204.84117
BUD,LH,Saturday,585,800.0,BUD_Saturday,204.84117
BUD,JU,Sunday,1315,1310.0,BUD_Sunday,139.48448
BUD,AF,Sunday,345,390.0,BUD_Sunday,175.49571
BUD,AF,Sunday,415,730.0,BUD_Sunday,174.98384
BUD,AF,Sunday,600,390.0,BUD_Sunday,173.8602
BUD,AF,Sunday,460,380.0,BUD_Sunday,177.71994
BUD,AF,Sunday,520,380.0,BUD_Sunday,174.01901
BUD,JU,Sunday,270,915.0,BUD_Sunday,143.17453
BUD,JU,Sunday,675,1310.0,BUD_Sunday,141.21947
BUD,AF,Sunday,360,1025.0,BUD_Sunday,173.23311
BUD,AF,Sunday,1040,1025.0,BUD_Sunday,170.81087
BUD,AF,Sunday,400,760.0,BUD_Sunday,174.34906
BUD,JU,Sunday,1070,915.0,BUD_Sunday,142.873
BUD,LX,Sunday,265,580.0,BUD_Sunday,185.59958
BUD,LX,Sunday,470,375.0,BUD_Sunday,189.07744
BUD,LX,Sunday,785,1200.0,BUD_Sunday,184.63898
BUD,JU,Monday,270,915.0,BUD_Monday,140.7431
BUD,JU,Monday,510,675.0,BUD_Monday,142.06602
BUD,DY,Monday,1310,890.0,BUD_Monday,161.30165
BUD,AF,Monday,310,835.0,BUD_Monday,171.52618
BUD,AF,Monday,550,835.0,BUD_Monday,171.39903
BUD,AF,Monday,345,390.0,BUD_Monday,172.37216
BUD,AF,Monday,360,1025.0,BUD_Monday,169.90561
BUD,AF,Monday,415,730.0,BUD_Monday,172.99103
BUD,AF,Monday,600,390.0,BUD_Monday,171.87279
BUD,AF,Monday,1040,1025.0,BUD_Monday,169.50073
BUD,AF,Monday,460,380.0,BUD_Monday,175.72713
BUD,AF,Monday,880,1090.0,BUD_Monday,166.65663
BUD,AF,Monday,1020,1090.0,BUD_Monday,164.92587
BUD,LO,Monday,480,585.0,BUD_Monday,178.56696
BUD,LO,Monday,855,1220.0,BUD_Monday,164.66324
BUD,A3,Tuesday,1165,900.0,BUD_Tuesday,147.66743
BUD,A3,Tuesday,1570,900.0,BUD_Tuesday,146.07741
BUD,AF,Tuesday,345,390.0,BUD_Tuesday,173.42453
BUD,AF,Tuesday,360,1025.0,BUD_Tuesday,171.48631
BUD,AF,Tuesday,415,730.0,BUD_Tuesday,172.41832
BUD,AF,Tuesday,600,390.0,BUD_Tuesday,170.85587
BUD,AF,Tuesday,1040,1025.0,BUD_Tuesday,169.7203
BUD,AF,Tuesday,400,760.0,BUD_Tuesday,171.78354
BUD,AF,Tuesday,460,380.0,BUD_Tuesday,175.15442
BUD,AF,Tuesday,520,380.0,BUD_Tuesday,171.16585
BUD,AF,Tuesday,615,760.0,BUD_Tuesday,169.80727
BUD,AF,Tuesday,880,1090.0,BUD_Tuesday,167.64746
BUD,AF,Tuesday,1020,1090.0,BUD_Tuesday,165.9167
BUD,AF,Tuesday,310,835.0,BUD_Tuesday,171.71931
BUD,AF,Tuesday,550,835.0,BUD_Tuesday,171.05054
BUD,A3,Wednesday,1165,900.0,BUD_Wednesday,132.52182
BUD,A3,Wednesday,1570,900.0,BUD_Wednesday,131.36742
BUD,AF,Wednesday,310,835.0,BUD_Wednesday,173.95248
BUD,AF,Wednesday,345,390.0,BUD_Wednesday,180.16579
BUD,AF,Wednesday,360,1025.0,BUD_Wednesday,176.12383
BUD,AF,Wednesday,415,730.0,BUD_Wednesday,173.78961
BUD,AF,Wednesday,550,835.0,BUD_Wednesday,172.18747
BUD,AF,Wednesday,600,390.0,BUD_Wednesday,174.58122
BUD,AF,Wednesday,1040,1025.0,BUD_Wednesday,176.51611
BUD,AF,Wednesday,400,760.0,BUD_Wednesday,170.81586
BUD,AF,Wednesday,615,760.0,BUD_Wednesday,172.2221
BUD,AF,Wednesday,880,1090.0,BUD_Wednesday,170.7147
BUD,AF,Wednesday,1020,1090.0,BUD_Wednesday,172.82248
BUD,JU,Wednesday,800,1185.0,BUD_Wednesday,161.84601
BUD,JU,Wednesday,1070,915.0,BUD_Wednesday,164.94855
BUD,AF,Thursday,310,835.0,BUD_Thursday,173.09908
BUD,AF,Thursday,550,835.0,BUD_Thursday,173.93234
BUD,AF,Thursday,345,390.0,BUD_Thursday,181.23091
BUD,AF,Thursday,360,1025.0,BUD_Thursday,178.98166
BUD,AF,Thursday,415,730.0,BUD_Thursday,178.42418
BUD,AF,Thursday,600,390.0,BUD_Thursday,185.306
BUD,AF,Thursday,1040,1025.0,BUD_Thursday,177.67064
BUD,AF,Thursday,880,1090.0,BUD_Thursday,168.38779
BUD,LO,Thursday,1285,1220.0,BUD_Thursday,168.97243
BUD,LO,Thursday,1435,1070.0,BUD_Thursday,168.63472
BUD,JU,Thursday,1070,915.0,BUD_Thursday,142.05544
BUD,JU,Thursday,1310,675.0,BUD_Thursday,137.50508
BUD,AF,Thursday,400,760.0,BUD_Thursday,187.0831
BUD,AF,Thursday,460,380.0,BUD_Thursday,197.11636
BUD,AF,Thursday,1020,1090.0,BUD_Thursday,166.65703
ZAG,A3,Wednesday,1325,1145.0,ZAG_Wednesday,124.734505
ZAG,A3,Wednesday,920,1145.0,ZAG_Wednesday,131.5111
ZAG,JU,Wednesday,855,1130.0,ZAG_Wednesday,162.28435
ZAG,AF,Wednesday,345,390.0,ZAG_Wednesday,183.36644
ZAG,AF,Wednesday,480,905.0,ZAG_Wednesday,187.39775
ZAG,AF,Wednesday,1160,905.0,ZAG_Wednesday,190.92049
ZAG,OU,Wednesday,440,415.0,ZAG_Wednesday,235.67484
ZAG,TK,Wednesday,460,565.0,ZAG_Wednesday,273.74832
ZAG,TK,Wednesday,865,565.0,ZAG_Wednesday,274.33078
ZAG,TK,Wednesday,875,1195.0,ZAG_Wednesday,269.39276
ZAG,TK,Wednesday,1050,1195.0,ZAG_Wednesday,270.19077
ZAG,LO,Wednesday,1310,765.0,ZAG_Wednesday,212.24173
ZAG,AF,Wednesday,880,505.0,ZAG_Wednesday,232.99951
ZAG,AF,Wednesday,1560,505.0,ZAG_Wednesday,268.50333
ZAG,JU,Thursday,1305,680.0,ZAG_Thursday,151.59627
ZAG,OU,Thursday,130,930.0,ZAG_Thursday,143.73883
ZAG,OU,Thursday,820,1125.0,ZAG_Thursday,219.84425
ZAG,AF,Thursday,345,390.0,ZAG_Thursday,176.1295
ZAG,AF,Thursday,480,905.0,ZAG_Thursday,178.4275
ZAG,AF,Thursday,600,390.0,ZAG_Thursday,176.18333
ZAG,AF,Thursday,1160,905.0,ZAG_Thursday,178.39813
ZAG,LO,Thursday,1425,1080.0,ZAG_Thursday,187.12166
ZAG,TK,Thursday,460,565.0,ZAG_Thursday,265.32834
ZAG,TK,Thursday,600,830.0,ZAG_Thursday,262.7327
ZAG,TK,Thursday,865,565.0,ZAG_Thursday,266.31046
ZAG,TK,Thursday,890,1195.0,ZAG_Thursday,264.6045
ZAG,TK,Thursday,1255,830.0,ZAG_Thursday,263.9755
ZAG,TK,Thursday,1290,1195.0,ZAG_Thursday,264.77432
ZAG,JU,Friday,505,680.0,ZAG_Friday,147.34062
ZAG,JU,Friday,855,1130.0,ZAG_Friday,141.43594
ZAG,JU,Friday,1305,680.0,ZAG_Friday,149.03693
ZAG,A3,Friday,920,1145.0,ZAG_Friday,142.79808
ZAG,A3,Friday,1325,1145.0,ZAG_Friday,134.62631
ZAG,AF,Friday,1160,905.0,ZAG_Friday,178.65047
ZAG,OU,Friday,920,1065.0,ZAG_Friday,211.9446
ZAG,LH,Friday,375,770.0,ZAG_Friday,192.08163
ZAG,AF,Friday,345,390.0,ZAG_Friday,178.22926
ZAG,AF,Friday,480,905.0,ZAG_Friday,180.19695
ZAG,AF,Friday,600,390.0,ZAG_Friday,178.17722
ZAG,LO,Friday,995,1080.0,ZAG_Friday,195.74301
ZAG,LO,Friday,1310,765.0,ZAG_Friday,195.42358
ZAG,TK,Friday,480,565.0,ZAG_Friday,265.29642
ZAG,TK,Friday,865,565.0,ZAG_Friday,266.27853
ZAG,AF,Saturday,600,390.0,ZAG_Saturday,173.3861
ZAG,AF,Saturday,1010,1055.0,ZAG_Saturday,173.5002
ZAG,AF,Saturday,1120,1055.0,ZAG_Saturday,173.92123
ZAG,AF,Saturday,485,505.0,ZAG_Saturday,190.19267
ZAG,AF,Saturday,640,505.0,ZAG_Saturday,193.07767
ZAG,AF,Saturday,345,390.0,ZAG_Saturday,173.72803
ZAG,LO,Saturday,1425,1080.0,ZAG_Saturday,187.80165
ZAG,LH,Saturday,240,815.0,ZAG_Saturday,200.28445
ZAG,TK,Saturday,460,565.0,ZAG_Saturday,265.88037
ZAG,TK,Saturday,600,830.0,ZAG_Saturday,263.28473
ZAG,TK,Saturday,865,565.0,ZAG_Saturday,266.8625
ZAG,TK,Saturday,890,1195.0,ZAG_Saturday,265.61456
ZAG,TK,Saturday,1050,1195.0,ZAG_Saturday,266.0259
ZAG,TK,Saturday,1255,830.0,ZAG_Saturday,264.52753
ZAG,OS,Saturday,1555,1070.0,ZAG_Saturday,250.80785
ZAG,JU,Sunday,1495,1130.0,ZAG_Sunday,140.47606
ZAG,JU,Sunday,855,1130.0,ZAG_Sunday,147.55675
ZAG,OU,Sunday,130,930.0,ZAG_Sunday,147.14735
ZAG,AF,Sunday,335,1050.0,ZAG_Sunday,180.6511
ZAG,AF,Sunday,345,390.0,ZAG_Sunday,177.77667
ZAG,AF,Sunday,600,390.0,ZAG_Sunday,179.3666
ZAG,AF,Sunday,1015,1050.0,ZAG_Sunday,180.3392
ZAG,LO,Sunday,1425,1080.0,ZAG_Sunday,187.12454
ZAG,LH,Sunday,430,770.0,ZAG_Sunday,200.81102
ZAG,AF,Sunday,485,505.0,ZAG_Sunday,212.00876
ZAG,AF,Sunday,640,505.0,ZAG_Sunday,212.2773
ZAG,OU,Sunday,1210,1085.0,ZAG_Sunday,238.90335
ZAG,OU,Sunday,1580,1085.0,ZAG_Sunday,251.65556
ZAG,TK,Sunday,480,565.0,ZAG_Sunday,268.58337
ZAG,TK,Sunday,865,565.0,ZAG_Sunday,269.89062
ZAG,A3,Monday,920,1145.0,ZAG_Monday,130.8571
ZAG,A3,Monday,1325,1145.0,ZAG_Monday,125.176674
ZAG,JU,Monday,505,680.0,ZAG_Monday,153.5916
ZAG,JU,Monday,855,1130.0,ZAG_Monday,157.39964
ZAG,JU,Monday,1305,680.0,ZAG_Monday,165.64998
ZAG,AF,Monday,345,390.0,ZAG_Monday,177.1414
ZAG,AF,Monday,480,905.0,ZAG_Monday,179.26094
ZAG,AF,Monday,600,390.0,ZAG_Monday,177.08936
ZAG,AF,Monday,1160,905.0,ZAG_Monday,178.09676
ZAG,OU,Monday,920,1065.0,ZAG_Monday,217.50002
ZAG,LX,Monday,625,515.0,ZAG_Monday,220.9039
ZAG,OU,Monday,1580,1085.0,ZAG_Monday,235.66132
ZAG,OU,Monday,1210,1085.0,ZAG_Monday,228.87592
ZAG,OS,Monday,310,875.0,ZAG_Monday,194.98824
ZAG,OS,Monday,920,1070.0,ZAG_Monday,210.8439
ZAG,OU,Tuesday,130,930.0,ZAG_Tuesday,145.3964
ZAG,AF,Tuesday,345,390.0,ZAG_Tuesday,176.8595
ZAG,AF,Tuesday,600,390.0,ZAG_Tuesday,176.80745
ZAG,AF,Tuesday,480,905.0,ZAG_Tuesday,179.87207
ZAG,AF,Tuesday,1160,905.0,ZAG_Tuesday,178.70789
ZAG,OU,Tuesday,810,415.0,ZAG_Tuesday,228.39891
ZAG,OU,Tuesday,440,415.0,ZAG_Tuesday,225.31454
ZAG,AF,Tuesday,1045,925.0,ZAG_Tuesday,179.35426
ZAG,OU,Tuesday,1210,1085.0,ZAG_Tuesday,228.94466
ZAG,OU,Tuesday,1580,1085.0,ZAG_Tuesday,238.34886
ZAG,OS,Tuesday,920,1070.0,ZAG_Tuesday,205.86386
ZAG,LX,Tuesday,315,1065.0,ZAG_Tuesday,222.39133
ZAG,LX,Tuesday,920,1065.0,ZAG_Tuesday,223.1043
ZAG,LH,Tuesday,240,815.0,ZAG_Tuesday,199.38622
ZAG,LH,Tuesday,385,1000.0,ZAG_Tuesday,195.00423
ZAG,A3,Wednesday,1325,1145.0,ZAG_Wednesday,124.734505
ZAG,JU,Wednesday,855,1130.0,ZAG_Wednesday,162.28435
ZAG,A3,Wednesday,920,1145.0,ZAG_Wednesday,131.5111
ZAG,AF,Wednesday,345,390.0,ZAG_Wednesday,183.36644
ZAG,AF,Wednesday,480,905.0,ZAG_Wednesday,187.39775
ZAG,AF,Wednesday,600,390.0,ZAG_Wednesday,180.61902
ZAG,AF,Wednesday,1160,905.0,ZAG_Wednesday,190.92049
ZAG,LO,Wednesday,1310,765.0,ZAG_Wednesday,212.24173
ZAG,OU,Wednesday,1210,1085.0,ZAG_Wednesday,231.14357
ZAG,OU,Wednesday,1580,1085.0,ZAG_Wednesday,238.01407
ZAG,AF,Wednesday,335,505.0,ZAG_Wednesday,201.76637
ZAG,AF,Wednesday,450,925.0,ZAG_Wednesday,192.16443
ZAG,OU,Wednesday,440,415.0,ZAG_Wednesday,235.67484
ZAG,OU,Wednesday,810,415.0,ZAG_Wednesday,236.66739
ZAG,AF,Wednesday,1045,925.0,ZAG_Wednesday,191.61235
ZAG,JU,Thursday,1305,680.0,ZAG_Thursday,151.59627
ZAG,OU,Thursday,130,930.0,ZAG_Thursday,143.73883
ZAG,AF,Thursday,335,505.0,ZAG_Thursday,186.87498
ZAG,AF,Thursday,450,925.0,ZAG_Thursday,179.90524
ZAG,AF,Thursday,345,390.0,ZAG_Thursday,176.1295
ZAG,AF,Thursday,480,905.0,ZAG_Thursday,178.4275
ZAG,AF,Thursday,600,390.0,ZAG_Thursday,176.18333
ZAG,AF,Thursday,1160,905.0,ZAG_Thursday,178.39813
ZAG,OU,Thursday,440,415.0,ZAG_Thursday,219.54608
ZAG,OU,Thursday,810,415.0,ZAG_Thursday,223.23535
ZAG,OU,Thursday,1210,1085.0,ZAG_Thursday,223.37405
ZAG,OU,Thursday,1580,1085.0,ZAG_Thursday,230.22238
ZAG,AF,Thursday,1045,925.0,ZAG_Thursday,178.86328
ZAG,OS,Thursday,690,495.0,ZAG_Thursday,201.15245
ZAG,LX,Thursday,315,1065.0,ZAG_Thursday,221.18144
ZAG,A3,Friday,920,1145.0,ZAG_Friday,142.79808
ZAG,A3,Friday,1325,1145.0,ZAG_Friday,134.62631
ZAG,JU,Friday,855,1130.0,ZAG_Friday,141.43594
ZAG,JU,Friday,505,680.0,ZAG_Friday,147.34062
ZAG,JU,Friday,1305,680.0,ZAG_Friday,149.03693
ZAG,AF,Friday,345,390.0,ZAG_Friday,178.22926
ZAG,AF,Friday,600,390.0,ZAG_Friday,178.17722
ZAG,AF,Friday,480,905.0,ZAG_Friday,180.19695
ZAG,AF,Friday,1160,905.0,ZAG_Friday,178.65047
ZAG,LO,Friday,995,1080.0,ZAG_Friday,195.74301
ZAG,LO,Friday,1310,765.0,ZAG_Friday,195.42358
ZAG,OS,Friday,310,875.0,ZAG_Friday,188.70485
ZAG,OS,Friday,690,495.0,ZAG_Friday,202.0751
ZAG,OS,Friday,920,1070.0,ZAG_Friday,205.59662
ZAG,OS,Friday,1115,875.0,ZAG_Friday,190.32819
ZAG,AF,Saturday,600,390.0,ZAG_Saturday,173.3861
ZAG,AF,Saturday,1010,1055.0,ZAG_Saturday,173.5002
ZAG,AF,Saturday,1120,1055.0,ZAG_Saturday,173.92123
ZAG,AF,Saturday,345,390.0,ZAG_Saturday,173.72803
ZAG,LO,Saturday,1425,1080.0,ZAG_Saturday,187.80165
ZAG,AF,Saturday,485,505.0,ZAG_Saturday,190.19267
ZAG,AF,Saturday,640,505.0,ZAG_Saturday,193.07767
ZAG,LX,Saturday,315,1065.0,ZAG_Saturday,217.78079
ZAG,LX,Saturday,330,515.0,ZAG_Saturday,217.9513
ZAG,LX,Saturday,625,515.0,ZAG_Saturday,221.55122
ZAG,LX,Saturday,920,1065.0,ZAG_Saturday,216.89917
ZAG,LH,Saturday,240,815.0,ZAG_Saturday,200.28445
ZAG,LH,Saturday,385,1000.0,ZAG_Saturday,194.48268
ZAG,LH,Saturday,260,1125.0,ZAG_Saturday,196.3283
ZAG,LH,Saturday,365,520.0,ZAG_Saturday,200.14545
ZAG,JU,Sunday,855,1130.0,ZAG_Sunday,147.55675
ZAG,JU,Sunday,1495,1130.0,ZAG_Sunday,140.47606
ZAG,OU,Sunday,130,930.0,ZAG_Sunday,147.14735
ZAG,AF,Sunday,335,1050.0,ZAG_Sunday,180.6511
ZAG,AF,Sunday,345,390.0,ZAG_Sunday,177.77667
ZAG,AF,Sunday,600,390.0,ZAG_Sunday,179.3666
ZAG,AF,Sunday,1015,1050.0,ZAG_Sunday,180.3392
ZAG,LH,Sunday,260,1125.0,ZAG_Sunday,202.67332
ZAG,LH,Sunday,365,520.0,ZAG_Sunday,204.93953
ZAG,LH,Sunday,535,520.0,ZAG_Sunday,207.99423
ZAG,LH,Sunday,300,585.0,ZAG_Sunday,198.42369
ZAG,LH,Sunday,385,1000.0,ZAG_Sunday,198.12865
ZAG,LH,Sunday,470,585.0,ZAG_Sunday,201.09305
ZAG,LH,Sunday,265,875.0,ZAG_Sunday,197.7978
ZAG,LH,Sunday,315,875.0,ZAG_Sunday,199.16165
ZAG,A3,Monday,1325,1145.0,ZAG_Monday,125.176674
ZAG,JU,Monday,505,680.0,ZAG_Monday,153.5916
ZAG,JU,Monday,855,1130.0,ZAG_Monday,157.39964
ZAG,AF,Monday,345,390.0,ZAG_Monday,177.1414
ZAG,AF,Monday,480,905.0,ZAG_Monday,179.26094
ZAG,AF,Monday,600,390.0,ZAG_Monday,177.08936
ZAG,AF,Monday,1160,905.0,ZAG_Monday,178.09676
ZAG,JU,Monday,1305,680.0,ZAG_Monday,165.64998
ZAG,LX,Monday,315,1065.0,ZAG_Monday,217.94417
ZAG,LX,Monday,330,515.0,ZAG_Monday,217.10689
ZAG,LX,Monday,625,515.0,ZAG_Monday,220.9039
ZAG,LX,Monday,920,1065.0,ZAG_Monday,218.65714
ZAG,LH,Monday,260,1125.0,ZAG_Monday,194.79202
ZAG,LH,Monday,365,520.0,ZAG_Monday,198.98271
ZAG,LH,Monday,535,520.0,ZAG_Monday,201.47932
ZAG,OU,Tuesday,130,930.0,ZAG_Tuesday,145.3964
ZAG,AF,Tuesday,345,390.0,ZAG_Tuesday,176.8595
ZAG,AF,Tuesday,480,905.0,ZAG_Tuesday,179.87207
ZAG,AF,Tuesday,600,390.0,ZAG_Tuesday,176.80745
ZAG,AF,Tuesday,1160,905.0,ZAG_Tuesday,178.70789
ZAG,LO,Tuesday,1425,1080.0,ZAG_Tuesday,184.86075
ZAG,OS,Tuesday,920,1070.0,ZAG_Tuesday,205.86386
ZAG,OS,Tuesday,1115,875.0,ZAG_Tuesday,190.1031
ZAG,LX,Tuesday,315,1065.0,ZAG_Tuesday,222.39133
ZAG,LX,Tuesday,330,515.0,ZAG_Tuesday,218.69981
ZAG,LX,Tuesday,625,515.0,ZAG_Tuesday,222.49683
ZAG,LX,Tuesday,920,1065.0,ZAG_Tuesday,223.1043
ZAG,LH,Tuesday,240,815.0,ZAG_Tuesday,199.38622
ZAG,LH,Tuesday,570,815.0,ZAG_Tuesday,195.9744
ZAG,LH,Tuesday,260,1125.0,ZAG_Tuesday,196.42484
ZAG,A3,Wednesday,920,1145.0,ZAG_Wednesday,131.5111
ZAG,A3,Wednesday,1325,1145.0,ZAG_Wednesday,124.734505
ZAG,AF,Wednesday,345,390.0,ZAG_Wednesday,183.36644
ZAG,AF,Wednesday,480,905.0,ZAG_Wednesday,187.39775
ZAG,AF,Wednesday,600,390.0,ZAG_Wednesday,180.61902
ZAG,AF,Wednesday,1160,905.0,ZAG_Wednesday,190.92049
ZAG,JU,Wednesday,855,1130.0,ZAG_Wednesday,162.28435
ZAG,OS,Wednesday,310,875.0,ZAG_Wednesday,191.47337
ZAG,OS,Wednesday,690,495.0,ZAG_Wednesday,203.94147
ZAG,OS,Wednesday,920,1070.0,ZAG_Wednesday,199.56508
ZAG,OS,Wednesday,1115,875.0,ZAG_Wednesday,190.91556
ZAG,LO,Wednesday,1310,765.0,ZAG_Wednesday,212.24173
ZAG,LH,Wednesday,240,815.0,ZAG_Wednesday,184.62337
ZAG,LH,Wednesday,385,1000.0,ZAG_Wednesday,189.01598
ZAG,LH,Wednesday,260,1125.0,ZAG_Wednesday,191.07109
ZAG,JU,Thursday,1305,680.0,ZAG_Thursday,151.59627
ZAG,OU,Thursday,130,930.0,ZAG_Thursday,143.73883
ZAG,AF,Thursday,345,390.0,ZAG_Thursday,176.1295
ZAG,AF,Thursday,480,905.0,ZAG_Thursday,178.4275
ZAG,AF,Thursday,600,390.0,ZAG_Thursday,176.18333
ZAG,AF,Thursday,1160,905.0,ZAG_Thursday,178.39813
ZAG,OS,Thursday,310,875.0,ZAG_Thursday,184.2425
ZAG,OS,Thursday,690,495.0,ZAG_Thursday,201.15245
ZAG,OS,Thursday,920,1070.0,ZAG_Thursday,199.41939
ZAG,OS,Thursday,1115,875.0,ZAG_Thursday,185.6073
ZAG,LO,Thursday,1425,1080.0,ZAG_Thursday,187.12166
ZAG,LH,Thursday,260,1125.0,ZAG_Thursday,188.26581
ZAG,LH,Thursday,365,520.0,ZAG_Thursday,193.37949
ZAG,LH,Thursday,535,520.0,ZAG_Thursday,195.58081
ZAG,LH,Thursday,295,590.0,ZAG_Thursday,185.51566
ZAG,A3,Friday,920,1145.0,ZAG_Friday,142.79808
ZAG,A3,Friday,1325,1145.0,ZAG_Friday,134.62631
ZAG,JU,Friday,855,1130.0,ZAG_Friday,141.43594
ZAG,JU,Friday,505,680.0,ZAG_Friday,147.34062
ZAG,JU,Friday,1305,680.0,ZAG_Friday,149.03693
ZAG,AF,Friday,1160,905.0,ZAG_Friday,178.65047
ZAG,AF,Friday,345,390.0,ZAG_Friday,178.22926
ZAG,AF,Friday,480,905.0,ZAG_Friday,180.19695
ZAG,AF,Friday,600,390.0,ZAG_Friday,178.17722
ZAG,LO,Friday,995,1080.0,ZAG_Friday,195.74301
ZAG,OS,Friday,310,875.0,ZAG_Friday,188.70485
ZAG,OS,Friday,690,495.0,ZAG_Friday,202.0751
ZAG,OS,Friday,1115,875.0,ZAG_Friday,190.32819
ZAG,LO,Friday,1310,765.0,ZAG_Friday,195.42358
ZAG,LH,Friday,260,1125.0,ZAG_Friday,193.77652
ZAG,AF,Saturday,600,390.0,ZAG_Saturday,173.3861
ZAG,AF,Saturday,1010,1055.0,ZAG_Saturday,173.5002
ZAG,AF,Saturday,1120,1055.0,ZAG_Saturday,173.92123
ZAG,AF,Saturday,345,390.0,ZAG_Saturday,173.72803
ZAG,OS,Saturday,690,495.0,ZAG_Saturday,202.64482
ZAG,LO,Saturday,1425,1080.0,ZAG_Saturday,187.80165
ZAG,LH,Saturday,240,815.0,ZAG_Saturday,200.28445
ZAG,LH,Saturday,570,815.0,ZAG_Saturday,195.89572
ZAG,LH,Saturday,260,1125.0,ZAG_Saturday,196.3283
ZAG,LH,Saturday,365,520.0,ZAG_Saturday,200.14545
ZAG,LH,Saturday,535,520.0,ZAG_Saturday,203.03346
ZAG,AF,Saturday,485,505.0,ZAG_Saturday,190.19267
ZAG,AF,Saturday,640,505.0,ZAG_Saturday,193.07767
ZAG,LH,Saturday,265,875.0,ZAG_Saturday,192.60283
ZAG,LH,Saturday,315,875.0,ZAG_Saturday,194.42224
ZAG,OU,Sunday,130,930.0,ZAG_Sunday,147.14735
ZAG,AF,Sunday,335,1050.0,ZAG_Sunday,180.6511
ZAG,AF,Sunday,345,390.0,ZAG_Sunday,177.77667
ZAG,AF,Sunday,600,390.0,ZAG_Sunday,179.3666
ZAG,AF,Sunday,1015,1050.0,ZAG_Sunday,180.3392
ZAG,OS,Sunday,310,875.0,ZAG_Sunday,188.91837
ZAG,OS,Sunday,690,495.0,ZAG_Sunday,201.15036
ZAG,OS,Sunday,920,1070.0,ZAG_Sunday,195.99307
ZAG,OS,Sunday,1115,875.0,ZAG_Sunday,190.52397
ZAG,LH,Sunday,300,585.0,ZAG_Sunday,198.42369
ZAG,LH,Sunday,385,1000.0,ZAG_Sunday,198.12865
ZAG,LH,Sunday,470,585.0,ZAG_Sunday,201.09305
ZAG,LH,Sunday,265,875.0,ZAG_Sunday,197.7978
ZAG,LH,Sunday,315,875.0,ZAG_Sunday,199.16165
ZAG,LH,Sunday,945,1000.0,ZAG_Sunday,200.25659
ZAG,A3,Monday,920,1145.0,ZAG_Monday,130.8571
ZAG,A3,Monday,1325,1145.0,ZAG_Monday,125.176674
ZAG,JU,Monday,505,680.0,ZAG_Monday,153.5916
ZAG,AF,Monday,345,390.0,ZAG_Monday,177.1414
ZAG,AF,Monday,480,905.0,ZAG_Monday,179.26094
ZAG,AF,Monday,600,390.0,ZAG_Monday,177.08936
ZAG,AF,Monday,1160,905.0,ZAG_Monday,178.09676
ZAG,JU,Monday,855,1130.0,ZAG_Monday,157.39964
ZAG,OS,Monday,310,875.0,ZAG_Monday,194.98824
ZAG,OS,Monday,1115,875.0,ZAG_Monday,192.93274
ZAG,AF,Monday,485,505.0,ZAG_Monday,189.31442
ZAG,AF,Monday,640,505.0,ZAG_Monday,192.19942
ZAG,LH,Monday,325,1075.0,ZAG_Monday,192.90538
ZAG,JU,Monday,1305,680.0,ZAG_Monday,165.64998
ZAG,OS,Monday,690,495.0,ZAG_Monday,206.83151
ZAG,OU,Tuesday,130,930.0,ZAG_Tuesday,145.3964
ZAG,AF,Tuesday,345,390.0,ZAG_Tuesday,176.8595
ZAG,AF,Tuesday,480,905.0,ZAG_Tuesday,179.87207
ZAG,AF,Tuesday,600,390.0,ZAG_Tuesday,176.80745
ZAG,AF,Tuesday,1160,905.0,ZAG_Tuesday,178.70789
ZAG,OS,Tuesday,920,1070.0,ZAG_Tuesday,205.86386
ZAG,AF,Tuesday,450,925.0,ZAG_Tuesday,179.87207
ZAG,OS,Tuesday,310,875.0,ZAG_Tuesday,187.91885
ZAG,LO,Tuesday,1425,1080.0,ZAG_Tuesday,184.86075
ZAG,LH,Tuesday,240,815.0,ZAG_Tuesday,199.38622
ZAG,LH,Tuesday,385,1000.0,ZAG_Tuesday,195.00423
ZAG,LH,Tuesday,260,1125.0,ZAG_Tuesday,196.42484
ZAG,AF,Tuesday,485,505.0,ZAG_Tuesday,189.92555
ZAG,AF,Tuesday,640,505.0,ZAG_Tuesday,192.81055
ZAG,LH,Tuesday,265,875.0,ZAG_Tuesday,192.21703
ZAG,A3,Wednesday,1325,1145.0,ZAG_Wednesday,124.734505
ZAG,A3,Wednesday,920,1145.0,ZAG_Wednesday,131.5111
ZAG,AF,Wednesday,345,390.0,ZAG_Wednesday,183.36644
ZAG,AF,Wednesday,600,390.0,ZAG_Wednesday,180.61902
ZAG,AF,Wednesday,480,905.0,ZAG_Wednesday,187.39775
ZAG,AF,Wednesday,1160,905.0,ZAG_Wednesday,190.92049
ZAG,LH,Wednesday,240,815.0,ZAG_Wednesday,184.62337
ZAG,LH,Wednesday,385,1000.0,ZAG_Wednesday,189.01598
ZAG,JU,Wednesday,855,1130.0,ZAG_Wednesday,162.28435
ZAG,LH,Wednesday,275,865.0,ZAG_Wednesday,185.89539
ZAG,LH,Wednesday,325,865.0,ZAG_Wednesday,189.61552
ZAG,LO,Wednesday,1310,765.0,ZAG_Wednesday,212.24173
ZAG,LH,Wednesday,260,1125.0,ZAG_Wednesday,191.07109
ZAG,LH,Wednesday,365,520.0,ZAG_Wednesday,196.0174
ZAG,LH,Wednesday,535,520.0,ZAG_Wednesday,198.33566
ZAG,OU,Thursday,130,930.0,ZAG_Thursday,143.73883
ZAG,AF,Thursday,345,390.0,ZAG_Thursday,176.1295
ZAG,AF,Thursday,480,905.0,ZAG_Thursday,178.4275
ZAG,AF,Thursday,600,390.0,ZAG_Thursday,176.18333
ZAG,AF,Thursday,1160,905.0,ZAG_Thursday,178.39813
ZAG,LO,Thursday,1425,1080.0,ZAG_Thursday,187.12166
ZAG,LH,Thursday,295,590.0,ZAG_Thursday,185.51566
ZAG,LH,Thursday,465,590.0,ZAG_Thursday,185.73746
ZAG,LH,Thursday,255,885.0,ZAG_Thursday,185.94418
ZAG,LH,Thursday,305,885.0,ZAG_Thursday,185.45844
ZAG,LH,Thursday,885,1075.0,ZAG_Thursday,187.3569
ZAG,AF,Thursday,335,505.0,ZAG_Thursday,186.87498
ZAG,AF,Thursday,450,925.0,ZAG_Thursday,179.90524
ZAG,LH,Thursday,365,520.0,ZAG_Thursday,193.37949
ZAG,LH,Thursday,535,520.0,ZAG_Thursday,195.58081
ZAG,A3,Friday,920,1145.0,ZAG_Friday,142.79808
ZAG,A3,Friday,1325,1145.0,ZAG_Friday,134.62631
ZAG,JU,Friday,855,1130.0,ZAG_Friday,141.43594
ZAG,JU,Friday,505,680.0,ZAG_Friday,147.34062
ZAG,JU,Friday,1305,680.0,ZAG_Friday,149.03693
ZAG,AF,Friday,1160,905.0,ZAG_Friday,178.65047
ZAG,AF,Friday,345,390.0,ZAG_Friday,178.22926
ZAG,AF,Friday,480,905.0,ZAG_Friday,180.19695
ZAG,AF,Friday,600,390.0,ZAG_Friday,178.17722
ZAG,OS,Friday,310,875.0,ZAG_Friday,188.70485
ZAG,OS,Friday,1115,875.0,ZAG_Friday,190.32819
ZAG,LH,Friday,295,590.0,ZAG_Friday,190.50764
ZAG,LH,Friday,385,1000.0,ZAG_Friday,192.0761
ZAG,LH,Friday,465,590.0,ZAG_Friday,191.84518
ZAG,LH,Friday,265,875.0,ZAG_Friday,189.2889
ZAG,AF,Saturday,345,390.0,ZAG_Saturday,173.72803
ZAG,AF,Saturday,600,390.0,ZAG_Saturday,173.3861
ZAG,AF,Saturday,1010,1055.0,ZAG_Saturday,173.5002
ZAG,AF,Saturday,1120,1055.0,ZAG_Saturday,173.92123
ZAG,AF,Saturday,1045,925.0,ZAG_Saturday,174.76584
ZAG,LO,Saturday,1425,1080.0,ZAG_Saturday,187.80165
ZAG,AF,Saturday,450,925.0,ZAG_Saturday,177.73013
ZAG,LH,Saturday,570,815.0,ZAG_Saturday,195.89572
ZAG,LH,Saturday,265,875.0,ZAG_Saturday,192.60283
ZAG,LH,Saturday,315,875.0,ZAG_Saturday,194.42224
ZAG,LH,Saturday,325,1075.0,ZAG_Saturday,194.01665
ZAG,AF,Saturday,485,505.0,ZAG_Saturday,190.19267
ZAG,AF,Saturday,640,505.0,ZAG_Saturday,193.07767
ZAG,LH,Saturday,260,1125.0,ZAG_Saturday,196.3283
ZAG,LH,Saturday,820,1125.0,ZAG_Saturday,198.0869
ZAG,JU,Sunday,1495,1130.0,ZAG_Sunday,140.47606
ZAG,AF,Sunday,335,1050.0,ZAG_Sunday,180.6511
ZAG,AF,Sunday,345,390.0,ZAG_Sunday,177.77667
ZAG,AF,Sunday,600,390.0,ZAG_Sunday,179.3666
ZAG,AF,Sunday,1015,1050.0,ZAG_Sunday,180.3392
ZAG,OU,Sunday,130,930.0,ZAG_Sunday,147.14735
ZAG,LO,Sunday,1425,1080.0,ZAG_Sunday,187.12454
ZAG,LH,Sunday,300,585.0,ZAG_Sunday,198.42369
ZAG,LH,Sunday,385,1000.0,ZAG_Sunday,198.12865
ZAG,JU,Sunday,855,1130.0,ZAG_Sunday,147.55675
ZAG,LH,Sunday,320,415.0,ZAG_Sunday,192.32411
ZAG,LH,Sunday,375,415.0,ZAG_Sunday,191.90413
ZAG,LH,Sunday,360,375.0,ZAG_Sunday,186.38644
ZAG,LH,Sunday,415,375.0,ZAG_Sunday,186.51266
ZAG,LH,Sunday,885,1075.0,ZAG_Sunday,198.977
ZAG,A3,Monday,920,1145.0,ZAG_Monday,130.8571
ZAG,A3,Monday,1325,1145.0,ZAG_Monday,125.176674
ZAG,JU,Monday,505,680.0,ZAG_Monday,153.5916
ZAG,AF,Monday,1160,905.0,ZAG_Monday,178.09676
ZAG,AF,Monday,480,905.0,ZAG_Monday,179.26094
ZAG,OS,Monday,310,875.0,ZAG_Monday,194.98824
ZAG,LO,Monday,1310,765.0,ZAG_Monday,189.62428
ZAG,LH,Monday,295,590.0,ZAG_Monday,192.21826
ZAG,LH,Monday,385,1000.0,ZAG_Monday,193.37141
ZAG,JU,Monday,855,1130.0,ZAG_Monday,157.39964
ZAG,LH,Monday,260,880.0,ZAG_Monday,193.89629
ZAG,LH,Monday,310,880.0,ZAG_Monday,193.31097
ZAG,AF,Monday,345,390.0,ZAG_Monday,177.1414
ZAG,AF,Monday,600,390.0,ZAG_Monday,177.08936
ZAG,LH,Monday,465,590.0,ZAG_Monday,193.5558
ZAG,AF,Tuesday,345,390.0,ZAG_Tuesday,176.8595
ZAG,AF,Tuesday,600,390.0,ZAG_Tuesday,176.80745
ZAG,OU,Tuesday,130,930.0,ZAG_Tuesday,145.3964
ZAG,LO,Tuesday,1425,1080.0,ZAG_Tuesday,184.86075
ZAG,AF,Tuesday,480,905.0,ZAG_Tuesday,179.87207
ZAG,AF,Tuesday,1160,905.0,ZAG_Tuesday,178.70789
ZAG,OS,Tuesday,310,875.0,ZAG_Tuesday,187.91885
ZAG,OS,Tuesday,1115,875.0,ZAG_Tuesday,190.1031
ZAG,LH,Tuesday,240,815.0,ZAG_Tuesday,199.38622
ZAG,LH,Tuesday,385,1000.0,ZAG_Tuesday,195.00423
ZAG,LH,Tuesday,265,875.0,ZAG_Tuesday,192.21703
ZAG,LH,Tuesday,325,875.0,ZAG_Tuesday,194.94379
ZAG,LH,Tuesday,345,375.0,ZAG_Tuesday,188.39154
ZAG,LH,Tuesday,405,375.0,ZAG_Tuesday,189.12318
ZAG,AF,Tuesday,485,505.0,ZAG_Tuesday,189.92555
ZAG,A3,Wednesday,920,1145.0,ZAG_Wednesday,131.5111
ZAG,A3,Wednesday,1325,1145.0,ZAG_Wednesday,124.734505
ZAG,AF,Wednesday,345,390.0,ZAG_Wednesday,183.36644
ZAG,AF,Wednesday,600,390.0,ZAG_Wednesday,180.61902
ZAG,AF,Wednesday,480,905.0,ZAG_Wednesday,187.39775
ZAG,AF,Wednesday,1160,905.0,ZAG_Wednesday,190.92049
ZAG,LH,Wednesday,385,1000.0,ZAG_Wednesday,189.01598
ZAG,AF,Wednesday,485,505.0,ZAG_Wednesday,197.52542
ZAG,AF,Wednesday,640,505.0,ZAG_Wednesday,199.84435
ZAG,LH,Wednesday,260,1125.0,ZAG_Wednesday,191.07109
ZAG,LH,Wednesday,945,1000.0,ZAG_Wednesday,191.57338
ZAG,IB,Wednesday,355,735.0,ZAG_Wednesday,184.83842
ZAG,IB,Wednesday,420,735.0,ZAG_Wednesday,186.58754
ZAG,LH,Wednesday,325,1075.0,ZAG_Wednesday,191.52254
ZAG,LH,Wednesday,820,1125.0,ZAG_Wednesday,195.15996
ZAG,AF,Thursday,345,390.0,ZAG_Thursday,176.1295
ZAG,AF,Thursday,600,390.0,ZAG_Thursday,176.18333
ZAG,AF,Thursday,480,905.0,ZAG_Thursday,178.4275
ZAG,AF,Thursday,1160,905.0,ZAG_Thursday,178.39813
ZAG,OU,Thursday,130,930.0,ZAG_Thursday,143.73883
ZAG,LO,Thursday,1425,1080.0,ZAG_Thursday,187.12166
ZAG,OS,Thursday,310,875.0,ZAG_Thursday,184.2425
ZAG,OS,Thursday,1115,875.0,ZAG_Thursday,185.6073
ZAG,LH,Thursday,295,590.0,ZAG_Thursday,185.51566
ZAG,LH,Thursday,385,1000.0,ZAG_Thursday,185.79303
ZAG,LH,Thursday,465,590.0,ZAG_Thursday,185.73746
ZAG,JU,Thursday,1305,680.0,ZAG_Thursday,151.59627
ZAG,LH,Thursday,255,885.0,ZAG_Thursday,185.94418
ZAG,LH,Thursday,305,885.0,ZAG_Thursday,185.45844
ZAG,LH,Thursday,350,370.0,ZAG_Thursday,180.90831
OTP,H4,Wednesday,190,615.0,OTP_Wednesday,85.883316
OTP,JU,Wednesday,280,965.0,OTP_Wednesday,139.93732
OTP,JU,Wednesday,1080,965.0,OTP_Wednesday,143.36261
OTP,QS,Wednesday,1405,945.0,OTP_Wednesday,145.55696
OTP,GP,Wednesday,190,615.0,OTP_Wednesday,181.403
OTP,RO,Wednesday,370,645.0,OTP_Wednesday,189.52509
OTP,RO,Wednesday,810,645.0,OTP_Wednesday,191.35358
OTP,AF,Wednesday,365,365.0,OTP_Wednesday,168.29951
OTP,AF,Wednesday,435,785.0,OTP_Wednesday,173.69969
OTP,AF,Wednesday,535,365.0,OTP_Wednesday,169.00612
OTP,AF,Wednesday,650,785.0,OTP_Wednesday,173.14856
OTP,A3,Wednesday,440,650.0,OTP_Wednesday,195.25963
OTP,A3,Wednesday,850,1275.0,OTP_Wednesday,191.91277
OTP,A3,Wednesday,1255,1275.0,OTP_Wednesday,191.22919
OTP,A3,Wednesday,1475,650.0,OTP_Wednesday,195.87375
OTP,JU,Thursday,335,270.0,OTP_Thursday,125.738
OTP,JU,Thursday,1080,965.0,OTP_Thursday,138.29755
OTP,QS,Thursday,1405,945.0,OTP_Thursday,145.39825
OTP,AF,Thursday,365,365.0,OTP_Thursday,170.22731
OTP,AF,Thursday,435,785.0,OTP_Thursday,175.84273
OTP,AF,Thursday,535,365.0,OTP_Thursday,170.84741
OTP,AF,Thursday,650,785.0,OTP_Thursday,175.27405
OTP,A3,Thursday,440,650.0,OTP_Thursday,196.11383
OTP,A3,Thursday,850,1275.0,OTP_Thursday,192.80013
OTP,A3,Thursday,1475,650.0,OTP_Thursday,195.76503
OTP,AF,Thursday,365,1080.0,OTP_Thursday,169.81737
OTP,AF,Thursday,435,360.0,OTP_Thursday,168.51535
OTP,AF,Thursday,690,360.0,OTP_Thursday,169.09805
OTP,AF,Thursday,1045,1080.0,OTP_Thursday,169.30132
OTP,TK,Thursday,560,930.0,OTP_Thursday,237.43294
OTP,H4,Friday,190,615.0,OTP_Friday,85.82667
OTP,JU,Friday,280,965.0,OTP_Friday,131.89284
OTP,JU,Friday,335,270.0,OTP_Friday,125.53313
OTP,JU,Friday,975,270.0,OTP_Friday,129.90143
OTP,JU,Friday,1080,965.0,OTP_Friday,138.31409
OTP,GP,Friday,190,615.0,OTP_Friday,183.69382
OTP,RO,Friday,380,635.0,OTP_Friday,192.15967
OTP,A3,Friday,850,1275.0,OTP_Friday,194.24216
OTP,A3,Friday,1255,1275.0,OTP_Friday,193.60127
OTP,A3,Friday,1475,650.0,OTP_Friday,198.61757
OTP,AF,Friday,365,1080.0,OTP_Friday,173.02423
OTP,AF,Friday,435,360.0,OTP_Friday,171.84773
OTP,AF,Friday,690,360.0,OTP_Friday,173.68869
OTP,AF,Friday,1045,1080.0,OTP_Friday,172.69821
OTP,DY,Friday,1530,1020.0,OTP_Friday,197.11427
OTP,JU,Saturday,335,270.0,OTP_Saturday,131.24654
OTP,QS,Saturday,1405,945.0,OTP_Saturday,141.89894
OTP,RO,Saturday,555,500.0,OTP_Saturday,198.50223
OTP,A3,Saturday,440,650.0,OTP_Saturday,200.14784
OTP,A3,Saturday,1475,650.0,OTP_Saturday,197.67763
OTP,AF,Saturday,370,835.0,OTP_Saturday,174.65746
OTP,AF,Saturday,435,360.0,OTP_Saturday,171.87337
OTP,AF,Saturday,690,360.0,OTP_Saturday,174.2089
OTP,AF,Saturday,1045,1080.0,OTP_Saturday,175.17273
OTP,AF,Saturday,1155,1080.0,OTP_Saturday,173.21423
OTP,TK,Saturday,560,930.0,OTP_Saturday,236.32257
OTP,TK,Saturday,835,1310.0,OTP_Saturday,234.89796
OTP,TK,Saturday,995,1310.0,OTP_Saturday,233.6195
OTP,TK,Saturday,475,610.0,OTP_Saturday,243.71608
OTP,TK,Saturday,880,610.0,OTP_Saturday,242.49246
OTP,JU,Sunday,280,965.0,OTP_Sunday,126.449844
OTP,JU,Sunday,1080,965.0,OTP_Sunday,133.33081
OTP,QS,Sunday,1405,945.0,OTP_Sunday,145.23979
OTP,AF,Sunday,365,1080.0,OTP_Sunday,168.94168
OTP,AF,Sunday,370,835.0,OTP_Sunday,168.39075
OTP,AF,Sunday,435,360.0,OTP_Sunday,167.88078
OTP,AF,Sunday,690,360.0,OTP_Sunday,168.23672
OTP,AF,Sunday,1045,1080.0,OTP_Sunday,168.55714
OTP,RO,Sunday,325,690.0,OTP_Sunday,187.94493
OTP,RO,Sunday,765,690.0,OTP_Sunday,191.84581
OTP,RO,Sunday,555,500.0,OTP_Sunday,193.80006
OTP,A3,Sunday,850,1275.0,OTP_Sunday,192.01753
OTP,A3,Sunday,1255,1275.0,OTP_Sunday,191.34468
OTP,AF,Sunday,535,365.0,OTP_Sunday,170.73686
OTP,TK,Sunday,560,930.0,OTP_Sunday,236.39958
OTP,H4,Monday,190,615.0,OTP_Monday,81.7066
OTP,JU,Monday,280,965.0,OTP_Monday,125.016
OTP,JU,Monday,335,270.0,OTP_Monday,115.51211
OTP,JU,Monday,1080,965.0,OTP_Monday,143.10295
OTP,JU,Monday,765,480.0,OTP_Monday,155.27904
OTP,GP,Monday,190,615.0,OTP_Monday,179.86351
OTP,AF,Monday,365,1080.0,OTP_Monday,156.99841
OTP,AF,Monday,370,835.0,OTP_Monday,156.15681
OTP,AF,Monday,435,360.0,OTP_Monday,156.69066
OTP,AF,Monday,690,360.0,OTP_Monday,158.33942
OTP,AF,Monday,1045,1080.0,OTP_Monday,157.24962
OTP,DY,Monday,1170,1090.0,OTP_Monday,167.87071
OTP,RO,Monday,370,645.0,OTP_Monday,188.88388
OTP,RO,Monday,480,575.0,OTP_Monday,189.51472
OTP,AF,Monday,365,365.0,OTP_Monday,158.38866
OTP,AF,Tuesday,365,1080.0,OTP_Tuesday,170.16858
OTP,AF,Tuesday,370,835.0,OTP_Tuesday,168.13286
OTP,AF,Tuesday,435,360.0,OTP_Tuesday,168.25887
OTP,AF,Tuesday,690,360.0,OTP_Tuesday,166.2391
OTP,AF,Tuesday,1045,1080.0,OTP_Tuesday,169.12779
OTP,AF,Tuesday,365,365.0,OTP_Tuesday,173.40973
OTP,AF,Tuesday,435,785.0,OTP_Tuesday,179.26295
OTP,AF,Tuesday,535,365.0,OTP_Tuesday,172.76015
OTP,AF,Tuesday,650,785.0,OTP_Tuesday,177.7434
OTP,TK,Tuesday,560,930.0,OTP_Tuesday,237.17688
OTP,TK,Tuesday,835,1310.0,OTP_Tuesday,236.71469
OTP,TK,Tuesday,475,610.0,OTP_Tuesday,246.06721
OTP,TK,Tuesday,880,610.0,OTP_Tuesday,243.84016
OTP,A3,Tuesday,440,650.0,OTP_Tuesday,201.46599
OTP,A3,Tuesday,1475,650.0,OTP_Tuesday,204.17563
OTP,H4,Wednesday,190,615.0,OTP_Wednesday,85.883316
OTP,JU,Wednesday,280,965.0,OTP_Wednesday,139.93732
OTP,JU,Wednesday,1080,965.0,OTP_Wednesday,143.36261
OTP,QS,Wednesday,1405,945.0,OTP_Wednesday,145.55696
OTP,HR,Wednesday,1040,1110.0,OTP_Wednesday,179.46263
OTP,GP,Wednesday,190,615.0,OTP_Wednesday,181.403
OTP,AF,Wednesday,365,1080.0,OTP_Wednesday,167.41014
OTP,AF,Wednesday,370,835.0,OTP_Wednesday,167.39104
OTP,AF,Wednesday,435,360.0,OTP_Wednesday,166.45192
OTP,AF,Wednesday,690,360.0,OTP_Wednesday,167.25676
OTP,AF,Wednesday,1045,1080.0,OTP_Wednesday,167.5407
OTP,RO,Wednesday,370,645.0,OTP_Wednesday,189.52509
OTP,RO,Wednesday,810,645.0,OTP_Wednesday,191.35358
OTP,AF,Wednesday,365,365.0,OTP_Wednesday,168.29951
OTP,AF,Wednesday,435,785.0,OTP_Wednesday,173.69969
OTP,JU,Thursday,335,270.0,OTP_Thursday,125.738
OTP,JU,Thursday,1080,965.0,OTP_Thursday,138.29755
OTP,QS,Thursday,1405,945.0,OTP_Thursday,145.39825
OTP,AF,Thursday,365,1080.0,OTP_Thursday,169.81737
OTP,AF,Thursday,370,835.0,OTP_Thursday,166.27182
OTP,AF,Thursday,435,360.0,OTP_Thursday,168.51535
OTP,AF,Thursday,690,360.0,OTP_Thursday,169.09805
OTP,AF,Thursday,1045,1080.0,OTP_Thursday,169.30132
OTP,AF,Thursday,365,365.0,OTP_Thursday,170.22731
OTP,AF,Thursday,435,785.0,OTP_Thursday,175.84273
OTP,AF,Thursday,535,365.0,OTP_Thursday,170.84741
OTP,AF,Thursday,650,785.0,OTP_Thursday,175.27405
OTP,A3,Thursday,440,650.0,OTP_Thursday,196.11383
OTP,A3,Thursday,850,1275.0,OTP_Thursday,192.80013
OTP,A3,Thursday,1255,1275.0,OTP_Thursday,192.15924
OTP,H4,Friday,190,615.0,OTP_Friday,85.82667
OTP,JU,Friday,280,965.0,OTP_Friday,131.89284
OTP,JU,Friday,335,270.0,OTP_Friday,125.53313
OTP,JU,Friday,975,270.0,OTP_Friday,129.90143
OTP,JU,Friday,1080,965.0,OTP_Friday,138.31409
OTP,AF,Friday,365,1080.0,OTP_Friday,173.02423
OTP,AF,Friday,370,835.0,OTP_Friday,170.51671
OTP,AF,Friday,435,360.0,OTP_Friday,171.84773
OTP,AF,Friday,690,360.0,OTP_Friday,173.68869
OTP,AF,Friday,1045,1080.0,OTP_Friday,172.69821
OTP,HR,Friday,1040,1110.0,OTP_Friday,182.31554
OTP,GP,Friday,190,615.0,OTP_Friday,183.69382
OTP,DY,Friday,1530,1020.0,OTP_Friday,197.11427
OTP,RO,Friday,380,635.0,OTP_Friday,192.15967
OTP,AF,Friday,365,365.0,OTP_Friday,174.22762
OTP,JU,Saturday,335,270.0,OTP_Saturday,131.24654
OTP,QS,Saturday,1405,945.0,OTP_Saturday,141.89894
OTP,AF,Saturday,435,360.0,OTP_Saturday,171.87337
OTP,AF,Saturday,690,360.0,OTP_Saturday,174.2089
OTP,RO,Saturday,555,500.0,OTP_Saturday,198.50223
OTP,A3,Saturday,440,650.0,OTP_Saturday,200.14784
OTP,A3,Saturday,1475,650.0,OTP_Saturday,197.67763
OTP,TK,Saturday,560,930.0,OTP_Saturday,236.32257
OTP,TK,Saturday,835,1310.0,OTP_Saturday,234.89796
OTP,TK,Saturday,995,1310.0,OTP_Saturday,233.6195
OTP,TK,Saturday,475,610.0,OTP_Saturday,243.71608
OTP,TK,Saturday,880,610.0,OTP_Saturday,242.49246
OTP,LH,Saturday,330,785.0,OTP_Saturday,228.9954
OTP,LH,Saturday,660,785.0,OTP_Saturday,228.73917
OTP,LX,Saturday,440,1000.0,OTP_Saturday,232.80191
OTP,JU,Sunday,280,965.0,OTP_Sunday,126.449844
OTP,JU,Sunday,1080,965.0,OTP_Sunday,133.33081
OTP,QS,Sunday,1405,945.0,OTP_Sunday,145.23979
OTP,AF,Sunday,365,1080.0,OTP_Sunday,168.94168
OTP,AF,Sunday,370,835.0,OTP_Sunday,168.39075
OTP,AF,Sunday,435,360.0,OTP_Sunday,167.88078
OTP,AF,Sunday,690,360.0,OTP_Sunday,168.23672
OTP,AF,Sunday,1045,1080.0,OTP_Sunday,168.55714
OTP,RO,Sunday,325,690.0,OTP_Sunday,187.94493
OTP,RO,Sunday,765,690.0,OTP_Sunday,191.84581
OTP,RO,Sunday,555,500.0,OTP_Sunday,193.80006
OTP,A3,Sunday,440,650.0,OTP_Sunday,195.5787
OTP,A3,Sunday,1255,1275.0,OTP_Sunday,191.34468
OTP,TK,Sunday,560,930.0,OTP_Sunday,236.39958
OTP,TK,Sunday,835,1310.0,OTP_Sunday,236.05539
OTP,H4,Monday,190,615.0,OTP_Monday,81.7066
OTP,JU,Monday,280,965.0,OTP_Monday,125.016
OTP,JU,Monday,335,270.0,OTP_Monday,115.51211
OTP,JU,Monday,1080,965.0,OTP_Monday,143.10295
OTP,JU,Monday,765,480.0,OTP_Monday,155.27904
OTP,AF,Monday,365,1080.0,OTP_Monday,156.99841
OTP,AF,Monday,370,835.0,OTP_Monday,156.15681
OTP,AF,Monday,435,360.0,OTP_Monday,156.69066
OTP,AF,Monday,690,360.0,OTP_Monday,158.33942
OTP,AF,Monday,1045,1080.0,OTP_Monday,157.24962
OTP,GP,Monday,190,615.0,OTP_Monday,179.86351
OTP,RO,Monday,370,645.0,OTP_Monday,188.88388
OTP,RO,Monday,480,575.0,OTP_Monday,189.51472
OTP,A3,Monday,440,650.0,OTP_Monday,191.13533
OTP,A3,Monday,1255,1275.0,OTP_Monday,192.97984
OTP,AF,Tuesday,365,1080.0,OTP_Tuesday,170.16858
OTP,AF,Tuesday,370,835.0,OTP_Tuesday,168.13286
OTP,AF,Tuesday,435,360.0,OTP_Tuesday,168.25887
OTP,AF,Tuesday,690,360.0,OTP_Tuesday,166.2391
OTP,AF,Tuesday,1045,1080.0,OTP_Tuesday,169.12779
OTP,AF,Tuesday,435,785.0,OTP_Tuesday,179.26295
OTP,AF,Tuesday,535,365.0,OTP_Tuesday,172.76015
OTP,AF,Tuesday,650,785.0,OTP_Tuesday,177.7434
OTP,A3,Tuesday,440,650.0,OTP_Tuesday,201.46599
OTP,A3,Tuesday,1475,650.0,OTP_Tuesday,204.17563
OTP,AF,Tuesday,365,365.0,OTP_Tuesday,173.40973
OTP,TK,Tuesday,560,930.0,OTP_Tuesday,237.17688
OTP,TK,Tuesday,835,1310.0,OTP_Tuesday,236.71469
OTP,LO,Tuesday,360,335.0,OTP_Tuesday,199.48503
OTP,LO,Tuesday,1460,1105.0,OTP_Tuesday,204.93178
OTP,H4,Wednesday,190,615.0,OTP_Wednesday,85.883316
OTP,AF,Wednesday,365,365.0,OTP_Wednesday,168.29951
OTP,AF,Wednesday,535,365.0,OTP_Wednesday,169.00612
OTP,AF,Wednesday,435,785.0,OTP_Wednesday,173.69969
OTP,AF,Wednesday,650,785.0,OTP_Wednesday,173.14856
OTP,JU,Wednesday,1080,965.0,OTP_Wednesday,143.36261
OTP,QS,Wednesday,1405,945.0,OTP_Wednesday,145.55696
OTP,JU,Wednesday,280,965.0,OTP_Wednesday,139.93732
OTP,AF,Wednesday,365,1080.0,OTP_Wednesday,167.41014
OTP,AF,Wednesday,370,835.0,OTP_Wednesday,167.39104
OTP,AF,Wednesday,435,360.0,OTP_Wednesday,166.45192
OTP,AF,Wednesday,690,360.0,OTP_Wednesday,167.25676
OTP,AF,Wednesday,1045,1080.0,OTP_Wednesday,167.5407
OTP,HR,Wednesday,1040,1110.0,OTP_Wednesday,179.46263
OTP,GP,Wednesday,190,615.0,OTP_Wednesday,181.403
OTP,JU,Thursday,1080,965.0,OTP_Thursday,138.29755
OTP,JU,Thursday,335,270.0,OTP_Thursday,125.738
OTP,QS,Thursday,1405,945.0,OTP_Thursday,145.39825
OTP,AF,Thursday,365,1080.0,OTP_Thursday,169.81737
OTP,AF,Thursday,1045,1080.0,OTP_Thursday,169.30132
OTP,AF,Thursday,370,835.0,OTP_Thursday,166.27182
OTP,AF,Thursday,365,365.0,OTP_Thursday,170.22731
OTP,AF,Thursday,435,785.0,OTP_Thursday,175.84273
OTP,AF,Thursday,535,365.0,OTP_Thursday,170.84741
OTP,AF,Thursday,435,360.0,OTP_Thursday,168.51535
OTP,AF,Thursday,690,360.0,OTP_Thursday,169.09805
OTP,AF,Thursday,650,785.0,OTP_Thursday,175.27405
OTP,A3,Thursday,440,650.0,OTP_Thursday,196.11383
OTP,A3,Thursday,850,1275.0,OTP_Thursday,192.80013
OTP,A3,Thursday,1255,1275.0,OTP_Thursday,192.15924
OTP,H4,Friday,190,615.0,OTP_Friday,85.82667
OTP,JU,Friday,335,270.0,OTP_Friday,125.53313
OTP,AF,Friday,365,1080.0,OTP_Friday,173.02423
OTP,AF,Friday,370,835.0,OTP_Friday,170.51671
OTP,AF,Friday,435,360.0,OTP_Friday,171.84773
OTP,AF,Friday,690,360.0,OTP_Friday,173.68869
OTP,AF,Friday,1045,1080.0,OTP_Friday,172.69821
OTP,JU,Friday,280,965.0,OTP_Friday,131.89284
OTP,JU,Friday,975,270.0,OTP_Friday,129.90143
OTP,JU,Friday,1080,965.0,OTP_Friday,138.31409
OTP,DY,Friday,1530,1020.0,OTP_Friday,197.11427
OTP,RO,Friday,380,635.0,OTP_Friday,192.15967
OTP,AF,Friday,535,365.0,OTP_Friday,175.03775
OTP,AF,Friday,565,520.0,OTP_Friday,182.5283
OTP,AF,Friday,645,790.0,OTP_Friday,179.6862
OTP,QS,Saturday,1405,945.0,OTP_Saturday,141.89894
OTP,AF,Saturday,690,360.0,OTP_Saturday,174.2089
OTP,JU,Saturday,335,270.0,OTP_Saturday,131.24654
OTP,AF,Saturday,370,835.0,OTP_Saturday,174.65746
OTP,AF,Saturday,435,360.0,OTP_Saturday,171.87337
OTP,AF,Saturday,1045,1080.0,OTP_Saturday,175.17273
OTP,AF,Saturday,1155,1080.0,OTP_Saturday,173.21423
OTP,RO,Saturday,555,500.0,OTP_Saturday,198.50223
OTP,A3,Saturday,440,650.0,OTP_Saturday,200.14784
OTP,A3,Saturday,1475,650.0,OTP_Saturday,197.67763
OTP,AF,Saturday,535,515.0,OTP_Saturday,188.83354
OTP,LH,Saturday,330,785.0,OTP_Saturday,228.9954
OTP,LH,Saturday,360,365.0,OTP_Saturday,219.88647
OTP,LH,Saturday,580,365.0,OTP_Saturday,221.04318
OTP,LH,Saturday,660,785.0,OTP_Saturday,228.73917
OTP,JU,Sunday,280,965.0,OTP_Sunday,126.449844
OTP,QS,Sunday,1405,945.0,OTP_Sunday,145.23979
OTP,AF,Sunday,370,835.0,OTP_Sunday,168.39075
OTP,AF,Sunday,435,360.0,OTP_Sunday,167.88078
OTP,AF,Sunday,690,360.0,OTP_Sunday,168.23672
OTP,JU,Sunday,1080,965.0,OTP_Sunday,133.33081
OTP,AF,Sunday,365,1080.0,OTP_Sunday,168.94168
OTP,AF,Sunday,1045,1080.0,OTP_Sunday,168.55714
OTP,AF,Sunday,535,365.0,OTP_Sunday,170.73686
OTP,RO,Sunday,325,690.0,OTP_Sunday,187.94493
OTP,RO,Sunday,765,690.0,OTP_Sunday,191.84581
OTP,AF,Sunday,435,785.0,OTP_Sunday,174.62305
OTP,AF,Sunday,650,785.0,OTP_Sunday,174.2765
OTP,RO,Sunday,555,500.0,OTP_Sunday,193.80006
OTP,AF,Sunday,430,790.0,OTP_Sunday,176.2351
OTP,H4,Monday,190,615.0,OTP_Monday,81.7066
OTP,JU,Monday,335,270.0,OTP_Monday,115.51211
OTP,AF,Monday,365,365.0,OTP_Monday,158.38866
OTP,AF,Monday,435,785.0,OTP_Monday,158.46909
OTP,AF,Monday,535,365.0,OTP_Monday,154.59802
OTP,AF,Monday,650,785.0,OTP_Monday,157.49101
OTP,JU,Monday,280,965.0,OTP_Monday,125.016
OTP,AF,Monday,365,1080.0,OTP_Monday,156.99841
OTP,AF,Monday,370,835.0,OTP_Monday,156.15681
OTP,AF,Monday,435,360.0,OTP_Monday,156.69066
OTP,AF,Monday,690,360.0,OTP_Monday,158.33942
OTP,AF,Monday,1045,1080.0,OTP_Monday,157.24962
OTP,JU,Monday,765,480.0,OTP_Monday,155.27904
OTP,JU,Monday,1080,965.0,OTP_Monday,143.10295
OTP,DY,Monday,1170,1090.0,OTP_Monday,167.87071
OTP,AF,Tuesday,365,365.0,OTP_Tuesday,173.40973
OTP,AF,Tuesday,435,785.0,OTP_Tuesday,179.26295
OTP,AF,Tuesday,535,365.0,OTP_Tuesday,172.76015
OTP,AF,Tuesday,650,785.0,OTP_Tuesday,177.7434
OTP,AF,Tuesday,365,1080.0,OTP_Tuesday,170.16858
OTP,AF,Tuesday,370,835.0,OTP_Tuesday,168.13286
OTP,AF,Tuesday,435,360.0,OTP_Tuesday,168.25887
OTP,AF,Tuesday,690,360.0,OTP_Tuesday,166.2391
OTP,AF,Tuesday,1045,1080.0,OTP_Tuesday,169.12779
OTP,AF,Tuesday,430,790.0,OTP_Tuesday,180.87502
OTP,AF,Tuesday,645,790.0,OTP_Tuesday,180.18181
OTP,A3,Tuesday,440,650.0,OTP_Tuesday,201.46599
OTP,AF,Tuesday,380,520.0,OTP_Tuesday,182.3016
OTP,AF,Tuesday,440,520.0,OTP_Tuesday,183.17667
OTP,LH,Tuesday,330,785.0,OTP_Tuesday,215.5038
OTP,H4,Wednesday,190,615.0,OTP_Wednesday,85.883316
OTP,AF,Wednesday,435,360.0,OTP_Wednesday,166.45192
OTP,AF,Wednesday,690,360.0,OTP_Wednesday,167.25676
OTP,QS,Wednesday,1405,945.0,OTP_Wednesday,145.55696
OTP,AF,Wednesday,370,835.0,OTP_Wednesday,167.39104
OTP,AF,Wednesday,435,785.0,OTP_Wednesday,173.69969
OTP,AF,Wednesday,365,1080.0,OTP_Wednesday,167.41014
OTP,AF,Wednesday,1045,1080.0,OTP_Wednesday,167.5407
OTP,JU,Wednesday,1080,965.0,OTP_Wednesday,143.36261
OTP,RO,Wednesday,370,645.0,OTP_Wednesday,189.52509
OTP,RO,Wednesday,810,645.0,OTP_Wednesday,191.35358
OTP,AF,Wednesday,535,365.0,OTP_Wednesday,169.00612
OTP,AF,Wednesday,650,785.0,OTP_Wednesday,173.14856
OTP,HR,Wednesday,1615,1110.0,OTP_Wednesday,186.07881
OTP,AF,Wednesday,1090,940.0,OTP_Wednesday,168.34743
OTP,AF,Thursday,365,365.0,OTP_Thursday,170.22731
OTP,AF,Thursday,535,365.0,OTP_Thursday,170.84741
OTP,JU,Thursday,335,270.0,OTP_Thursday,125.738
OTP,AF,Thursday,365,1080.0,OTP_Thursday,169.81737
OTP,AF,Thursday,370,835.0,OTP_Thursday,166.27182
OTP,AF,Thursday,435,360.0,OTP_Thursday,168.51535
OTP,AF,Thursday,690,360.0,OTP_Thursday,169.09805
OTP,AF,Thursday,1045,1080.0,OTP_Thursday,169.30132
OTP,QS,Thursday,1405,945.0,OTP_Thursday,145.39825
OTP,JU,Thursday,1080,965.0,OTP_Thursday,138.29755
OTP,A3,Thursday,850,1275.0,OTP_Thursday,192.80013
OTP,A3,Thursday,1255,1275.0,OTP_Thursday,192.15924
OTP,AF,Thursday,430,790.0,OTP_Thursday,177.45479
OTP,AF,Thursday,645,790.0,OTP_Thursday,176.53944
OTP,LH,Thursday,330,785.0,OTP_Thursday,212.88034
OTP,H4,Friday,190,615.0,OTP_Friday,85.82667
OTP,JU,Friday,335,270.0,OTP_Friday,125.53313
OTP,AF,Friday,1045,1080.0,OTP_Friday,172.69821
OTP,JU,Friday,280,965.0,OTP_Friday,131.89284
OTP,JU,Friday,975,270.0,OTP_Friday,129.90143
OTP,JU,Friday,1080,965.0,OTP_Friday,138.31409
OTP,AF,Friday,365,1080.0,OTP_Friday,173.02423
OTP,AF,Friday,370,835.0,OTP_Friday,170.51671
OTP,AF,Friday,435,360.0,OTP_Friday,171.84773
OTP,AF,Friday,690,360.0,OTP_Friday,173.68869
OTP,HR,Friday,1040,1110.0,OTP_Friday,182.31554
OTP,RO,Friday,380,635.0,OTP_Friday,192.15967
OTP,A3,Friday,850,1275.0,OTP_Friday,194.24216
OTP,A3,Friday,1255,1275.0,OTP_Friday,193.60127
OTP,LH,Friday,330,785.0,OTP_Friday,214.39284
OTP,AF,Saturday,370,835.0,OTP_Saturday,174.65746
OTP,AF,Saturday,435,360.0,OTP_Saturday,171.87337
OTP,AF,Saturday,690,360.0,OTP_Saturday,174.2089
OTP,AF,Saturday,1045,1080.0,OTP_Saturday,175.17273
OTP,AF,Saturday,1155,1080.0,OTP_Saturday,173.21423
OTP,AF,Saturday,1140,890.0,OTP_Saturday,164.85559
OTP,QS,Saturday,1405,945.0,OTP_Saturday,141.89894
OTP,JU,Saturday,335,270.0,OTP_Saturday,131.24654
OTP,AF,Saturday,535,515.0,OTP_Saturday,188.83354
OTP,AF,Saturday,690,515.0,OTP_Saturday,190.9816
OTP,AF,Saturday,1115,1010.0,OTP_Saturday,177.19017
OTP,RO,Saturday,555,500.0,OTP_Saturday,198.50223
OTP,A3,Saturday,440,650.0,OTP_Saturday,200.14784
OTP,A3,Saturday,1475,650.0,OTP_Saturday,197.67763
OTP,LO,Saturday,360,335.0,OTP_Saturday,196.14943
OTP,JU,Sunday,280,965.0,OTP_Sunday,126.449844
OTP,JU,Sunday,1080,965.0,OTP_Sunday,133.33081
OTP,AF,Sunday,370,835.0,OTP_Sunday,168.39075
OTP,AF,Sunday,435,360.0,OTP_Sunday,167.88078
OTP,AF,Sunday,690,360.0,OTP_Sunday,168.23672
OTP,QS,Sunday,1405,945.0,OTP_Sunday,145.23979
OTP,AF,Sunday,535,365.0,OTP_Sunday,170.73686
OTP,AF,Sunday,365,1080.0,OTP_Sunday,168.94168
OTP,AF,Sunday,1045,1080.0,OTP_Sunday,168.55714
OTP,AF,Sunday,365,365.0,OTP_Sunday,169.83105
OTP,AF,Sunday,435,785.0,OTP_Sunday,174.62305
OTP,AF,Sunday,435,1010.0,OTP_Sunday,172.10304
OTP,AF,Sunday,1115,1010.0,OTP_Sunday,170.17024
OTP,RO,Sunday,325,690.0,OTP_Sunday,187.94493
OTP,RO,Sunday,765,690.0,OTP_Sunday,191.84581
OTP,H4,Monday,190,615.0,OTP_Monday,81.7066
OTP,JU,Monday,335,270.0,OTP_Monday,115.51211
OTP,AF,Monday,365,1080.0,OTP_Monday,156.99841
OTP,AF,Monday,370,835.0,OTP_Monday,156.15681
OTP,AF,Monday,435,360.0,OTP_Monday,156.69066
OTP,AF,Monday,690,360.0,OTP_Monday,158.33942
OTP,AF,Monday,1045,1080.0,OTP_Monday,157.24962
OTP,DY,Monday,1170,1090.0,OTP_Monday,167.87071
OTP,AF,Monday,435,785.0,OTP_Monday,158.46909
OTP,AF,Monday,650,785.0,OTP_Monday,157.49101
OTP,AF,Monday,535,365.0,OTP_Monday,154.59802
OTP,JU,Monday,280,965.0,OTP_Monday,125.016
OTP,JU,Monday,1080,965.0,OTP_Monday,143.10295
OTP,JU,Monday,765,480.0,OTP_Monday,155.27904
OTP,AF,Monday,365,365.0,OTP_Monday,158.38866
OTP,AF,Tuesday,370,835.0,OTP_Tuesday,168.13286
OTP,AF,Tuesday,435,360.0,OTP_Tuesday,168.25887
OTP,AF,Tuesday,690,360.0,OTP_Tuesday,166.2391
OTP,AF,Tuesday,365,1080.0,OTP_Tuesday,170.16858
OTP,AF,Tuesday,1045,1080.0,OTP_Tuesday,169.12779
OTP,AF,Tuesday,435,1010.0,OTP_Tuesday,174.42322
OTP,AF,Tuesday,535,515.0,OTP_Tuesday,182.70343
OTP,AF,Tuesday,690,515.0,OTP_Tuesday,183.77562
OTP,AF,Tuesday,1115,1010.0,OTP_Tuesday,175.771
OTP,AF,Tuesday,430,790.0,OTP_Tuesday,180.87502
OTP,A3,Tuesday,440,650.0,OTP_Tuesday,201.46599
OTP,A3,Tuesday,1475,650.0,OTP_Tuesday,204.17563
OTP,LH,Tuesday,360,365.0,OTP_Tuesday,209.11542
OTP,LH,Tuesday,580,365.0,OTP_Tuesday,208.6921
OTP,LH,Tuesday,660,785.0,OTP_Tuesday,213.35681
OTP,H4,Wednesday,190,615.0,OTP_Wednesday,85.883316
OTP,AF,Wednesday,365,1080.0,OTP_Wednesday,167.41014
OTP,AF,Wednesday,370,835.0,OTP_Wednesday,167.39104
OTP,AF,Wednesday,435,360.0,OTP_Wednesday,166.45192
OTP,AF,Wednesday,690,360.0,OTP_Wednesday,167.25676
OTP,AF,Wednesday,1045,1080.0,OTP_Wednesday,167.5407
OTP,AF,Wednesday,365,365.0,OTP_Wednesday,168.29951
OTP,AF,Wednesday,535,365.0,OTP_Wednesday,169.00612
OTP,JU,Wednesday,1080,965.0,OTP_Wednesday,143.36261
OTP,QS,Wednesday,1405,945.0,OTP_Wednesday,145.55696
OTP,JU,Wednesday,280,965.0,OTP_Wednesday,139.93732
OTP,AF,Wednesday,435,785.0,OTP_Wednesday,173.69969
OTP,AF,Wednesday,650,785.0,OTP_Wednesday,173.14856
OTP,HR,Wednesday,1040,1110.0,OTP_Wednesday,179.46263
OTP,AF,Wednesday,435,1010.0,OTP_Wednesday,171.84897
OTP,AF,Thursday,370,835.0,OTP_Thursday,166.27182
OTP,AF,Thursday,435,360.0,OTP_Thursday,168.51535
OTP,AF,Thursday,690,360.0,OTP_Thursday,169.09805
OTP,JU,Thursday,335,270.0,OTP_Thursday,125.738
OTP,JU,Thursday,1080,965.0,OTP_Thursday,138.29755
OTP,QS,Thursday,1405,945.0,OTP_Thursday,145.39825
OTP,AF,Thursday,365,1080.0,OTP_Thursday,169.81737
OTP,AF,Thursday,1045,1080.0,OTP_Thursday,169.30132
OTP,AF,Thursday,365,365.0,OTP_Thursday,170.22731
OTP,AF,Thursday,535,365.0,OTP_Thursday,170.84741
OTP,AF,Thursday,435,1010.0,OTP_Thursday,172.91516
OTP,AF,Thursday,535,515.0,OTP_Thursday,179.16377
OTP,AF,Thursday,690,515.0,OTP_Thursday,181.31183
OTP,AF,Thursday,1115,1010.0,OTP_Thursday,170.91441
OTP,AF,Thursday,435,785.0,OTP_Thursday,175.84273
SOF,PC,Wednesday,1350,855.0,SOF_Wednesday,139.46095
SOF,JU,Wednesday,285,960.0,SOF_Wednesday,146.96356
SOF,JU,Wednesday,1085,960.0,SOF_Wednesday,144.99136
SOF,IB,Wednesday,540,610.0,SOF_Wednesday,180.64626
SOF,A3,Wednesday,435,655.0,SOF_Wednesday,194.59814
SOF,A3,Wednesday,1470,655.0,SOF_Wednesday,192.52281
SOF,TK,Wednesday,530,960.0,SOF_Wednesday,203.578
SOF,TK,Wednesday,830,1300.0,SOF_Wednesday,201.5309
SOF,TK,Wednesday,1005,1300.0,SOF_Wednesday,200.24599
SOF,TK,Wednesday,1170,960.0,SOF_Wednesday,201.57762
SOF,TK,Wednesday,480,605.0,SOF_Wednesday,212.63884
SOF,TK,Wednesday,885,605.0,SOF_Wednesday,211.59859
SOF,AF,Wednesday,375,420.0,SOF_Wednesday,192.44327
SOF,AF,Wednesday,1025,420.0,SOF_Wednesday,196.45145
SOF,LO,Wednesday,1020,1115.0,SOF_Wednesday,177.29153
SOF,JU,Thursday,1085,960.0,SOF_Thursday,134.9125
SOF,JU,Thursday,305,300.0,SOF_Thursday,133.43939
SOF,A3,Thursday,435,655.0,SOF_Thursday,194.58223
SOF,A3,Thursday,905,1220.0,SOF_Thursday,192.78711
SOF,A3,Thursday,1310,1220.0,SOF_Thursday,191.15489
SOF,TK,Thursday,530,960.0,SOF_Thursday,203.3015
SOF,TK,Thursday,845,1300.0,SOF_Thursday,201.62479
SOF,TK,Thursday,1185,960.0,SOF_Thursday,201.30112
SOF,TK,Thursday,1245,1300.0,SOF_Thursday,200.04196
SOF,TK,Thursday,480,605.0,SOF_Thursday,212.62292
SOF,TK,Thursday,885,605.0,SOF_Thursday,211.58267
SOF,AF,Thursday,375,420.0,SOF_Thursday,192.23474
SOF,AF,Thursday,630,420.0,SOF_Thursday,192.00696
SOF,LO,Thursday,1450,1115.0,SOF_Thursday,178.79807
SOF,LO,Thursday,1690,875.0,SOF_Thursday,176.86157
SOF,JU,Friday,305,300.0,SOF_Friday,133.09207
SOF,JU,Friday,285,960.0,SOF_Friday,133.12256
SOF,JU,Friday,945,300.0,SOF_Friday,134.53497
SOF,JU,Friday,1085,960.0,SOF_Friday,134.92842
SOF,IB,Friday,475,810.0,SOF_Friday,179.85619
SOF,IB,Friday,620,810.0,SOF_Friday,178.33797
SOF,LO,Friday,1020,1115.0,SOF_Friday,177.03094
SOF,A3,Friday,905,1220.0,SOF_Friday,192.80302
SOF,A3,Friday,1310,1220.0,SOF_Friday,191.1708
SOF,LO,Friday,1260,875.0,SOF_Friday,178.33212
SOF,TK,Friday,530,960.0,SOF_Friday,203.31741
SOF,TK,Friday,830,1300.0,SOF_Friday,201.27031
SOF,TK,Friday,1005,1300.0,SOF_Friday,199.9854
SOF,TK,Friday,1170,960.0,SOF_Friday,201.31703
SOF,TK,Friday,500,605.0,SOF_Friday,212.41075
SOF,JU,Saturday,305,300.0,SOF_Saturday,134.0533
SOF,A3,Saturday,435,655.0,SOF_Saturday,197.4131
SOF,A3,Saturday,1470,655.0,SOF_Saturday,195.20148
SOF,LO,Saturday,1450,1115.0,SOF_Saturday,179.55049
SOF,LO,Saturday,1690,875.0,SOF_Saturday,179.56073
SOF,TK,Saturday,530,960.0,SOF_Saturday,203.59914
SOF,TK,Saturday,845,1300.0,SOF_Saturday,201.92242
SOF,TK,Saturday,1005,1300.0,SOF_Saturday,200.32132
SOF,TK,Saturday,1185,960.0,SOF_Saturday,201.65295
SOF,TK,Saturday,480,605.0,SOF_Saturday,213.36343
SOF,TK,Saturday,885,605.0,SOF_Saturday,212.37738
SOF,AF,Saturday,375,420.0,SOF_Saturday,196.57169
SOF,AF,Saturday,630,420.0,SOF_Saturday,194.3283
SOF,A3,Saturday,420,655.0,SOF_Saturday,214.70894
SOF,FB,Saturday,375,420.0,SOF_Saturday,278.46512
SOF,JU,Sunday,285,960.0,SOF_Sunday,132.63907
SOF,JU,Sunday,1085,960.0,SOF_Sunday,134.44493
SOF,A3,Sunday,905,1220.0,SOF_Sunday,192.80302
SOF,A3,Sunday,1310,1220.0,SOF_Sunday,191.1708
SOF,LO,Sunday,1450,1115.0,SOF_Sunday,179.88667
SOF,LO,Sunday,1690,875.0,SOF_Sunday,178.37195
SOF,TK,Sunday,530,960.0,SOF_Sunday,204.17548
SOF,TK,Sunday,845,1300.0,SOF_Sunday,201.96039
SOF,TK,Sunday,1185,960.0,SOF_Sunday,201.71867
SOF,TK,Sunday,1225,1300.0,SOF_Sunday,200.37756
SOF,AF,Sunday,375,420.0,SOF_Sunday,192.44327
SOF,AF,Sunday,630,420.0,SOF_Sunday,192.21548
SOF,TK,Sunday,500,605.0,SOF_Sunday,217.09103
SOF,TK,Sunday,885,605.0,SOF_Sunday,215.82245
SOF,FB,Sunday,375,420.0,SOF_Sunday,274.18457
SOF,JU,Monday,285,960.0,SOF_Monday,132.57329
SOF,JU,Monday,945,300.0,SOF_Monday,134.0966
SOF,JU,Monday,305,300.0,SOF_Monday,132.0613
SOF,JU,Monday,1085,960.0,SOF_Monday,135.65417
SOF,A3,Monday,435,655.0,SOF_Monday,194.18837
SOF,A3,Monday,1470,655.0,SOF_Monday,192.11304
SOF,LO,Monday,1020,1115.0,SOF_Monday,175.99779
SOF,LO,Monday,1260,875.0,SOF_Monday,177.75424
SOF,TK,Monday,530,960.0,SOF_Monday,203.09793
SOF,TK,Monday,845,1300.0,SOF_Monday,201.52135
SOF,TK,Monday,1005,1300.0,SOF_Monday,199.86604
SOF,TK,Monday,1185,960.0,SOF_Monday,201.09755
SOF,AF,Monday,375,420.0,SOF_Monday,191.9547
SOF,AF,Monday,630,420.0,SOF_Monday,191.72691
SOF,TK,Monday,480,605.0,SOF_Monday,212.41936
SOF,JU,Tuesday,305,300.0,SOF_Tuesday,162.77435
SOF,A3,Tuesday,905,1220.0,SOF_Tuesday,193.45702
SOF,TK,Tuesday,530,960.0,SOF_Tuesday,203.74467
SOF,TK,Tuesday,845,1300.0,SOF_Tuesday,202.06796
SOF,TK,Tuesday,1185,960.0,SOF_Tuesday,201.7443
SOF,TK,Tuesday,1225,1300.0,SOF_Tuesday,200.48514
SOF,AF,Tuesday,375,420.0,SOF_Tuesday,192.87053
SOF,AF,Tuesday,630,420.0,SOF_Tuesday,192.64275
SOF,TK,Tuesday,480,605.0,SOF_Tuesday,213.0661
SOF,TK,Tuesday,885,605.0,SOF_Tuesday,212.02585
SOF,LO,Tuesday,1450,1115.0,SOF_Tuesday,178.10376
SOF,LO,Tuesday,1690,875.0,SOF_Tuesday,177.65076
SOF,A3,Tuesday,1310,1220.0,SOF_Tuesday,192.66254
SOF,FB,Tuesday,375,420.0,SOF_Tuesday,274.61185
SOF,FB,Tuesday,630,420.0,SOF_Tuesday,274.80972
SOF,PC,Wednesday,1350,855.0,SOF_Wednesday,139.46095
SOF,JU,Wednesday,285,960.0,SOF_Wednesday,146.96356
SOF,JU,Wednesday,1085,960.0,SOF_Wednesday,144.99136
SOF,LO,Wednesday,1020,1115.0,SOF_Wednesday,177.29153
SOF,LO,Wednesday,1260,875.0,SOF_Wednesday,178.59271
SOF,A3,Wednesday,435,655.0,SOF_Wednesday,194.59814
SOF,A3,Wednesday,1470,655.0,SOF_Wednesday,192.52281
SOF,TK,Wednesday,530,960.0,SOF_Wednesday,203.578
SOF,TK,Wednesday,830,1300.0,SOF_Wednesday,201.5309
SOF,TK,Wednesday,1005,1300.0,SOF_Wednesday,200.24599
SOF,TK,Wednesday,1170,960.0,SOF_Wednesday,201.57762
SOF,AF,Wednesday,375,420.0,SOF_Wednesday,192.44327
SOF,AF,Wednesday,630,420.0,SOF_Wednesday,191.57956
SOF,TK,Wednesday,480,605.0,SOF_Wednesday,212.63884
SOF,TK,Wednesday,885,605.0,SOF_Wednesday,211.59859
SOF,JU,Thursday,1085,960.0,SOF_Thursday,134.9125
SOF,JU,Thursday,305,300.0,SOF_Thursday,133.43939
SOF,LO,Thursday,1450,1115.0,SOF_Thursday,178.79807
SOF,LO,Thursday,1690,875.0,SOF_Thursday,176.86157
SOF,A3,Thursday,435,655.0,SOF_Thursday,194.58223
SOF,A3,Thursday,905,1220.0,SOF_Thursday,192.78711
SOF,A3,Thursday,1310,1220.0,SOF_Thursday,191.15489
SOF,TK,Thursday,530,960.0,SOF_Thursday,203.3015
SOF,TK,Thursday,845,1300.0,SOF_Thursday,201.62479
SOF,TK,Thursday,1185,960.0,SOF_Thursday,201.30112
SOF,TK,Thursday,1245,1300.0,SOF_Thursday,200.04196
SOF,AF,Thursday,375,420.0,SOF_Thursday,192.23474
SOF,AF,Thursday,630,420.0,SOF_Thursday,192.00696
SOF,TK,Thursday,480,605.0,SOF_Thursday,212.62292
SOF,TK,Thursday,885,605.0,SOF_Thursday,211.58267
SOF,JU,Friday,305,300.0,SOF_Friday,133.09207
SOF,JU,Friday,285,960.0,SOF_Friday,133.12256
SOF,JU,Friday,945,300.0,SOF_Friday,134.53497
SOF,JU,Friday,1085,960.0,SOF_Friday,134.92842
SOF,LO,Friday,1020,1115.0,SOF_Friday,177.03094
SOF,LO,Friday,1260,875.0,SOF_Friday,178.33212
SOF,IB,Friday,620,810.0,SOF_Friday,178.33797
SOF,AF,Friday,375,420.0,SOF_Friday,193.02493
SOF,AF,Friday,630,420.0,SOF_Friday,192.79715
SOF,A3,Friday,905,1220.0,SOF_Friday,192.80302
SOF,A3,Friday,1310,1220.0,SOF_Friday,191.1708
SOF,TK,Friday,830,1300.0,SOF_Friday,201.27031
SOF,TK,Friday,1005,1300.0,SOF_Friday,199.9854
SOF,TK,Friday,1170,960.0,SOF_Friday,201.31703
SOF,TK,Friday,500,605.0,SOF_Friday,212.41075
SOF,JU,Saturday,305,300.0,SOF_Saturday,134.0533
SOF,LO,Saturday,1450,1115.0,SOF_Saturday,179.55049
SOF,LO,Saturday,1690,875.0,SOF_Saturday,179.56073
SOF,AF,Saturday,375,420.0,SOF_Saturday,196.57169
SOF,AF,Saturday,630,420.0,SOF_Saturday,194.3283
SOF,A3,Saturday,435,655.0,SOF_Saturday,197.4131
SOF,A3,Saturday,1470,655.0,SOF_Saturday,195.20148
SOF,TK,Saturday,845,1300.0,SOF_Saturday,201.92242
SOF,TK,Saturday,1005,1300.0,SOF_Saturday,200.32132
SOF,TK,Saturday,480,605.0,SOF_Saturday,213.36343
SOF,TK,Saturday,885,605.0,SOF_Saturday,212.37738
SOF,PC,Saturday,1560,645.0,SOF_Saturday,168.91167
SOF,A3,Saturday,420,655.0,SOF_Saturday,214.70894
SOF,LH,Saturday,300,1145.0,SOF_Saturday,227.22864
SOF,LH,Saturday,360,365.0,SOF_Saturday,229.32281
SOF,JU,Sunday,1085,960.0,SOF_Sunday,134.44493
SOF,PC,Sunday,1185,1200.0,SOF_Sunday,144.1445
SOF,JU,Sunday,285,960.0,SOF_Sunday,132.63907
SOF,PC,Sunday,1005,1200.0,SOF_Sunday,162.15997
SOF,AF,Sunday,375,420.0,SOF_Sunday,192.44327
SOF,AF,Sunday,630,420.0,SOF_Sunday,192.21548
SOF,A3,Sunday,905,1220.0,SOF_Sunday,192.80302
SOF,A3,Sunday,1310,1220.0,SOF_Sunday,191.1708
SOF,TK,Sunday,530,960.0,SOF_Sunday,204.17548
SOF,TK,Sunday,845,1300.0,SOF_Sunday,201.96039
SOF,TK,Sunday,1185,960.0,SOF_Sunday,201.71867
SOF,TK,Sunday,1225,1300.0,SOF_Sunday,200.37756
SOF,TK,Sunday,500,605.0,SOF_Sunday,217.09103
SOF,TK,Sunday,885,605.0,SOF_Sunday,215.82245
SOF,LH,Sunday,300,1145.0,SOF_Sunday,219.10968
SOF,PC,Monday,1635,570.0,SOF_Monday,126.84232
SOF,JU,Monday,305,300.0,SOF_Monday,132.0613
SOF,JU,Monday,285,960.0,SOF_Monday,132.57329
SOF,JU,Monday,945,300.0,SOF_Monday,134.0966
SOF,JU,Monday,1085,960.0,SOF_Monday,135.65417
SOF,LO,Monday,1020,1115.0,SOF_Monday,175.99779
SOF,LO,Monday,1260,875.0,SOF_Monday,177.75424
SOF,AF,Monday,375,420.0,SOF_Monday,191.9547
SOF,AF,Monday,630,420.0,SOF_Monday,191.72691
SOF,A3,Monday,435,655.0,SOF_Monday,194.18837
SOF,A3,Monday,1470,655.0,SOF_Monday,192.11304
SOF,TK,Monday,530,960.0,SOF_Monday,203.09793
SOF,TK,Monday,1185,960.0,SOF_Monday,201.09755
SOF,TK,Monday,845,1300.0,SOF_Monday,201.52135
SOF,TK,Monday,1005,1300.0,SOF_Monday,199.86604
SOF,PC,Tuesday,1605,780.0,SOF_Tuesday,126.99785
SOF,LO,Tuesday,1450,1115.0,SOF_Tuesday,178.10376
SOF,LO,Tuesday,1690,875.0,SOF_Tuesday,177.65076
SOF,JU,Tuesday,305,300.0,SOF_Tuesday,162.77435
SOF,AF,Tuesday,375,420.0,SOF_Tuesday,192.87053
SOF,AF,Tuesday,630,420.0,SOF_Tuesday,192.64275
SOF,A3,Tuesday,905,1220.0,SOF_Tuesday,193.45702
SOF,A3,Tuesday,1310,1220.0,SOF_Tuesday,192.66254
SOF,TK,Tuesday,530,960.0,SOF_Tuesday,203.74467
SOF,TK,Tuesday,845,1300.0,SOF_Tuesday,202.06796
SOF,TK,Tuesday,1185,960.0,SOF_Tuesday,201.7443
SOF,TK,Tuesday,1225,1300.0,SOF_Tuesday,200.48514
SOF,TK,Tuesday,480,605.0,SOF_Tuesday,213.0661
SOF,TK,Tuesday,885,605.0,SOF_Tuesday,212.02585
SOF,PC,Tuesday,1425,780.0,SOF_Tuesday,140.76096
SOF,PC,Wednesday,1350,855.0,SOF_Wednesday,139.46095
SOF,JU,Wednesday,1085,960.0,SOF_Wednesday,144.99136
SOF,LO,Wednesday,1020,1115.0,SOF_Wednesday,177.29153
SOF,LO,Wednesday,1260,875.0,SOF_Wednesday,178.59271
SOF,JU,Wednesday,285,960.0,SOF_Wednesday,146.96356
SOF,IB,Wednesday,480,610.0,SOF_Wednesday,179.9334
SOF,AF,Wednesday,375,420.0,SOF_Wednesday,192.44327
SOF,AF,Wednesday,630,420.0,SOF_Wednesday,191.57956
SOF,A3,Wednesday,435,655.0,SOF_Wednesday,194.59814
SOF,A3,Wednesday,1470,655.0,SOF_Wednesday,192.52281
SOF,TK,Wednesday,530,960.0,SOF_Wednesday,203.578
SOF,TK,Wednesday,830,1300.0,SOF_Wednesday,201.5309
SOF,TK,Wednesday,1005,1300.0,SOF_Wednesday,200.24599
SOF,TK,Wednesday,1170,960.0,SOF_Wednesday,201.57762
SOF,TK,Wednesday,480,605.0,SOF_Wednesday,212.63884
SOF,PC,Thursday,1420,785.0,SOF_Thursday,133.32005
SOF,PC,Thursday,1600,785.0,SOF_Thursday,122.23171
SOF,JU,Thursday,305,300.0,SOF_Thursday,133.43939
SOF,JU,Thursday,1085,960.0,SOF_Thursday,134.9125
SOF,LO,Thursday,1450,1115.0,SOF_Thursday,178.79807
SOF,LO,Thursday,1690,875.0,SOF_Thursday,176.86157
SOF,AF,Thursday,375,420.0,SOF_Thursday,192.23474
SOF,AF,Thursday,630,420.0,SOF_Thursday,192.00696
SOF,A3,Thursday,435,655.0,SOF_Thursday,194.58223
SOF,A3,Thursday,905,1220.0,SOF_Thursday,192.78711
SOF,A3,Thursday,1310,1220.0,SOF_Thursday,191.15489
SOF,TK,Thursday,530,960.0,SOF_Thursday,203.3015
SOF,TK,Thursday,845,1300.0,SOF_Thursday,201.62479
SOF,TK,Thursday,1185,960.0,SOF_Thursday,201.30112
SOF,TK,Thursday,1245,1300.0,SOF_Thursday,200.04196
SOF,JU,Friday,285,960.0,SOF_Friday,133.12256
SOF,JU,Friday,305,300.0,SOF_Friday,133.09207
SOF,JU,Friday,945,300.0,SOF_Friday,134.53497
SOF,JU,Friday,1085,960.0,SOF_Friday,134.92842
SOF,LO,Friday,1020,1115.0,SOF_Friday,177.03094
SOF,LO,Friday,1260,875.0,SOF_Friday,178.33212
SOF,PC,Friday,1350,855.0,SOF_Friday,145.63658
SOF,AF,Friday,375,420.0,SOF_Friday,193.02493
SOF,AF,Friday,630,420.0,SOF_Friday,192.79715
SOF,A3,Friday,905,1220.0,SOF_Friday,192.80302
SOF,A3,Friday,1310,1220.0,SOF_Friday,191.1708
SOF,IB,Friday,475,810.0,SOF_Friday,179.85619
SOF,IB,Friday,620,810.0,SOF_Friday,178.33797
SOF,TK,Friday,530,960.0,SOF_Friday,203.31741
SOF,TK,Friday,830,1300.0,SOF_Friday,201.27031
SOF,JU,Saturday,305,300.0,SOF_Saturday,134.0533
SOF,LO,Saturday,1450,1115.0,SOF_Saturday,179.55049
SOF,LO,Saturday,1690,875.0,SOF_Saturday,179.56073
SOF,PC,Saturday,1560,645.0,SOF_Saturday,168.91167
SOF,AF,Saturday,375,420.0,SOF_Saturday,196.57169
SOF,AF,Saturday,630,420.0,SOF_Saturday,194.3283
SOF,A3,Saturday,435,655.0,SOF_Saturday,197.4131
SOF,A3,Saturday,1470,655.0,SOF_Saturday,195.20148
SOF,TK,Saturday,530,960.0,SOF_Saturday,203.59914
SOF,TK,Saturday,845,1300.0,SOF_Saturday,201.92242
SOF,TK,Saturday,1005,1300.0,SOF_Saturday,200.32132
SOF,TK,Saturday,1185,960.0,SOF_Saturday,201.65295
SOF,TK,Saturday,480,605.0,SOF_Saturday,213.36343
SOF,TK,Saturday,885,605.0,SOF_Saturday,212.37738
SOF,AZ,Saturday,290,420.0,SOF_Saturday,196.7676
SOF,PC,Sunday,1185,1200.0,SOF_Sunday,144.1445
SOF,JU,Sunday,285,960.0,SOF_Sunday,132.63907
SOF,JU,Sunday,1085,960.0,SOF_Sunday,134.44493
SOF,IB,Sunday,385,900.0,SOF_Sunday,178.04068
SOF,AF,Sunday,375,420.0,SOF_Sunday,192.44327
SOF,AF,Sunday,630,420.0,SOF_Sunday,192.21548
SOF,A3,Sunday,905,1220.0,SOF_Sunday,192.80302
SOF,A3,Sunday,1310,1220.0,SOF_Sunday,191.1708
SOF,TK,Sunday,530,960.0,SOF_Sunday,204.17548
SOF,TK,Sunday,845,1300.0,SOF_Sunday,201.96039
SOF,TK,Sunday,1185,960.0,SOF_Sunday,201.71867
SOF,TK,Sunday,1225,1300.0,SOF_Sunday,200.37756
SOF,TK,Sunday,500,605.0,SOF_Sunday,217.09103
SOF,TK,Sunday,885,605.0,SOF_Sunday,215.82245
SOF,PC,Sunday,1005,1200.0,SOF_Sunday,162.15997
SOF,PC,Monday,1635,570.0,SOF_Monday,126.84232
SOF,JU,Monday,285,960.0,SOF_Monday,132.57329
SOF,JU,Monday,305,300.0,SOF_Monday,132.0613
SOF,JU,Monday,945,300.0,SOF_Monday,134.0966
SOF,LO,Monday,1020,1115.0,SOF_Monday,175.99779
SOF,LO,Monday,1260,875.0,SOF_Monday,177.75424
SOF,JU,Monday,1085,960.0,SOF_Monday,135.65417
SOF,IB,Monday,480,610.0,SOF_Monday,179.71391
SOF,AF,Monday,375,420.0,SOF_Monday,191.9547
SOF,AF,Monday,630,420.0,SOF_Monday,191.72691
SOF,A3,Monday,435,655.0,SOF_Monday,194.18837
SOF,A3,Monday,1470,655.0,SOF_Monday,192.11304
SOF,TK,Monday,530,960.0,SOF_Monday,203.09793
SOF,TK,Monday,845,1300.0,SOF_Monday,201.52135
SOF,TK,Monday,1005,1300.0,SOF_Monday,199.86604
SOF,PC,Tuesday,1425,780.0,SOF_Tuesday,140.76096
SOF,PC,Tuesday,1605,780.0,SOF_Tuesday,126.99785
SOF,LO,Tuesday,1450,1115.0,SOF_Tuesday,178.10376
SOF,LO,Tuesday,1690,875.0,SOF_Tuesday,177.65076
SOF,JU,Tuesday,305,300.0,SOF_Tuesday,162.77435
SOF,AF,Tuesday,375,420.0,SOF_Tuesday,192.87053
SOF,AF,Tuesday,630,420.0,SOF_Tuesday,192.64275
SOF,A3,Tuesday,1310,1220.0,SOF_Tuesday,192.66254
SOF,TK,Tuesday,530,960.0,SOF_Tuesday,203.74467
SOF,TK,Tuesday,1225,1300.0,SOF_Tuesday,200.48514
SOF,TK,Tuesday,845,1300.0,SOF_Tuesday,202.06796
SOF,AZ,Tuesday,285,425.0,SOF_Tuesday,193.2537
SOF,AZ,Tuesday,590,425.0,SOF_Tuesday,195.48314
SOF,LH,Tuesday,300,1145.0,SOF_Tuesday,219.53694
SOF,LH,Tuesday,360,365.0,SOF_Tuesday,221.0915
SOF,PC,Wednesday,1350,855.0,SOF_Wednesday,139.46095
SOF,JU,Wednesday,1085,960.0,SOF_Wednesday,144.99136
SOF,LO,Wednesday,1020,1115.0,SOF_Wednesday,177.29153
SOF,LO,Wednesday,1260,875.0,SOF_Wednesday,178.59271
SOF,JU,Wednesday,285,960.0,SOF_Wednesday,146.96356
SOF,AF,Wednesday,375,420.0,SOF_Wednesday,192.44327
SOF,AF,Wednesday,630,420.0,SOF_Wednesday,191.57956
SOF,A3,Wednesday,435,655.0,SOF_Wednesday,194.59814
SOF,A3,Wednesday,1470,655.0,SOF_Wednesday,192.52281
SOF,TK,Wednesday,530,960.0,SOF_Wednesday,203.578
SOF,TK,Wednesday,830,1300.0,SOF_Wednesday,201.5309
SOF,TK,Wednesday,1005,1300.0,SOF_Wednesday,200.24599
SOF,TK,Wednesday,1170,960.0,SOF_Wednesday,201.57762
SOF,TK,Wednesday,480,605.0,SOF_Wednesday,212.63884
SOF,TK,Wednesday,885,605.0,SOF_Wednesday,211.59859
SOF,PC,Thursday,1420,785.0,SOF_Thursday,133.32005
SOF,JU,Thursday,1085,960.0,SOF_Thursday,134.9125
SOF,JU,Thursday,305,300.0,SOF_Thursday,133.43939
SOF,LO,Thursday,1450,1115.0,SOF_Thursday,178.79807
SOF,LO,Thursday,1690,875.0,SOF_Thursday,176.86157
SOF,AF,Thursday,375,420.0,SOF_Thursday,192.23474
SOF,AF,Thursday,630,420.0,SOF_Thursday,192.00696
SOF,A3,Thursday,435,655.0,SOF_Thursday,194.58223
SOF,A3,Thursday,905,1220.0,SOF_Thursday,192.78711
SOF,A3,Thursday,1310,1220.0,SOF_Thursday,191.15489
SOF,TK,Thursday,530,960.0,SOF_Thursday,203.3015
SOF,TK,Thursday,845,1300.0,SOF_Thursday,201.62479
SOF,TK,Thursday,1185,960.0,SOF_Thursday,201.30112
SOF,TK,Thursday,1245,1300.0,SOF_Thursday,200.04196
SOF,TK,Thursday,480,605.0,SOF_Thursday,212.62292
SOF,JU,Friday,285,960.0,SOF_Friday,133.12256
SOF,JU,Friday,305,300.0,SOF_Friday,133.09207
SOF,JU,Friday,945,300.0,SOF_Friday,134.53497
SOF,JU,Friday,1085,960.0,SOF_Friday,134.92842
SOF,LO,Friday,1020,1115.0,SOF_Friday,177.03094
SOF,LO,Friday,1260,875.0,SOF_Friday,178.33212
SOF,IB,Friday,620,810.0,SOF_Friday,178.33797
SOF,AF,Friday,375,420.0,SOF_Friday,193.02493
SOF,AF,Friday,630,420.0,SOF_Friday,192.79715
SOF,A3,Friday,905,1220.0,SOF_Friday,192.80302
SOF,A3,Friday,1310,1220.0,SOF_Friday,191.1708
SOF,TK,Friday,530,960.0,SOF_Friday,203.31741
SOF,TK,Friday,1005,1300.0,SOF_Friday,199.9854
SOF,LH,Friday,360,365.0,SOF_Friday,221.18422
SOF,LH,Friday,580,365.0,SOF_Friday,220.15161
SOF,JU,Saturday,305,300.0,SOF_Saturday,134.0533
SOF,LO,Saturday,1450,1115.0,SOF_Saturday,179.55049
SOF,LO,Saturday,1690,875.0,SOF_Saturday,179.56073
SOF,AF,Saturday,375,420.0,SOF_Saturday,196.57169
SOF,AF,Saturday,630,420.0,SOF_Saturday,194.3283
SOF,A3,Saturday,435,655.0,SOF_Saturday,197.4131
SOF,A3,Saturday,1470,655.0,SOF_Saturday,195.20148
SOF,TK,Saturday,530,960.0,SOF_Saturday,203.59914
SOF,TK,Saturday,1185,960.0,SOF_Saturday,201.65295
SOF,TK,Saturday,480,605.0,SOF_Saturday,213.36343
SOF,TK,Saturday,885,605.0,SOF_Saturday,212.37738
SOF,LH,Saturday,300,1145.0,SOF_Saturday,227.22864
SOF,LH,Saturday,360,365.0,SOF_Saturday,229.32281
SOF,LH,Saturday,580,365.0,SOF_Saturday,225.5933
SOF,LH,Saturday,605,840.0,SOF_Saturday,220.23119
SOF,JU,Sunday,285,960.0,SOF_Sunday,132.63907
SOF,JU,Sunday,1085,960.0,SOF_Sunday,134.44493
SOF,LO,Sunday,1450,1115.0,SOF_Sunday,179.88667
SOF,LO,Sunday,1690,875.0,SOF_Sunday,178.37195
SOF,AF,Sunday,375,420.0,SOF_Sunday,192.44327
SOF,AF,Sunday,630,420.0,SOF_Sunday,192.21548
SOF,A3,Sunday,905,1220.0,SOF_Sunday,192.80302
SOF,A3,Sunday,1310,1220.0,SOF_Sunday,191.1708
SOF,TK,Sunday,530,960.0,SOF_Sunday,204.17548
SOF,TK,Sunday,845,1300.0,SOF_Sunday,201.96039
SOF,TK,Sunday,1185,960.0,SOF_Sunday,201.71867
SOF,TK,Sunday,1225,1300.0,SOF_Sunday,200.37756
SOF,LH,Sunday,300,1145.0,SOF_Sunday,219.10968
SOF,LH,Sunday,360,365.0,SOF_Sunday,220.66425
SOF,LH,Sunday,580,365.0,SOF_Sunday,219.63164
SOF,JU,Monday,285,960.0,SOF_Monday,132.57329
SOF,JU,Monday,945,300.0,SOF_Monday,134.0966
SOF,JU,Monday,305,300.0,SOF_Monday,132.0613
SOF,LO,Monday,1020,1115.0,SOF_Monday,175.99779
SOF,LO,Monday,1260,875.0,SOF_Monday,177.75424
SOF,JU,Monday,1085,960.0,SOF_Monday,135.65417
SOF,AF,Monday,375,420.0,SOF_Monday,191.9547
SOF,AF,Monday,630,420.0,SOF_Monday,191.72691
SOF,A3,Monday,435,655.0,SOF_Monday,194.18837
SOF,A3,Monday,1470,655.0,SOF_Monday,192.11304
SOF,TK,Monday,530,960.0,SOF_Monday,203.09793
SOF,TK,Monday,845,1300.0,SOF_Monday,201.52135
SOF,TK,Monday,1005,1300.0,SOF_Monday,199.86604
SOF,TK,Monday,1185,960.0,SOF_Monday,201.09755
SOF,TK,Monday,480,605.0,SOF_Monday,212.41936
SOF,LO,Tuesday,1450,1115.0,SOF_Tuesday,178.10376
SOF,LO,Tuesday,1690,875.0,SOF_Tuesday,177.65076
SOF,JU,Tuesday,305,300.0,SOF_Tuesday,162.77435
SOF,AF,Tuesday,375,420.0,SOF_Tuesday,192.87053
SOF,AF,Tuesday,630,420.0,SOF_Tuesday,192.64275
SOF,A3,Tuesday,905,1220.0,SOF_Tuesday,193.45702
SOF,A3,Tuesday,1310,1220.0,SOF_Tuesday,192.66254
SOF,TK,Tuesday,530,960.0,SOF_Tuesday,203.74467
SOF,TK,Tuesday,1225,1300.0,SOF_Tuesday,200.48514
SOF,TK,Tuesday,480,605.0,SOF_Tuesday,213.0661
SOF,TK,Tuesday,885,605.0,SOF_Tuesday,212.02585
SOF,LH,Tuesday,300,1145.0,SOF_Tuesday,219.53694
SOF,LH,Tuesday,360,365.0,SOF_Tuesday,221.0915
SOF,LH,Tuesday,580,365.0,SOF_Tuesday,220.0589
SOF,LH,Tuesday,605,840.0,SOF_Tuesday,216.6328
SOF,JU,Wednesday,1085,960.0,SOF_Wednesday,144.99136
SOF,JU,Wednesday,285,960.0,SOF_Wednesday,146.96356
SOF,AF,Wednesday,375,420.0,SOF_Wednesday,192.44327
SOF,AF,Wednesday,630,420.0,SOF_Wednesday,191.57956
SOF,A3,Wednesday,435,655.0,SOF_Wednesday,194.59814
SOF,A3,Wednesday,1470,655.0,SOF_Wednesday,192.52281
SOF,LO,Wednesday,1020,1115.0,SOF_Wednesday,177.29153
SOF,TK,Wednesday,530,960.0,SOF_Wednesday,203.578
SOF,TK,Wednesday,480,605.0,SOF_Wednesday,212.63884
SOF,TK,Wednesday,885,605.0,SOF_Wednesday,211.59859
SOF,LH,Wednesday,300,1145.0,SOF_Wednesday,219.37027
SOF,LH,Wednesday,360,365.0,SOF_Wednesday,219.92778
SOF,LH,Wednesday,580,365.0,SOF_Wednesday,218.89517
SOF,LH,Wednesday,605,840.0,SOF_Wednesday,215.46907
SOF,PC,Wednesday,1350,855.0,SOF_Wednesday,139.46095
SOF,JU,Thursday,1085,960.0,SOF_Thursday,134.9125
SOF,JU,Thursday,305,300.0,SOF_Thursday,133.43939
SOF,LO,Thursday,1450,1115.0,SOF_Thursday,178.79807
SOF,LO,Thursday,1690,875.0,SOF_Thursday,176.86157
SOF,AF,Thursday,375,420.0,SOF_Thursday,192.23474
SOF,AF,Thursday,630,420.0,SOF_Thursday,192.00696
SOF,A3,Thursday,435,655.0,SOF_Thursday,194.58223
SOF,A3,Thursday,905,1220.0,SOF_Thursday,192.78711
SOF,A3,Thursday,1310,1220.0,SOF_Thursday,191.15489
SOF,TK,Thursday,530,960.0,SOF_Thursday,203.3015
SOF,TK,Thursday,1245,1300.0,SOF_Thursday,200.04196
SOF,TK,Thursday,480,605.0,SOF_Thursday,212.62292
SOF,TK,Thursday,885,605.0,SOF_Thursday,211.58267
SOF,AZ,Thursday,290,420.0,SOF_Thursday,193.67155
SOF,AZ,Thursday,595,420.0,SOF_Thursday,197.38635
ATH,A3,Wednesday,195,490.0,ATH_Wednesday,127.21217
ATH,A3,Wednesday,195,895.0,ATH_Wednesday,123.547966
ATH,IB,Wednesday,190,725.0,ATH_Wednesday,116.16739
ATH,VY,Wednesday,190,725.0,ATH_Wednesday,114.756294
ATH,PC,Wednesday,1635,570.0,ATH_Wednesday,117.707405
ATH,V7,Wednesday,195,490.0,ATH_Wednesday,128.56079
ATH,V7,Wednesday,195,895.0,ATH_Wednesday,125.32051
ATH,AZ,Wednesday,345,365.0,ATH_Wednesday,118.486465
ATH,AZ,Wednesday,650,365.0,ATH_Wednesday,118.40109
ATH,JU,Wednesday,1095,950.0,ATH_Wednesday,158.78592
ATH,SK,Wednesday,630,530.0,ATH_Wednesday,189.1152
ATH,JU,Wednesday,430,815.0,ATH_Wednesday,168.60872
ATH,JU,Wednesday,1230,815.0,ATH_Wednesday,162.15572
ATH,AF,Wednesday,560,875.0,ATH_Wednesday,152.8006
ATH,AF,Wednesday,1155,875.0,ATH_Wednesday,150.9305
ATH,A3,Thursday,195,490.0,ATH_Thursday,129.77379
ATH,A3,Thursday,195,895.0,ATH_Thursday,124.95071
ATH,IB,Thursday,190,725.0,ATH_Thursday,116.27401
ATH,IB,Thursday,200,1315.0,ATH_Thursday,117.39044
ATH,VY,Thursday,190,725.0,ATH_Thursday,114.862915
ATH,VY,Thursday,200,1315.0,ATH_Thursday,116.75149
ATH,JU,Thursday,345,260.0,ATH_Thursday,131.20583
ATH,JU,Thursday,1060,985.0,ATH_Thursday,135.69095
ATH,V7,Thursday,195,490.0,ATH_Thursday,129.14648
ATH,V7,Thursday,195,895.0,ATH_Thursday,124.74741
ATH,AZ,Thursday,290,1165.0,ATH_Thursday,119.286026
ATH,AZ,Thursday,695,760.0,ATH_Thursday,117.73376
ATH,AZ,Thursday,985,1165.0,ATH_Thursday,116.36911
ATH,LH,Thursday,605,580.0,ATH_Thursday,186.94514
ATH,TK,Thursday,495,590.0,ATH_Thursday,217.47406
ATH,VY,Friday,190,725.0,ATH_Friday,114.878845
ATH,IB,Friday,190,725.0,ATH_Friday,116.28994
ATH,IB,Friday,200,1285.0,ATH_Friday,117.40637
ATH,VY,Friday,200,1285.0,ATH_Friday,116.76742
ATH,V7,Friday,195,490.0,ATH_Friday,129.16241
ATH,V7,Friday,195,895.0,ATH_Friday,124.76334
ATH,JU,Friday,335,270.0,ATH_Friday,127.178
ATH,JU,Friday,975,270.0,ATH_Friday,128.20149
ATH,JU,Friday,1095,950.0,ATH_Friday,138.07007
ATH,AZ,Friday,345,365.0,ATH_Friday,116.724495
ATH,AZ,Friday,650,365.0,ATH_Friday,116.362206
ATH,AZ,Friday,985,1165.0,ATH_Friday,113.83301
ATH,A3,Friday,1090,1425.0,ATH_Friday,143.64694
ATH,A3,Friday,1225,1290.0,ATH_Friday,143.52472
ATH,IB,Friday,475,955.0,ATH_Friday,148.12663
ATH,IB,Saturday,190,725.0,ATH_Saturday,116.42946
ATH,IB,Saturday,200,1315.0,ATH_Saturday,117.64559
ATH,VY,Saturday,190,725.0,ATH_Saturday,115.018364
ATH,VY,Saturday,200,1315.0,ATH_Saturday,117.00664
ATH,V7,Saturday,195,490.0,ATH_Saturday,129.45312
ATH,V7,Saturday,195,895.0,ATH_Saturday,125.00256
ATH,JU,Saturday,345,260.0,ATH_Saturday,131.1372
ATH,AZ,Saturday,345,365.0,ATH_Saturday,120.23381
ATH,AZ,Saturday,650,365.0,ATH_Saturday,118.117676
ATH,AZ,Saturday,695,760.0,ATH_Saturday,118.082405
ATH,A3,Saturday,290,785.0,ATH_Saturday,145.0329
ATH,A3,Saturday,390,685.0,ATH_Saturday,150.14911
ATH,AF,Saturday,1080,1045.0,ATH_Saturday,149.56221
ATH,AF,Saturday,1190,1045.0,ATH_Saturday,149.43999
ATH,AF,Saturday,1320,805.0,ATH_Saturday,150.44202
ATH,IB,Sunday,190,725.0,ATH_Sunday,116.28994
ATH,IB,Sunday,200,1315.0,ATH_Sunday,117.40637
ATH,VY,Sunday,190,725.0,ATH_Sunday,114.878845
ATH,VY,Sunday,200,1315.0,ATH_Sunday,116.76742
ATH,V7,Sunday,195,490.0,ATH_Sunday,129.16241
ATH,V7,Sunday,195,895.0,ATH_Sunday,124.76334
ATH,AZ,Sunday,345,365.0,ATH_Sunday,116.4993
ATH,A3,Sunday,195,895.0,ATH_Sunday,124.96664
ATH,AZ,Sunday,650,365.0,ATH_Sunday,117.24087
ATH,AF,Sunday,430,365.0,ATH_Sunday,153.83464
ATH,AF,Sunday,685,365.0,ATH_Sunday,153.19269
ATH,IB,Sunday,385,435.0,ATH_Sunday,151.60184
ATH,IB,Sunday,475,955.0,ATH_Sunday,148.12663
ATH,AZ,Sunday,290,1165.0,ATH_Sunday,118.23189
ATH,AZ,Sunday,695,760.0,ATH_Sunday,117.03477
ATH,IB,Monday,190,725.0,ATH_Monday,116.070465
ATH,IB,Monday,200,1315.0,ATH_Monday,117.28703
ATH,VY,Monday,190,725.0,ATH_Monday,114.65937
ATH,VY,Monday,200,1315.0,ATH_Monday,116.64808
ATH,V7,Monday,195,490.0,ATH_Monday,128.94295
ATH,V7,Monday,195,895.0,ATH_Monday,124.54387
ATH,AZ,Monday,290,1165.0,ATH_Monday,117.81938
ATH,AZ,Monday,345,365.0,ATH_Monday,115.85111
ATH,AZ,Monday,650,365.0,ATH_Monday,116.120575
ATH,AZ,Monday,695,760.0,ATH_Monday,115.914474
ATH,AZ,Monday,985,1165.0,ATH_Monday,114.23327
ATH,JU,Monday,335,270.0,ATH_Monday,128.66344
ATH,JU,Monday,975,270.0,ATH_Monday,129.5661
ATH,JU,Monday,430,815.0,ATH_Monday,144.448
ATH,AF,Monday,385,205.0,ATH_Monday,144.11296
ATH,IB,Tuesday,190,725.0,ATH_Tuesday,116.96616
ATH,VY,Tuesday,190,725.0,ATH_Tuesday,115.55507
ATH,AZ,Tuesday,290,1165.0,ATH_Tuesday,116.29995
ATH,AZ,Tuesday,345,365.0,ATH_Tuesday,114.643425
ATH,AZ,Tuesday,650,365.0,ATH_Tuesday,114.912865
ATH,AZ,Tuesday,695,760.0,ATH_Tuesday,114.70679
ATH,AZ,Tuesday,985,1165.0,ATH_Tuesday,112.87716
ATH,V7,Tuesday,195,490.0,ATH_Tuesday,129.83867
ATH,V7,Tuesday,195,895.0,ATH_Tuesday,125.43957
ATH,A3,Tuesday,195,490.0,ATH_Tuesday,130.46591
ATH,A3,Tuesday,195,895.0,ATH_Tuesday,125.64286
ATH,A3,Tuesday,300,785.0,ATH_Tuesday,148.1301
ATH,A3,Tuesday,400,685.0,ATH_Tuesday,150.14323
ATH,AF,Tuesday,380,825.0,ATH_Tuesday,152.48973
ATH,AF,Tuesday,405,1040.0,ATH_Tuesday,153.49055
ATH,PC,Wednesday,1635,570.0,ATH_Wednesday,117.707405
ATH,IB,Wednesday,190,725.0,ATH_Wednesday,116.16739
ATH,VY,Wednesday,190,725.0,ATH_Wednesday,114.756294
ATH,AZ,Wednesday,345,365.0,ATH_Wednesday,118.486465
ATH,AZ,Wednesday,650,365.0,ATH_Wednesday,118.40109
ATH,AZ,Wednesday,695,760.0,ATH_Wednesday,116.989105
ATH,V7,Wednesday,195,490.0,ATH_Wednesday,128.56079
ATH,V7,Wednesday,195,895.0,ATH_Wednesday,125.32051
ATH,AZ,Wednesday,290,1165.0,ATH_Wednesday,117.99746
ATH,AZ,Wednesday,985,1165.0,ATH_Wednesday,114.514694
ATH,IB,Wednesday,475,955.0,ATH_Wednesday,148.6838
ATH,SK,Wednesday,630,530.0,ATH_Wednesday,189.1152
ATH,JU,Wednesday,430,815.0,ATH_Wednesday,168.60872
ATH,JU,Wednesday,1230,815.0,ATH_Wednesday,162.15572
ATH,AF,Wednesday,560,875.0,ATH_Wednesday,152.8006
ATH,JU,Thursday,1060,985.0,ATH_Thursday,135.69095
ATH,IB,Thursday,190,725.0,ATH_Thursday,116.27401
ATH,IB,Thursday,200,1315.0,ATH_Thursday,117.39044
ATH,VY,Thursday,190,725.0,ATH_Thursday,114.862915
ATH,VY,Thursday,200,1315.0,ATH_Thursday,116.75149
ATH,AZ,Thursday,290,1165.0,ATH_Thursday,119.286026
ATH,AZ,Thursday,345,365.0,ATH_Thursday,116.20236
ATH,AZ,Thursday,650,365.0,ATH_Thursday,116.471825
ATH,AZ,Thursday,695,760.0,ATH_Thursday,117.73376
ATH,V7,Thursday,195,490.0,ATH_Thursday,129.14648
ATH,V7,Thursday,195,895.0,ATH_Thursday,124.74741
ATH,A3,Thursday,195,490.0,ATH_Thursday,129.77379
ATH,A3,Thursday,195,895.0,ATH_Thursday,124.95071
ATH,JU,Thursday,345,260.0,ATH_Thursday,131.20583
ATH,AF,Thursday,560,875.0,ATH_Thursday,150.982
ATH,JU,Friday,335,270.0,ATH_Friday,127.178
ATH,AZ,Friday,290,1165.0,ATH_Friday,116.942924
ATH,AZ,Friday,650,365.0,ATH_Friday,116.362206
ATH,AZ,Friday,695,760.0,ATH_Friday,115.63613
ATH,IB,Friday,190,725.0,ATH_Friday,116.28994
ATH,IB,Friday,200,1285.0,ATH_Friday,117.40637
ATH,VY,Friday,190,725.0,ATH_Friday,114.878845
ATH,VY,Friday,200,1285.0,ATH_Friday,116.76742
ATH,JU,Friday,975,270.0,ATH_Friday,128.20149
ATH,V7,Friday,195,490.0,ATH_Friday,129.16241
ATH,V7,Friday,195,895.0,ATH_Friday,124.76334
ATH,A3,Friday,195,490.0,ATH_Friday,129.78972
ATH,A3,Friday,195,895.0,ATH_Friday,124.96664
ATH,A3,Friday,1090,1425.0,ATH_Friday,143.64694
ATH,IB,Friday,475,955.0,ATH_Friday,148.12663
ATH,AZ,Saturday,290,1165.0,ATH_Saturday,118.9244
ATH,AZ,Saturday,650,365.0,ATH_Saturday,118.117676
ATH,AZ,Saturday,695,760.0,ATH_Saturday,118.082405
ATH,AZ,Saturday,985,1165.0,ATH_Saturday,114.2849
ATH,IB,Saturday,190,725.0,ATH_Saturday,116.42946
ATH,IB,Saturday,200,1315.0,ATH_Saturday,117.64559
ATH,VY,Saturday,190,725.0,ATH_Saturday,115.018364
ATH,VY,Saturday,200,1315.0,ATH_Saturday,117.00664
ATH,V7,Saturday,195,490.0,ATH_Saturday,129.45312
ATH,V7,Saturday,195,895.0,ATH_Saturday,125.00256
ATH,A3,Saturday,195,490.0,ATH_Saturday,130.0804
ATH,A3,Saturday,195,895.0,ATH_Saturday,125.20586
ATH,A3,Saturday,290,785.0,ATH_Saturday,145.0329
ATH,A3,Saturday,390,685.0,ATH_Saturday,150.14911
ATH,AF,Saturday,1080,1045.0,ATH_Saturday,149.56221
ATH,AZ,Sunday,290,1165.0,ATH_Sunday,118.23189
ATH,AZ,Sunday,345,365.0,ATH_Sunday,116.4993
ATH,AZ,Sunday,650,365.0,ATH_Sunday,117.24087
ATH,AZ,Sunday,695,760.0,ATH_Sunday,117.03477
ATH,AZ,Sunday,985,1165.0,ATH_Sunday,114.57911
ATH,VY,Sunday,190,725.0,ATH_Sunday,114.878845
ATH,PC,Sunday,1300,1085.0,ATH_Sunday,125.76568
ATH,IB,Sunday,190,725.0,ATH_Sunday,116.28994
ATH,IB,Sunday,200,1315.0,ATH_Sunday,117.40637
ATH,VY,Sunday,200,1315.0,ATH_Sunday,116.76742
ATH,V7,Sunday,195,490.0,ATH_Sunday,129.16241
ATH,V7,Sunday,195,895.0,ATH_Sunday,124.76334
ATH,A3,Sunday,195,490.0,ATH_Sunday,129.78972
ATH,A3,Sunday,195,895.0,ATH_Sunday,124.96664
ATH,JU,Sunday,1095,950.0,ATH_Sunday,137.58658
ATH,AZ,Monday,290,1165.0,ATH_Monday,117.81938
ATH,AZ,Monday,345,365.0,ATH_Monday,115.85111
ATH,AZ,Monday,650,365.0,ATH_Monday,116.120575
ATH,AZ,Monday,695,760.0,ATH_Monday,115.914474
ATH,AZ,Monday,985,1165.0,ATH_Monday,114.23327
ATH,PC,Monday,1285,920.0,ATH_Monday,125.76406
ATH,PC,Monday,1635,570.0,ATH_Monday,117.61049
ATH,A3,Monday,195,490.0,ATH_Monday,127.27259
ATH,A3,Monday,195,895.0,ATH_Monday,122.44955
ATH,IB,Monday,190,725.0,ATH_Monday,116.070465
ATH,IB,Monday,200,1315.0,ATH_Monday,117.28703
ATH,VY,Monday,190,725.0,ATH_Monday,114.65937
ATH,VY,Monday,200,1315.0,ATH_Monday,116.64808
ATH,JU,Monday,335,270.0,ATH_Monday,128.66344
ATH,JU,Monday,975,270.0,ATH_Monday,129.5661
ATH,AZ,Tuesday,290,1165.0,ATH_Tuesday,116.29995
ATH,AZ,Tuesday,345,365.0,ATH_Tuesday,114.643425
ATH,AZ,Tuesday,650,365.0,ATH_Tuesday,114.912865
ATH,AZ,Tuesday,695,760.0,ATH_Tuesday,114.70679
ATH,AZ,Tuesday,985,1165.0,ATH_Tuesday,112.87716
ATH,IB,Tuesday,190,725.0,ATH_Tuesday,116.96616
ATH,VY,Tuesday,190,725.0,ATH_Tuesday,115.55507
ATH,V7,Tuesday,195,490.0,ATH_Tuesday,129.83867
ATH,V7,Tuesday,195,895.0,ATH_Tuesday,125.43957
ATH,A3,Tuesday,195,895.0,ATH_Tuesday,125.64286
ATH,A3,Tuesday,300,785.0,ATH_Tuesday,148.1301
ATH,AF,Tuesday,380,825.0,ATH_Tuesday,152.48973
ATH,AF,Tuesday,405,1040.0,ATH_Tuesday,153.49055
ATH,AF,Tuesday,620,825.0,ATH_Tuesday,152.60966
ATH,AF,Tuesday,1085,1040.0,ATH_Tuesday,151.49782
ATH,AZ,Wednesday,290,1165.0,ATH_Wednesday,117.99746
ATH,AZ,Wednesday,345,365.0,ATH_Wednesday,118.486465
ATH,AZ,Wednesday,650,365.0,ATH_Wednesday,118.40109
ATH,AZ,Wednesday,695,760.0,ATH_Wednesday,116.989105
ATH,AZ,Wednesday,985,1165.0,ATH_Wednesday,114.514694
ATH,PC,Wednesday,1635,570.0,ATH_Wednesday,117.707405
ATH,IB,Wednesday,190,725.0,ATH_Wednesday,116.16739
ATH,VY,Wednesday,190,725.0,ATH_Wednesday,114.756294
ATH,AF,Wednesday,1155,875.0,ATH_Wednesday,150.9305
ATH,V7,Wednesday,195,490.0,ATH_Wednesday,128.56079
ATH,V7,Wednesday,195,895.0,ATH_Wednesday,125.32051
ATH,AF,Wednesday,380,825.0,ATH_Wednesday,152.37068
ATH,AF,Wednesday,620,825.0,ATH_Wednesday,152.49062
ATH,AF,Wednesday,405,1040.0,ATH_Wednesday,153.3715
ATH,AF,Wednesday,1085,1040.0,ATH_Wednesday,150.85461
ATH,AZ,Thursday,290,1165.0,ATH_Thursday,119.286026
ATH,AZ,Thursday,345,365.0,ATH_Thursday,116.20236
ATH,AZ,Thursday,650,365.0,ATH_Thursday,116.471825
ATH,AZ,Thursday,695,760.0,ATH_Thursday,117.73376
ATH,AZ,Thursday,985,1165.0,ATH_Thursday,116.36911
ATH,PC,Thursday,1635,570.0,ATH_Thursday,115.92739
ATH,IB,Thursday,190,725.0,ATH_Thursday,116.27401
ATH,IB,Thursday,200,1315.0,ATH_Thursday,117.39044
ATH,VY,Thursday,190,725.0,ATH_Thursday,114.862915
ATH,VY,Thursday,200,1315.0,ATH_Thursday,116.75149
ATH,AF,Thursday,560,875.0,ATH_Thursday,150.982
ATH,AF,Thursday,1155,875.0,ATH_Thursday,149.1119
ATH,V7,Thursday,195,490.0,ATH_Thursday,129.14648
ATH,V7,Thursday,195,895.0,ATH_Thursday,124.74741
ATH,A3,Thursday,195,490.0,ATH_Thursday,129.77379
ATH,AZ,Friday,290,1165.0,ATH_Friday,116.942924
ATH,AZ,Friday,345,365.0,ATH_Friday,116.724495
ATH,AZ,Friday,650,365.0,ATH_Friday,116.362206
ATH,AZ,Friday,695,760.0,ATH_Friday,115.63613
ATH,AZ,Friday,985,1165.0,ATH_Friday,113.83301
ATH,IB,Friday,190,725.0,ATH_Friday,116.28994
ATH,IB,Friday,200,1285.0,ATH_Friday,117.40637
ATH,VY,Friday,190,725.0,ATH_Friday,114.878845
ATH,VY,Friday,200,1285.0,ATH_Friday,116.76742
ATH,JU,Friday,975,270.0,ATH_Friday,128.20149
ATH,AF,Friday,560,875.0,ATH_Friday,153.26234
ATH,AF,Friday,1155,875.0,ATH_Friday,151.39224
ATH,V7,Friday,195,490.0,ATH_Friday,129.16241
ATH,V7,Friday,195,895.0,ATH_Friday,124.76334
ATH,A3,Friday,195,490.0,ATH_Friday,129.78972
ATH,AZ,Saturday,290,1165.0,ATH_Saturday,118.9244
ATH,AZ,Saturday,345,365.0,ATH_Saturday,120.23381
ATH,AZ,Saturday,650,365.0,ATH_Saturday,118.117676
ATH,AZ,Saturday,695,760.0,ATH_Saturday,118.082405
ATH,AZ,Saturday,985,1165.0,ATH_Saturday,114.2849
ATH,VY,Saturday,200,1315.0,ATH_Saturday,117.00664
ATH,IB,Saturday,190,725.0,ATH_Saturday,116.42946
ATH,IB,Saturday,200,1315.0,ATH_Saturday,117.64559
ATH,VY,Saturday,190,725.0,ATH_Saturday,115.018364
ATH,V7,Saturday,195,490.0,ATH_Saturday,129.45312
ATH,V7,Saturday,195,895.0,ATH_Saturday,125.00256
ATH,A3,Saturday,195,490.0,ATH_Saturday,130.0804
ATH,A3,Saturday,195,895.0,ATH_Saturday,125.20586
ATH,AF,Saturday,430,365.0,ATH_Saturday,153.1306
ATH,AF,Saturday,685,365.0,ATH_Saturday,152.48865
ATH,VY,Sunday,190,725.0,ATH_Sunday,114.878845
ATH,AZ,Sunday,290,1165.0,ATH_Sunday,118.23189
ATH,AZ,Sunday,985,1165.0,ATH_Sunday,114.57911
ATH,AZ,Sunday,345,365.0,ATH_Sunday,116.4993
ATH,AZ,Sunday,650,365.0,ATH_Sunday,117.24087
ATH,AZ,Sunday,695,760.0,ATH_Sunday,117.03477
ATH,PC,Sunday,1300,1085.0,ATH_Sunday,125.76568
ATH,IB,Sunday,190,725.0,ATH_Sunday,116.28994
ATH,IB,Sunday,200,1315.0,ATH_Sunday,117.40637
ATH,VY,Sunday,200,1315.0,ATH_Sunday,116.76742
ATH,V7,Sunday,195,490.0,ATH_Sunday,129.16241
ATH,V7,Sunday,195,895.0,ATH_Sunday,124.76334
ATH,A3,Sunday,195,490.0,ATH_Sunday,129.78972
ATH,A3,Sunday,195,895.0,ATH_Sunday,124.96664
ATH,LO,Sunday,1735,830.0,ATH_Sunday,154.94649
ATH,AZ,Monday,290,1165.0,ATH_Monday,117.81938
ATH,AZ,Monday,345,365.0,ATH_Monday,115.85111
ATH,AZ,Monday,650,365.0,ATH_Monday,116.120575
ATH,AZ,Monday,695,760.0,ATH_Monday,115.914474
ATH,AZ,Monday,985,1165.0,ATH_Monday,114.23327
ATH,PC,Monday,1285,920.0,ATH_Monday,125.76406
ATH,PC,Monday,1635,570.0,ATH_Monday,117.61049
ATH,IB,Monday,190,725.0,ATH_Monday,116.070465
ATH,IB,Monday,200,1315.0,ATH_Monday,117.28703
ATH,VY,Monday,190,725.0,ATH_Monday,114.65937
ATH,VY,Monday,200,1315.0,ATH_Monday,116.64808
ATH,AF,Monday,385,205.0,ATH_Monday,144.11296
ATH,V7,Monday,195,490.0,ATH_Monday,128.94295
ATH,V7,Monday,195,895.0,ATH_Monday,124.54387
ATH,A3,Monday,1100,1425.0,ATH_Monday,143.15866
ATH,AZ,Tuesday,290,1165.0,ATH_Tuesday,116.29995
ATH,AZ,Tuesday,345,365.0,ATH_Tuesday,114.643425
ATH,AZ,Tuesday,650,365.0,ATH_Tuesday,114.912865
ATH,AZ,Tuesday,695,760.0,ATH_Tuesday,114.70679
ATH,AZ,Tuesday,985,1165.0,ATH_Tuesday,112.87716
ATH,IB,Tuesday,190,725.0,ATH_Tuesday,116.96616
ATH,VY,Tuesday,190,725.0,ATH_Tuesday,115.55507
ATH,AF,Tuesday,560,875.0,ATH_Tuesday,152.91965
ATH,V7,Tuesday,195,490.0,ATH_Tuesday,129.83867
ATH,V7,Tuesday,195,895.0,ATH_Tuesday,125.43957
ATH,PC,Tuesday,1635,570.0,ATH_Tuesday,127.55977
ATH,AF,Tuesday,380,825.0,ATH_Tuesday,152.48973
ATH,AF,Tuesday,405,1040.0,ATH_Tuesday,153.49055
ATH,AF,Tuesday,430,365.0,ATH_Tuesday,153.62654
ATH,AF,Tuesday,620,825.0,ATH_Tuesday,152.60966
ATH,AZ,Wednesday,290,1165.0,ATH_Wednesday,117.99746
ATH,AZ,Wednesday,345,365.0,ATH_Wednesday,118.486465
ATH,AZ,Wednesday,650,365.0,ATH_Wednesday,118.40109
ATH,AZ,Wednesday,695,760.0,ATH_Wednesday,116.989105
ATH,AZ,Wednesday,985,1165.0,ATH_Wednesday,114.514694
ATH,PC,Wednesday,1635,570.0,ATH_Wednesday,117.707405
ATH,IB,Wednesday,190,725.0,ATH_Wednesday,116.16739
ATH,VY,Wednesday,190,725.0,ATH_Wednesday,114.756294
ATH,AF,Wednesday,1155,875.0,ATH_Wednesday,150.9305
ATH,V7,Wednesday,195,895.0,ATH_Wednesday,125.32051
ATH,AF,Wednesday,380,825.0,ATH_Wednesday,152.37068
ATH,AF,Wednesday,430,365.0,ATH_Wednesday,152.82777
ATH,AF,Wednesday,620,825.0,ATH_Wednesday,152.49062
ATH,AF,Wednesday,685,365.0,ATH_Wednesday,152.18582
ATH,AF,Wednesday,560,875.0,ATH_Wednesday,152.8006
ATH,AZ,Thursday,290,1165.0,ATH_Thursday,119.286026
ATH,AZ,Thursday,345,365.0,ATH_Thursday,116.20236
ATH,AZ,Thursday,650,365.0,ATH_Thursday,116.471825
ATH,AZ,Thursday,695,760.0,ATH_Thursday,117.73376
ATH,AZ,Thursday,985,1165.0,ATH_Thursday,116.36911
ATH,PC,Thursday,1635,570.0,ATH_Thursday,115.92739
ATH,IB,Thursday,190,725.0,ATH_Thursday,116.27401
ATH,IB,Thursday,200,1315.0,ATH_Thursday,117.39044
ATH,VY,Thursday,190,725.0,ATH_Thursday,114.862915
ATH,VY,Thursday,200,1315.0,ATH_Thursday,116.75149
ATH,AF,Thursday,560,875.0,ATH_Thursday,150.982
ATH,AF,Thursday,1155,875.0,ATH_Thursday,149.1119
ATH,V7,Thursday,195,490.0,ATH_Thursday,129.14648
ATH,V7,Thursday,195,895.0,ATH_Thursday,124.74741
ATH,AF,Thursday,430,365.0,ATH_Thursday,151.68889
ATH,AZ,Friday,290,1165.0,ATH_Friday,116.942924
ATH,AZ,Friday,345,365.0,ATH_Friday,116.724495
ATH,AZ,Friday,650,365.0,ATH_Friday,116.362206
ATH,AZ,Friday,695,760.0,ATH_Friday,115.63613
ATH,AZ,Friday,985,1165.0,ATH_Friday,113.83301
ATH,IB,Friday,190,725.0,ATH_Friday,116.28994
ATH,IB,Friday,200,1285.0,ATH_Friday,117.40637
ATH,VY,Friday,190,725.0,ATH_Friday,114.878845
ATH,VY,Friday,200,1285.0,ATH_Friday,116.76742
ATH,JU,Friday,975,270.0,ATH_Friday,128.20149
ATH,V7,Friday,195,490.0,ATH_Friday,129.16241
ATH,A3,Friday,195,490.0,ATH_Friday,129.78972
ATH,A3,Friday,195,895.0,ATH_Friday,124.96664
ATH,V7,Friday,195,895.0,ATH_Friday,124.76334
ATH,A3,Friday,1090,1425.0,ATH_Friday,143.64694
ATH,IB,Saturday,190,725.0,ATH_Saturday,116.42946
ATH,IB,Saturday,200,1315.0,ATH_Saturday,117.64559
ATH,VY,Saturday,190,725.0,ATH_Saturday,115.018364
ATH,VY,Saturday,200,1315.0,ATH_Saturday,117.00664
ATH,AZ,Saturday,345,365.0,ATH_Saturday,120.23381
ATH,AZ,Saturday,650,365.0,ATH_Saturday,118.117676
ATH,AZ,Saturday,695,760.0,ATH_Saturday,118.082405
ATH,AF,Saturday,1155,875.0,ATH_Saturday,150.28459
ATH,V7,Saturday,195,490.0,ATH_Saturday,129.45312
ATH,V7,Saturday,195,895.0,ATH_Saturday,125.00256
ATH,AF,Saturday,560,875.0,ATH_Saturday,152.1547
ATH,A3,Saturday,195,490.0,ATH_Saturday,130.0804
ATH,A3,Saturday,195,895.0,ATH_Saturday,125.20586
ATH,A3,Saturday,290,785.0,ATH_Saturday,145.0329
ATH,A3,Saturday,390,685.0,ATH_Saturday,150.14911
ATH,VY,Sunday,200,1315.0,ATH_Sunday,116.76742
ATH,AZ,Sunday,290,1165.0,ATH_Sunday,118.23189
ATH,AZ,Sunday,345,365.0,ATH_Sunday,116.4993
ATH,AZ,Sunday,650,365.0,ATH_Sunday,117.24087
ATH,AZ,Sunday,695,760.0,ATH_Sunday,117.03477
ATH,AZ,Sunday,985,1165.0,ATH_Sunday,114.57911
ATH,A3,Sunday,195,490.0,ATH_Sunday,129.78972
ATH,A3,Sunday,195,895.0,ATH_Sunday,124.96664
ATH,IB,Sunday,190,725.0,ATH_Sunday,116.28994
ATH,IB,Sunday,200,1315.0,ATH_Sunday,117.40637
ATH,VY,Sunday,190,725.0,ATH_Sunday,114.878845
ATH,V7,Sunday,195,490.0,ATH_Sunday,129.16241
ATH,V7,Sunday,195,895.0,ATH_Sunday,124.76334
ATH,AF,Sunday,560,875.0,ATH_Sunday,152.24342
ATH,AF,Sunday,1155,875.0,ATH_Sunday,150.37332
ATH,AZ,Monday,290,1165.0,ATH_Monday,117.81938
ATH,AZ,Monday,345,365.0,ATH_Monday,115.85111
ATH,AZ,Monday,695,760.0,ATH_Monday,115.914474
ATH,AZ,Monday,985,1165.0,ATH_Monday,114.23327
ATH,IB,Monday,190,725.0,ATH_Monday,116.070465
ATH,IB,Monday,200,1315.0,ATH_Monday,117.28703
ATH,VY,Monday,190,725.0,ATH_Monday,114.65937
ATH,VY,Monday,200,1315.0,ATH_Monday,116.64808
ATH,AZ,Monday,650,365.0,ATH_Monday,116.120575
ATH,JU,Monday,975,270.0,ATH_Monday,129.5661
ATH,V7,Monday,195,490.0,ATH_Monday,128.94295
ATH,V7,Monday,195,895.0,ATH_Monday,124.54387
ATH,AF,Monday,620,825.0,ATH_Monday,151.44487
ATH,AF,Monday,385,205.0,ATH_Monday,144.11296
ATH,A3,Monday,1100,1425.0,ATH_Monday,143.15866
ATH,AZ,Tuesday,290,1165.0,ATH_Tuesday,116.29995
ATH,AZ,Tuesday,345,365.0,ATH_Tuesday,114.643425
ATH,AZ,Tuesday,650,365.0,ATH_Tuesday,114.912865
ATH,AZ,Tuesday,695,760.0,ATH_Tuesday,114.70679
ATH,AZ,Tuesday,985,1165.0,ATH_Tuesday,112.87716
ATH,IB,Tuesday,190,725.0,ATH_Tuesday,116.96616
ATH,VY,Tuesday,190,725.0,ATH_Tuesday,115.55507
ATH,AF,Tuesday,385,205.0,ATH_Tuesday,142.70532
ATH,AF,Tuesday,525,205.0,ATH_Tuesday,143.13524
ATH,AF,Tuesday,560,875.0,ATH_Tuesday,152.91965
ATH,AF,Tuesday,1155,875.0,ATH_Tuesday,151.04955
ATH,V7,Tuesday,195,490.0,ATH_Tuesday,129.83867
ATH,V7,Tuesday,195,895.0,ATH_Tuesday,125.43957
ATH,A3,Tuesday,195,490.0,ATH_Tuesday,130.46591
ATH,A3,Tuesday,195,895.0,ATH_Tuesday,125.64286
ATH,AZ,Wednesday,290,1165.0,ATH_Wednesday,117.99746
ATH,AZ,Wednesday,345,365.0,ATH_Wednesday,118.486465
ATH,AZ,Wednesday,650,365.0,ATH_Wednesday,118.40109
ATH,AZ,Wednesday,695,760.0,ATH_Wednesday,116.989105
ATH,AZ,Wednesday,985,1165.0,ATH_Wednesday,114.514694
ATH,IB,Wednesday,190,725.0,ATH_Wednesday,116.16739
ATH,VY,Wednesday,190,725.0,ATH_Wednesday,114.756294
ATH,V7,Wednesday,195,490.0,ATH_Wednesday,128.56079
ATH,V7,Wednesday,195,895.0,ATH_Wednesday,125.32051
ATH,A3,Wednesday,195,490.0,ATH_Wednesday,127.21217
ATH,A3,Wednesday,195,895.0,ATH_Wednesday,123.547966
ATH,AF,Wednesday,380,825.0,ATH_Wednesday,152.37068
ATH,AF,Wednesday,405,1040.0,ATH_Wednesday,153.3715
ATH,AF,Wednesday,620,825.0,ATH_Wednesday,152.49062
ATH,AF,Wednesday,1085,1040.0,ATH_Wednesday,150.85461
ATH,VY,Thursday,190,725.0,ATH_Thursday,114.862915
ATH,AZ,Thursday,290,1165.0,ATH_Thursday,119.286026
ATH,AZ,Thursday,695,760.0,ATH_Thursday,117.73376
ATH,AZ,Thursday,985,1165.0,ATH_Thursday,116.36911
ATH,AZ,Thursday,345,365.0,ATH_Thursday,116.20236
ATH,AZ,Thursday,650,365.0,ATH_Thursday,116.471825
ATH,IB,Thursday,190,725.0,ATH_Thursday,116.27401
ATH,IB,Thursday,200,1315.0,ATH_Thursday,117.39044
ATH,VY,Thursday,200,1315.0,ATH_Thursday,116.75149
ATH,V7,Thursday,195,490.0,ATH_Thursday,129.14648
ATH,V7,Thursday,195,895.0,ATH_Thursday,124.74741
ATH,LO,Thursday,1360,1205.0,ATH_Thursday,148.70876
ATH,A3,Thursday,195,490.0,ATH_Thursday,129.77379
ATH,A3,Thursday,195,895.0,ATH_Thursday,124.95071
ATH,JU,Thursday,1060,985.0,ATH_Thursday,135.69095
IST,PC,Wednesday,220,785.0,IST_Wednesday,128.16222
IST,VF,Wednesday,520,350.0,IST_Wednesday,118.985596
IST,VF,Wednesday,690,180.0,IST_Wednesday,116.19409
IST,PC,Wednesday,220,605.0,IST_Wednesday,129.79306
IST,RJ,Wednesday,1145,1330.0,IST_Wednesday,154.47191
IST,IB,Wednesday,220,1160.0,IST_Wednesday,147.08133
IST,VY,Wednesday,220,1160.0,IST_Wednesday,151.20178
IST,LO,Wednesday,715,470.0,IST_Wednesday,167.26817
IST,A3,Wednesday,455,695.0,IST_Wednesday,165.98616
IST,JU,Wednesday,1105,1000.0,IST_Wednesday,186.52472
IST,UX,Wednesday,1520,1035.0,IST_Wednesday,185.23221
IST,TK,Wednesday,225,540.0,IST_Wednesday,188.60065
IST,JU,Wednesday,305,1000.0,IST_Wednesday,185.0902
IST,AF,Wednesday,500,290.0,IST_Wednesday,178.7695
IST,AF,Wednesday,670,290.0,IST_Wednesday,178.7974
IST,VF,Thursday,1035,1275.0,IST_Thursday,117.21997
IST,VF,Thursday,1275,1035.0,IST_Thursday,118.61809
IST,5F,Thursday,1510,1100.0,IST_Thursday,131.09984
IST,PC,Thursday,220,605.0,IST_Thursday,129.77715
IST,IB,Thursday,220,1160.0,IST_Thursday,147.06541
IST,VY,Thursday,220,1160.0,IST_Thursday,151.18587
IST,LO,Thursday,1515,1110.0,IST_Thursday,163.88145
IST,JU,Thursday,1690,1055.0,IST_Thursday,173.41074
IST,A3,Thursday,455,695.0,IST_Thursday,165.97025
IST,A3,Thursday,865,1320.0,IST_Thursday,166.3729
IST,UX,Thursday,1520,1035.0,IST_Thursday,184.56888
IST,JU,Thursday,345,320.0,IST_Thursday,184.21025
IST,AF,Thursday,500,290.0,IST_Thursday,176.24117
IST,AF,Thursday,670,290.0,IST_Thursday,176.54797
IST,JU,Thursday,925,1180.0,IST_Thursday,197.2165
IST,VF,Friday,520,350.0,IST_Friday,118.62236
IST,VF,Friday,810,60.0,IST_Friday,114.04424
IST,PC,Friday,220,785.0,IST_Friday,126.69635
IST,5F,Friday,530,640.0,IST_Friday,138.00186
IST,PC,Friday,220,605.0,IST_Friday,129.83488
IST,IB,Friday,220,1160.0,IST_Friday,147.21886
IST,VY,Friday,220,1160.0,IST_Friday,151.33931
IST,LO,Friday,715,470.0,IST_Friday,166.51202
IST,JU,Friday,305,1000.0,IST_Friday,173.1777
IST,JU,Friday,345,320.0,IST_Friday,174.57669
IST,A3,Friday,865,1320.0,IST_Friday,166.52634
IST,UX,Friday,1520,1035.0,IST_Friday,185.36974
IST,A3,Friday,455,695.0,IST_Friday,165.71782
IST,JU,Friday,430,875.0,IST_Friday,187.39325
IST,JU,Friday,925,1180.0,IST_Friday,194.66008
IST,VF,Saturday,540,330.0,IST_Saturday,118.81156
IST,PC,Saturday,220,605.0,IST_Saturday,134.67401
IST,RJ,Saturday,1145,1330.0,IST_Saturday,152.8146
IST,IB,Saturday,220,1160.0,IST_Saturday,149.23541
IST,VY,Saturday,220,1160.0,IST_Saturday,153.35587
IST,LO,Saturday,1515,1110.0,IST_Saturday,166.06332
IST,JU,Saturday,335,330.0,IST_Saturday,170.28687
IST,JU,Saturday,1690,1055.0,IST_Saturday,172.11261
IST,A3,Saturday,455,695.0,IST_Saturday,169.75249
IST,A3,Saturday,865,1320.0,IST_Saturday,166.75735
IST,UX,Saturday,1520,1035.0,IST_Saturday,186.81406
IST,JU,Saturday,1565,1180.0,IST_Saturday,199.73366
IST,A3,Saturday,440,710.0,IST_Saturday,180.35983
IST,A3,Saturday,965,1220.0,IST_Saturday,180.95258
IST,A3,Saturday,635,500.0,IST_Saturday,189.93571
IST,VF,Sunday,1060,1250.0,IST_Sunday,117.321014
IST,VF,Sunday,1225,1085.0,IST_Sunday,118.62017
IST,PC,Sunday,220,605.0,IST_Sunday,138.41096
IST,IB,Sunday,220,1160.0,IST_Sunday,149.29016
IST,VY,Sunday,220,1160.0,IST_Sunday,153.41061
IST,A3,Sunday,455,695.0,IST_Sunday,167.59158
IST,UX,Sunday,1060,1035.0,IST_Sunday,184.27171
IST,JU,Sunday,305,1000.0,IST_Sunday,180.73271
IST,A3,Sunday,865,1320.0,IST_Sunday,168.6673
IST,UX,Sunday,1520,1035.0,IST_Sunday,187.17418
IST,LO,Sunday,715,470.0,IST_Sunday,171.17644
IST,JU,Sunday,1105,1000.0,IST_Sunday,185.3843
IST,AF,Sunday,500,290.0,IST_Sunday,180.39154
IST,AF,Sunday,670,290.0,IST_Sunday,180.41943
IST,JU,Sunday,430,875.0,IST_Sunday,193.3604
IST,PC,Monday,220,605.0,IST_Monday,129.20044
IST,VF,Monday,435,435.0,IST_Monday,121.38627
IST,PC,Monday,220,785.0,IST_Monday,126.54156
IST,5F,Monday,1670,640.0,IST_Monday,121.60597
IST,IB,Monday,220,1160.0,IST_Monday,146.82886
IST,VY,Monday,220,1160.0,IST_Monday,150.94931
IST,LO,Monday,715,470.0,IST_Monday,166.87892
IST,JU,Monday,305,1000.0,IST_Monday,171.00061
IST,JU,Monday,335,330.0,IST_Monday,168.1844
IST,A3,Monday,455,695.0,IST_Monday,165.2511
IST,A3,Monday,865,1320.0,IST_Monday,165.70656
IST,UX,Monday,1060,1035.0,IST_Monday,181.74075
IST,UX,Monday,1520,1035.0,IST_Monday,185.01277
IST,AF,Monday,500,290.0,IST_Monday,174.82841
IST,AF,Monday,670,290.0,IST_Monday,174.01085
IST,VF,Tuesday,1020,1290.0,IST_Tuesday,116.80737
IST,VF,Tuesday,1240,1070.0,IST_Tuesday,118.38971
IST,PC,Tuesday,220,605.0,IST_Tuesday,130.03328
IST,IB,Tuesday,220,1160.0,IST_Tuesday,148.60164
IST,VY,Tuesday,220,1160.0,IST_Tuesday,152.72209
IST,LO,Tuesday,1515,1110.0,IST_Tuesday,164.56773
IST,JU,Tuesday,1690,1055.0,IST_Tuesday,177.79137
IST,A3,Tuesday,455,695.0,IST_Tuesday,166.20483
IST,UX,Tuesday,1060,1035.0,IST_Tuesday,183.96262
IST,UX,Tuesday,1520,1035.0,IST_Tuesday,186.82251
IST,AF,Tuesday,500,290.0,IST_Tuesday,182.64655
IST,AF,Tuesday,670,290.0,IST_Tuesday,184.05933
IST,JU,Tuesday,345,320.0,IST_Tuesday,196.50859
IST,JU,Tuesday,1565,1180.0,IST_Tuesday,209.05109
IST,A3,Tuesday,440,710.0,IST_Tuesday,180.31778
IST,PC,Wednesday,220,605.0,IST_Wednesday,129.79306
IST,PC,Wednesday,220,785.0,IST_Wednesday,128.16222
IST,VF,Wednesday,520,350.0,IST_Wednesday,118.985596
IST,VF,Wednesday,690,180.0,IST_Wednesday,116.19409
IST,IB,Wednesday,220,1160.0,IST_Wednesday,147.08133
IST,VY,Wednesday,220,1160.0,IST_Wednesday,151.20178
IST,LO,Wednesday,715,470.0,IST_Wednesday,167.26817
IST,A3,Wednesday,455,695.0,IST_Wednesday,165.98616
IST,A3,Wednesday,865,1320.0,IST_Wednesday,166.38881
IST,JU,Wednesday,1105,1000.0,IST_Wednesday,186.52472
IST,UX,Wednesday,1520,1035.0,IST_Wednesday,185.23221
IST,JU,Wednesday,305,1000.0,IST_Wednesday,185.0902
IST,AF,Wednesday,500,290.0,IST_Wednesday,178.7695
IST,AF,Wednesday,670,290.0,IST_Wednesday,178.7974
IST,JU,Wednesday,430,875.0,IST_Wednesday,197.50386
IST,PC,Thursday,220,605.0,IST_Thursday,129.77715
IST,VF,Thursday,1035,1275.0,IST_Thursday,117.21997
IST,VF,Thursday,1275,1035.0,IST_Thursday,118.61809
IST,IB,Thursday,220,1160.0,IST_Thursday,147.06541
IST,VY,Thursday,220,1160.0,IST_Thursday,151.18587
IST,LO,Thursday,1515,1110.0,IST_Thursday,163.88145
IST,JU,Thursday,1690,1055.0,IST_Thursday,173.41074
IST,A3,Thursday,455,695.0,IST_Thursday,165.97025
IST,A3,Thursday,865,1320.0,IST_Thursday,166.3729
IST,5F,Thursday,1510,1100.0,IST_Thursday,131.09984
IST,UX,Thursday,1520,1035.0,IST_Thursday,184.56888
IST,JU,Thursday,345,320.0,IST_Thursday,184.21025
IST,AF,Thursday,500,290.0,IST_Thursday,176.24117
IST,AF,Thursday,670,290.0,IST_Thursday,176.54797
IST,JU,Thursday,925,1180.0,IST_Thursday,197.2165
IST,PC,Friday,220,785.0,IST_Friday,126.69635
IST,VF,Friday,520,350.0,IST_Friday,118.62236
IST,VF,Friday,810,60.0,IST_Friday,114.04424
IST,PC,Friday,220,605.0,IST_Friday,129.83488
IST,IB,Friday,220,1160.0,IST_Friday,147.21886
IST,VY,Friday,220,1160.0,IST_Friday,151.33931
IST,LO,Friday,715,470.0,IST_Friday,166.51202
IST,JU,Friday,305,1000.0,IST_Friday,173.1777
IST,JU,Friday,345,320.0,IST_Friday,174.57669
IST,A3,Friday,455,695.0,IST_Friday,165.71782
IST,A3,Friday,865,1320.0,IST_Friday,166.52634
IST,5F,Friday,530,640.0,IST_Friday,138.00186
IST,UX,Friday,1520,1035.0,IST_Friday,185.36974
IST,UX,Friday,1060,1035.0,IST_Friday,182.13075
IST,AF,Friday,430,1075.0,IST_Friday,174.81088
IST,VF,Saturday,540,330.0,IST_Saturday,118.81156
IST,PC,Saturday,220,605.0,IST_Saturday,134.67401
IST,RJ,Saturday,1145,1330.0,IST_Saturday,152.8146
IST,IB,Saturday,220,1160.0,IST_Saturday,149.23541
IST,VY,Saturday,220,1160.0,IST_Saturday,153.35587
IST,LO,Saturday,1515,1110.0,IST_Saturday,166.06332
IST,JU,Saturday,335,330.0,IST_Saturday,170.28687
IST,JU,Saturday,1690,1055.0,IST_Saturday,172.11261
IST,A3,Saturday,455,695.0,IST_Saturday,169.75249
IST,A3,Saturday,865,1320.0,IST_Saturday,166.75735
IST,UX,Saturday,1060,1035.0,IST_Saturday,184.1997
IST,AF,Saturday,1110,1075.0,IST_Saturday,172.55148
IST,AF,Saturday,1220,1075.0,IST_Saturday,172.42926
IST,LH,Saturday,380,1140.0,IST_Saturday,203.65955
IST,LH,Saturday,465,390.0,IST_Saturday,201.39163
IST,VF,Sunday,1060,1250.0,IST_Sunday,117.321014
IST,VF,Sunday,1225,1085.0,IST_Sunday,118.62017
IST,IB,Sunday,220,1160.0,IST_Sunday,149.29016
IST,VY,Sunday,220,1160.0,IST_Sunday,153.41061
IST,LO,Sunday,715,470.0,IST_Sunday,171.17644
IST,JU,Sunday,1105,1000.0,IST_Sunday,185.3843
IST,A3,Sunday,455,695.0,IST_Sunday,167.59158
IST,JU,Sunday,305,1000.0,IST_Sunday,180.73271
IST,UX,Sunday,1060,1035.0,IST_Sunday,184.27171
IST,PC,Sunday,220,605.0,IST_Sunday,138.41096
IST,UX,Sunday,1520,1035.0,IST_Sunday,187.17418
IST,AF,Sunday,430,1075.0,IST_Sunday,176.39142
IST,AF,Sunday,1110,1075.0,IST_Sunday,174.51378
IST,A3,Sunday,865,1320.0,IST_Sunday,168.6673
IST,LH,Sunday,380,1140.0,IST_Sunday,204.29506
IST,5F,Monday,1670,640.0,IST_Monday,121.60597
IST,VF,Monday,495,375.0,IST_Monday,118.43048
IST,PC,Monday,220,785.0,IST_Monday,126.54156
IST,PC,Monday,220,605.0,IST_Monday,129.20044
IST,IB,Monday,220,1160.0,IST_Monday,146.82886
IST,VY,Monday,220,1160.0,IST_Monday,150.94931
IST,LO,Monday,715,470.0,IST_Monday,166.87892
IST,JU,Monday,305,1000.0,IST_Monday,171.00061
IST,JU,Monday,335,330.0,IST_Monday,168.1844
IST,A3,Monday,455,695.0,IST_Monday,165.2511
IST,UX,Monday,1060,1035.0,IST_Monday,181.74075
IST,A3,Monday,865,1320.0,IST_Monday,165.70656
IST,AF,Monday,430,1075.0,IST_Monday,171.4655
IST,AF,Monday,1110,1075.0,IST_Monday,169.56535
IST,LH,Monday,380,1140.0,IST_Monday,201.7895
IST,VF,Tuesday,1020,1290.0,IST_Tuesday,116.80737
IST,VF,Tuesday,1240,1070.0,IST_Tuesday,118.38971
IST,PC,Tuesday,220,605.0,IST_Tuesday,130.03328
IST,IB,Tuesday,220,1160.0,IST_Tuesday,148.60164
IST,VY,Tuesday,220,1160.0,IST_Tuesday,152.72209
IST,A3,Tuesday,455,695.0,IST_Tuesday,166.20483
IST,A3,Tuesday,865,1320.0,IST_Tuesday,166.38358
IST,AF,Tuesday,430,1075.0,IST_Tuesday,174.27426
IST,AF,Tuesday,1110,1075.0,IST_Tuesday,172.07603
IST,TK,Tuesday,230,1320.0,IST_Tuesday,201.84296
IST,AF,Tuesday,500,290.0,IST_Tuesday,182.64655
IST,AF,Tuesday,670,290.0,IST_Tuesday,184.05933
IST,LH,Tuesday,380,1140.0,IST_Tuesday,202.06808
IST,LH,Tuesday,450,390.0,IST_Tuesday,199.53484
IST,LH,Tuesday,510,390.0,IST_Tuesday,200.02118
IST,VF,Wednesday,520,350.0,IST_Wednesday,118.985596
IST,VF,Wednesday,690,180.0,IST_Wednesday,116.19409
IST,PC,Wednesday,220,605.0,IST_Wednesday,129.79306
IST,PC,Wednesday,220,785.0,IST_Wednesday,128.16222
IST,RJ,Wednesday,1145,1330.0,IST_Wednesday,154.47191
IST,AF,Wednesday,500,290.0,IST_Wednesday,178.7695
IST,AF,Wednesday,670,290.0,IST_Wednesday,178.7974
IST,IB,Wednesday,220,1160.0,IST_Wednesday,147.08133
IST,VY,Wednesday,220,1160.0,IST_Wednesday,151.20178
IST,LO,Wednesday,715,470.0,IST_Wednesday,167.26817
IST,A3,Wednesday,455,695.0,IST_Wednesday,165.98616
IST,A3,Wednesday,865,1320.0,IST_Wednesday,166.38881
IST,AF,Wednesday,430,1075.0,IST_Wednesday,173.11778
IST,AF,Wednesday,1110,1075.0,IST_Wednesday,171.24014
IST,UX,Wednesday,1520,1035.0,IST_Wednesday,185.23221
IST,5F,Thursday,1510,1100.0,IST_Thursday,131.09984
IST,VF,Thursday,1035,1275.0,IST_Thursday,117.21997
IST,VF,Thursday,1275,1035.0,IST_Thursday,118.61809
IST,PC,Thursday,220,605.0,IST_Thursday,129.77715
IST,AF,Thursday,500,290.0,IST_Thursday,176.24117
IST,AF,Thursday,670,290.0,IST_Thursday,176.54797
IST,IB,Thursday,220,1160.0,IST_Thursday,147.06541
IST,VY,Thursday,220,1160.0,IST_Thursday,151.18587
IST,LO,Thursday,1515,1110.0,IST_Thursday,163.88145
IST,JU,Thursday,1690,1055.0,IST_Thursday,173.41074
IST,A3,Thursday,455,695.0,IST_Thursday,165.97025
IST,A3,Thursday,865,1320.0,IST_Thursday,166.3729
IST,AF,Thursday,430,1075.0,IST_Thursday,171.8228
IST,AF,Thursday,1110,1075.0,IST_Thursday,168.85092
IST,UX,Thursday,1520,1035.0,IST_Thursday,184.56888
IST,PC,Friday,220,785.0,IST_Friday,126.69635
IST,5F,Friday,530,640.0,IST_Friday,138.00186
IST,VF,Friday,520,350.0,IST_Friday,118.62236
IST,VF,Friday,810,60.0,IST_Friday,114.04424
IST,PC,Friday,220,605.0,IST_Friday,129.83488
IST,AF,Friday,670,290.0,IST_Friday,167.83487
IST,IB,Friday,220,1160.0,IST_Friday,147.21886
IST,VY,Friday,220,1160.0,IST_Friday,151.33931
IST,LO,Friday,715,470.0,IST_Friday,166.51202
IST,JU,Friday,305,1000.0,IST_Friday,173.1777
IST,JU,Friday,345,320.0,IST_Friday,174.57669
IST,A3,Friday,355,390.0,IST_Friday,163.38242
IST,A3,Friday,865,1320.0,IST_Friday,166.52634
IST,AF,Friday,500,290.0,IST_Friday,167.43318
IST,AF,Friday,430,1075.0,IST_Friday,174.81088
IST,VF,Saturday,540,330.0,IST_Saturday,118.81156
IST,PC,Saturday,220,605.0,IST_Saturday,134.67401
IST,RJ,Saturday,1145,1330.0,IST_Saturday,152.8146
IST,AF,Saturday,500,290.0,IST_Saturday,175.614
IST,AF,Saturday,670,290.0,IST_Saturday,176.25049
IST,IB,Saturday,220,1160.0,IST_Saturday,149.23541
IST,VY,Saturday,220,1160.0,IST_Saturday,153.35587
IST,LO,Saturday,1515,1110.0,IST_Saturday,166.06332
IST,JU,Saturday,335,330.0,IST_Saturday,170.28687
IST,JU,Saturday,1690,1055.0,IST_Saturday,172.11261
IST,A3,Saturday,355,390.0,IST_Saturday,166.96494
IST,A3,Saturday,455,695.0,IST_Saturday,169.75249
IST,A3,Saturday,865,1320.0,IST_Saturday,166.75735
IST,AF,Saturday,1110,1075.0,IST_Saturday,172.55148
IST,AF,Saturday,1220,1075.0,IST_Saturday,172.42926
IST,VF,Sunday,1060,1250.0,IST_Sunday,117.321014
IST,VF,Sunday,1225,1085.0,IST_Sunday,118.62017
IST,PC,Sunday,220,605.0,IST_Sunday,138.41096
IST,AF,Sunday,500,290.0,IST_Sunday,180.39154
IST,AF,Sunday,670,290.0,IST_Sunday,180.41943
IST,IB,Sunday,220,1160.0,IST_Sunday,149.29016
IST,VY,Sunday,220,1160.0,IST_Sunday,153.41061
IST,LO,Sunday,715,470.0,IST_Sunday,171.17644
IST,A3,Sunday,355,390.0,IST_Sunday,165.16064
IST,A3,Sunday,455,695.0,IST_Sunday,167.59158
IST,A3,Sunday,865,1320.0,IST_Sunday,168.6673
IST,JU,Sunday,305,1000.0,IST_Sunday,180.73271
IST,JU,Sunday,1105,1000.0,IST_Sunday,185.3843
IST,AF,Sunday,430,1075.0,IST_Sunday,176.39142
IST,AF,Sunday,1110,1075.0,IST_Sunday,174.51378
IST,PC,Monday,220,785.0,IST_Monday,126.54156
IST,5F,Monday,1670,640.0,IST_Monday,121.60597
IST,VF,Monday,495,375.0,IST_Monday,118.43048
IST,PC,Monday,220,605.0,IST_Monday,129.20044
IST,AF,Monday,500,290.0,IST_Monday,174.82841
IST,AF,Monday,670,290.0,IST_Monday,174.01085
IST,IB,Monday,220,1160.0,IST_Monday,146.82886
IST,VY,Monday,220,1160.0,IST_Monday,150.94931
IST,LO,Monday,715,470.0,IST_Monday,166.87892
IST,JU,Monday,305,1000.0,IST_Monday,171.00061
IST,JU,Monday,335,330.0,IST_Monday,168.1844
IST,A3,Monday,455,695.0,IST_Monday,165.2511
IST,A3,Monday,865,1320.0,IST_Monday,165.70656
IST,AF,Monday,430,1075.0,IST_Monday,171.4655
IST,AF,Monday,1110,1075.0,IST_Monday,169.56535
IST,PC,Tuesday,220,605.0,IST_Tuesday,130.03328
IST,VF,Tuesday,1020,1290.0,IST_Tuesday,116.80737
IST,VF,Tuesday,1240,1070.0,IST_Tuesday,118.38971
IST,AF,Tuesday,500,290.0,IST_Tuesday,182.64655
IST,AF,Tuesday,670,290.0,IST_Tuesday,184.05933
IST,IB,Tuesday,220,1160.0,IST_Tuesday,148.60164
IST,VY,Tuesday,220,1160.0,IST_Tuesday,152.72209
IST,LO,Tuesday,1515,1110.0,IST_Tuesday,164.56773
IST,A3,Tuesday,455,695.0,IST_Tuesday,166.20483
IST,AF,Tuesday,430,1075.0,IST_Tuesday,174.27426
IST,AF,Tuesday,1110,1075.0,IST_Tuesday,172.07603
IST,LH,Tuesday,380,1140.0,IST_Tuesday,202.06808
IST,LH,Tuesday,450,390.0,IST_Tuesday,199.53484
IST,LH,Tuesday,510,390.0,IST_Tuesday,200.02118
IST,LH,Tuesday,940,1140.0,IST_Tuesday,200.15317
IST,VF,Wednesday,520,350.0,IST_Wednesday,118.985596
IST,VF,Wednesday,690,180.0,IST_Wednesday,116.19409
IST,PC,Wednesday,220,785.0,IST_Wednesday,128.16222
IST,PC,Wednesday,220,605.0,IST_Wednesday,129.79306
IST,RJ,Wednesday,1145,1330.0,IST_Wednesday,154.47191
IST,IB,Wednesday,220,1160.0,IST_Wednesday,147.08133
IST,VY,Wednesday,220,1160.0,IST_Wednesday,151.20178
IST,LO,Wednesday,715,470.0,IST_Wednesday,167.26817
IST,A3,Wednesday,455,695.0,IST_Wednesday,165.98616
IST,A3,Wednesday,865,1320.0,IST_Wednesday,166.38881
IST,AF,Wednesday,430,1075.0,IST_Wednesday,173.11778
IST,AF,Wednesday,1110,1075.0,IST_Wednesday,171.24014
IST,LH,Wednesday,380,1140.0,IST_Wednesday,194.5573
IST,LH,Wednesday,445,390.0,IST_Wednesday,191.67363
IST,LH,Wednesday,510,390.0,IST_Wednesday,191.2004
IST,5F,Thursday,1510,1100.0,IST_Thursday,131.09984
IST,VF,Thursday,1035,1275.0,IST_Thursday,117.21997
IST,VF,Thursday,1275,1035.0,IST_Thursday,118.61809
IST,PC,Thursday,220,605.0,IST_Thursday,129.77715
IST,AF,Thursday,500,290.0,IST_Thursday,176.24117
IST,AF,Thursday,670,290.0,IST_Thursday,176.54797
IST,IB,Thursday,220,1160.0,IST_Thursday,147.06541
IST,VY,Thursday,220,1160.0,IST_Thursday,151.18587
IST,LO,Thursday,1515,1110.0,IST_Thursday,163.88145
IST,JU,Thursday,1690,1055.0,IST_Thursday,173.41074
IST,A3,Thursday,865,1320.0,IST_Thursday,166.3729
IST,AF,Thursday,430,1075.0,IST_Thursday,171.8228
IST,AF,Thursday,1110,1075.0,IST_Thursday,168.85092
IST,LH,Thursday,380,1140.0,IST_Thursday,198.14807
IST,A3,Thursday,455,695.0,IST_Thursday,165.97025
IST,VF,Friday,520,350.0,IST_Friday,118.62236
IST,VF,Friday,810,60.0,IST_Friday,114.04424
IST,5F,Friday,530,640.0,IST_Friday,138.00186
IST,PC,Friday,220,605.0,IST_Friday,129.83488
IST,PC,Friday,220,785.0,IST_Friday,126.69635
IST,AF,Friday,670,290.0,IST_Friday,167.83487
IST,IB,Friday,220,1160.0,IST_Friday,147.21886
IST,VY,Friday,220,1160.0,IST_Friday,151.33931
IST,LO,Friday,715,470.0,IST_Friday,166.51202
IST,JU,Friday,305,1000.0,IST_Friday,173.1777
IST,JU,Friday,345,320.0,IST_Friday,174.57669
IST,A3,Friday,455,695.0,IST_Friday,165.71782
IST,A3,Friday,865,1320.0,IST_Friday,166.52634
IST,AF,Friday,500,290.0,IST_Friday,167.43318
IST,AF,Friday,430,1075.0,IST_Friday,174.81088
IST,VF,Saturday,540,330.0,IST_Saturday,118.81156
IST,AF,Saturday,1110,1075.0,IST_Saturday,172.55148
IST,AF,Saturday,1220,1075.0,IST_Saturday,172.42926
IST,IB,Saturday,220,1160.0,IST_Saturday,149.23541
IST,VY,Saturday,220,1160.0,IST_Saturday,153.35587
IST,LO,Saturday,1515,1110.0,IST_Saturday,166.06332
IST,A3,Saturday,355,390.0,IST_Saturday,166.96494
IST,A3,Saturday,865,1320.0,IST_Saturday,166.75735
IST,PC,Saturday,220,605.0,IST_Saturday,134.67401
IST,LH,Saturday,380,1140.0,IST_Saturday,203.65955
IST,LH,Saturday,465,390.0,IST_Saturday,201.39163
IST,LH,Saturday,520,390.0,IST_Saturday,200.21767
IST,LH,Saturday,940,1140.0,IST_Saturday,202.40944
IST,UX,Saturday,1520,1035.0,IST_Saturday,186.81406
IST,AF,Saturday,670,290.0,IST_Saturday,176.25049
IST,VF,Sunday,1060,1250.0,IST_Sunday,117.321014
IST,VF,Sunday,1225,1085.0,IST_Sunday,118.62017
IST,AF,Sunday,430,1075.0,IST_Sunday,176.39142
IST,AF,Sunday,1110,1075.0,IST_Sunday,174.51378
IST,IB,Sunday,220,1160.0,IST_Sunday,149.29016
IST,VY,Sunday,220,1160.0,IST_Sunday,153.41061
IST,LO,Sunday,715,470.0,IST_Sunday,171.17644
IST,A3,Sunday,355,390.0,IST_Sunday,165.16064
IST,A3,Sunday,455,695.0,IST_Sunday,167.59158
IST,A3,Sunday,865,1320.0,IST_Sunday,168.6673
IST,LH,Sunday,465,390.0,IST_Sunday,199.2253
IST,LH,Sunday,520,390.0,IST_Sunday,198.92735
IST,AF,Sunday,500,290.0,IST_Sunday,180.39154
IST,AF,Sunday,670,290.0,IST_Sunday,180.41943
IST,JU,Sunday,305,1000.0,IST_Sunday,180.73271
IST,5F,Monday,1670,640.0,IST_Monday,121.60597
IST,VF,Monday,495,375.0,IST_Monday,118.43048
IST,PC,Monday,220,785.0,IST_Monday,126.54156
IST,AF,Monday,500,290.0,IST_Monday,174.82841
IST,AF,Monday,670,290.0,IST_Monday,174.01085
IST,AF,Monday,430,1075.0,IST_Monday,171.4655
IST,AF,Monday,1110,1075.0,IST_Monday,169.56535
IST,IB,Monday,220,1160.0,IST_Monday,146.82886
IST,VY,Monday,220,1160.0,IST_Monday,150.94931
IST,PC,Monday,220,605.0,IST_Monday,129.20044
IST,LO,Monday,715,470.0,IST_Monday,166.87892
IST,JU,Monday,305,1000.0,IST_Monday,171.00061
IST,JU,Monday,335,330.0,IST_Monday,168.1844
IST,A3,Monday,455,695.0,IST_Monday,165.2511
IST,A3,Monday,865,1320.0,IST_Monday,165.70656
IST,VF,Tuesday,1020,1290.0,IST_Tuesday,116.80737
IST,VF,Tuesday,1240,1070.0,IST_Tuesday,118.38971
IST,PC,Tuesday,220,605.0,IST_Tuesday,130.03328
IST,AF,Tuesday,500,290.0,IST_Tuesday,182.64655
IST,AF,Tuesday,670,290.0,IST_Tuesday,184.05933
IST,AF,Tuesday,430,1075.0,IST_Tuesday,174.27426
IST,AF,Tuesday,1110,1075.0,IST_Tuesday,172.07603
IST,IB,Tuesday,220,1160.0,IST_Tuesday,148.60164
IST,VY,Tuesday,220,1160.0,IST_Tuesday,152.72209
IST,LO,Tuesday,1515,1110.0,IST_Tuesday,164.56773
IST,A3,Tuesday,455,695.0,IST_Tuesday,166.20483
IST,A3,Tuesday,865,1320.0,IST_Tuesday,166.38358
IST,LH,Tuesday,450,390.0,IST_Tuesday,199.53484
IST,LH,Tuesday,510,390.0,IST_Tuesday,200.02118
IST,JU,Tuesday,1690,1055.0,IST_Tuesday,177.79137
IST,VF,Wednesday,520,350.0,IST_Wednesday,118.985596
IST,VF,Wednesday,690,180.0,IST_Wednesday,116.19409
IST,AF,Wednesday,500,290.0,IST_Wednesday,178.7695
IST,AF,Wednesday,670,290.0,IST_Wednesday,178.7974
IST,IB,Wednesday,220,1160.0,IST_Wednesday,147.08133
IST,VY,Wednesday,220,1160.0,IST_Wednesday,151.20178
IST,PC,Wednesday,220,785.0,IST_Wednesday,128.16222
IST,LO,Wednesday,715,470.0,IST_Wednesday,167.26817
IST,A3,Wednesday,455,695.0,IST_Wednesday,165.98616
IST,A3,Wednesday,865,1320.0,IST_Wednesday,166.38881
IST,PC,Wednesday,220,605.0,IST_Wednesday,129.79306
IST,RJ,Wednesday,1145,1330.0,IST_Wednesday,154.47191
IST,LH,Wednesday,380,1140.0,IST_Wednesday,194.5573
IST,LH,Wednesday,445,390.0,IST_Wednesday,191.67363
IST,LH,Wednesday,510,390.0,IST_Wednesday,191.2004
IST,VF,Thursday,1035,1275.0,IST_Thursday,117.21997
IST,VF,Thursday,1275,1035.0,IST_Thursday,118.61809
IST,5F,Thursday,1510,1100.0,IST_Thursday,131.09984
IST,AF,Thursday,430,1075.0,IST_Thursday,171.8228
IST,AF,Thursday,1110,1075.0,IST_Thursday,168.85092
IST,AF,Thursday,500,290.0,IST_Thursday,176.24117
IST,AF,Thursday,670,290.0,IST_Thursday,176.54797
IST,IB,Thursday,220,1160.0,IST_Thursday,147.06541
IST,VY,Thursday,220,1160.0,IST_Thursday,151.18587
IST,LO,Thursday,1515,1110.0,IST_Thursday,163.88145
IST,JU,Thursday,1690,1055.0,IST_Thursday,173.41074
IST,A3,Thursday,455,695.0,IST_Thursday,165.97025
IST,A3,Thursday,865,1320.0,IST_Thursday,166.3729
IST,LH,Thursday,380,1140.0,IST_Thursday,198.14807
IST,LH,Thursday,450,390.0,IST_Thursday,195.90817
NCE,VY,Wednesday,80,1375.0,NCE_Wednesday,79.34399
NCE,IB,Wednesday,80,1375.0,NCE_Wednesday,80.55089
NCE,IB,Wednesday,335,755.0,NCE_Wednesday,144.7216
NCE,TU,Wednesday,285,555.0,NCE_Wednesday,147.20143
NCE,IB,Wednesday,810,1135.0,NCE_Wednesday,149.7362
NCE,A3,Wednesday,1365,700.0,NCE_Wednesday,144.33752
NCE,A3,Wednesday,1770,700.0,NCE_Wednesday,147.6093
NCE,TP,Wednesday,505,715.0,NCE_Wednesday,150.40979
NCE,TP,Wednesday,710,715.0,NCE_Wednesday,150.70302
NCE,AF,Wednesday,250,910.0,NCE_Wednesday,148.38113
NCE,AF,Wednesday,280,1095.0,NCE_Wednesday,148.06567
NCE,AF,Wednesday,365,660.0,NCE_Wednesday,149.40863
NCE,AF,Wednesday,435,725.0,NCE_Wednesday,149.23285
NCE,AF,Wednesday,470,555.0,NCE_Wednesday,149.03865
NCE,AF,Wednesday,490,885.0,NCE_Wednesday,148.27682
NCE,VY,Thursday,80,1375.0,NCE_Thursday,81.042946
NCE,IB,Thursday,80,1375.0,NCE_Thursday,82.115425
NCE,DY,Thursday,760,640.0,NCE_Thursday,135.14511
NCE,IB,Thursday,335,755.0,NCE_Thursday,147.9097
NCE,TP,Thursday,355,350.0,NCE_Thursday,151.57329
NCE,TP,Thursday,475,350.0,NCE_Thursday,152.37709
NCE,TP,Thursday,950,1095.0,NCE_Thursday,153.95245
NCE,TP,Thursday,1170,1095.0,NCE_Thursday,154.12933
NCE,AF,Thursday,250,910.0,NCE_Thursday,152.72926
NCE,AF,Thursday,280,1095.0,NCE_Thursday,152.41183
NCE,AF,Thursday,300,725.0,NCE_Thursday,151.68163
NCE,AF,Thursday,365,660.0,NCE_Thursday,152.3347
NCE,AF,Thursday,435,725.0,NCE_Thursday,152.74126
NCE,AF,Thursday,470,555.0,NCE_Thursday,153.45871
NCE,AF,Thursday,490,885.0,NCE_Thursday,152.17386
NCE,VY,Friday,75,540.0,NCE_Friday,82.23433
NCE,IB,Friday,75,540.0,NCE_Friday,82.54091
NCE,IB,Friday,80,1375.0,NCE_Friday,81.385155
NCE,VY,Friday,80,1375.0,NCE_Friday,80.74619
NCE,DY,Friday,740,665.0,NCE_Friday,129.2437
NCE,IB,Friday,335,755.0,NCE_Friday,146.13705
NCE,TU,Friday,760,555.0,NCE_Friday,154.06482
NCE,A3,Friday,1365,700.0,NCE_Friday,144.5872
NCE,A3,Friday,1770,700.0,NCE_Friday,147.94604
NCE,TP,Friday,505,715.0,NCE_Friday,151.82524
NCE,TP,Friday,710,715.0,NCE_Friday,152.11847
NCE,AF,Friday,250,910.0,NCE_Friday,148.97061
NCE,AF,Friday,470,555.0,NCE_Friday,154.03893
NCE,AF,Friday,560,465.0,NCE_Friday,157.1669
NCE,AF,Friday,605,555.0,NCE_Friday,153.59753
NCE,VY,Saturday,75,540.0,NCE_Saturday,77.26144
NCE,VY,Saturday,80,1375.0,NCE_Saturday,76.24802
NCE,IB,Saturday,75,540.0,NCE_Saturday,77.81366
NCE,IB,Saturday,80,1375.0,NCE_Saturday,77.33559
NCE,IB,Saturday,335,755.0,NCE_Saturday,140.67574
NCE,IB,Saturday,470,390.0,NCE_Saturday,144.9423
NCE,AF,Saturday,405,740.0,NCE_Saturday,140.98619
NCE,AF,Saturday,600,390.0,NCE_Saturday,144.90387
NCE,AF,Saturday,1035,1030.0,NCE_Saturday,139.03667
NCE,AF,Saturday,1145,1030.0,NCE_Saturday,139.33548
NCE,AF,Saturday,1325,740.0,NCE_Saturday,140.25317
NCE,TP,Saturday,345,1080.0,NCE_Saturday,145.2655
NCE,TP,Saturday,355,350.0,NCE_Saturday,156.3525
NCE,TP,Saturday,475,350.0,NCE_Saturday,158.20486
NCE,TP,Saturday,965,1080.0,NCE_Saturday,149.47235
NCE,VY,Sunday,75,540.0,NCE_Sunday,81.70661
NCE,VY,Sunday,80,1375.0,NCE_Sunday,80.218475
NCE,IB,Sunday,75,540.0,NCE_Sunday,82.01319
NCE,IB,Sunday,80,1375.0,NCE_Sunday,80.85744
NCE,JU,Sunday,1410,1215.0,NCE_Sunday,139.24919
NCE,IB,Sunday,810,1135.0,NCE_Sunday,148.6188
NCE,AZ,Sunday,230,1165.0,NCE_Sunday,140.39638
NCE,AZ,Sunday,475,920.0,NCE_Sunday,147.6445
NCE,AZ,Sunday,925,1165.0,NCE_Sunday,146.64
NCE,AZ,Sunday,1170,920.0,NCE_Sunday,145.47319
NCE,A3,Sunday,1365,700.0,NCE_Sunday,145.02835
NCE,A3,Sunday,1770,700.0,NCE_Sunday,146.81726
NCE,TP,Sunday,355,350.0,NCE_Sunday,150.7202
NCE,TP,Sunday,475,350.0,NCE_Sunday,151.524
NCE,TP,Sunday,505,715.0,NCE_Sunday,151.19034
NCE,VY,Monday,75,540.0,NCE_Monday,79.453026
NCE,VY,Monday,80,1375.0,NCE_Monday,78.20902
NCE,IB,Monday,75,540.0,NCE_Monday,79.74451
NCE,IB,Monday,80,1375.0,NCE_Monday,78.83288
NCE,IB,Monday,315,390.0,NCE_Monday,145.12057
NCE,IB,Monday,335,755.0,NCE_Monday,143.56567
NCE,AZ,Monday,230,1165.0,NCE_Monday,140.35864
NCE,AZ,Monday,275,680.0,NCE_Monday,145.07253
NCE,AZ,Monday,475,920.0,NCE_Monday,148.38037
NCE,AZ,Monday,925,1165.0,NCE_Monday,147.1231
NCE,AZ,Monday,1170,920.0,NCE_Monday,146.20906
NCE,TP,Monday,345,1080.0,NCE_Monday,146.7894
NCE,TP,Monday,355,350.0,NCE_Monday,148.70164
NCE,TP,Monday,475,350.0,NCE_Monday,149.3969
NCE,TP,Monday,505,715.0,NCE_Monday,144.43538
NCE,VY,Tuesday,75,540.0,NCE_Tuesday,81.70661
NCE,VY,Tuesday,80,1375.0,NCE_Tuesday,80.218475
NCE,IB,Tuesday,75,540.0,NCE_Tuesday,82.01319
NCE,IB,Tuesday,80,1375.0,NCE_Tuesday,80.85744
NCE,AZ,Tuesday,275,680.0,NCE_Tuesday,143.26714
NCE,AZ,Tuesday,475,920.0,NCE_Tuesday,145.535
NCE,AZ,Tuesday,715,680.0,NCE_Tuesday,145.7684
NCE,AZ,Tuesday,1170,920.0,NCE_Tuesday,143.44429
NCE,IB,Tuesday,810,1135.0,NCE_Tuesday,148.6188
NCE,TP,Tuesday,965,1080.0,NCE_Tuesday,152.35258
NCE,AF,Tuesday,240,660.0,NCE_Tuesday,134.52928
NCE,AF,Tuesday,250,910.0,NCE_Tuesday,146.97662
NCE,AF,Tuesday,280,1095.0,NCE_Tuesday,146.6592
NCE,AF,Tuesday,300,725.0,NCE_Tuesday,148.9511
NCE,AF,Tuesday,365,660.0,NCE_Tuesday,149.60417
NCE,VY,Wednesday,80,1375.0,NCE_Wednesday,79.34399
NCE,VY,Wednesday,75,540.0,NCE_Wednesday,81.20845
NCE,IB,Wednesday,75,540.0,NCE_Wednesday,81.51503
NCE,IB,Wednesday,80,1375.0,NCE_Wednesday,80.55089
NCE,IB,Wednesday,335,755.0,NCE_Wednesday,144.7216
NCE,A3,Wednesday,1365,700.0,NCE_Wednesday,144.33752
NCE,A3,Wednesday,1770,700.0,NCE_Wednesday,147.6093
NCE,AZ,Wednesday,275,680.0,NCE_Wednesday,143.31334
NCE,AZ,Wednesday,475,920.0,NCE_Wednesday,145.5862
NCE,AZ,Wednesday,715,680.0,NCE_Wednesday,145.8146
NCE,AZ,Wednesday,1170,920.0,NCE_Wednesday,143.49548
NCE,TU,Wednesday,285,555.0,NCE_Wednesday,147.20143
NCE,AF,Wednesday,250,910.0,NCE_Wednesday,148.38113
NCE,AF,Wednesday,280,1095.0,NCE_Wednesday,148.06567
NCE,AF,Wednesday,300,725.0,NCE_Wednesday,148.17322
NCE,VY,Thursday,75,540.0,NCE_Thursday,81.8933
NCE,VY,Thursday,80,1375.0,NCE_Thursday,81.042946
NCE,IB,Thursday,75,540.0,NCE_Thursday,82.19988
NCE,IB,Thursday,80,1375.0,NCE_Thursday,82.115425
NCE,DY,Thursday,760,640.0,NCE_Thursday,135.14511
NCE,AZ,Thursday,275,680.0,NCE_Thursday,144.57521
NCE,AZ,Thursday,475,920.0,NCE_Thursday,146.84308
NCE,AZ,Thursday,715,680.0,NCE_Thursday,147.07648
NCE,DY,Thursday,1765,640.0,NCE_Thursday,140.25513
NCE,TP,Thursday,355,350.0,NCE_Thursday,151.57329
NCE,TP,Thursday,475,350.0,NCE_Thursday,152.37709
NCE,IB,Thursday,810,1135.0,NCE_Thursday,151.02635
NCE,TP,Thursday,1050,1095.0,NCE_Thursday,154.25156
NCE,VY,Thursday,275,755.0,NCE_Thursday,153.27069
NCE,DY,Thursday,970,1230.0,NCE_Thursday,153.84933
NCE,VY,Friday,75,540.0,NCE_Friday,82.23433
NCE,IB,Friday,75,540.0,NCE_Friday,82.54091
NCE,IB,Friday,80,1375.0,NCE_Friday,81.385155
NCE,VY,Friday,80,1375.0,NCE_Friday,80.74619
NCE,AF,Friday,1035,1030.0,NCE_Friday,152.22113
NCE,IB,Friday,335,755.0,NCE_Friday,146.13705
NCE,A3,Friday,1365,700.0,NCE_Friday,144.5872
NCE,A3,Friday,1770,700.0,NCE_Friday,147.94604
NCE,DY,Friday,740,665.0,NCE_Friday,129.2437
NCE,TU,Friday,760,555.0,NCE_Friday,154.06482
NCE,AF,Friday,345,390.0,NCE_Friday,153.4996
NCE,AF,Friday,355,1030.0,NCE_Friday,151.60005
NCE,AF,Friday,405,740.0,NCE_Friday,152.98631
NCE,AF,Friday,600,390.0,NCE_Friday,154.00772
NCE,AF,Friday,645,740.0,NCE_Friday,151.8114
NCE,VY,Saturday,75,540.0,NCE_Saturday,77.26144
NCE,VY,Saturday,80,1375.0,NCE_Saturday,76.24802
NCE,IB,Saturday,75,540.0,NCE_Saturday,77.81366
NCE,IB,Saturday,80,1375.0,NCE_Saturday,77.33559
NCE,AF,Saturday,405,740.0,NCE_Saturday,140.98619
NCE,AF,Saturday,1035,1030.0,NCE_Saturday,139.03667
NCE,AF,Saturday,1145,1030.0,NCE_Saturday,139.33548
NCE,AF,Saturday,1325,740.0,NCE_Saturday,140.25317
NCE,TP,Saturday,345,1080.0,NCE_Saturday,145.2655
NCE,IB,Saturday,335,755.0,NCE_Saturday,140.67574
NCE,TP,Saturday,965,1080.0,NCE_Saturday,149.47235
NCE,AF,Saturday,600,390.0,NCE_Saturday,144.90387
NCE,TP,Saturday,355,350.0,NCE_Saturday,156.3525
NCE,TP,Saturday,475,350.0,NCE_Saturday,158.20486
NCE,AF,Saturday,345,390.0,NCE_Saturday,145.046
NCE,VY,Sunday,75,540.0,NCE_Sunday,81.70661
NCE,VY,Sunday,80,1375.0,NCE_Sunday,80.218475
NCE,IB,Sunday,75,540.0,NCE_Sunday,82.01319
NCE,IB,Sunday,80,1375.0,NCE_Sunday,80.85744
NCE,TP,Sunday,355,350.0,NCE_Sunday,150.7202
NCE,TP,Sunday,475,350.0,NCE_Sunday,151.524
NCE,IB,Sunday,335,755.0,NCE_Sunday,145.50215
NCE,A3,Sunday,1770,700.0,NCE_Sunday,146.81726
NCE,TU,Sunday,265,910.0,NCE_Sunday,146.51668
NCE,TU,Sunday,620,555.0,NCE_Sunday,151.7334
NCE,A3,Sunday,1365,700.0,NCE_Sunday,145.02835
NCE,AF,Sunday,345,390.0,NCE_Sunday,150.10614
NCE,AF,Sunday,600,390.0,NCE_Sunday,150.61426
NCE,AF,Sunday,355,1030.0,NCE_Sunday,149.16881
NCE,TP,Sunday,505,715.0,NCE_Sunday,151.19034
NCE,VY,Monday,75,540.0,NCE_Monday,79.453026
NCE,VY,Monday,80,1375.0,NCE_Monday,78.20902
NCE,IB,Monday,75,540.0,NCE_Monday,79.74451
NCE,IB,Monday,80,1375.0,NCE_Monday,78.83288
NCE,TP,Monday,345,1080.0,NCE_Monday,146.7894
NCE,TP,Monday,505,715.0,NCE_Monday,144.43538
NCE,TP,Monday,710,715.0,NCE_Monday,144.22704
NCE,A3,Monday,1770,700.0,NCE_Monday,141.62173
NCE,AZ,Monday,230,1165.0,NCE_Monday,140.35864
NCE,AZ,Monday,275,680.0,NCE_Monday,145.07253
NCE,AZ,Monday,475,920.0,NCE_Monday,148.38037
NCE,AZ,Monday,925,1165.0,NCE_Monday,147.1231
NCE,AZ,Monday,1170,920.0,NCE_Monday,146.20906
NCE,IB,Monday,315,390.0,NCE_Monday,145.12057
NCE,IB,Monday,335,755.0,NCE_Monday,143.56567
NCE,VY,Tuesday,75,540.0,NCE_Tuesday,81.70661
NCE,VY,Tuesday,80,1375.0,NCE_Tuesday,80.218475
NCE,IB,Tuesday,75,540.0,NCE_Tuesday,82.01319
NCE,IB,Tuesday,80,1375.0,NCE_Tuesday,80.85744
NCE,AZ,Tuesday,275,680.0,NCE_Tuesday,143.26714
NCE,AZ,Tuesday,475,920.0,NCE_Tuesday,145.535
NCE,AZ,Tuesday,715,680.0,NCE_Tuesday,145.7684
NCE,AZ,Tuesday,1170,920.0,NCE_Tuesday,143.44429
NCE,TP,Tuesday,345,1080.0,NCE_Tuesday,150.08682
NCE,IB,Tuesday,335,755.0,NCE_Tuesday,145.50215
NCE,IB,Tuesday,810,1135.0,NCE_Tuesday,148.6188
NCE,SK,Tuesday,1685,855.0,NCE_Tuesday,171.99825
NCE,AF,Tuesday,345,390.0,NCE_Tuesday,150.10614
NCE,AF,Tuesday,355,1030.0,NCE_Tuesday,149.16881
NCE,AF,Tuesday,405,740.0,NCE_Tuesday,150.55507
NCE,VY,Wednesday,75,540.0,NCE_Wednesday,81.20845
NCE,VY,Wednesday,80,1375.0,NCE_Wednesday,79.34399
NCE,IB,Wednesday,75,540.0,NCE_Wednesday,81.51503
NCE,IB,Wednesday,80,1375.0,NCE_Wednesday,80.55089
NCE,AF,Wednesday,250,910.0,NCE_Wednesday,148.38113
NCE,AF,Wednesday,265,575.0,NCE_Wednesday,145.13373
NCE,AF,Wednesday,280,1095.0,NCE_Wednesday,148.06567
NCE,AF,Wednesday,300,725.0,NCE_Wednesday,148.17322
NCE,AF,Wednesday,325,575.0,NCE_Wednesday,147.3345
NCE,AF,Wednesday,365,660.0,NCE_Wednesday,149.40863
NCE,AF,Wednesday,435,725.0,NCE_Wednesday,149.23285
NCE,AF,Wednesday,470,555.0,NCE_Wednesday,149.03865
NCE,AF,Wednesday,490,885.0,NCE_Wednesday,148.27682
NCE,AF,Wednesday,495,405.0,NCE_Wednesday,148.94673
NCE,AF,Wednesday,515,645.0,NCE_Wednesday,148.18983
NCE,VY,Thursday,75,540.0,NCE_Thursday,81.8933
NCE,VY,Thursday,80,1375.0,NCE_Thursday,81.042946
NCE,IB,Thursday,75,540.0,NCE_Thursday,82.19988
NCE,IB,Thursday,80,1375.0,NCE_Thursday,82.115425
NCE,TP,Thursday,355,350.0,NCE_Thursday,151.57329
NCE,TP,Thursday,475,350.0,NCE_Thursday,152.37709
NCE,AF,Thursday,780,1190.0,NCE_Thursday,150.65987
NCE,AF,Thursday,815,1155.0,NCE_Thursday,151.1098
NCE,AF,Thursday,865,1245.0,NCE_Thursday,144.6731
NCE,AF,Thursday,870,1240.0,NCE_Thursday,144.6731
NCE,AF,Thursday,955,1155.0,NCE_Thursday,150.86589
NCE,IB,Thursday,335,755.0,NCE_Thursday,147.9097
NCE,AF,Thursday,300,725.0,NCE_Thursday,151.68163
NCE,AF,Thursday,365,660.0,NCE_Thursday,152.3347
NCE,AF,Thursday,470,555.0,NCE_Thursday,153.45871
NCE,VY,Friday,75,540.0,NCE_Friday,82.23433
NCE,VY,Friday,80,1375.0,NCE_Friday,80.74619
NCE,IB,Friday,75,540.0,NCE_Friday,82.54091
NCE,IB,Friday,80,1375.0,NCE_Friday,81.385155
NCE,DY,Friday,740,665.0,NCE_Friday,129.2437
NCE,AF,Friday,250,910.0,NCE_Friday,148.97061
NCE,AF,Friday,265,575.0,NCE_Friday,148.52817
NCE,AF,Friday,280,1095.0,NCE_Friday,148.65318
NCE,AF,Friday,300,725.0,NCE_Friday,151.38234
NCE,AF,Friday,365,660.0,NCE_Friday,152.03542
NCE,AF,Friday,435,725.0,NCE_Friday,152.44197
NCE,AF,Friday,470,555.0,NCE_Friday,154.03893
NCE,AF,Friday,490,885.0,NCE_Friday,151.87457
NCE,AF,Friday,515,645.0,NCE_Friday,152.31061
NCE,AF,Friday,520,855.0,NCE_Friday,151.80472
NCE,VY,Saturday,80,1375.0,NCE_Saturday,76.24802
NCE,VY,Saturday,75,540.0,NCE_Saturday,77.26144
NCE,IB,Saturday,75,540.0,NCE_Saturday,77.81366
NCE,IB,Saturday,80,1375.0,NCE_Saturday,77.33559
NCE,AF,Saturday,405,740.0,NCE_Saturday,140.98619
NCE,AF,Saturday,600,390.0,NCE_Saturday,144.90387
NCE,AF,Saturday,1035,1030.0,NCE_Saturday,139.03667
NCE,AF,Saturday,1145,1030.0,NCE_Saturday,139.33548
NCE,AF,Saturday,1325,740.0,NCE_Saturday,140.25317
NCE,TP,Saturday,345,1080.0,NCE_Saturday,145.2655
NCE,AF,Saturday,250,910.0,NCE_Saturday,138.23044
NCE,AF,Saturday,265,575.0,NCE_Saturday,137.56053
NCE,AF,Saturday,280,390.0,NCE_Saturday,140.65439
NCE,AF,Saturday,300,725.0,NCE_Saturday,139.97745
NCE,AF,Saturday,325,575.0,NCE_Saturday,140.05038
NCE,VY,Sunday,75,540.0,NCE_Sunday,81.70661
NCE,VY,Sunday,80,1375.0,NCE_Sunday,80.218475
NCE,IB,Sunday,75,540.0,NCE_Sunday,82.01319
NCE,IB,Sunday,80,1375.0,NCE_Sunday,80.85744
NCE,AF,Sunday,240,660.0,NCE_Sunday,134.52928
NCE,AF,Sunday,250,910.0,NCE_Sunday,146.97662
NCE,AF,Sunday,265,575.0,NCE_Sunday,146.53418
NCE,AF,Sunday,280,1095.0,NCE_Sunday,146.6592
NCE,AF,Sunday,295,725.0,NCE_Sunday,149.13412
NCE,AF,Sunday,325,575.0,NCE_Sunday,149.02403
NCE,AF,Sunday,360,660.0,NCE_Sunday,149.60417
NCE,AF,Sunday,435,725.0,NCE_Sunday,150.01073
NCE,AF,Sunday,520,855.0,NCE_Sunday,149.37347
NCE,AF,Sunday,555,465.0,NCE_Sunday,154.29341
NCE,AF,Sunday,565,595.0,NCE_Sunday,150.43024
NCE,VY,Monday,75,540.0,NCE_Monday,79.453026
NCE,VY,Monday,80,1375.0,NCE_Monday,78.20902
NCE,IB,Monday,75,540.0,NCE_Monday,79.74451
NCE,IB,Monday,80,1375.0,NCE_Monday,78.83288
NCE,TP,Monday,345,1080.0,NCE_Monday,146.7894
NCE,TP,Monday,505,715.0,NCE_Monday,144.43538
NCE,TP,Monday,710,715.0,NCE_Monday,144.22704
NCE,AF,Monday,300,725.0,NCE_Monday,142.1994
NCE,AF,Monday,365,660.0,NCE_Monday,141.70963
NCE,AF,Monday,470,555.0,NCE_Monday,144.11432
NCE,AF,Monday,560,465.0,NCE_Monday,145.89294
NCE,AF,Monday,725,1245.0,NCE_Monday,136.81485
NCE,AF,Monday,730,1240.0,NCE_Monday,136.81485
NCE,AF,Monday,780,1190.0,NCE_Monday,140.03055
NCE,AF,Monday,815,1155.0,NCE_Monday,140.48048
NCE,VY,Tuesday,75,540.0,NCE_Tuesday,81.70661
NCE,VY,Tuesday,80,1375.0,NCE_Tuesday,80.218475
NCE,IB,Tuesday,75,540.0,NCE_Tuesday,82.01319
NCE,IB,Tuesday,80,1375.0,NCE_Tuesday,80.85744
NCE,AF,Tuesday,240,660.0,NCE_Tuesday,134.52928
NCE,AF,Tuesday,250,910.0,NCE_Tuesday,146.97662
NCE,AF,Tuesday,265,575.0,NCE_Tuesday,146.53418
NCE,AF,Tuesday,280,1095.0,NCE_Tuesday,146.6592
NCE,AF,Tuesday,300,725.0,NCE_Tuesday,148.9511
NCE,AF,Tuesday,325,575.0,NCE_Tuesday,149.02403
NCE,AF,Tuesday,365,660.0,NCE_Tuesday,149.60417
NCE,AF,Tuesday,435,725.0,NCE_Tuesday,150.01073
NCE,AF,Tuesday,470,555.0,NCE_Tuesday,150.72818
NCE,AF,Tuesday,480,360.0,NCE_Tuesday,150.87946
NCE,AF,Tuesday,490,885.0,NCE_Tuesday,149.44333
NCE,VY,Wednesday,80,1375.0,NCE_Wednesday,79.34399
NCE,VY,Wednesday,75,540.0,NCE_Wednesday,81.20845
NCE,IB,Wednesday,75,540.0,NCE_Wednesday,81.51503
NCE,IB,Wednesday,80,1375.0,NCE_Wednesday,80.55089
NCE,AF,Wednesday,365,660.0,NCE_Wednesday,149.40863
NCE,AF,Wednesday,435,725.0,NCE_Wednesday,149.23285
NCE,AF,Wednesday,470,555.0,NCE_Wednesday,149.03865
NCE,AF,Wednesday,560,465.0,NCE_Wednesday,152.60388
NCE,AF,Wednesday,605,555.0,NCE_Wednesday,148.59726
NCE,AF,Wednesday,725,1245.0,NCE_Wednesday,143.23837
NCE,AF,Wednesday,730,1240.0,NCE_Wednesday,143.23837
NCE,IB,Wednesday,335,755.0,NCE_Wednesday,144.7216
NCE,A3,Wednesday,1365,700.0,NCE_Wednesday,144.33752
NCE,A3,Wednesday,1770,700.0,NCE_Wednesday,147.6093
NCE,AF,Wednesday,490,885.0,NCE_Wednesday,148.27682
NCE,VY,Thursday,75,540.0,NCE_Thursday,81.8933
NCE,IB,Thursday,75,540.0,NCE_Thursday,82.19988
NCE,IB,Thursday,80,1375.0,NCE_Thursday,82.115425
NCE,VY,Thursday,80,1375.0,NCE_Thursday,81.042946
NCE,TP,Thursday,355,350.0,NCE_Thursday,151.57329
NCE,TP,Thursday,475,350.0,NCE_Thursday,152.37709
NCE,IB,Thursday,335,755.0,NCE_Thursday,147.9097
NCE,AZ,Thursday,275,680.0,NCE_Thursday,144.57521
NCE,AZ,Thursday,475,920.0,NCE_Thursday,146.84308
NCE,AZ,Thursday,715,680.0,NCE_Thursday,147.07648
NCE,AZ,Thursday,1170,920.0,NCE_Thursday,144.75237
NCE,TP,Thursday,950,1095.0,NCE_Thursday,153.95245
NCE,TP,Thursday,1050,1095.0,NCE_Thursday,154.25156
NCE,IB,Thursday,810,1135.0,NCE_Thursday,151.02635
NCE,LH,Thursday,255,800.0,NCE_Thursday,186.71771
NCE,VY,Friday,75,540.0,NCE_Friday,82.23433
NCE,VY,Friday,80,1375.0,NCE_Friday,80.74619
NCE,IB,Friday,75,540.0,NCE_Friday,82.54091
NCE,IB,Friday,80,1375.0,NCE_Friday,81.385155
NCE,TP,Friday,505,715.0,NCE_Friday,151.82524
NCE,TP,Friday,710,715.0,NCE_Friday,152.11847
NCE,A3,Friday,1365,700.0,NCE_Friday,144.5872
NCE,A3,Friday,1770,700.0,NCE_Friday,147.94604
NCE,AZ,Friday,230,1165.0,NCE_Friday,138.67049
NCE,AZ,Friday,275,680.0,NCE_Friday,143.66501
NCE,AZ,Friday,475,920.0,NCE_Friday,145.93288
NCE,AZ,Friday,925,1165.0,NCE_Friday,144.57802
NCE,AZ,Friday,1170,920.0,NCE_Friday,143.84216
NCE,AF,Friday,470,555.0,NCE_Friday,154.03893
NCE,AF,Friday,605,555.0,NCE_Friday,153.59753
NCE,VY,Saturday,75,540.0,NCE_Saturday,77.26144
NCE,VY,Saturday,80,1375.0,NCE_Saturday,76.24802
NCE,IB,Saturday,75,540.0,NCE_Saturday,77.81366
NCE,IB,Saturday,80,1375.0,NCE_Saturday,77.33559
NCE,AF,Saturday,405,740.0,NCE_Saturday,140.98619
NCE,AF,Saturday,600,390.0,NCE_Saturday,144.90387
NCE,AF,Saturday,1035,1030.0,NCE_Saturday,139.03667
NCE,AF,Saturday,1145,1030.0,NCE_Saturday,139.33548
NCE,AF,Saturday,1325,740.0,NCE_Saturday,140.25317
NCE,TP,Saturday,345,1080.0,NCE_Saturday,145.2655
NCE,AF,Saturday,730,1240.0,NCE_Saturday,136.13025
NCE,AF,Saturday,765,1205.0,NCE_Saturday,139.9467
NCE,AF,Saturday,1015,1095.0,NCE_Saturday,139.48244
NCE,AF,Saturday,345,390.0,NCE_Saturday,145.046
NCE,IB,Saturday,335,755.0,NCE_Saturday,140.67574
NCE,VY,Sunday,75,540.0,NCE_Sunday,81.70661
NCE,VY,Sunday,80,1375.0,NCE_Sunday,80.218475
NCE,IB,Sunday,75,540.0,NCE_Sunday,82.01319
NCE,IB,Sunday,80,1375.0,NCE_Sunday,80.85744
NCE,TP,Sunday,355,350.0,NCE_Sunday,150.7202
NCE,TP,Sunday,475,350.0,NCE_Sunday,151.524
NCE,AF,Sunday,345,390.0,NCE_Sunday,150.10614
NCE,AF,Sunday,600,390.0,NCE_Sunday,150.61426
NCE,IB,Sunday,335,755.0,NCE_Sunday,145.50215
NCE,A3,Sunday,1365,700.0,NCE_Sunday,145.02835
NCE,A3,Sunday,1770,700.0,NCE_Sunday,146.81726
NCE,AZ,Sunday,230,1165.0,NCE_Sunday,140.39638
NCE,AZ,Sunday,475,920.0,NCE_Sunday,147.6445
NCE,AZ,Sunday,925,1165.0,NCE_Sunday,146.64
NCE,AZ,Sunday,1170,920.0,NCE_Sunday,145.47319
NCE,VY,Monday,75,540.0,NCE_Monday,79.453026
NCE,VY,Monday,80,1375.0,NCE_Monday,78.20902
NCE,IB,Monday,75,540.0,NCE_Monday,79.74451
NCE,IB,Monday,80,1375.0,NCE_Monday,78.83288
NCE,TP,Monday,345,1080.0,NCE_Monday,146.7894
NCE,TP,Monday,505,715.0,NCE_Monday,144.43538
NCE,TP,Monday,710,715.0,NCE_Monday,144.22704
NCE,TP,Monday,355,350.0,NCE_Monday,148.70164
NCE,TP,Monday,475,350.0,NCE_Monday,149.3969
NCE,AF,Monday,250,910.0,NCE_Monday,140.42859
NCE,AF,Monday,280,1095.0,NCE_Monday,140.11116
NCE,AF,Monday,300,725.0,NCE_Monday,142.1994
NCE,AF,Monday,365,660.0,NCE_Monday,141.70963
NCE,AF,Monday,435,725.0,NCE_Monday,142.06944
NCE,AF,Monday,490,885.0,NCE_Monday,141.04286
NCE,VY,Tuesday,75,540.0,NCE_Tuesday,81.70661
NCE,VY,Tuesday,80,1375.0,NCE_Tuesday,80.218475
NCE,IB,Tuesday,75,540.0,NCE_Tuesday,82.01319
NCE,IB,Tuesday,80,1375.0,NCE_Tuesday,80.85744
NCE,TP,Tuesday,345,1080.0,NCE_Tuesday,150.08682
NCE,AF,Tuesday,240,660.0,NCE_Tuesday,134.52928
NCE,AF,Tuesday,250,910.0,NCE_Tuesday,146.97662
NCE,AF,Tuesday,265,575.0,NCE_Tuesday,146.53418
NCE,AF,Tuesday,280,1095.0,NCE_Tuesday,146.6592
NCE,AF,Tuesday,300,725.0,NCE_Tuesday,148.9511
NCE,AF,Tuesday,310,360.0,NCE_Tuesday,149.41454
NCE,AF,Tuesday,325,575.0,NCE_Tuesday,149.02403
NCE,AF,Tuesday,365,660.0,NCE_Tuesday,149.60417
NCE,AF,Tuesday,435,725.0,NCE_Tuesday,150.01073
NCE,AF,Tuesday,480,360.0,NCE_Tuesday,150.87946
NCE,VY,Wednesday,75,540.0,NCE_Wednesday,81.20845
NCE,VY,Wednesday,80,1375.0,NCE_Wednesday,79.34399
NCE,IB,Wednesday,75,540.0,NCE_Wednesday,81.51503
NCE,IB,Wednesday,80,1375.0,NCE_Wednesday,80.55089
NCE,TP,Wednesday,505,715.0,NCE_Wednesday,150.40979
NCE,TP,Wednesday,710,715.0,NCE_Wednesday,150.70302
NCE,AF,Wednesday,250,910.0,NCE_Wednesday,148.38113
NCE,AF,Wednesday,265,575.0,NCE_Wednesday,145.13373
NCE,AF,Wednesday,280,1095.0,NCE_Wednesday,148.06567
NCE,AF,Wednesday,300,725.0,NCE_Wednesday,148.17322
NCE,AF,Wednesday,310,360.0,NCE_Wednesday,147.725
NCE,AF,Wednesday,325,575.0,NCE_Wednesday,147.3345
NCE,AF,Wednesday,365,660.0,NCE_Wednesday,149.40863
NCE,AF,Wednesday,435,725.0,NCE_Wednesday,149.23285
NCE,AF,Wednesday,470,555.0,NCE_Wednesday,149.03865
NCE,VY,Thursday,80,1375.0,NCE_Thursday,81.042946
NCE,VY,Thursday,75,540.0,NCE_Thursday,81.8933
NCE,IB,Thursday,75,540.0,NCE_Thursday,82.19988
NCE,IB,Thursday,80,1375.0,NCE_Thursday,82.115425
NCE,AF,Thursday,345,390.0,NCE_Thursday,150.39008
NCE,AF,Thursday,355,1030.0,NCE_Thursday,151.89934
NCE,AF,Thursday,405,740.0,NCE_Thursday,153.2856
NCE,TP,Thursday,475,350.0,NCE_Thursday,152.37709
NCE,TP,Thursday,355,350.0,NCE_Thursday,151.57329
NCE,TP,Thursday,950,1095.0,NCE_Thursday,153.95245
NCE,IB,Thursday,335,755.0,NCE_Thursday,147.9097
NCE,AZ,Thursday,275,680.0,NCE_Thursday,144.57521
NCE,AZ,Thursday,475,920.0,NCE_Thursday,146.84308
NCE,AZ,Thursday,715,680.0,NCE_Thursday,147.07648
NCE,AZ,Thursday,1170,920.0,NCE_Thursday,144.75237
MAD,UX,Wednesday,85,910.0,MAD_Wednesday,60.539845
MAD,UX,Wednesday,85,450.0,MAD_Wednesday,64.06783
MAD,UX,Wednesday,610,1305.0,MAD_Wednesday,74.90569
MAD,UX,Wednesday,775,1140.0,MAD_Wednesday,77.29078
MAD,VY,Wednesday,75,685.0,MAD_Wednesday,82.024475
MAD,VY,Wednesday,80,425.0,MAD_Wednesday,84.05933
MAD,VY,Wednesday,80,460.0,MAD_Wednesday,83.96671
MAD,VY,Wednesday,80,505.0,MAD_Wednesday,84.086845
MAD,VY,Wednesday,80,1200.0,MAD_Wednesday,82.042656
MAD,IB,Wednesday,75,1015.0,MAD_Wednesday,82.19507
MAD,IB,Wednesday,75,1295.0,MAD_Wednesday,81.11585
MAD,IB,Wednesday,80,425.0,MAD_Wednesday,84.810905
MAD,VY,Wednesday,75,1080.0,MAD_Wednesday,81.677864
MAD,VY,Wednesday,80,625.0,MAD_Wednesday,81.83369
MAD,VY,Wednesday,80,780.0,MAD_Wednesday,81.38284
MAD,UX,Thursday,85,910.0,MAD_Thursday,60.523914
MAD,UX,Thursday,85,450.0,MAD_Thursday,64.0519
MAD,IB,Thursday,75,1015.0,MAD_Thursday,82.17914
MAD,IB,Thursday,75,1295.0,MAD_Thursday,81.09992
MAD,IB,Thursday,80,425.0,MAD_Thursday,84.794975
MAD,VY,Thursday,80,425.0,MAD_Thursday,84.0434
MAD,VY,Thursday,75,685.0,MAD_Thursday,82.02178
MAD,VY,Thursday,75,1080.0,MAD_Thursday,81.782974
MAD,VY,Thursday,75,1150.0,MAD_Thursday,81.63888
MAD,VY,Thursday,80,625.0,MAD_Thursday,81.83099
MAD,VY,Thursday,80,780.0,MAD_Thursday,81.38015
MAD,VY,Thursday,80,1200.0,MAD_Thursday,82.244125
MAD,UX,Thursday,165,500.0,MAD_Thursday,75.02718
MAD,UX,Thursday,360,500.0,MAD_Thursday,83.12718
MAD,UX,Thursday,610,1305.0,MAD_Thursday,76.59814
MAD,UX,Friday,85,910.0,MAD_Friday,60.539845
MAD,UX,Friday,85,450.0,MAD_Friday,64.39451
MAD,UX,Friday,610,1305.0,MAD_Friday,75.50161
MAD,VY,Friday,75,685.0,MAD_Friday,82.024475
MAD,VY,Friday,80,425.0,MAD_Friday,84.146996
MAD,VY,Friday,80,625.0,MAD_Friday,81.83369
MAD,IB,Friday,75,1015.0,MAD_Friday,82.19507
MAD,IB,Friday,75,1150.0,MAD_Friday,82.03121
MAD,IB,Friday,75,1295.0,MAD_Friday,81.11585
MAD,IB,Friday,80,425.0,MAD_Friday,84.810905
MAD,VY,Friday,75,1150.0,MAD_Friday,81.53377
MAD,VY,Friday,80,505.0,MAD_Friday,84.353035
MAD,VY,Friday,80,780.0,MAD_Friday,81.38284
MAD,VY,Friday,80,950.0,MAD_Friday,81.50995
MAD,UX,Friday,165,500.0,MAD_Friday,75.36978
MAD,UX,Saturday,85,910.0,MAD_Saturday,60.822735
MAD,UX,Saturday,85,450.0,MAD_Saturday,64.402214
MAD,IB,Saturday,75,1015.0,MAD_Saturday,82.58818
MAD,IB,Saturday,80,780.0,MAD_Saturday,82.43268
MAD,VY,Saturday,75,1150.0,MAD_Saturday,81.6218
MAD,VY,Saturday,80,460.0,MAD_Saturday,84.10623
MAD,VY,Saturday,75,685.0,MAD_Saturday,82.163994
MAD,VY,Saturday,80,505.0,MAD_Saturday,84.34274
MAD,VY,Saturday,80,780.0,MAD_Saturday,81.52236
MAD,VY,Saturday,80,1200.0,MAD_Saturday,82.13069
MAD,UX,Saturday,165,500.0,MAD_Saturday,75.94578
MAD,UX,Saturday,360,500.0,MAD_Saturday,82.97816
MAD,IB,Saturday,75,1150.0,MAD_Saturday,82.424324
MAD,IB,Saturday,80,425.0,MAD_Saturday,85.381905
MAD,IB,Saturday,80,460.0,MAD_Saturday,85.28928
MAD,UX,Sunday,85,910.0,MAD_Sunday,61.06716
MAD,UX,Sunday,85,450.0,MAD_Sunday,64.89522
MAD,UX,Sunday,360,500.0,MAD_Sunday,89.99707
MAD,VY,Sunday,75,685.0,MAD_Sunday,82.449974
MAD,VY,Sunday,80,425.0,MAD_Sunday,84.48483
MAD,VY,Sunday,80,505.0,MAD_Sunday,84.62872
MAD,VY,Sunday,80,780.0,MAD_Sunday,81.80834
MAD,VY,Sunday,80,1200.0,MAD_Sunday,82.468155
MAD,IB,Sunday,75,1080.0,MAD_Sunday,82.901146
MAD,IB,Sunday,75,1295.0,MAD_Sunday,81.84169
MAD,VY,Sunday,75,1080.0,MAD_Sunday,82.10336
MAD,VY,Sunday,75,1150.0,MAD_Sunday,81.95927
MAD,V7,Sunday,955,1020.0,MAD_Sunday,124.761505
MAD,IB,Sunday,80,425.0,MAD_Sunday,85.96321
MAD,IB,Sunday,80,505.0,MAD_Sunday,86.6666
MAD,UX,Monday,85,910.0,MAD_Monday,60.320366
MAD,UX,Monday,85,450.0,MAD_Monday,63.848362
MAD,IB,Monday,75,1015.0,MAD_Monday,81.97559
MAD,IB,Monday,75,1295.0,MAD_Monday,80.99651
MAD,IB,Monday,80,625.0,MAD_Monday,82.21908
MAD,VY,Monday,75,1150.0,MAD_Monday,81.31429
MAD,VY,Monday,80,400.0,MAD_Monday,82.176704
MAD,VY,Monday,80,460.0,MAD_Monday,83.74724
MAD,VY,Monday,80,895.0,MAD_Monday,81.35593
MAD,VY,Monday,80,950.0,MAD_Monday,81.290474
MAD,UX,Monday,610,1305.0,MAD_Monday,74.92675
MAD,VY,Monday,75,685.0,MAD_Monday,81.805
MAD,VY,Monday,80,505.0,MAD_Monday,83.98375
MAD,VY,Monday,80,625.0,MAD_Monday,81.61421
MAD,VY,Monday,80,780.0,MAD_Monday,81.16337
MAD,UX,Tuesday,85,450.0,MAD_Tuesday,64.06783
MAD,UX,Tuesday,85,910.0,MAD_Tuesday,60.539845
MAD,IB,Tuesday,75,1015.0,MAD_Tuesday,82.19507
MAD,IB,Tuesday,75,1295.0,MAD_Tuesday,81.11585
MAD,IB,Tuesday,80,505.0,MAD_Tuesday,85.5143
MAD,IB,Tuesday,80,780.0,MAD_Tuesday,81.86168
MAD,VY,Tuesday,75,1150.0,MAD_Tuesday,81.53377
MAD,VY,Tuesday,80,625.0,MAD_Tuesday,81.83369
MAD,VY,Tuesday,80,1200.0,MAD_Tuesday,82.042656
MAD,VY,Tuesday,75,685.0,MAD_Tuesday,82.024475
MAD,VY,Tuesday,75,1080.0,MAD_Tuesday,81.677864
MAD,VY,Tuesday,80,400.0,MAD_Tuesday,82.51204
MAD,VY,Tuesday,80,425.0,MAD_Tuesday,84.17519
MAD,VY,Tuesday,80,460.0,MAD_Tuesday,84.08257
MAD,VY,Tuesday,80,780.0,MAD_Tuesday,81.38284
MAD,UX,Wednesday,85,450.0,MAD_Wednesday,64.06783
MAD,UX,Wednesday,85,910.0,MAD_Wednesday,60.539845
MAD,IB,Wednesday,75,1015.0,MAD_Wednesday,82.19507
MAD,IB,Wednesday,75,1295.0,MAD_Wednesday,81.11585
MAD,IB,Wednesday,80,425.0,MAD_Wednesday,84.810905
MAD,VY,Wednesday,75,1080.0,MAD_Wednesday,81.677864
MAD,VY,Wednesday,80,460.0,MAD_Wednesday,83.96671
MAD,VY,Wednesday,80,505.0,MAD_Wednesday,84.086845
MAD,VY,Wednesday,75,685.0,MAD_Wednesday,82.024475
MAD,VY,Wednesday,75,1150.0,MAD_Wednesday,81.53377
MAD,VY,Wednesday,80,425.0,MAD_Wednesday,84.05933
MAD,VY,Wednesday,80,625.0,MAD_Wednesday,81.83369
MAD,VY,Wednesday,80,780.0,MAD_Wednesday,81.38284
MAD,VY,Wednesday,80,950.0,MAD_Wednesday,81.50995
MAD,VY,Wednesday,80,1200.0,MAD_Wednesday,82.042656
MAD,UX,Thursday,85,910.0,MAD_Thursday,60.523914
MAD,UX,Thursday,85,450.0,MAD_Thursday,64.0519
MAD,IB,Thursday,75,1015.0,MAD_Thursday,82.17914
MAD,IB,Thursday,75,1295.0,MAD_Thursday,81.09992
MAD,IB,Thursday,80,425.0,MAD_Thursday,84.794975
MAD,VY,Thursday,75,1150.0,MAD_Thursday,81.63888
MAD,VY,Thursday,80,425.0,MAD_Thursday,84.0434
MAD,VY,Thursday,80,625.0,MAD_Thursday,81.83099
MAD,VY,Thursday,80,780.0,MAD_Thursday,81.38015
MAD,VY,Thursday,80,950.0,MAD_Thursday,81.507256
MAD,VY,Thursday,75,685.0,MAD_Thursday,82.02178
MAD,VY,Thursday,75,1080.0,MAD_Thursday,81.782974
MAD,VY,Thursday,80,460.0,MAD_Thursday,83.95078
MAD,VY,Thursday,80,1200.0,MAD_Thursday,82.244125
MAD,VY,Thursday,80,400.0,MAD_Thursday,82.38025
MAD,UX,Friday,85,910.0,MAD_Friday,60.539845
MAD,UX,Friday,85,450.0,MAD_Friday,64.39451
MAD,IB,Friday,75,1015.0,MAD_Friday,82.19507
MAD,IB,Friday,75,1295.0,MAD_Friday,81.11585
MAD,IB,Friday,80,425.0,MAD_Friday,84.810905
MAD,VY,Friday,75,1150.0,MAD_Friday,81.53377
MAD,VY,Friday,80,400.0,MAD_Friday,82.32798
MAD,VY,Friday,75,685.0,MAD_Friday,82.024475
MAD,VY,Friday,80,425.0,MAD_Friday,84.146996
MAD,VY,Friday,80,460.0,MAD_Friday,84.11652
MAD,VY,Friday,80,505.0,MAD_Friday,84.353035
MAD,VY,Friday,80,950.0,MAD_Friday,81.50995
MAD,VY,Friday,80,780.0,MAD_Friday,81.38284
MAD,VY,Friday,80,625.0,MAD_Friday,81.83369
MAD,UX,Friday,610,1305.0,MAD_Friday,75.50161
MAD,UX,Saturday,85,910.0,MAD_Saturday,60.822735
MAD,UX,Saturday,85,450.0,MAD_Saturday,64.402214
MAD,UX,Saturday,610,1305.0,MAD_Saturday,75.14491
MAD,IB,Saturday,75,1015.0,MAD_Saturday,82.58818
MAD,IB,Saturday,75,1295.0,MAD_Saturday,81.508965
MAD,VY,Saturday,80,505.0,MAD_Saturday,84.34274
MAD,VY,Saturday,80,950.0,MAD_Saturday,81.597984
MAD,VY,Saturday,80,1200.0,MAD_Saturday,82.13069
MAD,UX,Saturday,775,1140.0,MAD_Saturday,77.53
MAD,UX,Saturday,800,1305.0,MAD_Saturday,76.22404
MAD,VY,Saturday,75,685.0,MAD_Saturday,82.163994
MAD,VY,Saturday,75,1150.0,MAD_Saturday,81.6218
MAD,VY,Saturday,80,425.0,MAD_Saturday,84.19885
MAD,VY,Saturday,80,780.0,MAD_Saturday,81.52236
MAD,UX,Saturday,245,1025.0,MAD_Saturday,77.774895
MAD,UX,Sunday,85,450.0,MAD_Sunday,64.89522
MAD,UX,Sunday,85,910.0,MAD_Sunday,61.06716
MAD,UX,Sunday,360,500.0,MAD_Sunday,89.99707
MAD,IB,Sunday,75,1015.0,MAD_Sunday,82.920906
MAD,IB,Sunday,75,1295.0,MAD_Sunday,81.84169
MAD,VY,Sunday,75,1150.0,MAD_Sunday,81.95927
MAD,VY,Sunday,80,505.0,MAD_Sunday,84.62872
MAD,UX,Sunday,165,500.0,MAD_Sunday,76.2338
MAD,VY,Sunday,75,685.0,MAD_Sunday,82.449974
MAD,VY,Sunday,75,1080.0,MAD_Sunday,82.10336
MAD,VY,Sunday,80,780.0,MAD_Sunday,81.80834
MAD,VY,Sunday,80,950.0,MAD_Sunday,81.93545
MAD,VY,Sunday,80,1200.0,MAD_Sunday,82.468155
MAD,V7,Sunday,955,1020.0,MAD_Sunday,124.761505
MAD,VY,Sunday,75,1295.0,MAD_Sunday,80.94755
MAD,UX,Monday,85,450.0,MAD_Monday,63.848362
MAD,UX,Monday,85,910.0,MAD_Monday,60.320366
MAD,UX,Monday,610,1305.0,MAD_Monday,74.92675
MAD,UX,Monday,800,1305.0,MAD_Monday,76.25566
MAD,UX,Monday,775,1140.0,MAD_Monday,77.90776
MAD,IB,Monday,75,1015.0,MAD_Monday,81.97559
MAD,IB,Monday,75,1150.0,MAD_Monday,81.81174
MAD,IB,Monday,75,1295.0,MAD_Monday,80.99651
MAD,IB,Monday,80,625.0,MAD_Monday,82.21908
MAD,VY,Monday,80,400.0,MAD_Monday,82.176704
MAD,VY,Monday,80,425.0,MAD_Monday,83.83986
MAD,VY,Monday,80,505.0,MAD_Monday,83.98375
MAD,VY,Monday,80,950.0,MAD_Monday,81.290474
MAD,VY,Monday,80,1200.0,MAD_Monday,81.82318
MAD,VY,Monday,75,685.0,MAD_Monday,81.805
MAD,UX,Tuesday,85,450.0,MAD_Tuesday,64.06783
MAD,UX,Tuesday,85,910.0,MAD_Tuesday,60.539845
MAD,UX,Tuesday,610,1305.0,MAD_Tuesday,74.90569
MAD,UX,Tuesday,775,1140.0,MAD_Tuesday,77.29078
MAD,UX,Tuesday,165,500.0,MAD_Tuesday,75.04311
MAD,UX,Tuesday,360,500.0,MAD_Tuesday,82.19438
MAD,UX,Tuesday,800,1305.0,MAD_Tuesday,75.98482
MAD,VY,Tuesday,75,685.0,MAD_Tuesday,82.024475
MAD,VY,Tuesday,75,1150.0,MAD_Tuesday,81.53377
MAD,VY,Tuesday,80,460.0,MAD_Tuesday,84.08257
MAD,VY,Tuesday,80,1200.0,MAD_Tuesday,82.042656
MAD,IB,Tuesday,75,1015.0,MAD_Tuesday,82.19507
MAD,IB,Tuesday,75,1295.0,MAD_Tuesday,81.11585
MAD,VY,Tuesday,75,1080.0,MAD_Tuesday,81.677864
MAD,VY,Tuesday,80,400.0,MAD_Tuesday,82.51204
MAD,UX,Wednesday,85,910.0,MAD_Wednesday,60.539845
MAD,UX,Wednesday,85,450.0,MAD_Wednesday,64.06783
MAD,UX,Wednesday,610,1305.0,MAD_Wednesday,74.90569
MAD,UX,Wednesday,775,1140.0,MAD_Wednesday,77.29078
MAD,UX,Wednesday,165,500.0,MAD_Wednesday,74.75095
MAD,VY,Wednesday,75,685.0,MAD_Wednesday,82.024475
MAD,VY,Wednesday,80,400.0,MAD_Wednesday,82.39618
MAD,VY,Wednesday,80,505.0,MAD_Wednesday,84.086845
MAD,VY,Wednesday,80,625.0,MAD_Wednesday,81.83369
MAD,IB,Wednesday,75,1015.0,MAD_Wednesday,82.19507
MAD,IB,Wednesday,75,1080.0,MAD_Wednesday,82.17531
MAD,IB,Wednesday,75,1150.0,MAD_Wednesday,82.03121
MAD,IB,Wednesday,75,1295.0,MAD_Wednesday,81.11585
MAD,IB,Wednesday,80,425.0,MAD_Wednesday,84.810905
MAD,IB,Wednesday,80,780.0,MAD_Wednesday,81.86168
MAD,UX,Thursday,85,910.0,MAD_Thursday,60.523914
MAD,UX,Thursday,85,450.0,MAD_Thursday,64.0519
MAD,IB,Thursday,75,1015.0,MAD_Thursday,82.17914
MAD,IB,Thursday,75,1080.0,MAD_Thursday,82.15938
MAD,IB,Thursday,75,1295.0,MAD_Thursday,81.09992
MAD,IB,Thursday,80,425.0,MAD_Thursday,84.794975
MAD,VY,Thursday,80,400.0,MAD_Thursday,82.38025
MAD,VY,Thursday,80,950.0,MAD_Thursday,81.507256
MAD,UX,Thursday,165,500.0,MAD_Thursday,75.02718
MAD,UX,Thursday,360,500.0,MAD_Thursday,83.12718
MAD,VY,Thursday,75,685.0,MAD_Thursday,82.02178
MAD,VY,Thursday,75,1080.0,MAD_Thursday,81.782974
MAD,VY,Thursday,75,1150.0,MAD_Thursday,81.63888
MAD,VY,Thursday,80,425.0,MAD_Thursday,84.0434
MAD,VY,Thursday,80,460.0,MAD_Thursday,83.95078
MAD,UX,Friday,85,910.0,MAD_Friday,60.539845
MAD,UX,Friday,610,1305.0,MAD_Friday,75.50161
MAD,UX,Friday,85,450.0,MAD_Friday,64.39451
MAD,VY,Friday,75,685.0,MAD_Friday,82.024475
MAD,VY,Friday,80,400.0,MAD_Friday,82.32798
MAD,VY,Friday,80,460.0,MAD_Friday,84.11652
MAD,VY,Friday,80,625.0,MAD_Friday,81.83369
MAD,VY,Friday,80,895.0,MAD_Friday,81.5754
MAD,IB,Friday,75,1015.0,MAD_Friday,82.19507
MAD,IB,Friday,75,1150.0,MAD_Friday,82.03121
MAD,IB,Friday,75,1295.0,MAD_Friday,81.11585
MAD,IB,Friday,80,425.0,MAD_Friday,84.810905
MAD,UX,Friday,360,500.0,MAD_Friday,82.89218
MAD,VY,Friday,75,1150.0,MAD_Friday,81.53377
MAD,VY,Friday,80,425.0,MAD_Friday,84.146996
MAD,UX,Saturday,85,910.0,MAD_Saturday,60.822735
MAD,UX,Saturday,610,1305.0,MAD_Saturday,75.14491
MAD,UX,Saturday,85,450.0,MAD_Saturday,64.402214
MAD,UX,Saturday,360,500.0,MAD_Saturday,82.97816
MAD,UX,Saturday,775,1140.0,MAD_Saturday,77.53
MAD,VY,Saturday,75,685.0,MAD_Saturday,82.163994
MAD,VY,Saturday,80,425.0,MAD_Saturday,84.19885
MAD,VY,Saturday,80,460.0,MAD_Saturday,84.10623
MAD,VY,Saturday,80,505.0,MAD_Saturday,84.34274
MAD,VY,Saturday,80,780.0,MAD_Saturday,81.52236
MAD,IB,Saturday,75,1015.0,MAD_Saturday,82.58818
MAD,IB,Saturday,75,1295.0,MAD_Saturday,81.508965
MAD,IB,Saturday,80,1200.0,MAD_Saturday,83.21725
MAD,UX,Saturday,165,500.0,MAD_Saturday,75.94578
MAD,VY,Saturday,75,1150.0,MAD_Saturday,81.6218
MAD,UX,Sunday,85,910.0,MAD_Sunday,61.06716
MAD,UX,Sunday,85,450.0,MAD_Sunday,64.89522
MAD,IB,Sunday,75,1015.0,MAD_Sunday,82.920906
MAD,IB,Sunday,75,1150.0,MAD_Sunday,82.75705
MAD,IB,Sunday,75,1295.0,MAD_Sunday,81.84169
MAD,VY,Sunday,80,505.0,MAD_Sunday,84.62872
MAD,VY,Sunday,80,950.0,MAD_Sunday,81.93545
MAD,VY,Sunday,80,1200.0,MAD_Sunday,82.468155
MAD,VY,Sunday,75,685.0,MAD_Sunday,82.449974
MAD,VY,Sunday,75,1080.0,MAD_Sunday,82.10336
MAD,VY,Sunday,75,1150.0,MAD_Sunday,81.95927
MAD,VY,Sunday,80,780.0,MAD_Sunday,81.80834
MAD,UX,Sunday,165,500.0,MAD_Sunday,76.2338
MAD,V7,Sunday,955,1020.0,MAD_Sunday,124.761505
MAD,UX,Sunday,360,500.0,MAD_Sunday,89.99707
MAD,UX,Monday,85,910.0,MAD_Monday,60.320366
MAD,UX,Monday,610,1305.0,MAD_Monday,74.92675
MAD,UX,Monday,85,450.0,MAD_Monday,63.848362
MAD,UX,Monday,165,500.0,MAD_Monday,74.82364
MAD,UX,Monday,360,500.0,MAD_Monday,81.97491
MAD,UX,Monday,800,1305.0,MAD_Monday,76.25566
MAD,UX,Monday,775,1140.0,MAD_Monday,77.90776
MAD,IB,Monday,75,1015.0,MAD_Monday,81.97559
MAD,IB,Monday,75,1150.0,MAD_Monday,81.81174
MAD,IB,Monday,75,1295.0,MAD_Monday,80.99651
MAD,IB,Monday,80,400.0,MAD_Monday,82.928276
MAD,IB,Monday,80,425.0,MAD_Monday,84.59143
MAD,IB,Monday,80,625.0,MAD_Monday,82.21908
MAD,IB,Monday,80,780.0,MAD_Monday,81.642204
MAD,IB,Monday,80,950.0,MAD_Monday,82.044426
MAD,UX,Tuesday,85,910.0,MAD_Tuesday,60.539845
MAD,UX,Tuesday,610,1305.0,MAD_Tuesday,74.90569
MAD,UX,Tuesday,85,450.0,MAD_Tuesday,64.06783
MAD,UX,Tuesday,165,500.0,MAD_Tuesday,75.04311
MAD,UX,Tuesday,360,500.0,MAD_Tuesday,82.19438
MAD,UX,Tuesday,800,1305.0,MAD_Tuesday,75.98482
MAD,UX,Tuesday,245,1025.0,MAD_Tuesday,77.0426
MAD,UX,Tuesday,395,875.0,MAD_Tuesday,78.0853
MAD,UX,Tuesday,775,1140.0,MAD_Tuesday,77.29078
MAD,VY,Tuesday,75,685.0,MAD_Tuesday,82.024475
MAD,VY,Tuesday,75,1080.0,MAD_Tuesday,81.677864
MAD,VY,Tuesday,80,400.0,MAD_Tuesday,82.51204
MAD,VY,Tuesday,80,625.0,MAD_Tuesday,81.83369
MAD,VY,Tuesday,80,1200.0,MAD_Tuesday,82.042656
MAD,IB,Tuesday,75,1015.0,MAD_Tuesday,82.19507
MAD,UX,Wednesday,85,910.0,MAD_Wednesday,60.539845
MAD,UX,Wednesday,610,1305.0,MAD_Wednesday,74.90569
MAD,UX,Wednesday,85,450.0,MAD_Wednesday,64.06783
MAD,UX,Wednesday,165,500.0,MAD_Wednesday,74.75095
MAD,UX,Wednesday,360,500.0,MAD_Wednesday,82.19438
MAD,UX,Wednesday,800,1305.0,MAD_Wednesday,75.98482
MAD,UX,Wednesday,245,1025.0,MAD_Wednesday,77.0426
MAD,UX,Wednesday,395,875.0,MAD_Wednesday,78.0853
MAD,UX,Wednesday,775,1140.0,MAD_Wednesday,77.29078
MAD,VY,Wednesday,75,685.0,MAD_Wednesday,82.024475
MAD,VY,Wednesday,80,505.0,MAD_Wednesday,84.086845
MAD,VY,Wednesday,80,625.0,MAD_Wednesday,81.83369
MAD,VY,Wednesday,80,1200.0,MAD_Wednesday,82.042656
MAD,IB,Wednesday,75,1015.0,MAD_Wednesday,82.19507
MAD,IB,Wednesday,75,1080.0,MAD_Wednesday,82.17531
MAD,UX,Thursday,85,450.0,MAD_Thursday,64.0519
MAD,UX,Thursday,85,910.0,MAD_Thursday,60.523914
MAD,UX,Thursday,395,875.0,MAD_Thursday,78.4708
MAD,VY,Thursday,75,685.0,MAD_Thursday,82.02178
MAD,VY,Thursday,80,400.0,MAD_Thursday,82.38025
MAD,VY,Thursday,80,460.0,MAD_Thursday,83.95078
MAD,IB,Thursday,75,1015.0,MAD_Thursday,82.17914
MAD,IB,Thursday,75,1295.0,MAD_Thursday,81.09992
MAD,UX,Thursday,775,1140.0,MAD_Thursday,78.625145
MAD,UX,Thursday,200,875.0,MAD_Thursday,92.29622
MAD,VY,Thursday,75,1080.0,MAD_Thursday,81.782974
MAD,VY,Thursday,75,1150.0,MAD_Thursday,81.63888
MAD,VY,Thursday,80,625.0,MAD_Thursday,81.83099
MAD,VY,Thursday,80,780.0,MAD_Thursday,81.38015
MAD,VY,Thursday,80,950.0,MAD_Thursday,81.507256
MAD,UX,Friday,85,910.0,MAD_Friday,60.539845
MAD,UX,Friday,85,450.0,MAD_Friday,64.39451
MAD,UX,Friday,610,1305.0,MAD_Friday,75.50161
MAD,VY,Friday,75,685.0,MAD_Friday,82.024475
MAD,VY,Friday,80,425.0,MAD_Friday,84.146996
MAD,VY,Friday,80,950.0,MAD_Friday,81.50995
MAD,IB,Friday,75,1015.0,MAD_Friday,82.19507
MAD,IB,Friday,75,1295.0,MAD_Friday,81.11585
MAD,IB,Friday,80,425.0,MAD_Friday,84.810905
MAD,IB,Friday,80,505.0,MAD_Friday,85.5143
MAD,IB,Friday,80,780.0,MAD_Friday,81.86168
MAD,UX,Friday,165,500.0,MAD_Friday,75.36978
MAD,UX,Friday,360,500.0,MAD_Friday,82.89218
MAD,VY,Friday,75,1150.0,MAD_Friday,81.53377
MAD,VY,Friday,80,400.0,MAD_Friday,82.32798
MAD,UX,Saturday,85,910.0,MAD_Saturday,60.822735
MAD,UX,Saturday,610,1305.0,MAD_Saturday,75.14491
MAD,UX,Saturday,775,1140.0,MAD_Saturday,77.53
MAD,UX,Saturday,85,450.0,MAD_Saturday,64.402214
MAD,UX,Saturday,245,1025.0,MAD_Saturday,77.774895
MAD,UX,Saturday,395,875.0,MAD_Saturday,78.50368
MAD,UX,Saturday,360,500.0,MAD_Saturday,82.97816
MAD,UX,Saturday,800,1305.0,MAD_Saturday,76.22404
MAD,IB,Saturday,75,1015.0,MAD_Saturday,82.58818
MAD,VY,Saturday,80,425.0,MAD_Saturday,84.19885
MAD,UX,Saturday,165,500.0,MAD_Saturday,75.94578
MAD,UX,Saturday,200,875.0,MAD_Saturday,93.04444
MAD,UX,Saturday,245,615.0,MAD_Saturday,81.54072
MAD,UX,Saturday,460,615.0,MAD_Saturday,84.24945
MAD,VY,Saturday,75,685.0,MAD_Saturday,82.163994
MAD,UX,Sunday,85,910.0,MAD_Sunday,61.06716
MAD,UX,Sunday,85,450.0,MAD_Sunday,64.89522
MAD,UX,Sunday,165,500.0,MAD_Sunday,76.2338
MAD,UX,Sunday,360,500.0,MAD_Sunday,89.99707
MAD,IB,Sunday,75,1015.0,MAD_Sunday,82.920906
MAD,IB,Sunday,75,1295.0,MAD_Sunday,81.84169
MAD,VY,Sunday,75,1080.0,MAD_Sunday,82.10336
MAD,VY,Sunday,75,1150.0,MAD_Sunday,81.95927
MAD,VY,Sunday,80,505.0,MAD_Sunday,84.62872
MAD,VY,Sunday,80,780.0,MAD_Sunday,81.80834
MAD,VY,Sunday,80,950.0,MAD_Sunday,81.93545
MAD,VY,Sunday,80,1200.0,MAD_Sunday,82.468155
MAD,UX,Sunday,245,615.0,MAD_Sunday,93.2218
MAD,V7,Sunday,955,1020.0,MAD_Sunday,124.761505
MAD,UX,Sunday,245,1025.0,MAD_Sunday,94.166046
MAD,UX,Monday,85,910.0,MAD_Monday,60.320366
MAD,UX,Monday,610,1305.0,MAD_Monday,74.92675
MAD,UX,Monday,85,450.0,MAD_Monday,63.848362
MAD,UX,Monday,245,1025.0,MAD_Monday,76.82313
MAD,UX,Monday,395,875.0,MAD_Monday,77.72679
MAD,UX,Monday,775,1140.0,MAD_Monday,77.90776
MAD,IB,Monday,75,1015.0,MAD_Monday,81.97559
MAD,IB,Monday,75,1150.0,MAD_Monday,81.81174
MAD,IB,Monday,75,1295.0,MAD_Monday,80.99651
MAD,IB,Monday,80,425.0,MAD_Monday,84.59143
MAD,VY,Monday,80,460.0,MAD_Monday,83.74724
MAD,VY,Monday,80,625.0,MAD_Monday,81.61421
MAD,UX,Monday,800,1305.0,MAD_Monday,76.25566
MAD,UX,Monday,200,875.0,MAD_Monday,92.092674
MAD,VY,Monday,75,685.0,MAD_Monday,81.805
MAD,UX,Tuesday,85,910.0,MAD_Tuesday,60.539845
MAD,UX,Tuesday,610,1305.0,MAD_Tuesday,74.90569
MAD,UX,Tuesday,775,1140.0,MAD_Tuesday,77.29078
MAD,UX,Tuesday,85,450.0,MAD_Tuesday,64.06783
MAD,UX,Tuesday,245,1025.0,MAD_Tuesday,77.0426
MAD,UX,Tuesday,395,875.0,MAD_Tuesday,78.0853
MAD,UX,Tuesday,360,500.0,MAD_Tuesday,82.19438
MAD,UX,Tuesday,800,1305.0,MAD_Tuesday,75.98482
MAD,VY,Tuesday,75,685.0,MAD_Tuesday,82.024475
MAD,VY,Tuesday,75,1080.0,MAD_Tuesday,81.677864
MAD,VY,Tuesday,75,1150.0,MAD_Tuesday,81.53377
MAD,VY,Tuesday,80,400.0,MAD_Tuesday,82.51204
MAD,VY,Tuesday,80,625.0,MAD_Tuesday,81.83369
MAD,VY,Tuesday,80,1200.0,MAD_Tuesday,82.042656
MAD,IB,Tuesday,75,1015.0,MAD_Tuesday,82.19507
MAD,UX,Wednesday,85,910.0,MAD_Wednesday,60.539845
MAD,UX,Wednesday,610,1305.0,MAD_Wednesday,74.90569
MAD,UX,Wednesday,775,1140.0,MAD_Wednesday,77.29078
MAD,UX,Wednesday,85,450.0,MAD_Wednesday,64.06783
MAD,UX,Wednesday,165,500.0,MAD_Wednesday,74.75095
MAD,UX,Wednesday,360,500.0,MAD_Wednesday,82.19438
MAD,UX,Wednesday,800,1305.0,MAD_Wednesday,75.98482
MAD,UX,Wednesday,245,1025.0,MAD_Wednesday,77.0426
MAD,UX,Wednesday,395,875.0,MAD_Wednesday,78.0853
MAD,IB,Wednesday,75,1015.0,MAD_Wednesday,82.19507
MAD,IB,Wednesday,75,1295.0,MAD_Wednesday,81.11585
MAD,VY,Wednesday,80,460.0,MAD_Wednesday,83.96671
MAD,VY,Wednesday,80,625.0,MAD_Wednesday,81.83369
MAD,VY,Wednesday,80,1200.0,MAD_Wednesday,82.042656
MAD,UX,Wednesday,200,875.0,MAD_Wednesday,92.31215
MAD,UX,Thursday,85,910.0,MAD_Thursday,60.523914
MAD,UX,Thursday,610,1305.0,MAD_Thursday,76.59814
MAD,UX,Thursday,775,1140.0,MAD_Thursday,78.625145
MAD,UX,Thursday,85,450.0,MAD_Thursday,64.0519
MAD,UX,Thursday,245,1025.0,MAD_Thursday,77.02667
MAD,UX,Thursday,395,875.0,MAD_Thursday,78.4708
MAD,IB,Thursday,75,1015.0,MAD_Thursday,82.17914
MAD,IB,Thursday,75,1080.0,MAD_Thursday,82.15938
MAD,IB,Thursday,75,1295.0,MAD_Thursday,81.09992
MAD,IB,Thursday,80,780.0,MAD_Thursday,81.84575
MAD,VY,Thursday,80,400.0,MAD_Thursday,82.38025
MAD,VY,Thursday,80,950.0,MAD_Thursday,81.507256
MAD,UX,Thursday,200,875.0,MAD_Thursday,92.29622
MAD,VY,Thursday,75,685.0,MAD_Thursday,82.02178
MAD,VY,Thursday,75,1080.0,MAD_Thursday,81.782974
