origin,destination,date,price,airline,duration,departure,arrival,error
WAW,BCN,2026/2/18,104.87,A3,PT22H50M,2026-02-18T18:20:00,2026-02-18T21:50:00,
WAW,BCN,2026/2/18,125.87,A3,PT16H5M,2026-02-18T18:20:00,2026-02-18T21:50:00,
WAW,BCN,2026/2/18,143.59,TP,PT16H10M,2026-02-18T17:55:00,2026-02-18T21:20:00,
WAW,BCN,2026/2/18,143.59,TP,PT17H50M,2026-02-18T17:55:00,2026-02-18T21:20:00,
WAW,BCN,2026/2/18,183.62,LO,PT16H5M,2026-02-18T17:00:00,2026-02-18T19:05:00,
WAW,BCN,2026/2/18,187.88,AF,PT7H25M,2026-02-18T06:35:00,2026-02-18T09:15:00,
WAW,BCN,2026/2/18,194.89,LO,PT4H50M,2026-02-18T18:30:00,2026-02-18T20:20:00,
WAW,BCN,2026/2/18,194.89,LO,PT6H20M,2026-02-18T17:00:00,2026-02-18T18:55:00,
WAW,BCN,2026/2/18,214.19,OS,PT4H15M,2026-02-18T15:30:00,2026-02-18T16:50:00,
WAW,BCN,2026/2/18,214.19,OS,PT4H45M,2026-02-18T15:00:00,2026-02-18T16:20:00,
WAW,BCN,2026/2/18,215.22,LX,PT4H30M,2026-02-18T14:30:00,2026-02-18T16:35:00,
WAW,BCN,2026/2/18,215.22,LX,PT8H30M,2026-02-18T14:30:00,2026-02-18T16:35:00,
WAW,BCN,2026/2/18,215.22,LX,PT9H10M,2026-02-18T09:50:00,2026-02-18T11:55:00,
WAW,BCN,2026/2/18,215.22,LX,PT13H20M,2026-02-18T19:45:00,2026-02-18T21:50:00,
WAW,BCN,2026/2/18,215.22,LX,PT18H20M,2026-02-18T19:45:00,2026-02-18T21:50:00,
WAW,BCN,2026/2/19,143.59,TP,PT7H20M,2026-02-19T13:00:00,2026-02-19T16:25:00,
WAW,BCN,2026/2/19,143.59,TP,PT10H45M,2026-02-19T13:00:00,2026-02-19T16:25:00,
WAW,BCN,2026/2/19,163.44,DY,PT24H35M,2026-02-19T12:05:00,2026-02-19T14:00:00,
WAW,BCN,2026/2/19,203.87,A3,PT16H5M,2026-02-19T18:20:00,2026-02-19T21:50:00,
WAW,BCN,2026/2/19,214.19,OS,PT4H15M,2026-02-19T15:30:00,2026-02-19T16:50:00,
WAW,BCN,2026/2/19,215.22,LX,PT4H30M,2026-02-19T14:30:00,2026-02-19T16:35:00,
WAW,BCN,2026/2/19,215.22,LX,PT8H30M,2026-02-19T14:30:00,2026-02-19T16:35:00,
WAW,BCN,2026/2/19,215.22,LX,PT13H20M,2026-02-19T19:45:00,2026-02-19T21:50:00,
WAW,BCN,2026/2/19,215.22,LX,PT18H20M,2026-02-19T19:45:00,2026-02-19T21:50:00,
WAW,BCN,2026/2/19,215.22,LX,PT6H,2026-02-19T17:00:00,2026-02-19T19:05:00,
WAW,BCN,2026/2/19,215.22,LX,PT6H35M,2026-02-19T07:30:00,2026-02-19T09:35:00,
WAW,BCN,2026/2/19,215.22,LX,PT11H30M,2026-02-19T07:30:00,2026-02-19T09:35:00,
WAW,BCN,2026/2/19,215.22,LX,PT16H5M,2026-02-19T17:00:00,2026-02-19T19:05:00,
WAW,BCN,2026/2/19,215.32,SN,PT7H45M,2026-02-19T06:30:00,2026-02-19T08:45:00,
WAW,BCN,2026/2/19,215.32,SN,PT13H55M,2026-02-19T06:30:00,2026-02-19T08:45:00,
WAW,BCN,2026/2/20,104.87,A3,PT22H50M,2026-02-20T11:35:00,2026-02-20T15:05:00,
WAW,BCN,2026/2/20,104.87,A3,PT29H35M,2026-02-20T11:35:00,2026-02-20T15:05:00,
WAW,BCN,2026/2/20,143.59,TP,PT16H10M,2026-02-20T17:55:00,2026-02-20T21:20:00,
WAW,BCN,2026/2/20,143.59,TP,PT17H50M,2026-02-20T17:55:00,2026-02-20T21:20:00,
WAW,BCN,2026/2/20,194.89,LO,PT4H55M,2026-02-20T18:25:00,2026-02-20T20:15:00,
WAW,BCN,2026/2/20,194.89,LO,PT6H20M,2026-02-20T17:00:00,2026-02-20T18:55:00,
WAW,BCN,2026/2/20,210.31,LO,PT18H50M,2026-02-20T13:35:00,2026-02-20T15:10:00,
WAW,BCN,2026/2/20,214.19,OS,PT4H15M,2026-02-20T15:30:00,2026-02-20T16:50:00,
WAW,BCN,2026/2/20,214.19,OS,PT4H45M,2026-02-20T15:00:00,2026-02-20T16:20:00,
WAW,BCN,2026/2/20,215.22,LX,PT4H30M,2026-02-20T14:30:00,2026-02-20T16:35:00,
WAW,BCN,2026/2/20,215.22,LX,PT8H30M,2026-02-20T14:30:00,2026-02-20T16:35:00,
WAW,BCN,2026/2/20,215.22,LX,PT9H10M,2026-02-20T09:50:00,2026-02-20T11:55:00,
WAW,BCN,2026/2/20,215.22,LX,PT13H20M,2026-02-20T19:45:00,2026-02-20T21:50:00,
WAW,BCN,2026/2/20,215.22,LX,PT18H20M,2026-02-20T19:45:00,2026-02-20T21:50:00,
WAW,BCN,2026/2/20,215.22,LX,PT6H,2026-02-20T17:00:00,2026-02-20T19:05:00,
WAW,BCN,2026/2/21,104.87,A3,PT22H50M,2026-02-21T18:20:00,2026-02-21T21:50:00,
WAW,BCN,2026/2/21,125.87,A3,PT16H5M,2026-02-21T18:20:00,2026-02-21T21:50:00,
WAW,BCN,2026/2/21,143.59,TP,PT7H20M,2026-02-21T13:00:00,2026-02-21T16:25:00,
WAW,BCN,2026/2/21,143.59,TP,PT10H45M,2026-02-21T13:00:00,2026-02-21T16:25:00,
WAW,BCN,2026/2/21,183.62,LO,PT16H5M,2026-02-21T17:00:00,2026-02-21T19:05:00,
WAW,BCN,2026/2/21,194.89,LO,PT6H20M,2026-02-21T17:00:00,2026-02-21T18:55:00,
WAW,BCN,2026/2/21,194.89,LO,PT8H45M,2026-02-21T14:35:00,2026-02-21T16:25:00,
WAW,BCN,2026/2/21,214.19,OS,PT24H20M,2026-02-21T19:25:00,2026-02-21T21:00:00,
WAW,BCN,2026/2/21,214.19,OS,PT27H,2026-02-21T16:45:00,2026-02-21T18:05:00,
WAW,BCN,2026/2/21,215.22,LX,PT6H,2026-02-21T17:00:00,2026-02-21T19:05:00,
WAW,BCN,2026/2/21,215.22,LX,PT6H35M,2026-02-21T07:30:00,2026-02-21T09:35:00,
WAW,BCN,2026/2/21,215.22,LX,PT16H5M,2026-02-21T17:00:00,2026-02-21T19:05:00,
WAW,BCN,2026/2/21,215.22,LX,PT13H10M,2026-02-21T09:50:00,2026-02-21T11:55:00,
WAW,BCN,2026/2/21,215.22,LX,PT13H20M,2026-02-21T19:45:00,2026-02-21T21:50:00,
WAW,BCN,2026/2/21,215.22,LX,PT18H20M,2026-02-21T19:45:00,2026-02-21T21:50:00,
WAW,BCN,2026/2/22,104.87,A3,PT22H50M,2026-02-22T11:35:00,2026-02-22T15:05:00,
WAW,BCN,2026/2/22,104.87,A3,PT29H35M,2026-02-22T11:35:00,2026-02-22T15:05:00,
WAW,BCN,2026/2/22,143.59,TP,PT7H20M,2026-02-22T13:00:00,2026-02-22T16:25:00,
WAW,BCN,2026/2/22,143.59,TP,PT10H45M,2026-02-22T13:00:00,2026-02-22T16:25:00,
WAW,BCN,2026/2/22,192.55,LO,PT3H10M,2026-02-22T14:35:00,2026-02-22T17:45:00,
WAW,BCN,2026/2/22,194.89,LO,PT4H50M,2026-02-22T18:30:00,2026-02-22T20:20:00,
WAW,BCN,2026/2/22,194.89,AF,PT6H10M,2026-02-22T06:05:00,2026-02-22T08:15:00,
WAW,BCN,2026/2/22,194.89,AF,PT6H15M,2026-02-22T16:50:00,2026-02-22T18:55:00,
WAW,BCN,2026/2/22,194.89,AF,PT6H20M,2026-02-22T12:45:00,2026-02-22T14:50:00,
WAW,BCN,2026/2/22,194.89,AF,PT10H20M,2026-02-22T12:45:00,2026-02-22T14:50:00,
WAW,BCN,2026/2/22,194.89,AF,PT10H25M,2026-02-22T06:05:00,2026-02-22T08:15:00,
WAW,BCN,2026/2/22,194.89,AF,PT17H35M,2026-02-22T16:50:00,2026-02-22T18:55:00,
WAW,BCN,2026/2/22,194.89,LO,PT6H20M,2026-02-22T17:00:00,2026-02-22T18:55:00,
WAW,BCN,2026/2/22,194.89,AF,PT14H45M,2026-02-22T19:40:00,2026-02-22T21:45:00,
WAW,BCN,2026/2/22,194.89,AF,PT16H35M,2026-02-22T19:40:00,2026-02-22T21:45:00,
WAW,BCN,2026/2/23,143.59,TP,PT10H45M,2026-02-23T13:00:00,2026-02-23T16:25:00,
WAW,BCN,2026/2/23,155.59,TP,PT7H20M,2026-02-23T13:00:00,2026-02-23T16:25:00,
WAW,BCN,2026/2/23,181.15,LH,PT7H30M,2026-02-23T11:20:00,2026-02-23T13:10:00,
WAW,BCN,2026/2/23,183.62,LO,PT6H,2026-02-23T17:00:00,2026-02-23T19:05:00,
WAW,BCN,2026/2/23,183.62,LO,PT6H35M,2026-02-23T07:30:00,2026-02-23T09:35:00,
WAW,BCN,2026/2/23,183.62,LO,PT8H5M,2026-02-23T06:00:00,2026-02-23T08:00:00,
WAW,BCN,2026/2/23,183.62,LO,PT11H30M,2026-02-23T07:30:00,2026-02-23T09:35:00,
WAW,BCN,2026/2/23,183.62,LO,PT13H,2026-02-23T06:00:00,2026-02-23T08:00:00,
WAW,BCN,2026/2/23,187.44,DY,PT24H35M,2026-02-23T12:05:00,2026-02-23T14:00:00,
WAW,BCN,2026/2/23,187.88,AF,PT7H25M,2026-02-23T06:35:00,2026-02-23T09:15:00,
WAW,BCN,2026/2/23,187.88,AF,PT8H25M,2026-02-23T06:35:00,2026-02-23T09:15:00,
WAW,BCN,2026/2/23,192.55,LO,PT3H10M,2026-02-23T14:35:00,2026-02-23T17:45:00,
WAW,BCN,2026/2/23,194.19,OS,PT4H45M,2026-02-23T15:00:00,2026-02-23T16:20:00,
WAW,BCN,2026/2/23,194.89,AF,PT6H10M,2026-02-23T06:05:00,2026-02-23T08:15:00,
WAW,BCN,2026/2/23,194.89,AF,PT6H15M,2026-02-23T16:50:00,2026-02-23T18:55:00,
WAW,BCN,2026/2/24,143.59,TP,PT7H20M,2026-02-24T13:00:00,2026-02-24T16:25:00,
WAW,BCN,2026/2/24,143.59,TP,PT10H45M,2026-02-24T13:00:00,2026-02-24T16:25:00,
WAW,BCN,2026/2/24,173.55,LO,PT3H10M,2026-02-24T07:25:00,2026-02-24T10:35:00,
WAW,BCN,2026/2/24,183.62,LO,PT6H,2026-02-24T17:00:00,2026-02-24T19:05:00,
WAW,BCN,2026/2/24,183.62,LO,PT6H35M,2026-02-24T07:30:00,2026-02-24T09:35:00,
WAW,BCN,2026/2/24,183.62,LO,PT8H5M,2026-02-24T06:00:00,2026-02-24T08:00:00,
WAW,BCN,2026/2/24,183.62,LO,PT11H30M,2026-02-24T07:30:00,2026-02-24T09:35:00,
WAW,BCN,2026/2/24,183.62,LO,PT13H,2026-02-24T06:00:00,2026-02-24T08:00:00,
WAW,BCN,2026/2/24,183.62,LO,PT16H5M,2026-02-24T17:00:00,2026-02-24T19:05:00,
WAW,BCN,2026/2/24,187.88,AF,PT7H25M,2026-02-24T06:35:00,2026-02-24T09:15:00,
WAW,BCN,2026/2/24,187.88,AF,PT8H25M,2026-02-24T06:35:00,2026-02-24T09:15:00,
WAW,BCN,2026/2/24,191.25,SK,PT8H5M,2026-02-24T10:15:00,2026-02-24T11:40:00,
WAW,BCN,2026/2/24,194.19,OS,PT12H30M,2026-02-24T07:15:00,2026-02-24T08:35:00,
WAW,BCN,2026/2/24,194.89,AF,PT6H10M,2026-02-24T06:05:00,2026-02-24T08:15:00,
WAW,BCN,2026/2/24,194.89,AF,PT6H15M,2026-02-24T16:50:00,2026-02-24T18:55:00,
WAW,BCN,2026/2/25,104.87,A3,PT22H50M,2026-02-25T18:20:00,2026-02-25T21:50:00,
WAW,BCN,2026/2/25,125.87,A3,PT16H5M,2026-02-25T18:20:00,2026-02-25T21:50:00,
WAW,BCN,2026/2/25,143.59,TP,PT16H10M,2026-02-25T17:55:00,2026-02-25T21:20:00,
WAW,BCN,2026/2/25,143.59,TP,PT17H50M,2026-02-25T17:55:00,2026-02-25T21:20:00,
WAW,BCN,2026/2/25,173.55,LO,PT3H10M,2026-02-25T14:35:00,2026-02-25T17:45:00,
WAW,BCN,2026/2/25,183.62,LO,PT6H,2026-02-25T17:00:00,2026-02-25T19:05:00,
WAW,BCN,2026/2/25,183.62,LO,PT11H30M,2026-02-25T07:30:00,2026-02-25T09:35:00,
WAW,BCN,2026/2/25,183.62,LO,PT13H,2026-02-25T06:00:00,2026-02-25T08:00:00,
WAW,BCN,2026/2/25,183.62,LO,PT15H30M,2026-02-25T07:30:00,2026-02-25T09:35:00,
WAW,BCN,2026/2/25,183.62,LO,PT16H5M,2026-02-25T17:00:00,2026-02-25T19:05:00,
WAW,BCN,2026/2/25,187.88,AF,PT7H25M,2026-02-25T06:35:00,2026-02-25T09:15:00,
WAW,BCN,2026/2/25,194.19,OS,PT4H15M,2026-02-25T15:30:00,2026-02-25T16:50:00,
WAW,BCN,2026/2/25,194.19,OS,PT4H45M,2026-02-25T15:00:00,2026-02-25T16:20:00,
WAW,BCN,2026/2/25,194.19,OS,PT13H45M,2026-02-25T19:25:00,2026-02-25T20:45:00,
WAW,BCN,2026/2/25,194.19,OS,PT15H50M,2026-02-25T17:20:00,2026-02-25T18:40:00,
WAW,BCN,2026/2/26,104.87,A3,PT16H5M,2026-02-26T18:20:00,2026-02-26T21:50:00,
WAW,BCN,2026/2/26,104.87,A3,PT22H50M,2026-02-26T18:20:00,2026-02-26T21:50:00,
WAW,BCN,2026/2/26,143.59,TP,PT7H20M,2026-02-26T13:00:00,2026-02-26T16:25:00,
WAW,BCN,2026/2/26,143.59,TP,PT10H45M,2026-02-26T13:00:00,2026-02-26T16:25:00,
WAW,BCN,2026/2/26,168.44,DY,PT24H35M,2026-02-26T12:05:00,2026-02-26T14:00:00,
WAW,BCN,2026/2/26,173.55,LO,PT3H10M,2026-02-26T07:25:00,2026-02-26T10:35:00,
WAW,BCN,2026/2/26,183.62,LO,PT6H,2026-02-26T17:00:00,2026-02-26T19:05:00,
WAW,BCN,2026/2/26,183.62,LO,PT6H35M,2026-02-26T07:30:00,2026-02-26T09:35:00,
WAW,BCN,2026/2/26,183.62,LO,PT8H5M,2026-02-26T06:00:00,2026-02-26T08:00:00,
WAW,BCN,2026/2/26,183.62,LO,PT11H30M,2026-02-26T07:30:00,2026-02-26T09:35:00,
WAW,BCN,2026/2/26,183.62,LO,PT13H,2026-02-26T06:00:00,2026-02-26T08:00:00,
WAW,BCN,2026/2/26,194.19,OS,PT4H15M,2026-02-26T15:30:00,2026-02-26T16:50:00,
WAW,BCN,2026/2/26,194.19,OS,PT9H35M,2026-02-26T10:10:00,2026-02-26T11:30:00,
WAW,BCN,2026/2/26,194.19,OS,PT13H45M,2026-02-26T19:25:00,2026-02-26T20:45:00,
WAW,BCN,2026/2/26,194.19,OS,PT15H50M,2026-02-26T17:20:00,2026-02-26T18:40:00,
WAW,BCN,2026/2/27,104.87,A3,PT22H50M,2026-02-27T11:35:00,2026-02-27T15:05:00,
WAW,BCN,2026/2/27,104.87,A3,PT29H35M,2026-02-27T11:35:00,2026-02-27T15:05:00,
WAW,BCN,2026/2/27,143.59,TP,PT16H10M,2026-02-27T17:55:00,2026-02-27T21:20:00,
WAW,BCN,2026/2/27,143.59,TP,PT17H50M,2026-02-27T17:55:00,2026-02-27T21:20:00,
WAW,BCN,2026/2/27,154.55,LO,PT3H10M,2026-02-27T14:35:00,2026-02-27T17:45:00,
WAW,BCN,2026/2/27,168.89,AF,PT6H10M,2026-02-27T06:05:00,2026-02-27T08:15:00,
WAW,BCN,2026/2/27,168.89,AF,PT6H15M,2026-02-27T16:50:00,2026-02-27T18:55:00,
WAW,BCN,2026/2/27,168.89,AF,PT6H20M,2026-02-27T12:45:00,2026-02-27T14:50:00,
WAW,BCN,2026/2/27,168.89,AF,PT10H20M,2026-02-27T12:45:00,2026-02-27T14:50:00,
WAW,BCN,2026/2/27,168.89,AF,PT10H25M,2026-02-27T06:05:00,2026-02-27T08:15:00,
WAW,BCN,2026/2/27,168.89,AF,PT14H45M,2026-02-27T19:40:00,2026-02-27T21:45:00,
WAW,BCN,2026/2/27,168.89,AF,PT16H35M,2026-02-27T19:40:00,2026-02-27T21:45:00,
WAW,BCN,2026/2/27,168.89,AF,PT17H35M,2026-02-27T16:50:00,2026-02-27T18:55:00,
WAW,BCN,2026/2/27,183.62,LO,PT6H,2026-02-27T17:00:00,2026-02-27T19:05:00,
WAW,BCN,2026/2/27,183.62,LO,PT6H35M,2026-02-27T07:30:00,2026-02-27T09:35:00,
WAW,BCN,2026/2/28,104.87,A3,PT16H5M,2026-02-28T18:20:00,2026-02-28T21:50:00,
WAW,BCN,2026/2/28,104.87,A3,PT22H50M,2026-02-28T18:20:00,2026-02-28T21:50:00,
WAW,BCN,2026/2/28,143.59,TP,PT7H20M,2026-02-28T13:00:00,2026-02-28T16:25:00,
WAW,BCN,2026/2/28,143.59,TP,PT10H45M,2026-02-28T13:00:00,2026-02-28T16:25:00,
WAW,BCN,2026/2/28,154.55,LO,PT3H10M,2026-02-28T07:25:00,2026-02-28T10:35:00,
WAW,BCN,2026/2/28,168.89,AF,PT6H10M,2026-02-28T06:05:00,2026-02-28T08:15:00,
WAW,BCN,2026/2/28,168.89,AF,PT6H20M,2026-02-28T12:45:00,2026-02-28T14:50:00,
WAW,BCN,2026/2/28,168.89,AF,PT10H25M,2026-02-28T06:05:00,2026-02-28T08:15:00,
WAW,BCN,2026/2/28,168.89,AF,PT14H45M,2026-02-28T19:40:00,2026-02-28T21:45:00,
WAW,BCN,2026/2/28,168.89,AF,PT16H35M,2026-02-28T19:40:00,2026-02-28T21:45:00,
WAW,BCN,2026/2/28,168.89,AF,PT17H35M,2026-02-28T16:50:00,2026-02-28T18:55:00,
WAW,BCN,2026/2/28,183.62,LO,PT6H,2026-02-28T17:00:00,2026-02-28T19:05:00,
WAW,BCN,2026/2/28,183.62,LO,PT6H35M,2026-02-28T07:30:00,2026-02-28T09:35:00,
WAW,BCN,2026/2/28,183.62,LO,PT8H5M,2026-02-28T06:00:00,2026-02-28T08:00:00,
WAW,BCN,2026/2/28,183.62,LO,PT11H30M,2026-02-28T07:30:00,2026-02-28T09:35:00,
WAW,BCN,2026/3/1,104.87,A3,PT29H35M,2026-03-01T11:35:00,2026-03-01T15:05:00,
WAW,BCN,2026/3/1,143.59,TP,PT7H20M,2026-03-01T13:00:00,2026-03-01T16:25:00,
WAW,BCN,2026/3/1,143.59,TP,PT10H45M,2026-03-01T13:00:00,2026-03-01T16:25:00,
WAW,BCN,2026/3/1,154.55,LO,PT3H10M,2026-03-01T14:35:00,2026-03-01T17:45:00,
WAW,BCN,2026/3/1,168.89,AF,PT6H10M,2026-03-01T06:05:00,2026-03-01T08:15:00,
WAW,BCN,2026/3/1,168.89,AF,PT6H15M,2026-03-01T16:50:00,2026-03-01T18:55:00,
WAW,BCN,2026/3/1,168.89,AF,PT6H20M,2026-03-01T12:45:00,2026-03-01T14:50:00,
WAW,BCN,2026/3/1,168.89,AF,PT10H20M,2026-03-01T12:45:00,2026-03-01T14:50:00,
WAW,BCN,2026/3/1,168.89,AF,PT10H25M,2026-03-01T06:05:00,2026-03-01T08:15:00,
WAW,BCN,2026/3/1,168.89,AF,PT14H45M,2026-03-01T19:40:00,2026-03-01T21:45:00,
WAW,BCN,2026/3/1,168.89,AF,PT16H35M,2026-03-01T19:40:00,2026-03-01T21:45:00,
WAW,BCN,2026/3/1,168.89,AF,PT17H35M,2026-03-01T16:50:00,2026-03-01T18:55:00,
WAW,BCN,2026/3/1,183.62,LO,PT6H,2026-03-01T17:00:00,2026-03-01T19:05:00,
WAW,BCN,2026/3/1,183.62,LO,PT6H35M,2026-03-01T07:30:00,2026-03-01T09:35:00,
WAW,BCN,2026/3/1,183.62,LO,PT8H5M,2026-03-01T06:00:00,2026-03-01T08:00:00,
WAW,BCN,2026/3/2,104.87,A3,PT22H50M,2026-03-02T18:20:00,2026-03-02T21:50:00,
WAW,BCN,2026/3/2,143.59,TP,PT7H20M,2026-03-02T13:00:00,2026-03-02T16:25:00,
WAW,BCN,2026/3/2,143.59,TP,PT10H45M,2026-03-02T13:00:00,2026-03-02T16:25:00,
WAW,BCN,2026/3/2,154.55,LO,PT3H10M,2026-03-02T14:35:00,2026-03-02T17:45:00,
WAW,BCN,2026/3/2,168.89,AF,PT6H10M,2026-03-02T06:05:00,2026-03-02T08:15:00,
WAW,BCN,2026/3/2,168.89,AF,PT6H15M,2026-03-02T16:50:00,2026-03-02T18:55:00,
WAW,BCN,2026/3/2,168.89,AF,PT6H20M,2026-03-02T12:45:00,2026-03-02T14:50:00,
WAW,BCN,2026/3/2,168.89,AF,PT10H20M,2026-03-02T12:45:00,2026-03-02T14:50:00,
WAW,BCN,2026/3/2,168.89,AF,PT10H25M,2026-03-02T06:05:00,2026-03-02T08:15:00,
WAW,BCN,2026/3/2,168.89,AF,PT14H45M,2026-03-02T19:40:00,2026-03-02T21:45:00,
WAW,BCN,2026/3/2,168.89,AF,PT16H35M,2026-03-02T19:40:00,2026-03-02T21:45:00,
WAW,BCN,2026/3/2,168.89,AF,PT17H35M,2026-03-02T16:50:00,2026-03-02T18:55:00,
WAW,BCN,2026/3/2,183.62,LO,PT6H,2026-03-02T17:00:00,2026-03-02T19:05:00,
WAW,BCN,2026/3/2,183.62,LO,PT6H35M,2026-03-02T07:30:00,2026-03-02T09:35:00,
WAW,BCN,2026/3/2,183.62,LO,PT8H5M,2026-03-02T06:00:00,2026-03-02T08:00:00,
WAW,BCN,2026/3/3,104.87,A3,PT16H5M,2026-03-03T18:20:00,2026-03-03T21:50:00,
WAW,BCN,2026/3/3,104.87,A3,PT22H50M,2026-03-03T18:20:00,2026-03-03T21:50:00,
WAW,BCN,2026/3/3,135.55,LO,PT3H10M,2026-03-03T07:25:00,2026-03-03T10:35:00,
WAW,BCN,2026/3/3,143.59,TP,PT7H20M,2026-03-03T13:00:00,2026-03-03T16:25:00,
WAW,BCN,2026/3/3,143.59,TP,PT10H45M,2026-03-03T13:00:00,2026-03-03T16:25:00,
WAW,BCN,2026/3/3,168.89,AF,PT6H10M,2026-03-03T06:05:00,2026-03-03T08:15:00,
WAW,BCN,2026/3/3,168.89,AF,PT6H15M,2026-03-03T16:50:00,2026-03-03T18:55:00,
WAW,BCN,2026/3/3,168.89,AF,PT6H20M,2026-03-03T12:45:00,2026-03-03T14:50:00,
WAW,BCN,2026/3/3,168.89,AF,PT10H20M,2026-03-03T12:45:00,2026-03-03T14:50:00,
WAW,BCN,2026/3/3,168.89,AF,PT10H25M,2026-03-03T06:05:00,2026-03-03T08:15:00,
WAW,BCN,2026/3/3,168.89,AF,PT14H45M,2026-03-03T19:40:00,2026-03-03T21:45:00,
WAW,BCN,2026/3/3,168.89,AF,PT16H35M,2026-03-03T19:40:00,2026-03-03T21:45:00,
WAW,BCN,2026/3/3,168.89,AF,PT17H35M,2026-03-03T16:50:00,2026-03-03T18:55:00,
WAW,BCN,2026/3/3,183.62,LO,PT6H,2026-03-03T17:00:00,2026-03-03T19:05:00,
WAW,BCN,2026/3/3,183.62,LO,PT6H35M,2026-03-03T07:30:00,2026-03-03T09:35:00,
WAW,BCN,2026/3/4,135.55,LO,PT3H10M,2026-03-04T14:35:00,2026-03-04T17:45:00,
WAW,BCN,2026/3/4,143.59,TP,PT16H10M,2026-03-04T17:55:00,2026-03-04T21:20:00,
WAW,BCN,2026/3/4,143.59,TP,PT17H50M,2026-03-04T17:55:00,2026-03-04T21:20:00,
WAW,BCN,2026/3/4,151.89,AF,PT6H10M,2026-03-04T06:05:00,2026-03-04T08:15:00,
WAW,BCN,2026/3/4,151.89,AF,PT6H15M,2026-03-04T16:50:00,2026-03-04T18:55:00,
WAW,BCN,2026/3/4,151.89,AF,PT6H20M,2026-03-04T12:45:00,2026-03-04T14:50:00,
WAW,BCN,2026/3/4,151.89,AF,PT10H20M,2026-03-04T12:45:00,2026-03-04T14:50:00,
WAW,BCN,2026/3/4,151.89,AF,PT10H25M,2026-03-04T06:05:00,2026-03-04T08:15:00,
WAW,BCN,2026/3/4,151.89,AF,PT14H45M,2026-03-04T19:40:00,2026-03-04T21:45:00,
WAW,BCN,2026/3/4,151.89,AF,PT16H35M,2026-03-04T19:40:00,2026-03-04T21:45:00,
WAW,BCN,2026/3/4,151.89,AF,PT17H35M,2026-03-04T16:50:00,2026-03-04T18:55:00,
WAW,BCN,2026/3/4,159.87,A3,PT22H50M,2026-03-04T18:20:00,2026-03-04T21:50:00,
WAW,BCN,2026/3/4,175.19,OS,PT4H45M,2026-03-04T15:00:00,2026-03-04T16:20:00,
WAW,BCN,2026/3/4,175.32,SN,PT7H45M,2026-03-04T06:30:00,2026-03-04T08:45:00,
WAW,BCN,2026/3/4,175.32,SN,PT13H55M,2026-03-04T06:30:00,2026-03-04T08:45:00,
WAW,BCN,2026/3/5,104.87,A3,PT16H5M,2026-03-05T18:20:00,2026-03-05T21:50:00,
WAW,BCN,2026/3/5,104.87,A3,PT22H50M,2026-03-05T18:20:00,2026-03-05T21:50:00,
WAW,BCN,2026/3/5,135.55,LO,PT3H10M,2026-03-05T07:25:00,2026-03-05T10:35:00,
WAW,BCN,2026/3/5,143.59,TP,PT7H20M,2026-03-05T13:00:00,2026-03-05T16:25:00,
WAW,BCN,2026/3/5,143.59,TP,PT10H45M,2026-03-05T13:00:00,2026-03-05T16:25:00,
WAW,BCN,2026/3/5,151.89,AF,PT6H10M,2026-03-05T06:05:00,2026-03-05T08:15:00,
WAW,BCN,2026/3/5,151.89,AF,PT6H15M,2026-03-05T16:50:00,2026-03-05T18:55:00,
WAW,BCN,2026/3/5,151.89,AF,PT6H20M,2026-03-05T12:45:00,2026-03-05T14:50:00,
WAW,BCN,2026/3/5,151.89,AF,PT10H20M,2026-03-05T12:45:00,2026-03-05T14:50:00,
WAW,BCN,2026/3/5,151.89,AF,PT10H25M,2026-03-05T06:05:00,2026-03-05T08:15:00,
WAW,BCN,2026/3/5,151.89,AF,PT14H45M,2026-03-05T19:40:00,2026-03-05T21:45:00,
WAW,BCN,2026/3/5,151.89,AF,PT16H35M,2026-03-05T19:40:00,2026-03-05T21:45:00,
WAW,BCN,2026/3/5,151.89,AF,PT17H35M,2026-03-05T16:50:00,2026-03-05T18:55:00,
WAW,BCN,2026/3/5,163.44,DY,PT24H35M,2026-03-05T12:05:00,2026-03-05T14:00:00,
WAW,BCN,2026/3/5,175.19,OS,PT4H45M,2026-03-05T15:00:00,2026-03-05T16:20:00,
WAW,BCN,2026/3/6,104.87,A3,PT22H50M,2026-03-06T11:35:00,2026-03-06T15:05:00,
WAW,BCN,2026/3/6,104.87,A3,PT29H35M,2026-03-06T11:35:00,2026-03-06T15:05:00,
WAW,BCN,2026/3/6,135.55,LO,PT3H10M,2026-03-06T14:35:00,2026-03-06T17:45:00,
WAW,BCN,2026/3/6,143.59,TP,PT16H10M,2026-03-06T17:55:00,2026-03-06T21:20:00,
WAW,BCN,2026/3/6,143.59,TP,PT17H50M,2026-03-06T17:55:00,2026-03-06T21:20:00,
WAW,BCN,2026/3/6,151.89,AF,PT6H10M,2026-03-06T06:05:00,2026-03-06T08:15:00,
WAW,BCN,2026/3/6,151.89,AF,PT6H15M,2026-03-06T16:50:00,2026-03-06T18:55:00,
WAW,BCN,2026/3/6,151.89,AF,PT6H20M,2026-03-06T12:45:00,2026-03-06T14:50:00,
WAW,BCN,2026/3/6,151.89,AF,PT10H20M,2026-03-06T12:45:00,2026-03-06T14:50:00,
WAW,BCN,2026/3/6,151.89,AF,PT10H25M,2026-03-06T06:05:00,2026-03-06T08:15:00,
WAW,BCN,2026/3/6,151.89,AF,PT14H45M,2026-03-06T19:40:00,2026-03-06T21:45:00,
WAW,BCN,2026/3/6,151.89,AF,PT16H35M,2026-03-06T19:40:00,2026-03-06T21:45:00,
WAW,BCN,2026/3/6,151.89,AF,PT17H35M,2026-03-06T16:50:00,2026-03-06T18:55:00,
WAW,BCN,2026/3/6,175.19,OS,PT4H45M,2026-03-06T15:00:00,2026-03-06T16:20:00,
WAW,BCN,2026/3/6,175.19,OS,PT13H45M,2026-03-06T19:25:00,2026-03-06T20:45:00,
WAW,BCN,2026/3/7,104.87,A3,PT16H5M,2026-03-07T18:20:00,2026-03-07T21:50:00,
WAW,BCN,2026/3/7,104.87,A3,PT22H50M,2026-03-07T18:20:00,2026-03-07T21:50:00,
WAW,BCN,2026/3/7,135.55,LO,PT3H10M,2026-03-07T07:25:00,2026-03-07T10:35:00,
WAW,BCN,2026/3/7,143.59,TP,PT7H20M,2026-03-07T13:00:00,2026-03-07T16:25:00,
WAW,BCN,2026/3/7,143.59,TP,PT10H45M,2026-03-07T13:00:00,2026-03-07T16:25:00,
WAW,BCN,2026/3/7,151.89,AF,PT6H10M,2026-03-07T06:05:00,2026-03-07T08:15:00,
WAW,BCN,2026/3/7,151.89,AF,PT6H20M,2026-03-07T12:45:00,2026-03-07T14:50:00,
WAW,BCN,2026/3/7,151.89,AF,PT10H25M,2026-03-07T06:05:00,2026-03-07T08:15:00,
WAW,BCN,2026/3/7,151.89,AF,PT14H45M,2026-03-07T19:40:00,2026-03-07T21:45:00,
WAW,BCN,2026/3/7,151.89,AF,PT16H35M,2026-03-07T19:40:00,2026-03-07T21:45:00,
WAW,BCN,2026/3/7,151.89,AF,PT17H35M,2026-03-07T16:50:00,2026-03-07T18:55:00,
WAW,BCN,2026/3/7,175.19,OS,PT9H35M,2026-03-07T10:10:00,2026-03-07T11:30:00,
WAW,BCN,2026/3/7,175.32,SN,PT7H45M,2026-03-07T06:30:00,2026-03-07T08:45:00,
WAW,BCN,2026/3/7,175.32,SN,PT13H55M,2026-03-07T06:30:00,2026-03-07T08:45:00,
WAW,BCN,2026/3/7,176.22,LX,PT9H10M,2026-03-07T09:50:00,2026-03-07T11:55:00,
WAW,BCN,2026/3/8,104.87,A3,PT22H50M,2026-03-08T11:35:00,2026-03-08T15:05:00,
WAW,BCN,2026/3/8,104.87,A3,PT29H35M,2026-03-08T11:35:00,2026-03-08T15:05:00,
WAW,BCN,2026/3/8,125.44,DY,PT22H15M,2026-03-08T14:25:00,2026-03-08T16:20:00,
WAW,BCN,2026/3/8,135.55,LO,PT3H10M,2026-03-08T14:35:00,2026-03-08T17:45:00,
WAW,BCN,2026/3/8,143.59,TP,PT7H20M,2026-03-08T13:00:00,2026-03-08T16:25:00,
WAW,BCN,2026/3/8,143.59,TP,PT10H45M,2026-03-08T13:00:00,2026-03-08T16:25:00,
WAW,BCN,2026/3/8,151.89,AF,PT6H10M,2026-03-08T06:05:00,2026-03-08T08:15:00,
WAW,BCN,2026/3/8,151.89,AF,PT6H15M,2026-03-08T16:50:00,2026-03-08T18:55:00,
WAW,BCN,2026/3/8,151.89,AF,PT6H20M,2026-03-08T12:45:00,2026-03-08T14:50:00,
WAW,BCN,2026/3/8,151.89,AF,PT10H20M,2026-03-08T12:45:00,2026-03-08T14:50:00,
WAW,BCN,2026/3/8,151.89,AF,PT10H25M,2026-03-08T06:05:00,2026-03-08T08:15:00,
WAW,BCN,2026/3/8,151.89,AF,PT14H45M,2026-03-08T19:40:00,2026-03-08T21:45:00,
WAW,BCN,2026/3/8,151.89,AF,PT16H35M,2026-03-08T19:40:00,2026-03-08T21:45:00,
WAW,BCN,2026/3/8,151.89,AF,PT17H35M,2026-03-08T16:50:00,2026-03-08T18:55:00,
WAW,BCN,2026/3/8,175.19,OS,PT4H45M,2026-03-08T15:00:00,2026-03-08T16:20:00,
WAW,BCN,2026/3/9,104.87,A3,PT16H5M,2026-03-09T18:20:00,2026-03-09T21:50:00,
WAW,BCN,2026/3/9,104.87,A3,PT22H50M,2026-03-09T18:20:00,2026-03-09T21:50:00,
WAW,BCN,2026/3/9,134.89,AF,PT6H10M,2026-03-09T06:05:00,2026-03-09T08:15:00,
WAW,BCN,2026/3/9,134.89,AF,PT6H15M,2026-03-09T16:50:00,2026-03-09T18:55:00,
WAW,BCN,2026/3/9,134.89,AF,PT6H20M,2026-03-09T12:45:00,2026-03-09T14:50:00,
WAW,BCN,2026/3/9,134.89,AF,PT10H20M,2026-03-09T12:45:00,2026-03-09T14:50:00,
WAW,BCN,2026/3/9,134.89,AF,PT10H25M,2026-03-09T06:05:00,2026-03-09T08:15:00,
WAW,BCN,2026/3/9,134.89,AF,PT14H45M,2026-03-09T19:40:00,2026-03-09T21:45:00,
WAW,BCN,2026/3/9,134.89,AF,PT16H35M,2026-03-09T19:40:00,2026-03-09T21:45:00,
WAW,BCN,2026/3/9,134.89,AF,PT17H35M,2026-03-09T16:50:00,2026-03-09T18:55:00,
WAW,BCN,2026/3/9,135.55,LO,PT3H10M,2026-03-09T14:35:00,2026-03-09T17:45:00,
WAW,BCN,2026/3/9,143.59,TP,PT7H20M,2026-03-09T13:00:00,2026-03-09T16:25:00,
WAW,BCN,2026/3/9,143.59,TP,PT10H45M,2026-03-09T13:00:00,2026-03-09T16:25:00,
WAW,BCN,2026/3/9,158.19,OS,PT4H45M,2026-03-09T15:00:00,2026-03-09T16:20:00,
WAW,BCN,2026/3/9,158.19,OS,PT9H35M,2026-03-09T10:10:00,2026-03-09T11:30:00,
WAW,BCN,2026/3/10,121.55,LO,PT3H10M,2026-03-10T07:25:00,2026-03-10T10:35:00,
WAW,BCN,2026/3/10,122.88,AF,PT5H30M,2026-03-10T17:25:00,2026-03-10T20:00:00,
WAW,BCN,2026/3/10,122.88,AF,PT7H25M,2026-03-10T06:35:00,2026-03-10T09:15:00,
WAW,BCN,2026/3/10,122.88,AF,PT8H25M,2026-03-10T06:35:00,2026-03-10T09:15:00,
WAW,BCN,2026/3/10,122.88,AF,PT15H25M,2026-03-10T17:25:00,2026-03-10T20:00:00,
WAW,BCN,2026/3/10,134.89,AF,PT6H10M,2026-03-10T06:05:00,2026-03-10T08:15:00,
WAW,BCN,2026/3/10,134.89,AF,PT6H15M,2026-03-10T16:50:00,2026-03-10T18:55:00,
WAW,BCN,2026/3/10,134.89,AF,PT6H20M,2026-03-10T12:45:00,2026-03-10T14:50:00,
WAW,BCN,2026/3/10,134.89,AF,PT10H20M,2026-03-10T12:45:00,2026-03-10T14:50:00,
WAW,BCN,2026/3/10,134.89,AF,PT10H25M,2026-03-10T06:05:00,2026-03-10T08:15:00,
WAW,BCN,2026/3/10,134.89,AF,PT14H45M,2026-03-10T19:40:00,2026-03-10T21:45:00,
WAW,BCN,2026/3/10,134.89,AF,PT16H35M,2026-03-10T19:40:00,2026-03-10T21:45:00,
WAW,BCN,2026/3/10,134.89,AF,PT17H35M,2026-03-10T16:50:00,2026-03-10T18:55:00,
WAW,BCN,2026/3/10,143.59,TP,PT7H20M,2026-03-10T13:00:00,2026-03-10T16:25:00,
WAW,BCN,2026/3/10,143.59,TP,PT10H45M,2026-03-10T13:00:00,2026-03-10T16:25:00,
WAW,BCN,2026/3/11,104.87,A3,PT22H50M,2026-03-11T18:20:00,2026-03-11T21:50:00,
WAW,BCN,2026/3/11,121.55,LO,PT3H10M,2026-03-11T14:35:00,2026-03-11T17:45:00,
WAW,BCN,2026/3/11,125.87,A3,PT16H5M,2026-03-11T18:20:00,2026-03-11T21:50:00,
WAW,BCN,2026/3/11,134.89,AF,PT6H10M,2026-03-11T06:05:00,2026-03-11T08:15:00,
WAW,BCN,2026/3/11,134.89,AF,PT6H15M,2026-03-11T16:50:00,2026-03-11T18:55:00,
WAW,BCN,2026/3/11,134.89,AF,PT6H20M,2026-03-11T12:45:00,2026-03-11T14:50:00,
WAW,BCN,2026/3/11,134.89,AF,PT10H20M,2026-03-11T12:45:00,2026-03-11T14:50:00,
WAW,BCN,2026/3/11,134.89,AF,PT10H25M,2026-03-11T06:05:00,2026-03-11T08:15:00,
WAW,BCN,2026/3/11,134.89,AF,PT14H45M,2026-03-11T19:40:00,2026-03-11T21:45:00,
WAW,BCN,2026/3/11,134.89,AF,PT16H35M,2026-03-11T19:40:00,2026-03-11T21:45:00,
WAW,BCN,2026/3/11,134.89,AF,PT17H35M,2026-03-11T16:50:00,2026-03-11T18:55:00,
WAW,BCN,2026/3/11,143.59,TP,PT16H10M,2026-03-11T17:55:00,2026-03-11T21:20:00,
WAW,BCN,2026/3/11,143.59,TP,PT17H50M,2026-03-11T17:55:00,2026-03-11T21:20:00,
WAW,BCN,2026/3/11,158.19,OS,PT4H45M,2026-03-11T15:00:00,2026-03-11T16:20:00,
WAW,BCN,2026/3/11,158.32,SN,PT7H45M,2026-03-11T06:30:00,2026-03-11T08:45:00,
WAW,BCN,2026/3/12,104.87,A3,PT16H5M,2026-03-12T18:20:00,2026-03-12T21:50:00,
WAW,BCN,2026/3/12,104.87,A3,PT22H50M,2026-03-12T18:20:00,2026-03-12T21:50:00,
WAW,BCN,2026/3/12,121.55,LO,PT3H10M,2026-03-12T07:25:00,2026-03-12T10:35:00,
WAW,BCN,2026/3/12,122.88,AF,PT7H25M,2026-03-12T06:35:00,2026-03-12T09:15:00,
WAW,BCN,2026/3/12,134.89,AF,PT6H10M,2026-03-12T06:05:00,2026-03-12T08:15:00,
WAW,BCN,2026/3/12,134.89,AF,PT6H15M,2026-03-12T16:50:00,2026-03-12T18:55:00,
WAW,BCN,2026/3/12,134.89,AF,PT6H20M,2026-03-12T12:45:00,2026-03-12T14:50:00,
WAW,BCN,2026/3/12,134.89,AF,PT10H20M,2026-03-12T12:45:00,2026-03-12T14:50:00,
WAW,BCN,2026/3/12,134.89,AF,PT10H25M,2026-03-12T06:05:00,2026-03-12T08:15:00,
WAW,BCN,2026/3/12,134.89,AF,PT14H45M,2026-03-12T19:40:00,2026-03-12T21:45:00,
WAW,BCN,2026/3/12,134.89,AF,PT16H35M,2026-03-12T19:40:00,2026-03-12T21:45:00,
WAW,BCN,2026/3/12,134.89,AF,PT17H35M,2026-03-12T16:50:00,2026-03-12T18:55:00,
WAW,BCN,2026/3/12,143.59,TP,PT7H20M,2026-03-12T13:00:00,2026-03-12T16:25:00,
WAW,BCN,2026/3/12,143.59,TP,PT10H45M,2026-03-12T13:00:00,2026-03-12T16:25:00,
WAW,BCN,2026/3/12,158.19,OS,PT4H45M,2026-03-12T15:00:00,2026-03-12T16:20:00,
WAW,BCN,2026/3/13,104.87,A3,PT22H50M,2026-03-13T11:35:00,2026-03-13T15:05:00,
WAW,BCN,2026/3/13,104.87,A3,PT29H35M,2026-03-13T11:35:00,2026-03-13T15:05:00,
WAW,BCN,2026/3/13,121.55,LO,PT3H10M,2026-03-13T14:35:00,2026-03-13T17:45:00,
WAW,BCN,2026/3/13,134.89,AF,PT6H10M,2026-03-13T06:05:00,2026-03-13T08:15:00,
WAW,BCN,2026/3/13,134.89,AF,PT6H15M,2026-03-13T16:50:00,2026-03-13T18:55:00,
WAW,BCN,2026/3/13,134.89,AF,PT6H20M,2026-03-13T12:45:00,2026-03-13T14:50:00,
WAW,BCN,2026/3/13,134.89,AF,PT10H20M,2026-03-13T12:45:00,2026-03-13T14:50:00,
WAW,BCN,2026/3/13,134.89,AF,PT10H25M,2026-03-13T06:05:00,2026-03-13T08:15:00,
WAW,BCN,2026/3/13,134.89,AF,PT14H45M,2026-03-13T19:40:00,2026-03-13T21:45:00,
WAW,BCN,2026/3/13,134.89,AF,PT16H35M,2026-03-13T19:40:00,2026-03-13T21:45:00,
WAW,BCN,2026/3/13,134.89,AF,PT17H35M,2026-03-13T16:50:00,2026-03-13T18:55:00,
WAW,BCN,2026/3/13,137.25,SK,PT8H5M,2026-03-13T10:15:00,2026-03-13T11:40:00,
WAW,BCN,2026/3/13,143.59,TP,PT16H10M,2026-03-13T17:55:00,2026-03-13T21:20:00,
WAW,BCN,2026/3/13,143.59,TP,PT17H50M,2026-03-13T17:55:00,2026-03-13T21:20:00,
WAW,BCN,2026/3/13,158.19,OS,PT4H45M,2026-03-13T15:00:00,2026-03-13T16:20:00,
WAW,BCN,2026/3/14,104.87,A3,PT16H5M,2026-03-14T18:20:00,2026-03-14T21:50:00,
WAW,BCN,2026/3/14,104.87,A3,PT22H50M,2026-03-14T18:20:00,2026-03-14T21:50:00,
WAW,BCN,2026/3/14,120.89,AF,PT6H10M,2026-03-14T06:05:00,2026-03-14T08:15:00,
WAW,BCN,2026/3/14,120.89,AF,PT6H20M,2026-03-14T12:45:00,2026-03-14T14:50:00,
WAW,BCN,2026/3/14,120.89,AF,PT10H25M,2026-03-14T06:05:00,2026-03-14T08:15:00,
WAW,BCN,2026/3/14,120.89,AF,PT14H45M,2026-03-14T19:40:00,2026-03-14T21:45:00,
WAW,BCN,2026/3/14,120.89,AF,PT16H35M,2026-03-14T19:40:00,2026-03-14T21:45:00,
WAW,BCN,2026/3/14,120.89,AF,PT17H35M,2026-03-14T16:50:00,2026-03-14T18:55:00,
WAW,BCN,2026/3/14,121.55,LO,PT3H10M,2026-03-14T07:25:00,2026-03-14T10:35:00,
WAW,BCN,2026/3/14,124.22,AF,PT16H45M,2026-03-14T16:05:00,2026-03-14T18:40:00,
WAW,BCN,2026/3/14,135.88,AF,PT6H50M,2026-03-14T16:05:00,2026-03-14T18:40:00,
WAW,BCN,2026/3/14,143.59,TP,PT7H20M,2026-03-14T13:00:00,2026-03-14T16:25:00,
WAW,BCN,2026/3/14,143.59,TP,PT10H45M,2026-03-14T13:00:00,2026-03-14T16:25:00,
WAW,BCN,2026/3/14,158.19,OS,PT9H35M,2026-03-14T10:10:00,2026-03-14T11:30:00,
WAW,BCN,2026/3/14,158.32,SN,PT7H45M,2026-03-14T06:30:00,2026-03-14T08:45:00,
WAW,BCN,2026/3/15,104.87,A3,PT22H50M,2026-03-15T11:35:00,2026-03-15T15:05:00,
WAW,BCN,2026/3/15,104.87,A3,PT29H35M,2026-03-15T11:35:00,2026-03-15T15:05:00,
WAW,BCN,2026/3/15,120.89,AF,PT6H10M,2026-03-15T06:05:00,2026-03-15T08:15:00,
WAW,BCN,2026/3/15,120.89,AF,PT6H15M,2026-03-15T16:50:00,2026-03-15T18:55:00,
WAW,BCN,2026/3/15,120.89,AF,PT6H20M,2026-03-15T12:45:00,2026-03-15T14:50:00,
WAW,BCN,2026/3/15,120.89,AF,PT10H20M,2026-03-15T12:45:00,2026-03-15T14:50:00,
WAW,BCN,2026/3/15,120.89,AF,PT10H25M,2026-03-15T06:05:00,2026-03-15T08:15:00,
WAW,BCN,2026/3/15,120.89,AF,PT14H45M,2026-03-15T19:40:00,2026-03-15T21:45:00,
WAW,BCN,2026/3/15,120.89,AF,PT16H35M,2026-03-15T19:40:00,2026-03-15T21:45:00,
WAW,BCN,2026/3/15,120.89,AF,PT17H35M,2026-03-15T16:50:00,2026-03-15T18:55:00,
WAW,BCN,2026/3/15,121.55,LO,PT3H10M,2026-03-15T14:35:00,2026-03-15T17:45:00,
WAW,BCN,2026/3/15,143.59,TP,PT7H20M,2026-03-15T13:00:00,2026-03-15T16:25:00,
WAW,BCN,2026/3/15,143.59,TP,PT10H45M,2026-03-15T13:00:00,2026-03-15T16:25:00,
WAW,BCN,2026/3/15,158.19,OS,PT4H45M,2026-03-15T15:00:00,2026-03-15T16:20:00,
WAW,BCN,2026/3/15,158.19,OS,PT13H45M,2026-03-15T19:25:00,2026-03-15T20:45:00,
WAW,BCN,2026/3/16,103.44,DY,PT24H35M,2026-03-16T12:05:00,2026-03-16T14:00:00,
WAW,BCN,2026/3/16,104.87,A3,PT16H5M,2026-03-16T18:20:00,2026-03-16T21:50:00,
WAW,BCN,2026/3/16,104.87,A3,PT22H50M,2026-03-16T18:20:00,2026-03-16T21:50:00,
WAW,BCN,2026/3/16,120.89,AF,PT6H10M,2026-03-16T06:05:00,2026-03-16T08:15:00,
WAW,BCN,2026/3/16,120.89,AF,PT6H15M,2026-03-16T16:50:00,2026-03-16T18:55:00,
WAW,BCN,2026/3/16,120.89,AF,PT6H20M,2026-03-16T12:45:00,2026-03-16T14:50:00,
WAW,BCN,2026/3/16,120.89,AF,PT10H20M,2026-03-16T12:45:00,2026-03-16T14:50:00,
WAW,BCN,2026/3/16,120.89,AF,PT10H25M,2026-03-16T06:05:00,2026-03-16T08:15:00,
WAW,BCN,2026/3/16,120.89,AF,PT14H45M,2026-03-16T19:40:00,2026-03-16T21:45:00,
WAW,BCN,2026/3/16,120.89,AF,PT16H35M,2026-03-16T19:40:00,2026-03-16T21:45:00,
WAW,BCN,2026/3/16,120.89,AF,PT17H35M,2026-03-16T16:50:00,2026-03-16T18:55:00,
WAW,BCN,2026/3/16,122.88,AF,PT5H30M,2026-03-16T17:25:00,2026-03-16T20:00:00,
WAW,BCN,2026/3/16,122.88,AF,PT6H15M,2026-03-16T13:05:00,2026-03-16T15:40:00,
WAW,BCN,2026/3/16,122.88,AF,PT7H25M,2026-03-16T06:35:00,2026-03-16T09:15:00,
WAW,BCN,2026/3/16,122.88,AF,PT9H50M,2026-03-16T13:05:00,2026-03-16T15:40:00,
WAW,BCN,2026/3/17,104.87,A3,PT16H5M,2026-03-17T18:20:00,2026-03-17T21:50:00,
WAW,BCN,2026/3/17,104.87,A3,PT22H50M,2026-03-17T18:20:00,2026-03-17T21:50:00,
WAW,BCN,2026/3/17,120.89,AF,PT6H10M,2026-03-17T06:05:00,2026-03-17T08:15:00,
WAW,BCN,2026/3/17,120.89,AF,PT6H15M,2026-03-17T16:50:00,2026-03-17T18:55:00,
WAW,BCN,2026/3/17,120.89,AF,PT6H20M,2026-03-17T12:45:00,2026-03-17T14:50:00,
WAW,BCN,2026/3/17,120.89,AF,PT10H20M,2026-03-17T12:45:00,2026-03-17T14:50:00,
WAW,BCN,2026/3/17,120.89,AF,PT10H25M,2026-03-17T06:05:00,2026-03-17T08:15:00,
WAW,BCN,2026/3/17,120.89,AF,PT14H45M,2026-03-17T19:40:00,2026-03-17T21:45:00,
WAW,BCN,2026/3/17,120.89,AF,PT16H35M,2026-03-17T19:40:00,2026-03-17T21:45:00,
WAW,BCN,2026/3/17,120.89,AF,PT17H35M,2026-03-17T16:50:00,2026-03-17T18:55:00,
WAW,BCN,2026/3/17,121.55,LO,PT3H10M,2026-03-17T07:25:00,2026-03-17T10:35:00,
WAW,BCN,2026/3/17,122.88,AF,PT5H30M,2026-03-17T17:25:00,2026-03-17T20:00:00,
WAW,BCN,2026/3/17,122.88,AF,PT15H25M,2026-03-17T17:25:00,2026-03-17T20:00:00,
WAW,BCN,2026/3/17,122.88,AF,PT7H25M,2026-03-17T06:35:00,2026-03-17T09:15:00,
WAW,BCN,2026/3/17,122.88,AF,PT8H25M,2026-03-17T06:35:00,2026-03-17T09:15:00,
WAW,BCN,2026/3/18,104.87,A3,PT16H5M,2026-03-18T18:20:00,2026-03-18T21:50:00,
WAW,BCN,2026/3/18,104.87,A3,PT22H50M,2026-03-18T18:20:00,2026-03-18T21:50:00,
WAW,BCN,2026/3/18,120.89,AF,PT6H10M,2026-03-18T06:05:00,2026-03-18T08:15:00,
WAW,BCN,2026/3/18,120.89,AF,PT6H15M,2026-03-18T16:50:00,2026-03-18T18:55:00,
WAW,BCN,2026/3/18,120.89,AF,PT6H20M,2026-03-18T12:45:00,2026-03-18T14:50:00,
WAW,BCN,2026/3/18,120.89,AF,PT10H20M,2026-03-18T12:45:00,2026-03-18T14:50:00,
WAW,BCN,2026/3/18,120.89,AF,PT10H25M,2026-03-18T06:05:00,2026-03-18T08:15:00,
WAW,BCN,2026/3/18,120.89,AF,PT14H45M,2026-03-18T19:40:00,2026-03-18T21:45:00,
WAW,BCN,2026/3/18,120.89,AF,PT16H35M,2026-03-18T19:40:00,2026-03-18T21:45:00,
WAW,BCN,2026/3/18,120.89,AF,PT17H35M,2026-03-18T16:50:00,2026-03-18T18:55:00,
WAW,BCN,2026/3/18,121.55,LO,PT3H10M,2026-03-18T14:35:00,2026-03-18T17:45:00,
WAW,BCN,2026/3/18,122.88,AF,PT7H25M,2026-03-18T06:35:00,2026-03-18T09:15:00,
WAW,BCN,2026/3/18,122.88,AF,PT8H25M,2026-03-18T06:35:00,2026-03-18T09:15:00,
WAW,BCN,2026/3/18,143.59,TP,PT16H10M,2026-03-18T17:55:00,2026-03-18T21:20:00,
WAW,BCN,2026/3/18,143.59,TP,PT17H50M,2026-03-18T17:55:00,2026-03-18T21:20:00,
WAW,BCN,2026/3/19,104.87,A3,PT16H5M,2026-03-19T18:20:00,2026-03-19T21:50:00,
WAW,BCN,2026/3/19,104.87,A3,PT22H50M,2026-03-19T18:20:00,2026-03-19T21:50:00,
WAW,BCN,2026/3/19,107.89,AF,PT6H10M,2026-03-19T06:05:00,2026-03-19T08:15:00,
WAW,BCN,2026/3/19,107.89,AF,PT6H15M,2026-03-19T16:50:00,2026-03-19T18:55:00,
WAW,BCN,2026/3/19,107.89,AF,PT6H20M,2026-03-19T12:45:00,2026-03-19T14:50:00,
WAW,BCN,2026/3/19,107.89,AF,PT10H20M,2026-03-19T12:45:00,2026-03-19T14:50:00,
WAW,BCN,2026/3/19,107.89,AF,PT10H25M,2026-03-19T06:05:00,2026-03-19T08:15:00,
WAW,BCN,2026/3/19,107.89,AF,PT17H35M,2026-03-19T16:50:00,2026-03-19T18:55:00,
WAW,BCN,2026/3/19,143.59,TP,PT7H20M,2026-03-19T13:00:00,2026-03-19T16:25:00,
WAW,BCN,2026/3/19,143.59,TP,PT10H45M,2026-03-19T13:00:00,2026-03-19T16:25:00,
WAW,BCN,2026/3/19,158.19,OS,PT4H45M,2026-03-19T15:00:00,2026-03-19T16:20:00,
WAW,BCN,2026/3/19,158.32,SN,PT7H45M,2026-03-19T06:30:00,2026-03-19T08:45:00,
WAW,BCN,2026/3/19,158.32,SN,PT13H55M,2026-03-19T06:30:00,2026-03-19T08:45:00,
WAW,BCN,2026/3/19,159.22,LX,PT8H30M,2026-03-19T14:30:00,2026-03-19T16:35:00,
WAW,BCN,2026/3/19,159.22,LX,PT18H20M,2026-03-19T19:45:00,2026-03-19T21:50:00,
VIE,BCN,2026/2/18,133.69,A3,PT6H15M,2026-02-18T10:55:00,2026-02-18T14:05:00,
VIE,BCN,2026/2/18,137.48,JU,PT12H15M,2026-02-18T20:50:00,2026-02-18T22:10:00,
VIE,BCN,2026/2/18,159.69,A3,PT23H30M,2026-02-18T10:55:00,2026-02-18T14:05:00,
VIE,BCN,2026/2/18,184.82,IB,PT5H50M,2026-02-18T12:20:00,2026-02-18T15:30:00,
VIE,BCN,2026/2/18,184.82,IB,PT12H40M,2026-02-18T19:45:00,2026-02-18T22:55:00,
VIE,BCN,2026/2/18,187.48,JU,PT9H55M,2026-02-18T09:50:00,2026-02-18T11:10:00,
VIE,BCN,2026/2/18,187.48,JU,PT23H15M,2026-02-18T09:50:00,2026-02-18T11:10:00,
VIE,BCN,2026/2/18,203.74,LH,PT22H35M,2026-02-18T20:10:00,2026-02-18T21:45:00,
VIE,BCN,2026/2/18,210.97,LH,PT9H10M,2026-02-18T09:35:00,2026-02-18T11:10:00,
VIE,BCN,2026/2/18,214.07,SK,PT8H5M,2026-02-18T10:15:00,2026-02-18T12:00:00,
VIE,BCN,2026/2/18,214.92,LH,PT20H50M,2026-02-18T15:55:00,2026-02-18T17:30:00,
VIE,BCN,2026/2/18,219.7,AF,PT4H55M,2026-02-18T06:15:00,2026-02-18T08:30:00,
VIE,BCN,2026/2/18,219.7,AF,PT7H45M,2026-02-18T06:15:00,2026-02-18T08:30:00,
VIE,BCN,2026/2/18,219.7,AF,PT14H30M,2026-02-18T18:20:00,2026-02-18T20:30:00,
VIE,BCN,2026/2/18,221.04,AF,PT16H50M,2026-02-18T18:20:00,2026-02-18T20:30:00,
VIE,BCN,2026/2/19,112.48,JU,PT12H15M,2026-02-19T20:50:00,2026-02-19T22:10:00,
VIE,BCN,2026/2/19,112.48,JU,PT23H15M,2026-02-19T09:50:00,2026-02-19T11:10:00,
VIE,BCN,2026/2/19,133.69,A3,PT6H15M,2026-02-19T10:55:00,2026-02-19T14:05:00,
VIE,BCN,2026/2/19,151.41,TP,PT7H55M,2026-02-19T12:25:00,2026-02-19T15:10:00,
VIE,BCN,2026/2/19,157.48,JU,PT22H55M,2026-02-19T20:50:00,2026-02-19T22:10:00,
VIE,BCN,2026/2/19,163.41,TP,PT11H20M,2026-02-19T12:25:00,2026-02-19T15:10:00,
VIE,BCN,2026/2/19,184.82,IB,PT12H40M,2026-02-19T19:45:00,2026-02-19T22:55:00,
VIE,BCN,2026/2/19,199.69,A3,PT23H30M,2026-02-19T10:55:00,2026-02-19T14:05:00,
VIE,BCN,2026/2/19,203.74,LH,PT18H15M,2026-02-19T14:45:00,2026-02-19T16:20:00,
VIE,BCN,2026/2/19,203.74,LH,PT22H35M,2026-02-19T20:10:00,2026-02-19T21:45:00,
VIE,BCN,2026/2/19,204.91,LH,PT23H35M,2026-02-19T19:30:00,2026-02-19T20:45:00,
VIE,BCN,2026/2/19,216.71,OS,PT15H25M,2026-02-19T17:35:00,2026-02-19T19:10:00,
VIE,BCN,2026/2/19,219.7,AF,PT4H40M,2026-02-19T12:25:00,2026-02-19T14:30:00,
VIE,BCN,2026/2/19,219.7,AF,PT4H55M,2026-02-19T06:15:00,2026-02-19T08:30:00,
VIE,BCN,2026/2/19,248.82,VY,PT5H35M,2026-02-19T07:05:00,2026-02-19T10:15:00,
VIE,BCN,2026/2/20,120.97,IB,PT2H20M,2026-02-20T14:05:00,2026-02-20T16:25:00,
VIE,BCN,2026/2/20,120.97,VY,PT2H20M,2026-02-20T14:05:00,2026-02-20T16:25:00,
VIE,BCN,2026/2/20,128.41,TP,PT7H55M,2026-02-20T12:25:00,2026-02-20T15:10:00,
VIE,BCN,2026/2/20,128.41,TP,PT11H20M,2026-02-20T12:25:00,2026-02-20T15:10:00,
VIE,BCN,2026/2/20,133.69,A3,PT22H40M,2026-02-20T18:30:00,2026-02-20T21:35:00,
VIE,BCN,2026/2/20,137.48,JU,PT4H45M,2026-02-20T15:00:00,2026-02-20T16:20:00,
VIE,BCN,2026/2/20,137.48,JU,PT12H15M,2026-02-20T20:50:00,2026-02-20T22:10:00,
VIE,BCN,2026/2/20,137.48,JU,PT18H5M,2026-02-20T15:00:00,2026-02-20T16:20:00,
VIE,BCN,2026/2/20,157.48,JU,PT9H55M,2026-02-20T09:50:00,2026-02-20T11:10:00,
VIE,BCN,2026/2/20,236.12,LO,PT8H25M,2026-02-20T09:20:00,2026-02-20T10:35:00,
VIE,BCN,2026/2/20,242.82,VY,PT5H35M,2026-02-20T07:05:00,2026-02-20T10:15:00,
VIE,BCN,2026/2/20,248.82,VY,PT7H15M,2026-02-20T07:05:00,2026-02-20T10:15:00,
VIE,BCN,2026/2/20,248.82,VY,PT8H5M,2026-02-20T12:20:00,2026-02-20T15:30:00,
VIE,BCN,2026/2/20,249.62,EI,PT8H55M,2026-02-20T11:30:00,2026-02-20T13:30:00,
VIE,BCN,2026/2/20,250.07,SK,PT22H15M,2026-02-20T20:05:00,2026-02-20T21:50:00,
VIE,BCN,2026/2/21,133.69,A3,PT6H15M,2026-02-21T10:55:00,2026-02-21T14:05:00,
VIE,BCN,2026/2/21,184.82,IB,PT7H15M,2026-02-21T07:05:00,2026-02-21T10:15:00,
VIE,BCN,2026/2/21,199.69,A3,PT23H30M,2026-02-21T10:55:00,2026-02-21T14:05:00,
VIE,BCN,2026/2/21,231.41,TP,PT14H25M,2026-02-21T19:40:00,2026-02-21T22:20:00,
VIE,BCN,2026/2/21,231.41,TP,PT16H5M,2026-02-21T19:40:00,2026-02-21T22:20:00,
VIE,BCN,2026/2/21,242.82,VY,PT8H5M,2026-02-21T12:20:00,2026-02-21T15:30:00,
VIE,BCN,2026/2/21,248.82,VY,PT5H35M,2026-02-21T07:05:00,2026-02-21T10:15:00,
VIE,BCN,2026/2/21,248.82,VY,PT7H15M,2026-02-21T07:05:00,2026-02-21T10:15:00,
VIE,BCN,2026/2/21,248.82,VY,PT9H,2026-02-21T12:20:00,2026-02-21T15:30:00,
VIE,BCN,2026/2/21,257.71,AF,PT5H25M,2026-02-21T06:50:00,2026-02-21T08:50:00,
VIE,BCN,2026/2/21,257.71,AF,PT9H40M,2026-02-21T06:50:00,2026-02-21T08:50:00,
VIE,BCN,2026/2/21,257.71,AF,PT17H30M,2026-02-21T16:55:00,2026-02-21T18:50:00,
VIE,BCN,2026/2/21,257.71,AF,PT15H35M,2026-02-21T18:50:00,2026-02-21T20:45:00,
VIE,BCN,2026/2/21,257.71,AF,PT17H25M,2026-02-21T18:50:00,2026-02-21T20:45:00,
VIE,BCN,2026/2/21,259.7,AF,PT7H45M,2026-02-21T06:15:00,2026-02-21T08:30:00,
VIE,BCN,2026/2/22,120.97,IB,PT2H20M,2026-02-22T14:05:00,2026-02-22T16:25:00,
VIE,BCN,2026/2/22,120.97,VY,PT2H20M,2026-02-22T14:05:00,2026-02-22T16:25:00,
VIE,BCN,2026/2/22,128.41,TP,PT7H55M,2026-02-22T12:25:00,2026-02-22T15:10:00,
VIE,BCN,2026/2/22,128.41,TP,PT11H20M,2026-02-22T12:25:00,2026-02-22T15:10:00,
VIE,BCN,2026/2/22,128.41,TP,PT14H25M,2026-02-22T19:40:00,2026-02-22T22:20:00,
VIE,BCN,2026/2/22,132.41,TP,PT16H5M,2026-02-22T19:40:00,2026-02-22T22:20:00,
VIE,BCN,2026/2/22,133.69,A3,PT15H55M,2026-02-22T18:30:00,2026-02-22T21:35:00,
VIE,BCN,2026/2/22,133.69,A3,PT22H40M,2026-02-22T18:30:00,2026-02-22T21:35:00,
VIE,BCN,2026/2/22,137.48,JU,PT4H45M,2026-02-22T15:00:00,2026-02-22T16:20:00,
VIE,BCN,2026/2/22,137.48,JU,PT9H55M,2026-02-22T09:50:00,2026-02-22T11:10:00,
VIE,BCN,2026/2/22,137.48,JU,PT18H5M,2026-02-22T15:00:00,2026-02-22T16:20:00,
VIE,BCN,2026/2/22,137.48,JU,PT12H15M,2026-02-22T20:50:00,2026-02-22T22:10:00,
VIE,BCN,2026/2/22,184.82,IB,PT6H55M,2026-02-22T12:20:00,2026-02-22T15:30:00,
VIE,BCN,2026/2/22,184.82,IB,PT12H40M,2026-02-22T19:45:00,2026-02-22T22:55:00,
VIE,BCN,2026/2/22,203.74,LH,PT16H30M,2026-02-22T16:30:00,2026-02-22T18:05:00,
VIE,BCN,2026/2/23,137.48,JU,PT9H55M,2026-02-23T09:50:00,2026-02-23T11:10:00,
VIE,BCN,2026/2/23,184.82,IB,PT5H50M,2026-02-23T12:20:00,2026-02-23T15:30:00,
VIE,BCN,2026/2/23,184.82,IB,PT7H10M,2026-02-23T15:40:00,2026-02-23T18:50:00,
VIE,BCN,2026/2/23,187.48,JU,PT12H15M,2026-02-23T20:50:00,2026-02-23T22:10:00,
VIE,BCN,2026/2/23,199.69,A3,PT6H15M,2026-02-23T10:55:00,2026-02-23T14:05:00,
VIE,BCN,2026/2/23,199.69,A3,PT23H30M,2026-02-23T10:55:00,2026-02-23T14:05:00,
VIE,BCN,2026/2/23,204.26,DY,PT21H,2026-02-23T15:40:00,2026-02-23T17:55:00,
VIE,BCN,2026/2/23,217.48,JU,PT23H15M,2026-02-23T09:50:00,2026-02-23T11:10:00,
VIE,BCN,2026/2/23,219.7,AF,PT4H55M,2026-02-23T06:15:00,2026-02-23T08:30:00,
VIE,BCN,2026/2/23,219.7,AF,PT7H45M,2026-02-23T06:15:00,2026-02-23T08:30:00,
VIE,BCN,2026/2/23,225.62,EI,PT8H55M,2026-02-23T11:30:00,2026-02-23T13:30:00,
VIE,BCN,2026/2/23,227.71,AF,PT6H50M,2026-02-23T12:15:00,2026-02-23T14:10:00,
VIE,BCN,2026/2/23,227.71,AF,PT9H40M,2026-02-23T06:50:00,2026-02-23T08:50:00,
VIE,BCN,2026/2/23,233.47,OS,PT2H20M,2026-02-23T17:25:00,2026-02-23T19:45:00,
VIE,BCN,2026/2/23,236.12,LO,PT8H25M,2026-02-23T09:20:00,2026-02-23T10:35:00,
VIE,BCN,2026/2/24,128.41,TP,PT7H55M,2026-02-24T12:25:00,2026-02-24T15:10:00,
VIE,BCN,2026/2/24,128.41,TP,PT11H20M,2026-02-24T12:25:00,2026-02-24T15:10:00,
VIE,BCN,2026/2/24,133.69,A3,PT6H15M,2026-02-24T10:55:00,2026-02-24T14:05:00,
VIE,BCN,2026/2/24,133.69,A3,PT23H30M,2026-02-24T10:55:00,2026-02-24T14:05:00,
VIE,BCN,2026/2/24,157.48,JU,PT22H55M,2026-02-24T20:50:00,2026-02-24T22:10:00,
VIE,BCN,2026/2/24,184.82,IB,PT5H50M,2026-02-24T12:20:00,2026-02-24T15:30:00,
VIE,BCN,2026/2/24,184.82,IB,PT7H15M,2026-02-24T07:05:00,2026-02-24T10:15:00,
VIE,BCN,2026/2/24,184.82,IB,PT12H40M,2026-02-24T19:45:00,2026-02-24T22:55:00,
VIE,BCN,2026/2/24,206.12,LO,PT22H20M,2026-02-24T19:25:00,2026-02-24T20:40:00,
VIE,BCN,2026/2/24,214.07,SK,PT22H15M,2026-02-24T20:05:00,2026-02-24T21:50:00,
VIE,BCN,2026/2/24,219.7,AF,PT4H40M,2026-02-24T12:25:00,2026-02-24T14:30:00,
VIE,BCN,2026/2/24,219.7,AF,PT4H55M,2026-02-24T06:15:00,2026-02-24T08:30:00,
VIE,BCN,2026/2/24,219.7,AF,PT6H55M,2026-02-24T12:25:00,2026-02-24T14:30:00,
VIE,BCN,2026/2/24,219.7,AF,PT7H45M,2026-02-24T06:15:00,2026-02-24T08:30:00,
VIE,BCN,2026/2/24,227.71,AF,PT5H25M,2026-02-24T06:50:00,2026-02-24T08:50:00,
VIE,BCN,2026/2/25,137.48,JU,PT12H15M,2026-02-25T20:50:00,2026-02-25T22:10:00,
VIE,BCN,2026/2/25,143.26,DY,PT22H35M,2026-02-25T14:05:00,2026-02-25T16:20:00,
VIE,BCN,2026/2/25,184.82,IB,PT12H40M,2026-02-25T19:45:00,2026-02-25T22:55:00,
VIE,BCN,2026/2/25,199.69,A3,PT6H15M,2026-02-25T10:55:00,2026-02-25T14:05:00,
VIE,BCN,2026/2/25,199.69,A3,PT23H30M,2026-02-25T10:55:00,2026-02-25T14:05:00,
VIE,BCN,2026/2/25,206.12,LO,PT8H25M,2026-02-25T09:20:00,2026-02-25T10:35:00,
VIE,BCN,2026/2/25,210.97,LH,PT9H10M,2026-02-25T09:35:00,2026-02-25T11:10:00,
VIE,BCN,2026/2/25,214.07,SK,PT8H5M,2026-02-25T10:15:00,2026-02-25T12:00:00,
VIE,BCN,2026/2/25,216.71,OS,PT15H25M,2026-02-25T17:35:00,2026-02-25T19:10:00,
VIE,BCN,2026/2/25,219.7,AF,PT4H55M,2026-02-25T06:15:00,2026-02-25T08:30:00,
VIE,BCN,2026/2/25,219.7,AF,PT7H45M,2026-02-25T06:15:00,2026-02-25T08:30:00,
VIE,BCN,2026/2/25,219.7,AF,PT14H30M,2026-02-25T18:20:00,2026-02-25T20:30:00,
VIE,BCN,2026/2/25,221.04,AF,PT16H50M,2026-02-25T18:20:00,2026-02-25T20:30:00,
VIE,BCN,2026/2/25,227.71,AF,PT5H25M,2026-02-25T06:50:00,2026-02-25T08:50:00,
VIE,BCN,2026/2/25,227.71,AF,PT6H5M,2026-02-25T17:00:00,2026-02-25T18:55:00,
VIE,BCN,2026/2/26,107.48,JU,PT12H15M,2026-02-26T20:50:00,2026-02-26T22:10:00,
VIE,BCN,2026/2/26,128.41,TP,PT7H55M,2026-02-26T12:25:00,2026-02-26T15:10:00,
VIE,BCN,2026/2/26,128.41,TP,PT11H20M,2026-02-26T12:25:00,2026-02-26T15:10:00,
VIE,BCN,2026/2/26,133.69,A3,PT6H15M,2026-02-26T10:55:00,2026-02-26T14:05:00,
VIE,BCN,2026/2/26,133.69,A3,PT23H30M,2026-02-26T10:55:00,2026-02-26T14:05:00,
VIE,BCN,2026/2/26,137.48,JU,PT22H55M,2026-02-26T20:50:00,2026-02-26T22:10:00,
VIE,BCN,2026/2/26,137.48,JU,PT23H15M,2026-02-26T09:50:00,2026-02-26T11:10:00,
VIE,BCN,2026/2/26,184.82,IB,PT5H50M,2026-02-26T12:20:00,2026-02-26T15:30:00,
VIE,BCN,2026/2/26,184.82,IB,PT12H40M,2026-02-26T19:45:00,2026-02-26T22:55:00,
VIE,BCN,2026/2/26,206.12,LO,PT22H20M,2026-02-26T19:25:00,2026-02-26T20:40:00,
VIE,BCN,2026/2/26,219.7,AF,PT4H40M,2026-02-26T12:25:00,2026-02-26T14:30:00,
VIE,BCN,2026/2/26,219.7,AF,PT4H55M,2026-02-26T06:15:00,2026-02-26T08:30:00,
VIE,BCN,2026/2/26,219.7,AF,PT6H55M,2026-02-26T12:25:00,2026-02-26T14:30:00,
VIE,BCN,2026/2/26,219.7,AF,PT7H45M,2026-02-26T06:15:00,2026-02-26T08:30:00,
VIE,BCN,2026/2/26,219.7,AF,PT14H30M,2026-02-26T18:20:00,2026-02-26T20:30:00,
VIE,BCN,2026/2/27,120.97,IB,PT2H20M,2026-02-27T14:05:00,2026-02-27T16:25:00,
VIE,BCN,2026/2/27,120.97,VY,PT2H20M,2026-02-27T14:05:00,2026-02-27T16:25:00,
VIE,BCN,2026/2/27,128.41,TP,PT7H55M,2026-02-27T12:25:00,2026-02-27T15:10:00,
VIE,BCN,2026/2/27,128.41,TP,PT11H20M,2026-02-27T12:25:00,2026-02-27T15:10:00,
VIE,BCN,2026/2/27,133.69,A3,PT15H55M,2026-02-27T18:30:00,2026-02-27T21:35:00,
VIE,BCN,2026/2/27,133.69,A3,PT22H40M,2026-02-27T18:30:00,2026-02-27T21:35:00,
VIE,BCN,2026/2/27,137.48,JU,PT4H45M,2026-02-27T15:00:00,2026-02-27T16:20:00,
VIE,BCN,2026/2/27,137.48,JU,PT12H15M,2026-02-27T20:50:00,2026-02-27T22:10:00,
VIE,BCN,2026/2/27,137.48,JU,PT18H5M,2026-02-27T15:00:00,2026-02-27T16:20:00,
VIE,BCN,2026/2/27,157.48,JU,PT9H55M,2026-02-27T09:50:00,2026-02-27T11:10:00,
VIE,BCN,2026/2/27,184.82,IB,PT5H50M,2026-02-27T12:20:00,2026-02-27T15:30:00,
VIE,BCN,2026/2/27,184.82,IB,PT7H10M,2026-02-27T15:40:00,2026-02-27T18:50:00,
VIE,BCN,2026/2/27,197.71,AF,PT5H25M,2026-02-27T06:50:00,2026-02-27T08:50:00,
VIE,BCN,2026/2/27,197.71,AF,PT6H10M,2026-02-27T16:55:00,2026-02-27T18:50:00,
VIE,BCN,2026/2/27,197.71,AF,PT6H50M,2026-02-27T12:15:00,2026-02-27T14:20:00,
VIE,BCN,2026/2/28,128.41,TP,PT14H25M,2026-02-28T19:40:00,2026-02-28T22:20:00,
VIE,BCN,2026/2/28,128.41,TP,PT16H5M,2026-02-28T19:40:00,2026-02-28T22:20:00,
VIE,BCN,2026/2/28,133.69,A3,PT6H15M,2026-02-28T10:55:00,2026-02-28T14:05:00,
VIE,BCN,2026/2/28,133.69,A3,PT23H30M,2026-02-28T10:55:00,2026-02-28T14:05:00,
VIE,BCN,2026/2/28,137.48,JU,PT22H55M,2026-02-28T20:50:00,2026-02-28T22:10:00,
VIE,BCN,2026/2/28,197.71,AF,PT5H25M,2026-02-28T06:50:00,2026-02-28T08:50:00,
VIE,BCN,2026/2/28,197.71,AF,PT6H50M,2026-02-28T12:15:00,2026-02-28T14:10:00,
VIE,BCN,2026/2/28,197.71,AF,PT9H40M,2026-02-28T06:50:00,2026-02-28T08:50:00,
VIE,BCN,2026/2/28,233.47,OS,PT2H20M,2026-02-28T06:50:00,2026-02-28T09:10:00,
VIE,BCN,2026/2/28,242.82,VY,PT9H,2026-02-28T12:20:00,2026-02-28T15:30:00,
VIE,BCN,2026/2/28,248.82,VY,PT5H35M,2026-02-28T07:05:00,2026-02-28T10:15:00,
VIE,BCN,2026/2/28,248.82,VY,PT7H15M,2026-02-28T07:05:00,2026-02-28T10:15:00,
VIE,BCN,2026/2/28,248.82,VY,PT8H5M,2026-02-28T12:20:00,2026-02-28T15:30:00,
VIE,BCN,2026/2/28,250.11,LH,PT15H35M,2026-02-28T19:30:00,2026-02-28T21:00:00,
VIE,BCN,2026/2/28,257.71,AF,PT15H35M,2026-02-28T18:50:00,2026-02-28T20:45:00,
VIE,BCN,2026/3/1,107.48,JU,PT12H15M,2026-03-01T20:50:00,2026-03-01T22:10:00,
VIE,BCN,2026/3/1,107.48,JU,PT18H5M,2026-03-01T15:00:00,2026-03-01T16:20:00,
VIE,BCN,2026/3/1,120.97,IB,PT2H20M,2026-03-01T14:05:00,2026-03-01T16:25:00,
VIE,BCN,2026/3/1,120.97,VY,PT2H20M,2026-03-01T14:05:00,2026-03-01T16:25:00,
VIE,BCN,2026/3/1,128.41,TP,PT7H55M,2026-03-01T12:25:00,2026-03-01T15:10:00,
VIE,BCN,2026/3/1,128.41,TP,PT11H20M,2026-03-01T12:25:00,2026-03-01T15:10:00,
VIE,BCN,2026/3/1,128.41,TP,PT14H25M,2026-03-01T19:40:00,2026-03-01T22:20:00,
VIE,BCN,2026/3/1,128.41,TP,PT16H5M,2026-03-01T19:40:00,2026-03-01T22:20:00,
VIE,BCN,2026/3/1,133.69,A3,PT22H40M,2026-03-01T18:30:00,2026-03-01T21:35:00,
VIE,BCN,2026/3/1,137.48,JU,PT4H45M,2026-03-01T15:00:00,2026-03-01T16:20:00,
VIE,BCN,2026/3/1,137.48,JU,PT9H55M,2026-03-01T09:50:00,2026-03-01T11:10:00,
VIE,BCN,2026/3/1,185.54,IB,PT5H50M,2026-03-01T12:20:00,2026-03-01T15:30:00,
VIE,BCN,2026/3/1,197.71,AF,PT5H25M,2026-03-01T06:50:00,2026-03-01T08:50:00,
VIE,BCN,2026/3/1,197.71,AF,PT6H50M,2026-03-01T12:15:00,2026-03-01T14:10:00,
VIE,BCN,2026/3/1,197.71,AF,PT9H40M,2026-03-01T06:50:00,2026-03-01T08:50:00,
VIE,BCN,2026/3/2,120.97,IB,PT2H20M,2026-03-02T14:05:00,2026-03-02T16:25:00,
VIE,BCN,2026/3/2,120.97,VY,PT2H20M,2026-03-02T14:05:00,2026-03-02T16:25:00,
VIE,BCN,2026/3/2,133.69,A3,PT6H15M,2026-03-02T10:55:00,2026-03-02T14:05:00,
VIE,BCN,2026/3/2,161.54,IB,PT7H10M,2026-03-02T15:40:00,2026-03-02T18:50:00,
VIE,BCN,2026/3/2,185.54,IB,PT5H50M,2026-03-02T12:20:00,2026-03-02T15:30:00,
VIE,BCN,2026/3/2,185.54,IB,PT8H5M,2026-03-02T12:20:00,2026-03-02T15:30:00,
VIE,BCN,2026/3/2,187.48,JU,PT9H55M,2026-03-02T09:50:00,2026-03-02T11:10:00,
VIE,BCN,2026/3/2,197.71,AF,PT15H35M,2026-03-02T18:50:00,2026-03-02T20:45:00,
VIE,BCN,2026/3/2,197.71,AF,PT17H25M,2026-03-02T17:00:00,2026-03-02T18:55:00,
VIE,BCN,2026/3/2,203.62,EI,PT8H55M,2026-03-02T11:30:00,2026-03-02T13:30:00,
VIE,BCN,2026/3/2,206.12,LO,PT8H25M,2026-03-02T09:20:00,2026-03-02T10:35:00,
VIE,BCN,2026/3/2,217.48,JU,PT12H15M,2026-03-02T20:50:00,2026-03-02T22:10:00,
VIE,BCN,2026/3/2,217.48,JU,PT23H15M,2026-03-02T09:50:00,2026-03-02T11:10:00,
VIE,BCN,2026/3/2,219.7,AF,PT14H30M,2026-03-02T18:20:00,2026-03-02T20:30:00,
VIE,BCN,2026/3/2,227.26,DY,PT21H,2026-03-02T15:40:00,2026-03-02T17:55:00,
VIE,BCN,2026/3/3,133.69,A3,PT6H15M,2026-03-03T10:55:00,2026-03-03T14:05:00,
VIE,BCN,2026/3/3,133.69,A3,PT23H30M,2026-03-03T10:55:00,2026-03-03T14:05:00,
VIE,BCN,2026/3/3,176.12,LO,PT22H20M,2026-03-03T19:25:00,2026-03-03T20:40:00,
VIE,BCN,2026/3/3,185.54,IB,PT5H50M,2026-03-03T12:20:00,2026-03-03T15:30:00,
VIE,BCN,2026/3/3,185.54,IB,PT12H40M,2026-03-03T19:45:00,2026-03-03T22:55:00,
VIE,BCN,2026/3/3,197.71,AF,PT5H25M,2026-03-03T06:50:00,2026-03-03T08:50:00,
VIE,BCN,2026/3/3,197.71,AF,PT6H5M,2026-03-03T17:00:00,2026-03-03T18:55:00,
VIE,BCN,2026/3/3,197.71,AF,PT6H50M,2026-03-03T12:15:00,2026-03-03T14:10:00,
VIE,BCN,2026/3/3,197.71,AF,PT9H40M,2026-03-03T06:50:00,2026-03-03T08:50:00,
VIE,BCN,2026/3/3,197.71,AF,PT10H50M,2026-03-03T12:15:00,2026-03-03T14:10:00,
VIE,BCN,2026/3/3,197.71,AF,PT15H35M,2026-03-03T18:50:00,2026-03-03T20:40:00,
VIE,BCN,2026/3/3,197.71,AF,PT17H25M,2026-03-03T17:00:00,2026-03-03T18:55:00,
VIE,BCN,2026/3/3,203.74,LH,PT18H15M,2026-03-03T14:45:00,2026-03-03T16:20:00,
VIE,BCN,2026/3/3,203.74,LH,PT22H35M,2026-03-03T20:10:00,2026-03-03T21:45:00,
VIE,BCN,2026/3/3,204.91,LH,PT18H55M,2026-03-03T19:30:00,2026-03-03T20:45:00,
VIE,BCN,2026/3/4,133.69,A3,PT6H15M,2026-03-04T10:55:00,2026-03-04T14:05:00,
VIE,BCN,2026/3/4,133.69,A3,PT23H30M,2026-03-04T10:55:00,2026-03-04T14:05:00,
VIE,BCN,2026/3/4,140.7,AF,PT4H40M,2026-03-04T12:25:00,2026-03-04T14:30:00,
VIE,BCN,2026/3/4,140.7,AF,PT4H55M,2026-03-04T06:15:00,2026-03-04T08:30:00,
VIE,BCN,2026/3/4,140.7,AF,PT6H55M,2026-03-04T12:25:00,2026-03-04T14:30:00,
VIE,BCN,2026/3/4,140.7,AF,PT7H45M,2026-03-04T06:15:00,2026-03-04T08:30:00,
VIE,BCN,2026/3/4,140.7,AF,PT14H30M,2026-03-04T18:20:00,2026-03-04T20:30:00,
VIE,BCN,2026/3/4,142.04,AF,PT16H50M,2026-03-04T18:20:00,2026-03-04T20:30:00,
VIE,BCN,2026/3/4,164.26,DY,PT22H35M,2026-03-04T14:05:00,2026-03-04T16:20:00,
VIE,BCN,2026/3/4,176.12,LO,PT8H25M,2026-03-04T09:20:00,2026-03-04T10:35:00,
VIE,BCN,2026/3/4,179.71,AF,PT5H25M,2026-03-04T06:50:00,2026-03-04T08:50:00,
VIE,BCN,2026/3/4,179.71,AF,PT6H5M,2026-03-04T17:00:00,2026-03-04T18:55:00,
VIE,BCN,2026/3/4,179.71,AF,PT6H50M,2026-03-04T12:15:00,2026-03-04T14:20:00,
VIE,BCN,2026/3/4,179.71,AF,PT9H40M,2026-03-04T06:50:00,2026-03-04T08:50:00,
VIE,BCN,2026/3/4,179.71,AF,PT10H50M,2026-03-04T12:15:00,2026-03-04T14:20:00,
VIE,BCN,2026/3/5,133.69,A3,PT23H30M,2026-03-05T10:55:00,2026-03-05T14:05:00,
VIE,BCN,2026/3/5,137.48,JU,PT22H55M,2026-03-05T20:50:00,2026-03-05T22:10:00,
VIE,BCN,2026/3/5,179.71,AF,PT5H25M,2026-03-05T06:50:00,2026-03-05T08:50:00,
VIE,BCN,2026/3/5,179.71,AF,PT6H10M,2026-03-05T16:55:00,2026-03-05T18:50:00,
VIE,BCN,2026/3/5,179.71,AF,PT9H40M,2026-03-05T06:50:00,2026-03-05T08:50:00,
VIE,BCN,2026/3/5,179.71,AF,PT10H50M,2026-03-05T12:15:00,2026-03-05T14:10:00,
VIE,BCN,2026/3/5,179.71,AF,PT15H35M,2026-03-05T18:50:00,2026-03-05T20:45:00,
VIE,BCN,2026/3/5,185.54,IB,PT12H40M,2026-03-05T19:45:00,2026-03-05T22:55:00,
VIE,BCN,2026/3/5,187.48,JU,PT12H15M,2026-03-05T20:50:00,2026-03-05T22:10:00,
VIE,BCN,2026/3/5,187.48,JU,PT23H15M,2026-03-05T09:50:00,2026-03-05T11:10:00,
VIE,BCN,2026/3/5,188.21,LH,PT14H15M,2026-03-05T18:45:00,2026-03-05T20:20:00,
VIE,BCN,2026/3/5,189.38,LH,PT10H,2026-03-05T08:45:00,2026-03-05T10:00:00,
VIE,BCN,2026/3/5,194.92,LH,PT18H25M,2026-03-05T20:25:00,2026-03-05T22:00:00,
VIE,BCN,2026/3/5,197.71,AF,PT6H50M,2026-03-05T12:15:00,2026-03-05T14:10:00,
VIE,BCN,2026/3/5,197.71,AF,PT17H25M,2026-03-05T18:50:00,2026-03-05T20:45:00,
VIE,BCN,2026/3/6,120.97,IB,PT2H20M,2026-03-06T14:05:00,2026-03-06T16:25:00,
VIE,BCN,2026/3/6,120.97,VY,PT2H20M,2026-03-06T14:05:00,2026-03-06T16:25:00,
VIE,BCN,2026/3/6,128.41,TP,PT7H55M,2026-03-06T12:25:00,2026-03-06T15:10:00,
VIE,BCN,2026/3/6,128.41,TP,PT11H20M,2026-03-06T12:25:00,2026-03-06T15:10:00,
VIE,BCN,2026/3/6,137.48,JU,PT4H45M,2026-03-06T15:00:00,2026-03-06T16:20:00,
VIE,BCN,2026/3/6,137.48,JU,PT12H15M,2026-03-06T20:50:00,2026-03-06T22:10:00,
VIE,BCN,2026/3/6,137.48,JU,PT18H5M,2026-03-06T15:00:00,2026-03-06T16:20:00,
VIE,BCN,2026/3/6,176.12,LO,PT8H25M,2026-03-06T09:20:00,2026-03-06T10:35:00,
VIE,BCN,2026/3/6,179.71,AF,PT5H25M,2026-03-06T06:50:00,2026-03-06T08:50:00,
VIE,BCN,2026/3/6,179.71,AF,PT6H10M,2026-03-06T16:55:00,2026-03-06T18:50:00,
VIE,BCN,2026/3/6,179.71,AF,PT6H50M,2026-03-06T12:15:00,2026-03-06T14:20:00,
VIE,BCN,2026/3/6,179.71,AF,PT9H40M,2026-03-06T06:50:00,2026-03-06T08:50:00,
VIE,BCN,2026/3/6,179.71,AF,PT10H50M,2026-03-06T12:15:00,2026-03-06T14:20:00,
VIE,BCN,2026/3/6,179.71,AF,PT15H35M,2026-03-06T18:50:00,2026-03-06T20:45:00,
VIE,BCN,2026/3/6,179.71,AF,PT17H25M,2026-03-06T18:50:00,2026-03-06T20:45:00,
VIE,BCN,2026/3/7,128.41,TP,PT14H25M,2026-03-07T19:40:00,2026-03-07T22:20:00,
VIE,BCN,2026/3/7,128.41,TP,PT16H5M,2026-03-07T19:40:00,2026-03-07T22:20:00,
VIE,BCN,2026/3/7,137.48,JU,PT22H55M,2026-03-07T20:50:00,2026-03-07T22:10:00,
VIE,BCN,2026/3/7,157.7,AF,PT4H55M,2026-03-07T06:15:00,2026-03-07T08:30:00,
VIE,BCN,2026/3/7,157.7,AF,PT7H45M,2026-03-07T06:15:00,2026-03-07T08:30:00,
VIE,BCN,2026/3/7,179.71,AF,PT5H25M,2026-03-07T06:50:00,2026-03-07T08:50:00,
VIE,BCN,2026/3/7,179.71,AF,PT6H50M,2026-03-07T12:15:00,2026-03-07T14:10:00,
VIE,BCN,2026/3/7,179.71,AF,PT9H40M,2026-03-07T06:50:00,2026-03-07T08:50:00,
VIE,BCN,2026/3/7,179.71,AF,PT15H35M,2026-03-07T18:50:00,2026-03-07T20:45:00,
VIE,BCN,2026/3/7,179.71,AF,PT17H25M,2026-03-07T18:50:00,2026-03-07T20:45:00,
VIE,BCN,2026/3/7,179.71,AF,PT17H30M,2026-03-07T16:55:00,2026-03-07T18:50:00,
VIE,BCN,2026/3/7,233.47,OS,PT2H20M,2026-03-07T06:50:00,2026-03-07T09:10:00,
VIE,BCN,2026/3/7,233.47,OS,PT2H20M,2026-03-07T17:25:00,2026-03-07T19:45:00,
VIE,BCN,2026/3/7,243.54,VY,PT5H35M,2026-03-07T07:05:00,2026-03-07T10:15:00,
VIE,BCN,2026/3/7,243.54,VY,PT7H15M,2026-03-07T07:05:00,2026-03-07T10:15:00,
VIE,BCN,2026/3/8,120.97,IB,PT2H20M,2026-03-08T14:05:00,2026-03-08T16:25:00,
VIE,BCN,2026/3/8,120.97,VY,PT2H20M,2026-03-08T14:05:00,2026-03-08T16:25:00,
VIE,BCN,2026/3/8,128.41,TP,PT16H5M,2026-03-08T19:40:00,2026-03-08T22:20:00,
VIE,BCN,2026/3/8,133.69,A3,PT15H55M,2026-03-08T18:30:00,2026-03-08T21:35:00,
VIE,BCN,2026/3/8,133.69,A3,PT22H40M,2026-03-08T18:30:00,2026-03-08T21:35:00,
VIE,BCN,2026/3/8,137.48,JU,PT4H45M,2026-03-08T15:00:00,2026-03-08T16:20:00,
VIE,BCN,2026/3/8,137.48,JU,PT9H55M,2026-03-08T09:50:00,2026-03-08T11:10:00,
VIE,BCN,2026/3/8,137.48,JU,PT12H15M,2026-03-08T20:50:00,2026-03-08T22:10:00,
VIE,BCN,2026/3/8,137.48,JU,PT18H5M,2026-03-08T15:00:00,2026-03-08T16:20:00,
VIE,BCN,2026/3/8,143.41,TP,PT7H55M,2026-03-08T12:25:00,2026-03-08T15:10:00,
VIE,BCN,2026/3/8,143.41,TP,PT11H20M,2026-03-08T12:25:00,2026-03-08T15:10:00,
VIE,BCN,2026/3/8,143.41,TP,PT14H25M,2026-03-08T19:40:00,2026-03-08T22:20:00,
VIE,BCN,2026/3/8,160.26,DY,PT24H20M,2026-03-08T12:20:00,2026-03-08T14:35:00,
VIE,BCN,2026/3/8,176.12,LO,PT24H10M,2026-03-08T17:35:00,2026-03-08T18:50:00,
VIE,BCN,2026/3/8,185.54,IB,PT12H15M,2026-03-08T19:45:00,2026-03-08T22:55:00,
VIE,BCN,2026/3/9,120.97,IB,PT2H20M,2026-03-09T14:05:00,2026-03-09T16:25:00,
VIE,BCN,2026/3/9,120.97,VY,PT2H20M,2026-03-09T14:05:00,2026-03-09T16:25:00,
VIE,BCN,2026/3/9,133.69,A3,PT6H15M,2026-03-09T10:55:00,2026-03-09T14:05:00,
VIE,BCN,2026/3/9,133.69,A3,PT23H30M,2026-03-09T10:55:00,2026-03-09T14:05:00,
VIE,BCN,2026/3/9,157.48,JU,PT9H55M,2026-03-09T09:50:00,2026-03-09T11:10:00,
VIE,BCN,2026/3/9,157.7,AF,PT7H45M,2026-03-09T06:15:00,2026-03-09T08:30:00,
VIE,BCN,2026/3/9,159.71,AF,PT5H25M,2026-03-09T06:50:00,2026-03-09T08:50:00,
VIE,BCN,2026/3/9,159.71,AF,PT6H5M,2026-03-09T17:00:00,2026-03-09T18:55:00,
VIE,BCN,2026/3/9,159.71,AF,PT6H50M,2026-03-09T12:15:00,2026-03-09T14:10:00,
VIE,BCN,2026/3/9,159.71,AF,PT9H40M,2026-03-09T06:50:00,2026-03-09T08:50:00,
VIE,BCN,2026/3/9,159.71,AF,PT10H50M,2026-03-09T12:15:00,2026-03-09T14:10:00,
VIE,BCN,2026/3/9,159.71,AF,PT15H35M,2026-03-09T18:50:00,2026-03-09T20:45:00,
VIE,BCN,2026/3/9,159.71,AF,PT17H25M,2026-03-09T17:00:00,2026-03-09T18:55:00,
VIE,BCN,2026/3/9,159.71,AF,PT17H25M,2026-03-09T18:50:00,2026-03-09T20:45:00,
VIE,BCN,2026/3/9,176.12,LO,PT8H25M,2026-03-09T09:20:00,2026-03-09T10:35:00,
VIE,BCN,2026/3/10,128.41,TP,PT7H55M,2026-03-10T12:25:00,2026-03-10T15:10:00,
VIE,BCN,2026/3/10,128.41,TP,PT11H20M,2026-03-10T12:25:00,2026-03-10T15:10:00,
VIE,BCN,2026/3/10,133.69,A3,PT6H15M,2026-03-10T10:55:00,2026-03-10T14:05:00,
VIE,BCN,2026/3/10,140.7,AF,PT4H40M,2026-03-10T12:25:00,2026-03-10T14:30:00,
VIE,BCN,2026/3/10,140.7,AF,PT4H55M,2026-03-10T06:15:00,2026-03-10T08:30:00,
VIE,BCN,2026/3/10,140.7,AF,PT6H55M,2026-03-10T12:25:00,2026-03-10T14:30:00,
VIE,BCN,2026/3/10,140.7,AF,PT7H45M,2026-03-10T06:15:00,2026-03-10T08:30:00,
VIE,BCN,2026/3/10,151.12,LO,PT22H20M,2026-03-10T19:25:00,2026-03-10T20:40:00,
VIE,BCN,2026/3/10,159.71,AF,PT5H25M,2026-03-10T06:50:00,2026-03-10T08:50:00,
VIE,BCN,2026/3/10,159.71,AF,PT6H5M,2026-03-10T17:00:00,2026-03-10T18:55:00,
VIE,BCN,2026/3/10,159.71,AF,PT6H50M,2026-03-10T12:15:00,2026-03-10T14:10:00,
VIE,BCN,2026/3/10,159.71,AF,PT9H40M,2026-03-10T06:50:00,2026-03-10T08:50:00,
VIE,BCN,2026/3/10,159.71,AF,PT10H50M,2026-03-10T12:15:00,2026-03-10T14:10:00,
VIE,BCN,2026/3/10,159.71,AF,PT15H35M,2026-03-10T18:50:00,2026-03-10T20:40:00,
VIE,BCN,2026/3/10,159.71,AF,PT17H25M,2026-03-10T17:00:00,2026-03-10T18:55:00,
VIE,BCN,2026/3/11,140.7,AF,PT4H40M,2026-03-11T12:25:00,2026-03-11T14:30:00,
VIE,BCN,2026/3/11,140.7,AF,PT6H55M,2026-03-11T12:25:00,2026-03-11T14:30:00,
VIE,BCN,2026/3/11,140.7,AF,PT14H30M,2026-03-11T18:20:00,2026-03-11T20:30:00,
VIE,BCN,2026/3/11,142.04,AF,PT16H50M,2026-03-11T18:20:00,2026-03-11T20:30:00,
VIE,BCN,2026/3/11,151.12,LO,PT8H25M,2026-03-11T09:20:00,2026-03-11T10:35:00,
VIE,BCN,2026/3/11,154.26,DY,PT22H35M,2026-03-11T14:05:00,2026-03-11T16:20:00,
VIE,BCN,2026/3/11,157.48,JU,PT12H15M,2026-03-11T20:50:00,2026-03-11T22:10:00,
VIE,BCN,2026/3/11,159.69,A3,PT6H15M,2026-03-11T10:55:00,2026-03-11T14:05:00,
VIE,BCN,2026/3/11,159.69,A3,PT23H30M,2026-03-11T10:55:00,2026-03-11T14:05:00,
VIE,BCN,2026/3/11,159.71,AF,PT5H25M,2026-03-11T06:50:00,2026-03-11T08:50:00,
VIE,BCN,2026/3/11,159.71,AF,PT6H5M,2026-03-11T17:00:00,2026-03-11T18:55:00,
VIE,BCN,2026/3/11,159.71,AF,PT6H50M,2026-03-11T12:15:00,2026-03-11T14:20:00,
VIE,BCN,2026/3/11,159.71,AF,PT9H40M,2026-03-11T06:50:00,2026-03-11T08:50:00,
VIE,BCN,2026/3/11,159.71,AF,PT10H50M,2026-03-11T12:15:00,2026-03-11T14:20:00,
VIE,BCN,2026/3/11,159.71,AF,PT15H35M,2026-03-11T18:50:00,2026-03-11T20:45:00,
VIE,BCN,2026/3/12,128.41,TP,PT7H55M,2026-03-12T12:25:00,2026-03-12T15:10:00,
VIE,BCN,2026/3/12,128.41,TP,PT11H20M,2026-03-12T12:25:00,2026-03-12T15:10:00,
VIE,BCN,2026/3/12,137.48,JU,PT12H15M,2026-03-12T20:50:00,2026-03-12T22:10:00,
VIE,BCN,2026/3/12,137.48,JU,PT22H55M,2026-03-12T20:50:00,2026-03-12T22:10:00,
VIE,BCN,2026/3/12,140.7,AF,PT4H55M,2026-03-12T06:15:00,2026-03-12T08:30:00,
VIE,BCN,2026/3/12,140.7,AF,PT7H45M,2026-03-12T06:15:00,2026-03-12T08:30:00,
VIE,BCN,2026/3/12,151.12,LO,PT22H20M,2026-03-12T19:25:00,2026-03-12T20:40:00,
VIE,BCN,2026/3/12,159.71,AF,PT5H25M,2026-03-12T06:50:00,2026-03-12T08:50:00,
VIE,BCN,2026/3/12,159.71,AF,PT6H10M,2026-03-12T16:55:00,2026-03-12T18:50:00,
VIE,BCN,2026/3/12,159.71,AF,PT6H50M,2026-03-12T12:15:00,2026-03-12T14:10:00,
VIE,BCN,2026/3/12,159.71,AF,PT9H40M,2026-03-12T06:50:00,2026-03-12T08:50:00,
VIE,BCN,2026/3/12,159.71,AF,PT10H50M,2026-03-12T12:15:00,2026-03-12T14:10:00,
VIE,BCN,2026/3/12,159.71,AF,PT15H35M,2026-03-12T18:50:00,2026-03-12T20:45:00,
VIE,BCN,2026/3/12,159.71,AF,PT17H25M,2026-03-12T18:50:00,2026-03-12T20:45:00,
VIE,BCN,2026/3/12,174.7,AF,PT4H40M,2026-03-12T12:25:00,2026-03-12T14:30:00,
VIE,BCN,2026/3/13,128.41,TP,PT7H55M,2026-03-13T12:25:00,2026-03-13T15:10:00,
VIE,BCN,2026/3/13,128.41,TP,PT11H20M,2026-03-13T12:25:00,2026-03-13T15:10:00,
VIE,BCN,2026/3/13,133.69,A3,PT15H55M,2026-03-13T18:30:00,2026-03-13T21:35:00,
VIE,BCN,2026/3/13,133.69,A3,PT22H40M,2026-03-13T18:30:00,2026-03-13T21:35:00,
VIE,BCN,2026/3/13,137.48,JU,PT4H45M,2026-03-13T15:00:00,2026-03-13T16:20:00,
VIE,BCN,2026/3/13,137.48,JU,PT12H15M,2026-03-13T20:50:00,2026-03-13T22:10:00,
VIE,BCN,2026/3/13,137.48,JU,PT18H5M,2026-03-13T15:00:00,2026-03-13T16:20:00,
VIE,BCN,2026/3/13,151.12,LO,PT8H25M,2026-03-13T09:20:00,2026-03-13T10:35:00,
VIE,BCN,2026/3/13,157.48,JU,PT9H55M,2026-03-13T09:50:00,2026-03-13T11:10:00,
VIE,BCN,2026/3/13,159.71,AF,PT5H25M,2026-03-13T06:50:00,2026-03-13T08:50:00,
VIE,BCN,2026/3/13,159.71,AF,PT6H10M,2026-03-13T16:55:00,2026-03-13T18:50:00,
VIE,BCN,2026/3/13,159.71,AF,PT6H50M,2026-03-13T12:15:00,2026-03-13T14:20:00,
VIE,BCN,2026/3/13,159.71,AF,PT9H40M,2026-03-13T06:50:00,2026-03-13T08:50:00,
VIE,BCN,2026/3/13,159.71,AF,PT10H50M,2026-03-13T12:15:00,2026-03-13T14:20:00,
VIE,BCN,2026/3/13,159.71,AF,PT15H35M,2026-03-13T18:50:00,2026-03-13T20:45:00,
VIE,BCN,2026/3/14,128.41,TP,PT14H25M,2026-03-14T19:40:00,2026-03-14T22:20:00,
VIE,BCN,2026/3/14,128.41,TP,PT16H5M,2026-03-14T19:40:00,2026-03-14T22:20:00,
VIE,BCN,2026/3/14,133.69,A3,PT6H15M,2026-03-14T10:55:00,2026-03-14T14:05:00,
VIE,BCN,2026/3/14,140.7,AF,PT14H30M,2026-03-14T18:20:00,2026-03-14T20:30:00,
VIE,BCN,2026/3/14,142.04,AF,PT16H50M,2026-03-14T18:20:00,2026-03-14T20:30:00,
VIE,BCN,2026/3/14,143.71,AF,PT5H25M,2026-03-14T06:50:00,2026-03-14T08:50:00,
VIE,BCN,2026/3/14,143.71,AF,PT6H50M,2026-03-14T12:15:00,2026-03-14T14:10:00,
VIE,BCN,2026/3/14,143.71,AF,PT9H40M,2026-03-14T06:50:00,2026-03-14T08:50:00,
VIE,BCN,2026/3/14,143.71,AF,PT15H35M,2026-03-14T18:50:00,2026-03-14T20:45:00,
VIE,BCN,2026/3/14,143.71,AF,PT17H25M,2026-03-14T18:50:00,2026-03-14T20:45:00,
VIE,BCN,2026/3/14,143.71,AF,PT17H30M,2026-03-14T16:55:00,2026-03-14T18:50:00,
VIE,BCN,2026/3/14,157.48,JU,PT22H55M,2026-03-14T20:50:00,2026-03-14T22:10:00,
VIE,BCN,2026/3/14,199.69,A3,PT23H30M,2026-03-14T10:55:00,2026-03-14T14:05:00,
VIE,BCN,2026/3/14,218.7,AF,PT4H40M,2026-03-14T12:25:00,2026-03-14T14:30:00,
VIE,BCN,2026/3/14,218.7,AF,PT6H55M,2026-03-14T12:25:00,2026-03-14T14:30:00,
VIE,BCN,2026/3/15,120.97,IB,PT2H20M,2026-03-15T14:05:00,2026-03-15T16:25:00,
VIE,BCN,2026/3/15,120.97,VY,PT2H20M,2026-03-15T14:05:00,2026-03-15T16:25:00,
VIE,BCN,2026/3/15,133.69,A3,PT15H55M,2026-03-15T18:30:00,2026-03-15T21:35:00,
VIE,BCN,2026/3/15,133.69,A3,PT22H40M,2026-03-15T18:30:00,2026-03-15T21:35:00,
VIE,BCN,2026/3/15,137.48,JU,PT18H5M,2026-03-15T15:00:00,2026-03-15T16:20:00,
VIE,BCN,2026/3/15,143.71,AF,PT5H25M,2026-03-15T06:50:00,2026-03-15T08:50:00,
VIE,BCN,2026/3/15,143.71,AF,PT6H5M,2026-03-15T17:00:00,2026-03-15T18:55:00,
VIE,BCN,2026/3/15,143.71,AF,PT6H50M,2026-03-15T12:15:00,2026-03-15T14:10:00,
VIE,BCN,2026/3/15,143.71,AF,PT9H40M,2026-03-15T06:50:00,2026-03-15T08:50:00,
VIE,BCN,2026/3/15,143.71,AF,PT10H50M,2026-03-15T12:15:00,2026-03-15T14:10:00,
VIE,BCN,2026/3/15,143.71,AF,PT17H25M,2026-03-15T17:00:00,2026-03-15T18:55:00,
VIE,BCN,2026/3/15,157.48,JU,PT4H45M,2026-03-15T15:00:00,2026-03-15T16:20:00,
VIE,BCN,2026/3/15,157.48,JU,PT9H55M,2026-03-15T09:50:00,2026-03-15T11:10:00,
VIE,BCN,2026/3/15,185.54,IB,PT12H40M,2026-03-15T19:45:00,2026-03-15T22:55:00,
VIE,BCN,2026/3/15,189.38,LH,PT12H35M,2026-03-15T20:00:00,2026-03-15T21:15:00,
VIE,BCN,2026/3/16,133.69,A3,PT6H15M,2026-03-16T10:55:00,2026-03-16T14:05:00,
VIE,BCN,2026/3/16,133.69,A3,PT23H30M,2026-03-16T10:55:00,2026-03-16T14:05:00,
VIE,BCN,2026/3/16,137.26,DY,PT21H,2026-03-16T15:40:00,2026-03-16T17:55:00,
VIE,BCN,2026/3/16,137.48,JU,PT9H55M,2026-03-16T09:50:00,2026-03-16T11:10:00,
VIE,BCN,2026/3/16,140.7,AF,PT4H40M,2026-03-16T12:25:00,2026-03-16T14:30:00,
VIE,BCN,2026/3/16,140.7,AF,PT6H55M,2026-03-16T12:25:00,2026-03-16T14:30:00,
VIE,BCN,2026/3/16,140.7,AF,PT14H30M,2026-03-16T18:20:00,2026-03-16T20:30:00,
VIE,BCN,2026/3/16,143.71,AF,PT5H25M,2026-03-16T06:50:00,2026-03-16T08:50:00,
VIE,BCN,2026/3/16,143.71,AF,PT6H5M,2026-03-16T17:00:00,2026-03-16T18:55:00,
VIE,BCN,2026/3/16,143.71,AF,PT6H50M,2026-03-16T12:15:00,2026-03-16T14:10:00,
VIE,BCN,2026/3/16,143.71,AF,PT9H40M,2026-03-16T06:50:00,2026-03-16T08:50:00,
VIE,BCN,2026/3/16,143.71,AF,PT10H50M,2026-03-16T12:15:00,2026-03-16T14:10:00,
VIE,BCN,2026/3/16,143.71,AF,PT15H35M,2026-03-16T18:50:00,2026-03-16T20:45:00,
VIE,BCN,2026/3/16,143.71,AF,PT17H25M,2026-03-16T17:00:00,2026-03-16T18:55:00,
VIE,BCN,2026/3/16,143.71,AF,PT17H25M,2026-03-16T18:50:00,2026-03-16T20:45:00,
VIE,BCN,2026/3/17,136.12,LO,PT22H20M,2026-03-17T19:25:00,2026-03-17T20:40:00,
VIE,BCN,2026/3/17,143.71,AF,PT5H25M,2026-03-17T06:50:00,2026-03-17T08:50:00,
VIE,BCN,2026/3/17,143.71,AF,PT6H5M,2026-03-17T17:00:00,2026-03-17T18:55:00,
VIE,BCN,2026/3/17,143.71,AF,PT6H50M,2026-03-17T12:15:00,2026-03-17T14:10:00,
VIE,BCN,2026/3/17,143.71,AF,PT9H40M,2026-03-17T06:50:00,2026-03-17T08:50:00,
VIE,BCN,2026/3/17,143.71,AF,PT10H50M,2026-03-17T12:15:00,2026-03-17T14:10:00,
VIE,BCN,2026/3/17,143.71,AF,PT15H35M,2026-03-17T18:50:00,2026-03-17T20:40:00,
VIE,BCN,2026/3/17,143.71,AF,PT17H25M,2026-03-17T17:00:00,2026-03-17T18:55:00,
VIE,BCN,2026/3/17,157.7,AF,PT4H55M,2026-03-17T06:15:00,2026-03-17T08:30:00,
VIE,BCN,2026/3/17,157.7,AF,PT7H45M,2026-03-17T06:15:00,2026-03-17T08:30:00,
VIE,BCN,2026/3/17,159.69,A3,PT6H15M,2026-03-17T10:55:00,2026-03-17T14:05:00,
VIE,BCN,2026/3/17,159.69,A3,PT23H30M,2026-03-17T10:55:00,2026-03-17T14:05:00,
VIE,BCN,2026/3/17,185.54,IB,PT5H50M,2026-03-17T12:20:00,2026-03-17T15:30:00,
VIE,BCN,2026/3/17,194.92,LH,PT16H20M,2026-03-17T20:25:00,2026-03-17T22:00:00,
VIE,BCN,2026/3/17,203.74,LH,PT18H15M,2026-03-17T14:45:00,2026-03-17T16:20:00,
VIE,BCN,2026/3/18,133.69,A3,PT6H15M,2026-03-18T10:55:00,2026-03-18T14:05:00,
VIE,BCN,2026/3/18,136.12,LO,PT8H25M,2026-03-18T09:20:00,2026-03-18T10:35:00,
VIE,BCN,2026/3/18,140.7,AF,PT4H40M,2026-03-18T12:25:00,2026-03-18T14:30:00,
VIE,BCN,2026/3/18,140.7,AF,PT6H55M,2026-03-18T12:25:00,2026-03-18T14:30:00,
VIE,BCN,2026/3/18,140.7,AF,PT14H30M,2026-03-18T18:20:00,2026-03-18T20:30:00,
VIE,BCN,2026/3/18,142.04,AF,PT16H50M,2026-03-18T18:20:00,2026-03-18T20:30:00,
VIE,BCN,2026/3/18,143.71,AF,PT5H25M,2026-03-18T06:50:00,2026-03-18T08:50:00,
VIE,BCN,2026/3/18,143.71,AF,PT6H5M,2026-03-18T17:00:00,2026-03-18T18:55:00,
VIE,BCN,2026/3/18,143.71,AF,PT6H50M,2026-03-18T12:15:00,2026-03-18T14:20:00,
VIE,BCN,2026/3/18,143.71,AF,PT9H40M,2026-03-18T06:50:00,2026-03-18T08:50:00,
VIE,BCN,2026/3/18,143.71,AF,PT10H50M,2026-03-18T12:15:00,2026-03-18T14:20:00,
VIE,BCN,2026/3/18,143.71,AF,PT15H35M,2026-03-18T18:50:00,2026-03-18T20:45:00,
VIE,BCN,2026/3/18,143.71,AF,PT17H25M,2026-03-18T17:00:00,2026-03-18T18:55:00,
VIE,BCN,2026/3/18,143.71,AF,PT17H25M,2026-03-18T18:50:00,2026-03-18T20:45:00,
VIE,BCN,2026/3/18,157.48,JU,PT12H15M,2026-03-18T20:50:00,2026-03-18T22:10:00,
VIE,BCN,2026/3/19,102.48,JU,PT22H55M,2026-03-19T20:50:00,2026-03-19T22:10:00,
VIE,BCN,2026/3/19,129.71,AF,PT5H25M,2026-03-19T06:50:00,2026-03-19T08:50:00,
VIE,BCN,2026/3/19,129.71,AF,PT6H10M,2026-03-19T16:55:00,2026-03-19T18:50:00,
VIE,BCN,2026/3/19,129.71,AF,PT6H50M,2026-03-19T12:15:00,2026-03-19T14:10:00,
VIE,BCN,2026/3/19,129.71,AF,PT9H40M,2026-03-19T06:50:00,2026-03-19T08:50:00,
VIE,BCN,2026/3/19,129.71,AF,PT10H50M,2026-03-19T12:15:00,2026-03-19T14:10:00,
VIE,BCN,2026/3/19,129.71,AF,PT15H35M,2026-03-19T18:50:00,2026-03-19T20:45:00,
VIE,BCN,2026/3/19,129.71,AF,PT17H25M,2026-03-19T18:50:00,2026-03-19T20:45:00,
VIE,BCN,2026/3/19,129.71,AF,PT17H30M,2026-03-19T16:55:00,2026-03-19T18:50:00,
VIE,BCN,2026/3/19,137.48,JU,PT12H15M,2026-03-19T20:50:00,2026-03-19T22:10:00,
VIE,BCN,2026/3/19,140.7,AF,PT4H40M,2026-03-19T12:25:00,2026-03-19T14:30:00,
VIE,BCN,2026/3/19,140.7,AF,PT4H55M,2026-03-19T06:15:00,2026-03-19T08:30:00,
VIE,BCN,2026/3/19,140.7,AF,PT6H55M,2026-03-19T12:25:00,2026-03-19T14:30:00,
VIE,BCN,2026/3/19,140.7,AF,PT7H45M,2026-03-19T06:15:00,2026-03-19T08:30:00,
VIE,BCN,2026/3/19,140.7,AF,PT14H30M,2026-03-19T18:20:00,2026-03-19T20:30:00,
LJU,BCN,2026/2/18,125.85,JU,PT23H20M,2026-02-18T09:45:00,2026-02-18T11:05:00,
LJU,BCN,2026/2/18,145.85,JU,PT10H,2026-02-18T09:45:00,2026-02-18T11:05:00,
LJU,BCN,2026/2/18,145.85,JU,PT12H20M,2026-02-18T20:45:00,2026-02-18T22:05:00,
LJU,BCN,2026/2/18,196.08,AF,PT10H15M,2026-02-18T12:50:00,2026-02-18T14:40:00,
LJU,BCN,2026/2/18,196.08,AF,PT21H35M,2026-02-18T12:50:00,2026-02-18T14:40:00,
LJU,BCN,2026/2/18,199.07,AF,PT6H55M,2026-02-18T12:25:00,2026-02-18T14:25:00,
LJU,BCN,2026/2/18,210.49,LO,PT20H50M,2026-02-18T13:45:00,2026-02-18T15:20:00,
LJU,BCN,2026/2/18,212.31,AF,PT10H40M,2026-02-18T12:25:00,2026-02-18T14:25:00,
LJU,BCN,2026/2/18,223.07,AF,PT10H30M,2026-02-18T12:25:00,2026-02-18T14:25:00,
LJU,BCN,2026/2/18,224.31,AF,PT10H40M,2026-02-18T12:25:00,2026-02-18T14:25:00,
LJU,BCN,2026/2/18,268.84,TK,PT7H45M,2026-02-18T09:20:00,2026-02-18T13:45:00,
LJU,BCN,2026/2/18,268.84,TK,PT14H30M,2026-02-18T09:20:00,2026-02-18T13:45:00,
LJU,BCN,2026/2/18,268.84,TK,PT14H55M,2026-02-18T19:35:00,2026-02-19T00:05:00,
LJU,BCN,2026/2/18,268.84,TK,PT17H50M,2026-02-18T19:35:00,2026-02-19T00:05:00,
LJU,BCN,2026/2/18,425.1,LH,PT4H45M,2026-02-18T10:00:00,2026-02-18T10:55:00,
LJU,BCN,2026/2/19,123.34,VY,PT2H10M,2026-02-19T15:15:00,2026-02-19T17:25:00,
LJU,BCN,2026/2/19,125.85,JU,PT12H20M,2026-02-19T20:45:00,2026-02-19T22:05:00,
LJU,BCN,2026/2/19,125.85,JU,PT23H20M,2026-02-19T09:45:00,2026-02-19T11:05:00,
LJU,BCN,2026/2/19,125.85,JU,PT23H,2026-02-19T20:45:00,2026-02-19T22:05:00,
LJU,BCN,2026/2/19,196.08,AF,PT10H15M,2026-02-19T12:50:00,2026-02-19T14:40:00,
LJU,BCN,2026/2/19,196.08,AF,PT21H35M,2026-02-19T12:50:00,2026-02-19T14:40:00,
LJU,BCN,2026/2/19,223.07,AF,PT6H55M,2026-02-19T12:25:00,2026-02-19T14:25:00,
LJU,BCN,2026/2/19,224.31,AF,PT10H40M,2026-02-19T12:25:00,2026-02-19T14:25:00,
LJU,BCN,2026/2/19,263.07,AF,PT10H30M,2026-02-19T12:25:00,2026-02-19T14:25:00,
LJU,BCN,2026/2/19,268.84,TK,PT7H45M,2026-02-19T09:20:00,2026-02-19T13:45:00,
LJU,BCN,2026/2/19,268.84,TK,PT14H30M,2026-02-19T09:20:00,2026-02-19T13:45:00,
LJU,BCN,2026/2/19,268.84,TK,PT15H10M,2026-02-19T19:35:00,2026-02-20T00:05:00,
LJU,BCN,2026/2/19,268.84,TK,PT21H50M,2026-02-19T19:35:00,2026-02-20T00:05:00,
LJU,BCN,2026/2/19,271.31,AF,PT10H40M,2026-02-19T12:25:00,2026-02-19T14:25:00,
LJU,BCN,2026/2/19,343.18,LH,PT5H25M,2026-02-19T06:35:00,2026-02-19T08:00:00,
LJU,BCN,2026/2/20,125.85,JU,PT4H50M,2026-02-20T14:55:00,2026-02-20T16:15:00,
LJU,BCN,2026/2/20,125.85,JU,PT12H20M,2026-02-20T20:45:00,2026-02-20T22:05:00,
LJU,BCN,2026/2/20,125.85,JU,PT18H10M,2026-02-20T14:55:00,2026-02-20T16:15:00,
LJU,BCN,2026/2/20,125.85,JU,PT10H45M,2026-02-20T09:00:00,2026-02-20T10:20:00,
LJU,BCN,2026/2/20,154.08,AF,PT21H35M,2026-02-20T12:50:00,2026-02-20T14:40:00,
LJU,BCN,2026/2/20,196.08,AF,PT10H15M,2026-02-20T12:50:00,2026-02-20T14:40:00,
LJU,BCN,2026/2/20,210.49,LO,PT20H50M,2026-02-20T13:45:00,2026-02-20T15:20:00,
LJU,BCN,2026/2/20,240.31,AF,PT10H40M,2026-02-20T12:25:00,2026-02-20T14:25:00,
LJU,BCN,2026/2/20,268.84,TK,PT8H5M,2026-02-20T09:20:00,2026-02-20T13:45:00,
LJU,BCN,2026/2/20,268.84,TK,PT14H30M,2026-02-20T09:20:00,2026-02-20T13:45:00,
LJU,BCN,2026/2/20,268.84,TK,PT14H55M,2026-02-20T19:35:00,2026-02-21T00:05:00,
LJU,BCN,2026/2/20,268.84,TK,PT17H50M,2026-02-20T19:35:00,2026-02-21T00:05:00,
LJU,BCN,2026/2/20,286.31,AF,PT10H40M,2026-02-20T12:25:00,2026-02-20T14:25:00,
LJU,BCN,2026/2/20,303.07,AF,PT6H55M,2026-02-20T12:25:00,2026-02-20T14:25:00,
LJU,BCN,2026/2/20,343.57,LH,PT12H15M,2026-02-20T20:10:00,2026-02-20T21:05:00,
LJU,BCN,2026/2/21,125.85,JU,PT23H,2026-02-21T20:45:00,2026-02-21T22:05:00,
LJU,BCN,2026/2/21,208.08,AF,PT6H15M,2026-02-21T12:50:00,2026-02-21T14:40:00,
LJU,BCN,2026/2/21,208.08,AF,PT21H35M,2026-02-21T12:50:00,2026-02-21T14:40:00,
LJU,BCN,2026/2/21,210.49,LO,PT24H35M,2026-02-21T17:10:00,2026-02-21T18:45:00,
LJU,BCN,2026/2/21,224.62,AF,PT22H,2026-02-21T12:25:00,2026-02-21T14:25:00,
LJU,BCN,2026/2/21,268.84,TK,PT7H45M,2026-02-21T09:20:00,2026-02-21T13:45:00,
LJU,BCN,2026/2/21,268.84,TK,PT14H30M,2026-02-21T09:20:00,2026-02-21T13:45:00,
LJU,BCN,2026/2/21,268.84,TK,PT15H10M,2026-02-21T19:35:00,2026-02-22T00:05:00,
LJU,BCN,2026/2/21,268.84,TK,PT17H50M,2026-02-21T19:35:00,2026-02-22T00:05:00,
LJU,BCN,2026/2/21,282.03,JU,PT22H50M,2026-02-21T20:55:00,2026-02-21T22:35:00,
LJU,BCN,2026/2/21,282.03,JU,PT22H50M,2026-02-21T20:55:00,2026-02-21T22:35:00,
LJU,BCN,2026/2/21,286.31,AF,PT22H,2026-02-21T12:25:00,2026-02-21T14:25:00,
LJU,BCN,2026/2/21,303.07,AF,PT6H55M,2026-02-21T12:25:00,2026-02-21T14:25:00,
LJU,BCN,2026/2/21,303.07,AF,PT10H30M,2026-02-21T12:25:00,2026-02-21T14:25:00,
LJU,BCN,2026/2/21,335.1,LH,PT5H,2026-02-21T09:45:00,2026-02-21T10:40:00,
LJU,BCN,2026/2/22,123.34,VY,PT2H10M,2026-02-22T16:00:00,2026-02-22T18:10:00,
LJU,BCN,2026/2/22,125.85,JU,PT4H50M,2026-02-22T14:55:00,2026-02-22T16:15:00,
LJU,BCN,2026/2/22,125.85,JU,PT10H,2026-02-22T09:45:00,2026-02-22T11:05:00,
LJU,BCN,2026/2/22,125.85,JU,PT12H20M,2026-02-22T20:45:00,2026-02-22T22:05:00,
LJU,BCN,2026/2/22,125.85,JU,PT18H10M,2026-02-22T14:55:00,2026-02-22T16:15:00,
LJU,BCN,2026/2/22,196.08,AF,PT6H15M,2026-02-22T12:50:00,2026-02-22T14:40:00,
LJU,BCN,2026/2/22,196.08,AF,PT10H15M,2026-02-22T12:50:00,2026-02-22T14:40:00,
LJU,BCN,2026/2/22,240.31,AF,PT10H40M,2026-02-22T12:25:00,2026-02-22T14:25:00,
LJU,BCN,2026/2/22,249.49,LO,PT28H,2026-02-22T13:45:00,2026-02-22T15:20:00,
LJU,BCN,2026/2/22,254.31,AF,PT10H40M,2026-02-22T12:25:00,2026-02-22T14:25:00,
LJU,BCN,2026/2/22,263.07,AF,PT6H55M,2026-02-22T12:25:00,2026-02-22T14:25:00,
LJU,BCN,2026/2/22,263.07,AF,PT10H30M,2026-02-22T12:25:00,2026-02-22T14:25:00,
LJU,BCN,2026/2/22,268.84,TK,PT8H5M,2026-02-22T09:20:00,2026-02-22T13:45:00,
LJU,BCN,2026/2/22,268.84,TK,PT14H30M,2026-02-22T09:20:00,2026-02-22T13:45:00,
LJU,BCN,2026/2/22,268.84,TK,PT15H10M,2026-02-22T19:35:00,2026-02-23T00:05:00,
LJU,BCN,2026/2/23,100.85,JU,PT4H50M,2026-02-23T14:55:00,2026-02-23T16:15:00,
LJU,BCN,2026/2/23,100.85,JU,PT10H,2026-02-23T09:45:00,2026-02-23T11:05:00,
LJU,BCN,2026/2/23,170.85,JU,PT12H20M,2026-02-23T20:45:00,2026-02-23T22:05:00,
LJU,BCN,2026/2/23,170.85,JU,PT18H10M,2026-02-23T14:55:00,2026-02-23T16:15:00,
LJU,BCN,2026/2/23,180.08,AF,PT6H15M,2026-02-23T12:50:00,2026-02-23T14:40:00,
LJU,BCN,2026/2/23,180.08,AF,PT10H15M,2026-02-23T12:50:00,2026-02-23T14:40:00,
LJU,BCN,2026/2/23,210.49,LO,PT20H50M,2026-02-23T13:45:00,2026-02-23T15:20:00,
LJU,BCN,2026/2/23,223.07,AF,PT6H55M,2026-02-23T12:25:00,2026-02-23T14:25:00,
LJU,BCN,2026/2/23,223.07,AF,PT10H30M,2026-02-23T12:25:00,2026-02-23T14:25:00,
LJU,BCN,2026/2/23,268.84,TK,PT7H45M,2026-02-23T09:20:00,2026-02-23T13:45:00,
LJU,BCN,2026/2/23,268.84,TK,PT14H30M,2026-02-23T09:20:00,2026-02-23T13:45:00,
LJU,BCN,2026/2/23,268.84,TK,PT15H10M,2026-02-23T19:35:00,2026-02-24T00:05:00,
LJU,BCN,2026/2/23,268.84,TK,PT17H50M,2026-02-23T19:35:00,2026-02-24T00:05:00,
LJU,BCN,2026/2/23,271.31,AF,PT10H40M,2026-02-23T12:25:00,2026-02-23T14:25:00,
LJU,BCN,2026/2/23,271.31,AF,PT10H40M,2026-02-23T12:25:00,2026-02-23T14:25:00,
LJU,BCN,2026/2/24,145.85,JU,PT23H,2026-02-24T20:45:00,2026-02-24T22:05:00,
LJU,BCN,2026/2/24,180.08,AF,PT6H15M,2026-02-24T12:50:00,2026-02-24T14:40:00,
LJU,BCN,2026/2/24,180.08,AF,PT10H15M,2026-02-24T12:50:00,2026-02-24T14:40:00,
LJU,BCN,2026/2/24,210.49,LO,PT24H35M,2026-02-24T17:10:00,2026-02-24T18:45:00,
LJU,BCN,2026/2/24,268.84,TK,PT7H45M,2026-02-24T09:20:00,2026-02-24T13:45:00,
LJU,BCN,2026/2/24,268.84,TK,PT14H30M,2026-02-24T09:20:00,2026-02-24T13:45:00,
LJU,BCN,2026/2/24,268.84,TK,PT15H10M,2026-02-24T19:35:00,2026-02-25T00:05:00,
LJU,BCN,2026/2/24,268.84,TK,PT21H30M,2026-02-24T19:35:00,2026-02-25T00:05:00,
LJU,BCN,2026/2/24,320.03,JU,PT22H50M,2026-02-24T20:55:00,2026-02-24T22:35:00,
LJU,BCN,2026/2/24,320.03,JU,PT22H50M,2026-02-24T20:55:00,2026-02-24T22:35:00,
LJU,BCN,2026/2/24,335.1,LH,PT4H15M,2026-02-24T13:20:00,2026-02-24T14:15:00,
LJU,BCN,2026/2/24,335.1,LH,PT9H45M,2026-02-24T13:20:00,2026-02-24T14:15:00,
LJU,BCN,2026/2/24,340.41,LX,PT4H5M,2026-02-24T14:55:00,2026-02-24T16:10:00,
LJU,BCN,2026/2/24,340.41,LX,PT8H5M,2026-02-24T14:55:00,2026-02-24T16:10:00,
LJU,BCN,2026/2/24,343.18,LH,PT5H45M,2026-02-24T10:35:00,2026-02-24T12:00:00,
LJU,BCN,2026/2/25,125.85,JU,PT23H20M,2026-02-25T09:45:00,2026-02-25T11:05:00,
LJU,BCN,2026/2/25,145.85,JU,PT10H,2026-02-25T09:45:00,2026-02-25T11:05:00,
LJU,BCN,2026/2/25,145.85,JU,PT12H20M,2026-02-25T20:45:00,2026-02-25T22:05:00,
LJU,BCN,2026/2/25,180.08,AF,PT6H15M,2026-02-25T12:50:00,2026-02-25T14:40:00,
LJU,BCN,2026/2/25,180.08,AF,PT10H15M,2026-02-25T12:50:00,2026-02-25T14:40:00,
LJU,BCN,2026/2/25,196.31,AF,PT10H40M,2026-02-25T12:25:00,2026-02-25T14:25:00,
LJU,BCN,2026/2/25,196.31,AF,PT10H40M,2026-02-25T12:25:00,2026-02-25T14:25:00,
LJU,BCN,2026/2/25,199.07,AF,PT6H55M,2026-02-25T12:25:00,2026-02-25T14:25:00,
LJU,BCN,2026/2/25,199.07,AF,PT10H30M,2026-02-25T12:25:00,2026-02-25T14:25:00,
LJU,BCN,2026/2/25,210.49,LO,PT20H50M,2026-02-25T13:45:00,2026-02-25T15:20:00,
LJU,BCN,2026/2/25,268.84,TK,PT7H45M,2026-02-25T09:20:00,2026-02-25T13:45:00,
LJU,BCN,2026/2/25,268.84,TK,PT14H30M,2026-02-25T09:20:00,2026-02-25T13:45:00,
LJU,BCN,2026/2/25,268.84,TK,PT14H55M,2026-02-25T19:35:00,2026-02-26T00:05:00,
LJU,BCN,2026/2/25,268.84,TK,PT17H50M,2026-02-25T19:35:00,2026-02-26T00:05:00,
LJU,BCN,2026/2/25,335.1,LH,PT4H45M,2026-02-25T10:00:00,2026-02-25T10:55:00,
LJU,BCN,2026/2/26,93.85,JU,PT12H20M,2026-02-26T20:45:00,2026-02-26T22:05:00,
LJU,BCN,2026/2/26,93.85,JU,PT23H20M,2026-02-26T09:45:00,2026-02-26T11:05:00,
LJU,BCN,2026/2/26,123.34,VY,PT2H10M,2026-02-26T15:15:00,2026-02-26T17:25:00,
LJU,BCN,2026/2/26,125.85,JU,PT23H,2026-02-26T20:45:00,2026-02-26T22:05:00,
LJU,BCN,2026/2/26,180.08,AF,PT6H15M,2026-02-26T12:50:00,2026-02-26T14:40:00,
LJU,BCN,2026/2/26,180.08,AF,PT10H15M,2026-02-26T12:50:00,2026-02-26T14:40:00,
LJU,BCN,2026/2/26,212.31,AF,PT10H40M,2026-02-26T12:25:00,2026-02-26T14:25:00,
LJU,BCN,2026/2/26,212.31,AF,PT10H40M,2026-02-26T12:25:00,2026-02-26T14:25:00,
LJU,BCN,2026/2/26,223.07,AF,PT6H55M,2026-02-26T12:25:00,2026-02-26T14:25:00,
LJU,BCN,2026/2/26,223.07,AF,PT10H30M,2026-02-26T12:25:00,2026-02-26T14:25:00,
LJU,BCN,2026/2/26,268.84,TK,PT7H45M,2026-02-26T09:20:00,2026-02-26T13:45:00,
LJU,BCN,2026/2/26,268.84,TK,PT14H30M,2026-02-26T09:20:00,2026-02-26T13:45:00,
LJU,BCN,2026/2/26,268.84,TK,PT15H10M,2026-02-26T19:35:00,2026-02-27T00:05:00,
LJU,BCN,2026/2/26,268.84,TK,PT21H50M,2026-02-26T19:35:00,2026-02-27T00:05:00,
LJU,BCN,2026/2/26,335.1,LH,PT9H45M,2026-02-26T13:20:00,2026-02-26T14:15:00,
LJU,BCN,2026/2/27,125.85,JU,PT4H50M,2026-02-27T14:55:00,2026-02-27T16:15:00,
LJU,BCN,2026/2/27,125.85,JU,PT12H20M,2026-02-27T20:45:00,2026-02-27T22:05:00,
LJU,BCN,2026/2/27,125.85,JU,PT18H10M,2026-02-27T14:55:00,2026-02-27T16:15:00,
LJU,BCN,2026/2/27,125.85,JU,PT10H45M,2026-02-27T09:00:00,2026-02-27T10:20:00,
LJU,BCN,2026/2/27,169.08,AF,PT6H15M,2026-02-27T12:50:00,2026-02-27T14:40:00,
LJU,BCN,2026/2/27,169.08,AF,PT10H15M,2026-02-27T12:50:00,2026-02-27T14:40:00,
LJU,BCN,2026/2/27,210.49,LO,PT20H50M,2026-02-27T13:45:00,2026-02-27T15:20:00,
LJU,BCN,2026/2/27,240.31,AF,PT10H40M,2026-02-27T12:25:00,2026-02-27T14:25:00,
LJU,BCN,2026/2/27,240.31,AF,PT10H40M,2026-02-27T12:25:00,2026-02-27T14:25:00,
LJU,BCN,2026/2/27,263.07,AF,PT6H55M,2026-02-27T12:25:00,2026-02-27T14:25:00,
LJU,BCN,2026/2/27,263.07,AF,PT10H30M,2026-02-27T12:25:00,2026-02-27T14:25:00,
LJU,BCN,2026/2/27,268.84,TK,PT8H5M,2026-02-27T09:20:00,2026-02-27T13:45:00,
LJU,BCN,2026/2/27,268.84,TK,PT14H55M,2026-02-27T19:35:00,2026-02-28T00:05:00,
LJU,BCN,2026/2/27,268.84,TK,PT17H50M,2026-02-27T19:35:00,2026-02-28T00:05:00,
LJU,BCN,2026/2/27,298.1,LH,PT5H,2026-02-27T09:45:00,2026-02-27T10:40:00,
LJU,BCN,2026/2/28,125.85,JU,PT23H,2026-02-28T20:45:00,2026-02-28T22:05:00,
LJU,BCN,2026/2/28,169.31,AF,PT22H,2026-02-28T12:25:00,2026-02-28T14:25:00,
LJU,BCN,2026/2/28,169.62,AF,PT22H,2026-02-28T12:25:00,2026-02-28T14:25:00,
LJU,BCN,2026/2/28,196.08,AF,PT6H15M,2026-02-28T12:50:00,2026-02-28T14:40:00,
LJU,BCN,2026/2/28,196.08,AF,PT21H35M,2026-02-28T12:50:00,2026-02-28T14:40:00,
LJU,BCN,2026/2/28,210.49,LO,PT24H35M,2026-02-28T17:10:00,2026-02-28T18:45:00,
LJU,BCN,2026/2/28,268.84,TK,PT7H45M,2026-02-28T09:20:00,2026-02-28T13:45:00,
LJU,BCN,2026/2/28,268.84,TK,PT14H30M,2026-02-28T09:20:00,2026-02-28T13:45:00,
LJU,BCN,2026/2/28,268.84,TK,PT15H10M,2026-02-28T19:35:00,2026-03-01T00:05:00,
LJU,BCN,2026/2/28,268.84,TK,PT17H50M,2026-02-28T19:35:00,2026-03-01T00:05:00,
LJU,BCN,2026/2/28,282.03,JU,PT22H50M,2026-02-28T20:55:00,2026-02-28T22:35:00,
LJU,BCN,2026/2/28,282.03,JU,PT22H50M,2026-02-28T20:55:00,2026-02-28T22:35:00,
LJU,BCN,2026/2/28,298.1,LH,PT5H,2026-02-28T09:45:00,2026-02-28T10:40:00,
LJU,BCN,2026/2/28,298.1,LH,PT7H50M,2026-02-28T09:45:00,2026-02-28T10:40:00,
LJU,BCN,2026/2/28,303.41,LX,PT4H10M,2026-02-28T14:50:00,2026-02-28T16:05:00,
LJU,BCN,2026/3/1,93.85,JU,PT12H20M,2026-03-01T20:45:00,2026-03-01T22:05:00,
LJU,BCN,2026/3/1,93.85,JU,PT18H10M,2026-03-01T14:55:00,2026-03-01T16:15:00,
LJU,BCN,2026/3/1,123.34,VY,PT2H10M,2026-03-01T16:00:00,2026-03-01T18:10:00,
LJU,BCN,2026/3/1,125.85,JU,PT4H50M,2026-03-01T14:55:00,2026-03-01T16:15:00,
LJU,BCN,2026/3/1,125.85,JU,PT10H,2026-03-01T09:45:00,2026-03-01T11:05:00,
LJU,BCN,2026/3/1,172.08,AF,PT6H15M,2026-03-01T12:50:00,2026-03-01T14:40:00,
LJU,BCN,2026/3/1,172.08,AF,PT10H15M,2026-03-01T12:50:00,2026-03-01T14:40:00,
LJU,BCN,2026/3/1,210.49,LO,PT28H,2026-03-01T13:45:00,2026-03-01T15:20:00,
LJU,BCN,2026/3/1,212.31,AF,PT10H40M,2026-03-01T12:25:00,2026-03-01T14:25:00,
LJU,BCN,2026/3/1,240.31,AF,PT10H40M,2026-03-01T12:25:00,2026-03-01T14:25:00,
LJU,BCN,2026/3/1,268.84,TK,PT8H5M,2026-03-01T09:20:00,2026-03-01T13:45:00,
LJU,BCN,2026/3/1,268.84,TK,PT14H30M,2026-03-01T09:20:00,2026-03-01T13:45:00,
LJU,BCN,2026/3/1,268.84,TK,PT15H10M,2026-03-01T19:35:00,2026-03-02T00:05:00,
LJU,BCN,2026/3/1,268.84,TK,PT21H30M,2026-03-01T19:35:00,2026-03-02T00:05:00,
LJU,BCN,2026/3/1,298.1,LH,PT5H,2026-03-01T09:45:00,2026-03-01T10:40:00,
LJU,BCN,2026/3/2,107.06,A3,PT25H55M,2026-03-02T15:15:00,2026-03-02T18:10:00,
LJU,BCN,2026/3/2,125.85,JU,PT4H50M,2026-03-02T14:55:00,2026-03-02T16:15:00,
LJU,BCN,2026/3/2,125.85,JU,PT10H,2026-03-02T09:45:00,2026-03-02T11:05:00,
LJU,BCN,2026/3/2,169.08,AF,PT6H15M,2026-03-02T12:50:00,2026-03-02T14:40:00,
LJU,BCN,2026/3/2,169.08,AF,PT10H15M,2026-03-02T12:50:00,2026-03-02T14:40:00,
LJU,BCN,2026/3/2,170.85,JU,PT12H20M,2026-03-02T20:45:00,2026-03-02T22:05:00,
LJU,BCN,2026/3/2,170.85,JU,PT18H10M,2026-03-02T14:55:00,2026-03-02T16:15:00,
LJU,BCN,2026/3/2,185.17,A3,PT25H50M,2026-03-02T15:15:00,2026-03-02T18:10:00,
LJU,BCN,2026/3/2,186.31,AF,PT10H40M,2026-03-02T12:25:00,2026-03-02T14:25:00,
LJU,BCN,2026/3/2,210.49,LO,PT20H50M,2026-03-02T13:45:00,2026-03-02T15:20:00,
LJU,BCN,2026/3/2,211.17,A3,PT25H50M,2026-03-02T15:15:00,2026-03-02T18:10:00,
LJU,BCN,2026/3/2,212.31,AF,PT10H40M,2026-03-02T12:25:00,2026-03-02T14:25:00,
LJU,BCN,2026/3/2,240.17,A3,PT25H50M,2026-03-02T15:15:00,2026-03-02T18:10:00,
LJU,BCN,2026/3/2,243.06,A3,PT19H10M,2026-03-02T15:15:00,2026-03-02T18:10:00,
LJU,BCN,2026/3/2,268.84,TK,PT7H45M,2026-03-02T09:20:00,2026-03-02T13:45:00,
LJU,BCN,2026/3/3,169.08,AF,PT6H15M,2026-03-03T12:50:00,2026-03-03T14:40:00,
LJU,BCN,2026/3/3,169.08,AF,PT10H15M,2026-03-03T12:50:00,2026-03-03T14:40:00,
LJU,BCN,2026/3/3,200.85,JU,PT23H,2026-03-03T20:45:00,2026-03-03T22:05:00,
LJU,BCN,2026/3/3,210.49,LO,PT24H35M,2026-03-03T17:10:00,2026-03-03T18:45:00,
LJU,BCN,2026/3/3,268.84,TK,PT7H45M,2026-03-03T09:20:00,2026-03-03T13:45:00,
LJU,BCN,2026/3/3,268.84,TK,PT14H30M,2026-03-03T09:20:00,2026-03-03T13:45:00,
LJU,BCN,2026/3/3,268.84,TK,PT15H10M,2026-03-03T19:35:00,2026-03-04T00:05:00,
LJU,BCN,2026/3/3,268.84,TK,PT21H30M,2026-03-03T19:35:00,2026-03-04T00:05:00,
LJU,BCN,2026/3/3,298.1,LH,PT4H15M,2026-03-03T13:20:00,2026-03-03T14:15:00,
LJU,BCN,2026/3/3,298.1,LH,PT9H45M,2026-03-03T13:20:00,2026-03-03T14:15:00,
LJU,BCN,2026/3/3,303.41,LX,PT4H5M,2026-03-03T14:55:00,2026-03-03T16:10:00,
LJU,BCN,2026/3/3,303.41,LX,PT7H35M,2026-03-03T06:30:00,2026-03-03T07:50:00,
LJU,BCN,2026/3/3,303.41,LX,PT8H5M,2026-03-03T14:55:00,2026-03-03T16:10:00,
LJU,BCN,2026/3/3,303.41,LX,PT12H30M,2026-03-03T06:30:00,2026-03-03T07:50:00,
LJU,BCN,2026/3/3,306.18,LH,PT5H25M,2026-03-03T06:35:00,2026-03-03T08:00:00,
LJU,BCN,2026/3/4,145.85,JU,PT23H20M,2026-03-04T09:45:00,2026-03-04T11:05:00,
LJU,BCN,2026/3/4,154.08,AF,PT6H15M,2026-03-04T12:50:00,2026-03-04T14:40:00,
LJU,BCN,2026/3/4,154.08,AF,PT10H15M,2026-03-04T12:50:00,2026-03-04T14:40:00,
LJU,BCN,2026/3/4,170.85,JU,PT12H20M,2026-03-04T20:45:00,2026-03-04T22:05:00,
LJU,BCN,2026/3/4,177.07,AF,PT6H55M,2026-03-04T12:25:00,2026-03-04T14:25:00,
LJU,BCN,2026/3/4,177.07,AF,PT10H30M,2026-03-04T12:25:00,2026-03-04T14:25:00,
LJU,BCN,2026/3/4,200.85,JU,PT10H,2026-03-04T09:45:00,2026-03-04T11:05:00,
LJU,BCN,2026/3/4,210.49,LO,PT20H50M,2026-03-04T13:45:00,2026-03-04T15:20:00,
LJU,BCN,2026/3/4,212.31,AF,PT10H40M,2026-03-04T12:25:00,2026-03-04T14:25:00,
LJU,BCN,2026/3/4,240.31,AF,PT10H40M,2026-03-04T12:25:00,2026-03-04T14:25:00,
LJU,BCN,2026/3/4,265.41,LX,PT4H5M,2026-03-04T14:55:00,2026-03-04T16:10:00,
LJU,BCN,2026/3/4,265.41,LX,PT7H35M,2026-03-04T06:30:00,2026-03-04T07:50:00,
LJU,BCN,2026/3/4,265.41,LX,PT8H5M,2026-03-04T14:55:00,2026-03-04T16:10:00,
LJU,BCN,2026/3/4,265.41,LX,PT12H30M,2026-03-04T06:30:00,2026-03-04T07:50:00,
LJU,BCN,2026/3/4,268.18,LH,PT5H20M,2026-03-04T06:35:00,2026-03-04T08:00:00,
LJU,BCN,2026/3/5,123.34,VY,PT2H10M,2026-03-05T15:15:00,2026-03-05T17:25:00,
LJU,BCN,2026/3/5,125.85,JU,PT12H20M,2026-03-05T20:45:00,2026-03-05T22:05:00,
LJU,BCN,2026/3/5,125.85,JU,PT23H,2026-03-05T20:45:00,2026-03-05T22:05:00,
LJU,BCN,2026/3/5,125.85,JU,PT23H20M,2026-03-05T09:45:00,2026-03-05T11:05:00,
LJU,BCN,2026/3/5,154.08,AF,PT6H15M,2026-03-05T12:50:00,2026-03-05T14:40:00,
LJU,BCN,2026/3/5,154.08,AF,PT10H15M,2026-03-05T12:50:00,2026-03-05T14:40:00,
LJU,BCN,2026/3/5,223.07,AF,PT6H55M,2026-03-05T12:25:00,2026-03-05T14:25:00,
LJU,BCN,2026/3/5,223.07,AF,PT10H30M,2026-03-05T12:25:00,2026-03-05T14:25:00,
LJU,BCN,2026/3/5,240.31,AF,PT10H40M,2026-03-05T12:25:00,2026-03-05T14:25:00,
LJU,BCN,2026/3/5,260.1,LH,PT4H15M,2026-03-05T13:20:00,2026-03-05T14:15:00,
LJU,BCN,2026/3/5,260.1,LH,PT9H45M,2026-03-05T13:20:00,2026-03-05T14:15:00,
LJU,BCN,2026/3/5,265.41,LX,PT4H35M,2026-03-05T14:25:00,2026-03-05T15:40:00,
LJU,BCN,2026/3/5,265.41,LX,PT7H35M,2026-03-05T06:30:00,2026-03-05T07:50:00,
LJU,BCN,2026/3/5,265.41,LX,PT8H35M,2026-03-05T14:25:00,2026-03-05T15:40:00,
LJU,BCN,2026/3/5,265.41,LX,PT12H30M,2026-03-05T06:30:00,2026-03-05T07:50:00,
LJU,BCN,2026/3/6,107.06,A3,PT28H35M,2026-03-06T12:35:00,2026-03-06T15:30:00,
LJU,BCN,2026/3/6,123.06,A3,PT21H50M,2026-03-06T12:35:00,2026-03-06T15:30:00,
LJU,BCN,2026/3/6,125.85,JU,PT4H50M,2026-03-06T14:55:00,2026-03-06T16:15:00,
LJU,BCN,2026/3/6,125.85,JU,PT18H10M,2026-03-06T14:55:00,2026-03-06T16:15:00,
LJU,BCN,2026/3/6,125.85,JU,PT10H45M,2026-03-06T09:00:00,2026-03-06T10:20:00,
LJU,BCN,2026/3/6,125.85,JU,PT12H20M,2026-03-06T20:45:00,2026-03-06T22:05:00,
LJU,BCN,2026/3/6,154.08,AF,PT6H15M,2026-03-06T12:50:00,2026-03-06T14:40:00,
LJU,BCN,2026/3/6,154.08,AF,PT10H15M,2026-03-06T12:50:00,2026-03-06T14:40:00,
LJU,BCN,2026/3/6,185.17,A3,PT28H20M,2026-03-06T12:35:00,2026-03-06T15:30:00,
LJU,BCN,2026/3/6,185.17,A3,PT28H20M,2026-03-06T12:35:00,2026-03-06T15:30:00,
LJU,BCN,2026/3/6,185.17,A3,PT28H20M,2026-03-06T12:35:00,2026-03-06T15:30:00,
LJU,BCN,2026/3/6,198.07,AF,PT6H55M,2026-03-06T12:25:00,2026-03-06T14:25:00,
LJU,BCN,2026/3/6,198.07,AF,PT10H30M,2026-03-06T12:25:00,2026-03-06T14:25:00,
LJU,BCN,2026/3/6,210.49,LO,PT20H50M,2026-03-06T13:45:00,2026-03-06T15:20:00,
LJU,BCN,2026/3/6,211.17,A3,PT28H20M,2026-03-06T12:35:00,2026-03-06T15:30:00,
LJU,BCN,2026/3/7,117.08,AF,PT6H15M,2026-03-07T12:50:00,2026-03-07T14:40:00,
LJU,BCN,2026/3/7,117.08,AF,PT21H35M,2026-03-07T12:50:00,2026-03-07T14:40:00,
LJU,BCN,2026/3/7,125.85,JU,PT23H,2026-03-07T20:45:00,2026-03-07T22:05:00,
LJU,BCN,2026/3/7,186.62,AF,PT22H,2026-03-07T12:25:00,2026-03-07T14:25:00,
LJU,BCN,2026/3/7,198.07,AF,PT6H55M,2026-03-07T12:25:00,2026-03-07T14:25:00,
LJU,BCN,2026/3/7,198.07,AF,PT10H30M,2026-03-07T12:25:00,2026-03-07T14:25:00,
LJU,BCN,2026/3/7,210.49,LO,PT24H35M,2026-03-07T17:10:00,2026-03-07T18:45:00,
LJU,BCN,2026/3/7,212.31,AF,PT22H,2026-03-07T12:25:00,2026-03-07T14:25:00,
LJU,BCN,2026/3/7,260.1,LH,PT5H,2026-03-07T09:45:00,2026-03-07T10:40:00,
LJU,BCN,2026/3/7,260.1,LH,PT7H50M,2026-03-07T09:45:00,2026-03-07T10:40:00,
LJU,BCN,2026/3/7,265.41,LX,PT4H10M,2026-03-07T14:50:00,2026-03-07T16:05:00,
LJU,BCN,2026/3/7,265.41,LX,PT7H35M,2026-03-07T06:30:00,2026-03-07T07:50:00,
LJU,BCN,2026/3/7,265.41,LX,PT8H10M,2026-03-07T14:50:00,2026-03-07T16:05:00,
LJU,BCN,2026/3/7,265.41,LX,PT12H30M,2026-03-07T06:30:00,2026-03-07T07:50:00,
LJU,BCN,2026/3/7,268.18,LH,PT5H20M,2026-03-07T06:55:00,2026-03-07T08:20:00,
LJU,BCN,2026/3/8,123.34,VY,PT2H10M,2026-03-08T16:00:00,2026-03-08T18:10:00,
LJU,BCN,2026/3/8,125.85,JU,PT4H50M,2026-03-08T14:55:00,2026-03-08T16:15:00,
LJU,BCN,2026/3/8,125.85,JU,PT10H,2026-03-08T09:45:00,2026-03-08T11:05:00,
LJU,BCN,2026/3/8,125.85,JU,PT12H20M,2026-03-08T20:45:00,2026-03-08T22:05:00,
LJU,BCN,2026/3/8,125.85,JU,PT18H10M,2026-03-08T14:55:00,2026-03-08T16:15:00,
LJU,BCN,2026/3/8,154.08,AF,PT6H15M,2026-03-08T12:50:00,2026-03-08T14:40:00,
LJU,BCN,2026/3/8,154.08,AF,PT10H15M,2026-03-08T12:50:00,2026-03-08T14:40:00,
LJU,BCN,2026/3/8,210.49,LO,PT28H,2026-03-08T13:45:00,2026-03-08T15:20:00,
LJU,BCN,2026/3/8,223.07,AF,PT6H55M,2026-03-08T12:25:00,2026-03-08T14:25:00,
LJU,BCN,2026/3/8,223.07,AF,PT10H30M,2026-03-08T12:25:00,2026-03-08T14:25:00,
LJU,BCN,2026/3/8,240.31,AF,PT10H40M,2026-03-08T12:25:00,2026-03-08T14:25:00,
LJU,BCN,2026/3/8,260.1,LH,PT5H,2026-03-08T09:45:00,2026-03-08T10:40:00,
LJU,BCN,2026/3/8,260.1,LH,PT7H50M,2026-03-08T09:45:00,2026-03-08T10:40:00,
LJU,BCN,2026/3/8,265.41,LX,PT4H30M,2026-03-08T14:30:00,2026-03-08T15:45:00,
LJU,BCN,2026/3/8,265.41,LX,PT7H35M,2026-03-08T06:30:00,2026-03-08T07:50:00,
LJU,BCN,2026/3/9,107.06,A3,PT19H10M,2026-03-09T15:15:00,2026-03-09T18:10:00,
LJU,BCN,2026/3/9,107.06,A3,PT25H55M,2026-03-09T15:15:00,2026-03-09T18:10:00,
LJU,BCN,2026/3/9,125.85,JU,PT4H50M,2026-03-09T14:55:00,2026-03-09T16:15:00,
LJU,BCN,2026/3/9,125.85,JU,PT10H,2026-03-09T09:45:00,2026-03-09T11:05:00,
LJU,BCN,2026/3/9,154.08,AF,PT6H15M,2026-03-09T12:50:00,2026-03-09T14:40:00,
LJU,BCN,2026/3/9,154.08,AF,PT10H15M,2026-03-09T12:50:00,2026-03-09T14:40:00,
LJU,BCN,2026/3/9,185.17,A3,PT25H50M,2026-03-09T15:15:00,2026-03-09T18:10:00,
LJU,BCN,2026/3/9,200.85,JU,PT12H20M,2026-03-09T20:45:00,2026-03-09T22:05:00,
LJU,BCN,2026/3/9,200.85,JU,PT18H10M,2026-03-09T14:55:00,2026-03-09T16:15:00,
LJU,BCN,2026/3/9,210.49,LO,PT20H50M,2026-03-09T13:45:00,2026-03-09T15:20:00,
LJU,BCN,2026/3/9,223.07,AF,PT6H55M,2026-03-09T12:25:00,2026-03-09T14:25:00,
LJU,BCN,2026/3/9,223.07,AF,PT10H30M,2026-03-09T12:25:00,2026-03-09T14:25:00,
LJU,BCN,2026/3/9,235.41,LX,PT3H50M,2026-03-09T15:10:00,2026-03-09T16:25:00,
LJU,BCN,2026/3/9,235.41,LX,PT7H35M,2026-03-09T06:30:00,2026-03-09T07:50:00,
LJU,BCN,2026/3/9,235.41,LX,PT7H50M,2026-03-09T15:10:00,2026-03-09T16:25:00,
LJU,BCN,2026/3/10,137.08,AF,PT6H15M,2026-03-10T12:50:00,2026-03-10T14:40:00,
LJU,BCN,2026/3/10,137.08,AF,PT10H15M,2026-03-10T12:50:00,2026-03-10T14:40:00,
LJU,BCN,2026/3/10,200.85,JU,PT23H,2026-03-10T20:45:00,2026-03-10T22:05:00,
LJU,BCN,2026/3/10,210.49,LO,PT24H35M,2026-03-10T17:10:00,2026-03-10T18:45:00,
LJU,BCN,2026/3/10,230.1,LH,PT4H15M,2026-03-10T13:20:00,2026-03-10T14:15:00,
LJU,BCN,2026/3/10,230.1,LH,PT9H45M,2026-03-10T13:20:00,2026-03-10T14:15:00,
LJU,BCN,2026/3/10,235.41,LX,PT4H5M,2026-03-10T14:55:00,2026-03-10T16:10:00,
LJU,BCN,2026/3/10,235.41,LX,PT7H35M,2026-03-10T06:30:00,2026-03-10T07:50:00,
LJU,BCN,2026/3/10,235.41,LX,PT8H5M,2026-03-10T14:55:00,2026-03-10T16:10:00,
LJU,BCN,2026/3/10,235.41,LX,PT12H30M,2026-03-10T06:30:00,2026-03-10T07:50:00,
LJU,BCN,2026/3/10,238.18,LH,PT5H25M,2026-03-10T06:35:00,2026-03-10T08:00:00,
LJU,BCN,2026/3/10,238.18,LH,PT5H45M,2026-03-10T10:35:00,2026-03-10T12:00:00,
LJU,BCN,2026/3/10,238.18,LH,PT6H25M,2026-03-10T06:35:00,2026-03-10T08:00:00,
LJU,BCN,2026/3/10,238.18,LH,PT7H10M,2026-03-10T10:35:00,2026-03-10T12:00:00,
LJU,BCN,2026/3/10,268.84,TK,PT7H45M,2026-03-10T09:20:00,2026-03-10T13:45:00,
LJU,BCN,2026/3/11,137.08,AF,PT6H15M,2026-03-11T12:50:00,2026-03-11T14:40:00,
LJU,BCN,2026/3/11,137.08,AF,PT10H15M,2026-03-11T12:50:00,2026-03-11T14:40:00,
LJU,BCN,2026/3/11,145.85,JU,PT23H20M,2026-03-11T09:45:00,2026-03-11T11:05:00,
LJU,BCN,2026/3/11,170.85,JU,PT12H20M,2026-03-11T20:45:00,2026-03-11T22:05:00,
LJU,BCN,2026/3/11,200.85,JU,PT10H,2026-03-11T09:45:00,2026-03-11T11:05:00,
LJU,BCN,2026/3/11,210.49,LO,PT20H50M,2026-03-11T13:45:00,2026-03-11T15:20:00,
LJU,BCN,2026/3/11,235.41,LX,PT4H5M,2026-03-11T14:55:00,2026-03-11T16:10:00,
LJU,BCN,2026/3/11,235.41,LX,PT7H35M,2026-03-11T06:30:00,2026-03-11T07:50:00,
LJU,BCN,2026/3/11,235.41,LX,PT8H5M,2026-03-11T14:55:00,2026-03-11T16:10:00,
LJU,BCN,2026/3/11,235.41,LX,PT12H30M,2026-03-11T06:30:00,2026-03-11T07:50:00,
LJU,BCN,2026/3/11,238.18,LH,PT5H20M,2026-03-11T06:35:00,2026-03-11T08:00:00,
LJU,BCN,2026/3/11,238.18,LH,PT5H45M,2026-03-11T10:35:00,2026-03-11T12:00:00,
LJU,BCN,2026/3/11,238.18,LH,PT6H25M,2026-03-11T06:35:00,2026-03-11T08:00:00,
LJU,BCN,2026/3/11,238.18,LH,PT7H10M,2026-03-11T10:35:00,2026-03-11T12:00:00,
LJU,BCN,2026/3/11,240.31,AF,PT10H40M,2026-03-11T12:25:00,2026-03-11T14:25:00,
LJU,BCN,2026/3/12,123.34,VY,PT2H10M,2026-03-12T15:15:00,2026-03-12T17:25:00,
LJU,BCN,2026/3/12,125.85,JU,PT23H,2026-03-12T20:45:00,2026-03-12T22:05:00,
LJU,BCN,2026/3/12,125.85,JU,PT23H20M,2026-03-12T09:45:00,2026-03-12T11:05:00,
LJU,BCN,2026/3/12,137.08,AF,PT6H15M,2026-03-12T12:50:00,2026-03-12T14:40:00,
LJU,BCN,2026/3/12,137.08,AF,PT10H15M,2026-03-12T12:50:00,2026-03-12T14:40:00,
LJU,BCN,2026/3/12,144.07,AF,PT6H55M,2026-03-12T12:25:00,2026-03-12T14:25:00,
LJU,BCN,2026/3/12,144.07,AF,PT10H30M,2026-03-12T12:25:00,2026-03-12T14:25:00,
LJU,BCN,2026/3/12,145.85,JU,PT12H20M,2026-03-12T20:45:00,2026-03-12T22:05:00,
LJU,BCN,2026/3/12,153.31,AF,PT10H40M,2026-03-12T12:25:00,2026-03-12T14:25:00,
LJU,BCN,2026/3/12,153.31,AF,PT10H40M,2026-03-12T12:25:00,2026-03-12T14:25:00,
LJU,BCN,2026/3/12,230.1,LH,PT4H15M,2026-03-12T13:20:00,2026-03-12T14:15:00,
LJU,BCN,2026/3/12,230.1,LH,PT9H45M,2026-03-12T13:20:00,2026-03-12T14:15:00,
LJU,BCN,2026/3/12,235.41,LX,PT4H35M,2026-03-12T14:25:00,2026-03-12T15:40:00,
LJU,BCN,2026/3/12,235.41,LX,PT7H35M,2026-03-12T06:30:00,2026-03-12T07:50:00,
LJU,BCN,2026/3/12,235.41,LX,PT8H35M,2026-03-12T14:25:00,2026-03-12T15:40:00,
LJU,BCN,2026/3/13,107.06,A3,PT21H50M,2026-03-13T12:35:00,2026-03-13T15:30:00,
LJU,BCN,2026/3/13,107.06,A3,PT28H35M,2026-03-13T12:35:00,2026-03-13T15:30:00,
LJU,BCN,2026/3/13,125.85,JU,PT4H50M,2026-03-13T14:55:00,2026-03-13T16:15:00,
LJU,BCN,2026/3/13,125.85,JU,PT12H20M,2026-03-13T20:45:00,2026-03-13T22:05:00,
LJU,BCN,2026/3/13,125.85,JU,PT18H10M,2026-03-13T14:55:00,2026-03-13T16:15:00,
LJU,BCN,2026/3/13,125.85,JU,PT10H45M,2026-03-13T09:00:00,2026-03-13T10:20:00,
LJU,BCN,2026/3/13,137.08,AF,PT6H15M,2026-03-13T12:50:00,2026-03-13T14:40:00,
LJU,BCN,2026/3/13,137.08,AF,PT10H15M,2026-03-13T12:50:00,2026-03-13T14:40:00,
LJU,BCN,2026/3/13,185.17,A3,PT28H20M,2026-03-13T12:35:00,2026-03-13T15:30:00,
LJU,BCN,2026/3/13,185.17,A3,PT28H20M,2026-03-13T12:35:00,2026-03-13T15:30:00,
LJU,BCN,2026/3/13,186.31,AF,PT10H40M,2026-03-13T12:25:00,2026-03-13T14:25:00,
LJU,BCN,2026/3/13,188.31,AF,PT10H40M,2026-03-13T12:25:00,2026-03-13T14:25:00,
LJU,BCN,2026/3/13,210.49,LO,PT20H50M,2026-03-13T13:45:00,2026-03-13T15:20:00,
LJU,BCN,2026/3/13,211.17,A3,PT28H20M,2026-03-13T12:35:00,2026-03-13T15:30:00,
LJU,BCN,2026/3/13,223.07,AF,PT6H55M,2026-03-13T12:25:00,2026-03-13T14:25:00,
LJU,BCN,2026/3/14,117.08,AF,PT6H15M,2026-03-14T12:50:00,2026-03-14T14:40:00,
LJU,BCN,2026/3/14,117.08,AF,PT21H35M,2026-03-14T12:50:00,2026-03-14T14:40:00,
LJU,BCN,2026/3/14,125.85,JU,PT23H,2026-03-14T20:45:00,2026-03-14T22:05:00,
LJU,BCN,2026/3/14,133.31,AF,PT22H,2026-03-14T12:25:00,2026-03-14T14:25:00,
LJU,BCN,2026/3/14,133.62,AF,PT22H,2026-03-14T12:25:00,2026-03-14T14:25:00,
LJU,BCN,2026/3/14,177.07,AF,PT10H30M,2026-03-14T12:25:00,2026-03-14T14:25:00,
LJU,BCN,2026/3/14,198.07,AF,PT6H55M,2026-03-14T12:25:00,2026-03-14T14:25:00,
LJU,BCN,2026/3/14,204.49,LO,PT24H35M,2026-03-14T17:10:00,2026-03-14T18:45:00,
LJU,BCN,2026/3/14,230.1,LH,PT5H,2026-03-14T09:45:00,2026-03-14T10:40:00,
LJU,BCN,2026/3/14,230.1,LH,PT7H50M,2026-03-14T09:45:00,2026-03-14T10:40:00,
LJU,BCN,2026/3/14,235.41,LX,PT4H10M,2026-03-14T14:50:00,2026-03-14T16:05:00,
LJU,BCN,2026/3/14,235.41,LX,PT7H35M,2026-03-14T06:30:00,2026-03-14T07:50:00,
LJU,BCN,2026/3/14,235.41,LX,PT8H10M,2026-03-14T14:50:00,2026-03-14T16:05:00,
LJU,BCN,2026/3/14,235.41,LX,PT12H30M,2026-03-14T06:30:00,2026-03-14T07:50:00,
LJU,BCN,2026/3/14,238.18,LH,PT5H20M,2026-03-14T06:55:00,2026-03-14T08:20:00,
LJU,BCN,2026/3/15,123.08,AF,PT6H15M,2026-03-15T12:50:00,2026-03-15T14:40:00,
LJU,BCN,2026/3/15,123.08,AF,PT10H15M,2026-03-15T12:50:00,2026-03-15T14:40:00,
LJU,BCN,2026/3/15,123.34,VY,PT2H10M,2026-03-15T16:00:00,2026-03-15T18:10:00,
LJU,BCN,2026/3/15,125.85,JU,PT4H50M,2026-03-15T14:55:00,2026-03-15T16:15:00,
LJU,BCN,2026/3/15,125.85,JU,PT10H,2026-03-15T09:45:00,2026-03-15T11:05:00,
LJU,BCN,2026/3/15,145.85,JU,PT12H20M,2026-03-15T20:45:00,2026-03-15T22:05:00,
LJU,BCN,2026/3/15,145.85,JU,PT18H10M,2026-03-15T14:55:00,2026-03-15T16:15:00,
LJU,BCN,2026/3/15,159.07,AF,PT6H55M,2026-03-15T12:25:00,2026-03-15T14:25:00,
LJU,BCN,2026/3/15,188.31,AF,PT10H40M,2026-03-15T12:25:00,2026-03-15T14:25:00,
LJU,BCN,2026/3/15,198.07,AF,PT10H30M,2026-03-15T12:25:00,2026-03-15T14:25:00,
LJU,BCN,2026/3/15,212.31,AF,PT10H40M,2026-03-15T12:25:00,2026-03-15T14:25:00,
LJU,BCN,2026/3/15,230.1,LH,PT5H,2026-03-15T09:45:00,2026-03-15T10:40:00,
LJU,BCN,2026/3/15,230.1,LH,PT7H50M,2026-03-15T09:45:00,2026-03-15T10:40:00,
LJU,BCN,2026/3/15,235.41,LX,PT4H30M,2026-03-15T14:30:00,2026-03-15T15:45:00,
LJU,BCN,2026/3/15,235.41,LX,PT7H35M,2026-03-15T06:30:00,2026-03-15T07:50:00,
LJU,BCN,2026/3/16,88.85,JU,PT4H50M,2026-03-16T14:55:00,2026-03-16T16:15:00,
LJU,BCN,2026/3/16,88.85,JU,PT10H,2026-03-16T09:45:00,2026-03-16T11:05:00,
LJU,BCN,2026/3/16,107.06,A3,PT19H10M,2026-03-16T15:15:00,2026-03-16T18:10:00,
LJU,BCN,2026/3/16,107.06,A3,PT25H55M,2026-03-16T15:15:00,2026-03-16T18:10:00,
LJU,BCN,2026/3/16,154.08,AF,PT6H15M,2026-03-16T12:50:00,2026-03-16T14:40:00,
LJU,BCN,2026/3/16,154.08,AF,PT10H15M,2026-03-16T12:50:00,2026-03-16T14:40:00,
LJU,BCN,2026/3/16,170.85,JU,PT12H20M,2026-03-16T20:45:00,2026-03-16T22:05:00,
LJU,BCN,2026/3/16,170.85,JU,PT18H10M,2026-03-16T14:55:00,2026-03-16T16:15:00,
LJU,BCN,2026/3/16,185.17,A3,PT25H50M,2026-03-16T15:15:00,2026-03-16T18:10:00,
LJU,BCN,2026/3/16,198.07,AF,PT6H55M,2026-03-16T12:25:00,2026-03-16T14:25:00,
LJU,BCN,2026/3/16,198.07,AF,PT10H30M,2026-03-16T12:25:00,2026-03-16T14:25:00,
LJU,BCN,2026/3/16,211.17,A3,PT25H50M,2026-03-16T15:15:00,2026-03-16T18:10:00,
LJU,BCN,2026/3/16,212.31,AF,PT10H40M,2026-03-16T12:25:00,2026-03-16T14:25:00,
LJU,BCN,2026/3/16,212.31,AF,PT10H40M,2026-03-16T12:25:00,2026-03-16T14:25:00,
LJU,BCN,2026/3/16,235.41,LX,PT3H50M,2026-03-16T15:10:00,2026-03-16T16:25:00,
LJU,BCN,2026/3/17,123.08,AF,PT6H15M,2026-03-17T12:50:00,2026-03-17T14:40:00,
LJU,BCN,2026/3/17,123.08,AF,PT10H15M,2026-03-17T12:50:00,2026-03-17T14:40:00,
LJU,BCN,2026/3/17,200.85,JU,PT23H,2026-03-17T20:45:00,2026-03-17T22:05:00,
LJU,BCN,2026/3/17,230.1,LH,PT4H15M,2026-03-17T13:20:00,2026-03-17T14:15:00,
LJU,BCN,2026/3/17,230.1,LH,PT9H45M,2026-03-17T13:20:00,2026-03-17T14:15:00,
LJU,BCN,2026/3/17,235.41,LX,PT4H5M,2026-03-17T14:55:00,2026-03-17T16:10:00,
LJU,BCN,2026/3/17,235.41,LX,PT7H35M,2026-03-17T06:30:00,2026-03-17T07:50:00,
LJU,BCN,2026/3/17,235.41,LX,PT8H5M,2026-03-17T14:55:00,2026-03-17T16:10:00,
LJU,BCN,2026/3/17,235.41,LX,PT12H30M,2026-03-17T06:30:00,2026-03-17T07:50:00,
LJU,BCN,2026/3/17,238.18,LH,PT5H25M,2026-03-17T06:35:00,2026-03-17T08:00:00,
LJU,BCN,2026/3/17,238.18,LH,PT5H45M,2026-03-17T10:35:00,2026-03-17T12:00:00,
LJU,BCN,2026/3/17,238.18,LH,PT6H25M,2026-03-17T06:35:00,2026-03-17T08:00:00,
LJU,BCN,2026/3/17,238.18,LH,PT7H10M,2026-03-17T10:35:00,2026-03-17T12:00:00,
LJU,BCN,2026/3/17,268.84,TK,PT7H45M,2026-03-17T09:20:00,2026-03-17T13:45:00,
LJU,BCN,2026/3/17,268.84,TK,PT14H30M,2026-03-17T09:20:00,2026-03-17T13:45:00,
LJU,BCN,2026/3/18,123.08,AF,PT6H15M,2026-03-18T12:50:00,2026-03-18T14:40:00,
LJU,BCN,2026/3/18,123.08,AF,PT10H15M,2026-03-18T12:50:00,2026-03-18T14:40:00,
LJU,BCN,2026/3/18,170.85,JU,PT12H20M,2026-03-18T20:45:00,2026-03-18T22:05:00,
LJU,BCN,2026/3/18,170.85,JU,PT23H20M,2026-03-18T09:45:00,2026-03-18T11:05:00,
LJU,BCN,2026/3/18,177.07,AF,PT6H55M,2026-03-18T12:25:00,2026-03-18T14:25:00,
LJU,BCN,2026/3/18,177.07,AF,PT10H30M,2026-03-18T12:25:00,2026-03-18T14:25:00,
LJU,BCN,2026/3/18,186.31,AF,PT10H40M,2026-03-18T12:25:00,2026-03-18T14:25:00,
LJU,BCN,2026/3/18,186.31,AF,PT10H40M,2026-03-18T12:25:00,2026-03-18T14:25:00,
LJU,BCN,2026/3/18,200.85,JU,PT10H,2026-03-18T09:45:00,2026-03-18T11:05:00,
LJU,BCN,2026/3/18,235.41,LX,PT4H5M,2026-03-18T14:55:00,2026-03-18T16:10:00,
LJU,BCN,2026/3/18,235.41,LX,PT7H35M,2026-03-18T06:30:00,2026-03-18T07:50:00,
LJU,BCN,2026/3/18,235.41,LX,PT8H5M,2026-03-18T14:55:00,2026-03-18T16:10:00,
LJU,BCN,2026/3/18,235.41,LX,PT12H30M,2026-03-18T06:30:00,2026-03-18T07:50:00,
LJU,BCN,2026/3/18,238.18,LH,PT5H20M,2026-03-18T06:35:00,2026-03-18T08:00:00,
LJU,BCN,2026/3/18,238.18,LH,PT5H45M,2026-03-18T10:35:00,2026-03-18T12:00:00,
LJU,BCN,2026/3/19,88.85,JU,PT23H,2026-03-19T20:45:00,2026-03-19T22:05:00,
LJU,BCN,2026/3/19,110.08,AF,PT6H15M,2026-03-19T12:50:00,2026-03-19T14:40:00,
LJU,BCN,2026/3/19,110.08,AF,PT10H15M,2026-03-19T12:50:00,2026-03-19T14:40:00,
LJU,BCN,2026/3/19,123.34,VY,PT2H10M,2026-03-19T15:15:00,2026-03-19T17:25:00,
LJU,BCN,2026/3/19,125.85,JU,PT23H20M,2026-03-19T09:45:00,2026-03-19T11:05:00,
LJU,BCN,2026/3/19,145.85,JU,PT12H20M,2026-03-19T20:45:00,2026-03-19T22:05:00,
LJU,BCN,2026/3/19,153.31,AF,PT10H40M,2026-03-19T12:25:00,2026-03-19T14:25:00,
LJU,BCN,2026/3/19,153.31,AF,PT10H40M,2026-03-19T12:25:00,2026-03-19T14:25:00,
LJU,BCN,2026/3/19,159.07,AF,PT6H55M,2026-03-19T12:25:00,2026-03-19T14:25:00,
LJU,BCN,2026/3/19,177.07,AF,PT10H30M,2026-03-19T12:25:00,2026-03-19T14:25:00,
LJU,BCN,2026/3/19,230.1,LH,PT4H15M,2026-03-19T13:20:00,2026-03-19T14:15:00,
LJU,BCN,2026/3/19,230.1,LH,PT9H45M,2026-03-19T13:20:00,2026-03-19T14:15:00,
LJU,BCN,2026/3/19,235.41,LX,PT4H35M,2026-03-19T14:25:00,2026-03-19T15:40:00,
LJU,BCN,2026/3/19,235.41,LX,PT7H35M,2026-03-19T06:30:00,2026-03-19T07:50:00,
LJU,BCN,2026/3/19,235.41,LX,PT8H35M,2026-03-19T14:25:00,2026-03-19T15:40:00,
FCO,BCN,2026/2/18,60.32,VY,PT1H50M,2026-02-18T09:45:00,2026-02-18T11:35:00,
FCO,BCN,2026/2/18,60.32,VY,PT1H50M,2026-02-18T10:30:00,2026-02-18T12:20:00,
FCO,BCN,2026/2/18,60.32,VY,PT1H50M,2026-02-18T11:45:00,2026-02-18T13:35:00,
FCO,BCN,2026/2/18,66.32,VY,PT1H50M,2026-02-18T19:30:00,2026-02-18T21:20:00,
FCO,BCN,2026/2/18,71.32,IB,PT1H50M,2026-02-18T09:45:00,2026-02-18T11:35:00,
FCO,BCN,2026/2/18,71.32,IB,PT1H50M,2026-02-18T10:30:00,2026-02-18T12:20:00,
FCO,BCN,2026/2/18,71.32,IB,PT1H50M,2026-02-18T11:45:00,2026-02-18T13:35:00,
FCO,BCN,2026/2/18,71.32,IB,PT1H50M,2026-02-18T19:30:00,2026-02-18T21:20:00,
FCO,BCN,2026/2/18,95.32,AZ,PT1H50M,2026-02-18T09:00:00,2026-02-18T10:50:00,
FCO,BCN,2026/2/18,95.32,AZ,PT1H50M,2026-02-18T14:05:00,2026-02-18T15:55:00,
FCO,BCN,2026/2/18,95.32,AZ,PT1H50M,2026-02-18T21:25:00,2026-02-18T23:15:00,
FCO,BCN,2026/2/18,147.04,A3,PT22H40M,2026-02-18T18:30:00,2026-02-18T21:30:00,
FCO,BCN,2026/2/18,150.17,UX,PT6H5M,2026-02-18T10:30:00,2026-02-18T13:05:00,
FCO,BCN,2026/2/18,152.86,VY,PT7H10M,2026-02-18T12:40:00,2026-02-18T14:50:00,
FCO,BCN,2026/2/18,159.86,VY,PT8H5M,2026-02-18T15:30:00,2026-02-18T17:45:00,
FCO,BCN,2026/2/19,66.32,VY,PT1H50M,2026-02-19T09:45:00,2026-02-19T11:35:00,
FCO,BCN,2026/2/19,66.32,VY,PT1H50M,2026-02-19T13:25:00,2026-02-19T15:15:00,
FCO,BCN,2026/2/19,66.32,VY,PT1H50M,2026-02-19T19:10:00,2026-02-19T21:00:00,
FCO,BCN,2026/2/19,71.32,IB,PT1H50M,2026-02-19T09:45:00,2026-02-19T11:35:00,
FCO,BCN,2026/2/19,71.32,IB,PT1H50M,2026-02-19T11:45:00,2026-02-19T13:35:00,
FCO,BCN,2026/2/19,71.32,IB,PT1H50M,2026-02-19T12:35:00,2026-02-19T14:25:00,
FCO,BCN,2026/2/19,71.32,IB,PT1H50M,2026-02-19T13:25:00,2026-02-19T15:15:00,
FCO,BCN,2026/2/19,71.32,IB,PT1H50M,2026-02-19T19:10:00,2026-02-19T21:00:00,
FCO,BCN,2026/2/19,71.32,VY,PT1H50M,2026-02-19T11:45:00,2026-02-19T13:35:00,
FCO,BCN,2026/2/19,71.32,VY,PT1H50M,2026-02-19T12:35:00,2026-02-19T14:25:00,
FCO,BCN,2026/2/19,95.24,V7,PT25H5M,2026-02-19T15:00:00,2026-02-19T17:10:00,
FCO,BCN,2026/2/19,95.32,AZ,PT1H50M,2026-02-19T09:00:00,2026-02-19T10:50:00,
FCO,BCN,2026/2/19,95.32,AZ,PT1H50M,2026-02-19T14:05:00,2026-02-19T15:55:00,
FCO,BCN,2026/2/19,95.32,AZ,PT1H50M,2026-02-19T21:25:00,2026-02-19T23:15:00,
FCO,BCN,2026/2/19,120.17,UX,PT6H5M,2026-02-19T10:30:00,2026-02-19T13:05:00,
FCO,BCN,2026/2/20,60.32,VY,PT1H50M,2026-02-20T09:45:00,2026-02-20T11:35:00,
FCO,BCN,2026/2/20,60.32,VY,PT1H50M,2026-02-20T11:45:00,2026-02-20T13:35:00,
FCO,BCN,2026/2/20,60.32,VY,PT1H50M,2026-02-20T12:35:00,2026-02-20T14:25:00,
FCO,BCN,2026/2/20,60.32,VY,PT1H50M,2026-02-20T14:05:00,2026-02-20T15:55:00,
FCO,BCN,2026/2/20,60.32,VY,PT1H50M,2026-02-20T19:10:00,2026-02-20T21:00:00,
FCO,BCN,2026/2/20,66.32,VY,PT1H45M,2026-02-20T07:40:00,2026-02-20T09:25:00,
FCO,BCN,2026/2/20,71.32,IB,PT1H45M,2026-02-20T07:40:00,2026-02-20T09:25:00,
FCO,BCN,2026/2/20,71.32,IB,PT1H50M,2026-02-20T09:45:00,2026-02-20T11:35:00,
FCO,BCN,2026/2/20,71.32,IB,PT1H50M,2026-02-20T11:45:00,2026-02-20T13:35:00,
FCO,BCN,2026/2/20,71.32,IB,PT1H50M,2026-02-20T12:35:00,2026-02-20T14:25:00,
FCO,BCN,2026/2/20,71.32,IB,PT1H50M,2026-02-20T13:25:00,2026-02-20T15:15:00,
FCO,BCN,2026/2/20,71.32,IB,PT1H50M,2026-02-20T19:10:00,2026-02-20T21:00:00,
FCO,BCN,2026/2/20,73.24,V7,PT4H20M,2026-02-20T11:45:00,2026-02-20T13:55:00,
FCO,BCN,2026/2/20,84.32,AZ,PT1H50M,2026-02-20T09:00:00,2026-02-20T10:50:00,
FCO,BCN,2026/2/20,84.32,AZ,PT1H50M,2026-02-20T14:05:00,2026-02-20T15:55:00,
FCO,BCN,2026/2/21,60.32,VY,PT1H50M,2026-02-21T19:10:00,2026-02-21T21:00:00,
FCO,BCN,2026/2/21,66.32,VY,PT1H50M,2026-02-21T09:45:00,2026-02-21T11:35:00,
FCO,BCN,2026/2/21,66.32,VY,PT1H50M,2026-02-21T11:45:00,2026-02-21T13:35:00,
FCO,BCN,2026/2/21,66.32,VY,PT1H50M,2026-02-21T12:35:00,2026-02-21T14:25:00,
FCO,BCN,2026/2/21,66.32,VY,PT1H50M,2026-02-21T14:05:00,2026-02-21T15:55:00,
FCO,BCN,2026/2/21,71.32,IB,PT1H45M,2026-02-21T07:40:00,2026-02-21T09:25:00,
FCO,BCN,2026/2/21,71.32,IB,PT1H50M,2026-02-21T09:45:00,2026-02-21T11:35:00,
FCO,BCN,2026/2/21,71.32,IB,PT1H50M,2026-02-21T11:45:00,2026-02-21T13:35:00,
FCO,BCN,2026/2/21,71.32,IB,PT1H50M,2026-02-21T12:35:00,2026-02-21T14:25:00,
FCO,BCN,2026/2/21,71.32,IB,PT1H50M,2026-02-21T13:25:00,2026-02-21T15:15:00,
FCO,BCN,2026/2/21,71.32,IB,PT1H50M,2026-02-21T19:10:00,2026-02-21T21:00:00,
FCO,BCN,2026/2/21,71.32,VY,PT1H45M,2026-02-21T07:40:00,2026-02-21T09:25:00,
FCO,BCN,2026/2/21,76.49,V7,PT12H50M,2026-02-21T19:10:00,2026-02-21T21:25:00,
FCO,BCN,2026/2/21,84.32,AZ,PT1H50M,2026-02-21T09:00:00,2026-02-21T10:50:00,
FCO,BCN,2026/2/21,84.32,AZ,PT1H50M,2026-02-21T14:05:00,2026-02-21T15:55:00,
FCO,BCN,2026/2/22,66.32,VY,PT1H50M,2026-02-22T19:10:00,2026-02-22T21:00:00,
FCO,BCN,2026/2/22,71.32,IB,PT1H45M,2026-02-22T07:40:00,2026-02-22T09:25:00,
FCO,BCN,2026/2/22,71.32,IB,PT1H50M,2026-02-22T10:55:00,2026-02-22T12:45:00,
FCO,BCN,2026/2/22,71.32,IB,PT1H50M,2026-02-22T11:45:00,2026-02-22T13:35:00,
FCO,BCN,2026/2/22,71.32,IB,PT1H50M,2026-02-22T12:35:00,2026-02-22T14:25:00,
FCO,BCN,2026/2/22,71.32,IB,PT1H50M,2026-02-22T13:25:00,2026-02-22T15:15:00,
FCO,BCN,2026/2/22,71.32,IB,PT1H50M,2026-02-22T19:10:00,2026-02-22T21:00:00,
FCO,BCN,2026/2/22,71.32,VY,PT1H45M,2026-02-22T07:40:00,2026-02-22T09:25:00,
FCO,BCN,2026/2/22,71.32,VY,PT1H50M,2026-02-22T10:55:00,2026-02-22T12:45:00,
FCO,BCN,2026/2/22,71.32,VY,PT1H50M,2026-02-22T11:45:00,2026-02-22T13:35:00,
FCO,BCN,2026/2/22,71.32,VY,PT1H50M,2026-02-22T12:35:00,2026-02-22T14:25:00,
FCO,BCN,2026/2/22,71.32,VY,PT1H50M,2026-02-22T13:25:00,2026-02-22T15:15:00,
FCO,BCN,2026/2/22,72.89,V7,PT20H5M,2026-02-22T12:25:00,2026-02-22T14:15:00,
FCO,BCN,2026/2/22,73.24,V7,PT22H50M,2026-02-22T17:05:00,2026-02-22T19:15:00,
FCO,BCN,2026/2/22,73.32,AZ,PT1H50M,2026-02-22T09:00:00,2026-02-22T10:50:00,
FCO,BCN,2026/2/23,60.32,VY,PT1H50M,2026-02-23T09:45:00,2026-02-23T11:35:00,
FCO,BCN,2026/2/23,60.32,VY,PT1H50M,2026-02-23T11:45:00,2026-02-23T13:35:00,
FCO,BCN,2026/2/23,60.32,VY,PT1H50M,2026-02-23T14:05:00,2026-02-23T15:55:00,
FCO,BCN,2026/2/23,60.32,VY,PT1H50M,2026-02-23T19:10:00,2026-02-23T21:00:00,
FCO,BCN,2026/2/23,66.32,VY,PT1H45M,2026-02-23T07:40:00,2026-02-23T09:25:00,
FCO,BCN,2026/2/23,66.32,VY,PT1H50M,2026-02-23T12:35:00,2026-02-23T14:25:00,
FCO,BCN,2026/2/23,71.32,IB,PT1H45M,2026-02-23T07:40:00,2026-02-23T09:25:00,
FCO,BCN,2026/2/23,71.32,IB,PT1H50M,2026-02-23T09:45:00,2026-02-23T11:35:00,
FCO,BCN,2026/2/23,71.32,IB,PT1H50M,2026-02-23T11:45:00,2026-02-23T13:35:00,
FCO,BCN,2026/2/23,71.32,IB,PT1H50M,2026-02-23T12:35:00,2026-02-23T14:25:00,
FCO,BCN,2026/2/23,71.32,IB,PT1H50M,2026-02-23T14:05:00,2026-02-23T15:55:00,
FCO,BCN,2026/2/23,71.32,IB,PT1H50M,2026-02-23T19:10:00,2026-02-23T21:00:00,
FCO,BCN,2026/2/23,73.32,AZ,PT1H50M,2026-02-23T09:00:00,2026-02-23T10:50:00,
FCO,BCN,2026/2/23,73.32,AZ,PT1H50M,2026-02-23T14:05:00,2026-02-23T15:55:00,
FCO,BCN,2026/2/23,73.32,AZ,PT1H50M,2026-02-23T21:25:00,2026-02-23T23:15:00,
FCO,BCN,2026/2/24,60.32,VY,PT1H45M,2026-02-24T07:40:00,2026-02-24T09:25:00,
FCO,BCN,2026/2/24,60.32,VY,PT1H50M,2026-02-24T09:45:00,2026-02-24T11:35:00,
FCO,BCN,2026/2/24,60.32,VY,PT1H50M,2026-02-24T11:45:00,2026-02-24T13:35:00,
FCO,BCN,2026/2/24,60.32,VY,PT1H50M,2026-02-24T15:30:00,2026-02-24T17:20:00,
FCO,BCN,2026/2/24,64.32,AZ,PT1H50M,2026-02-24T09:00:00,2026-02-24T10:50:00,
FCO,BCN,2026/2/24,64.32,AZ,PT1H50M,2026-02-24T14:05:00,2026-02-24T15:55:00,
FCO,BCN,2026/2/24,64.32,AZ,PT1H50M,2026-02-24T21:25:00,2026-02-24T23:15:00,
FCO,BCN,2026/2/24,71.32,IB,PT1H45M,2026-02-24T07:40:00,2026-02-24T09:25:00,
FCO,BCN,2026/2/24,71.32,IB,PT1H50M,2026-02-24T09:45:00,2026-02-24T11:35:00,
FCO,BCN,2026/2/24,71.32,IB,PT1H50M,2026-02-24T11:45:00,2026-02-24T13:35:00,
FCO,BCN,2026/2/24,71.32,IB,PT1H50M,2026-02-24T15:30:00,2026-02-24T17:20:00,
FCO,BCN,2026/2/24,71.32,IB,PT1H50M,2026-02-24T22:30:00,2026-02-25T00:20:00,
FCO,BCN,2026/2/24,71.32,VY,PT1H50M,2026-02-24T22:30:00,2026-02-25T00:20:00,
FCO,BCN,2026/2/24,120.17,UX,PT6H5M,2026-02-24T10:30:00,2026-02-24T13:05:00,
FCO,BCN,2026/2/24,139.17,IB,PT6H30M,2026-02-24T16:20:00,2026-02-24T18:55:00,
FCO,BCN,2026/2/25,60.32,VY,PT1H50M,2026-02-25T11:45:00,2026-02-25T13:35:00,
FCO,BCN,2026/2/25,60.32,VY,PT1H50M,2026-02-25T15:30:00,2026-02-25T17:20:00,
FCO,BCN,2026/2/25,64.32,AZ,PT1H50M,2026-02-25T09:00:00,2026-02-25T10:50:00,
FCO,BCN,2026/2/25,64.32,AZ,PT1H50M,2026-02-25T14:05:00,2026-02-25T15:55:00,
FCO,BCN,2026/2/25,64.32,AZ,PT1H50M,2026-02-25T21:25:00,2026-02-25T23:15:00,
FCO,BCN,2026/2/25,66.32,VY,PT1H50M,2026-02-25T09:45:00,2026-02-25T11:35:00,
FCO,BCN,2026/2/25,66.32,VY,PT1H50M,2026-02-25T10:30:00,2026-02-25T12:20:00,
FCO,BCN,2026/2/25,71.32,IB,PT1H50M,2026-02-25T09:45:00,2026-02-25T11:35:00,
FCO,BCN,2026/2/25,71.32,IB,PT1H50M,2026-02-25T10:30:00,2026-02-25T12:20:00,
FCO,BCN,2026/2/25,71.32,IB,PT1H50M,2026-02-25T11:45:00,2026-02-25T13:35:00,
FCO,BCN,2026/2/25,71.32,IB,PT1H50M,2026-02-25T15:30:00,2026-02-25T17:20:00,
FCO,BCN,2026/2/25,71.32,IB,PT1H50M,2026-02-25T19:30:00,2026-02-25T21:20:00,
FCO,BCN,2026/2/25,71.32,VY,PT1H50M,2026-02-25T19:30:00,2026-02-25T21:20:00,
FCO,BCN,2026/2/25,120.17,UX,PT6H5M,2026-02-25T10:30:00,2026-02-25T13:05:00,
FCO,BCN,2026/2/25,121.04,A3,PT22H40M,2026-02-25T18:30:00,2026-02-25T21:30:00,
FCO,BCN,2026/2/26,64.32,AZ,PT1H50M,2026-02-26T09:00:00,2026-02-26T10:50:00,
FCO,BCN,2026/2/26,64.32,AZ,PT1H50M,2026-02-26T14:05:00,2026-02-26T15:55:00,
FCO,BCN,2026/2/26,64.32,AZ,PT1H50M,2026-02-26T21:25:00,2026-02-26T23:15:00,
FCO,BCN,2026/2/26,66.32,VY,PT1H50M,2026-02-26T09:45:00,2026-02-26T11:35:00,
FCO,BCN,2026/2/26,66.32,VY,PT1H50M,2026-02-26T13:25:00,2026-02-26T15:15:00,
FCO,BCN,2026/2/26,71.32,IB,PT1H45M,2026-02-26T07:40:00,2026-02-26T09:25:00,
FCO,BCN,2026/2/26,71.32,IB,PT1H50M,2026-02-26T09:45:00,2026-02-26T11:35:00,
FCO,BCN,2026/2/26,71.32,IB,PT1H50M,2026-02-26T11:45:00,2026-02-26T13:35:00,
FCO,BCN,2026/2/26,71.32,IB,PT1H50M,2026-02-26T12:35:00,2026-02-26T14:25:00,
FCO,BCN,2026/2/26,71.32,IB,PT1H50M,2026-02-26T13:25:00,2026-02-26T15:15:00,
FCO,BCN,2026/2/26,71.32,IB,PT1H50M,2026-02-26T19:10:00,2026-02-26T21:00:00,
FCO,BCN,2026/2/26,71.32,VY,PT1H45M,2026-02-26T07:40:00,2026-02-26T09:25:00,
FCO,BCN,2026/2/26,71.32,VY,PT1H50M,2026-02-26T11:45:00,2026-02-26T13:35:00,
FCO,BCN,2026/2/26,71.32,VY,PT1H50M,2026-02-26T12:35:00,2026-02-26T14:25:00,
FCO,BCN,2026/2/26,71.32,VY,PT1H50M,2026-02-26T19:10:00,2026-02-26T21:00:00,
FCO,BCN,2026/2/27,60.32,VY,PT1H45M,2026-02-27T07:40:00,2026-02-27T09:25:00,
FCO,BCN,2026/2/27,60.32,VY,PT1H50M,2026-02-27T09:45:00,2026-02-27T11:35:00,
FCO,BCN,2026/2/27,60.32,VY,PT1H50M,2026-02-27T11:45:00,2026-02-27T13:35:00,
FCO,BCN,2026/2/27,60.32,VY,PT1H50M,2026-02-27T12:35:00,2026-02-27T14:25:00,
FCO,BCN,2026/2/27,60.32,VY,PT1H50M,2026-02-27T14:05:00,2026-02-27T15:55:00,
FCO,BCN,2026/2/27,64.32,AZ,PT1H50M,2026-02-27T09:00:00,2026-02-27T10:50:00,
FCO,BCN,2026/2/27,64.32,AZ,PT1H50M,2026-02-27T14:05:00,2026-02-27T15:55:00,
FCO,BCN,2026/2/27,64.32,AZ,PT1H50M,2026-02-27T21:25:00,2026-02-27T23:15:00,
FCO,BCN,2026/2/27,71.32,IB,PT1H45M,2026-02-27T07:40:00,2026-02-27T09:25:00,
FCO,BCN,2026/2/27,71.32,IB,PT1H50M,2026-02-27T09:45:00,2026-02-27T11:35:00,
FCO,BCN,2026/2/27,71.32,IB,PT1H50M,2026-02-27T11:45:00,2026-02-27T13:35:00,
FCO,BCN,2026/2/27,71.32,IB,PT1H50M,2026-02-27T12:35:00,2026-02-27T14:25:00,
FCO,BCN,2026/2/27,71.32,IB,PT1H50M,2026-02-27T13:25:00,2026-02-27T15:15:00,
FCO,BCN,2026/2/27,71.32,IB,PT1H50M,2026-02-27T19:10:00,2026-02-27T21:00:00,
FCO,BCN,2026/2/27,71.32,VY,PT1H50M,2026-02-27T19:10:00,2026-02-27T21:00:00,
FCO,BCN,2026/2/28,60.32,VY,PT1H50M,2026-02-28T09:45:00,2026-02-28T11:35:00,
FCO,BCN,2026/2/28,60.32,VY,PT1H50M,2026-02-28T11:45:00,2026-02-28T13:35:00,
FCO,BCN,2026/2/28,60.32,VY,PT1H50M,2026-02-28T12:35:00,2026-02-28T14:25:00,
FCO,BCN,2026/2/28,60.32,VY,PT1H50M,2026-02-28T14:05:00,2026-02-28T15:55:00,
FCO,BCN,2026/2/28,60.32,VY,PT1H50M,2026-02-28T19:10:00,2026-02-28T21:00:00,
FCO,BCN,2026/2/28,64.32,AZ,PT1H50M,2026-02-28T09:00:00,2026-02-28T10:50:00,
FCO,BCN,2026/2/28,64.32,AZ,PT1H50M,2026-02-28T14:05:00,2026-02-28T15:55:00,
FCO,BCN,2026/2/28,64.32,AZ,PT1H50M,2026-02-28T21:25:00,2026-02-28T23:15:00,
FCO,BCN,2026/2/28,66.32,VY,PT1H45M,2026-02-28T07:40:00,2026-02-28T09:25:00,
FCO,BCN,2026/2/28,71.32,IB,PT1H45M,2026-02-28T07:40:00,2026-02-28T09:25:00,
FCO,BCN,2026/2/28,71.32,IB,PT1H50M,2026-02-28T09:45:00,2026-02-28T11:35:00,
FCO,BCN,2026/2/28,71.32,IB,PT1H50M,2026-02-28T11:45:00,2026-02-28T13:35:00,
FCO,BCN,2026/2/28,71.32,IB,PT1H50M,2026-02-28T12:35:00,2026-02-28T14:25:00,
FCO,BCN,2026/2/28,71.32,IB,PT1H50M,2026-02-28T13:25:00,2026-02-28T15:15:00,
FCO,BCN,2026/2/28,71.32,IB,PT1H50M,2026-02-28T19:10:00,2026-02-28T21:00:00,
FCO,BCN,2026/3/1,60.32,VY,PT1H50M,2026-03-01T10:55:00,2026-03-01T12:45:00,
FCO,BCN,2026/3/1,60.32,VY,PT1H50M,2026-03-01T12:35:00,2026-03-01T14:25:00,
FCO,BCN,2026/3/1,60.32,VY,PT1H50M,2026-03-01T19:10:00,2026-03-01T21:00:00,
FCO,BCN,2026/3/1,64.32,AZ,PT1H50M,2026-03-01T09:00:00,2026-03-01T10:50:00,
FCO,BCN,2026/3/1,64.32,AZ,PT1H50M,2026-03-01T14:05:00,2026-03-01T15:55:00,
FCO,BCN,2026/3/1,64.32,AZ,PT1H50M,2026-03-01T21:25:00,2026-03-01T23:15:00,
FCO,BCN,2026/3/1,66.32,VY,PT1H45M,2026-03-01T07:40:00,2026-03-01T09:25:00,
FCO,BCN,2026/3/1,66.32,VY,PT1H50M,2026-03-01T11:45:00,2026-03-01T13:35:00,
FCO,BCN,2026/3/1,66.32,VY,PT1H50M,2026-03-01T13:25:00,2026-03-01T15:15:00,
FCO,BCN,2026/3/1,71.32,IB,PT1H45M,2026-03-01T07:40:00,2026-03-01T09:25:00,
FCO,BCN,2026/3/1,71.32,IB,PT1H50M,2026-03-01T10:55:00,2026-03-01T12:45:00,
FCO,BCN,2026/3/1,71.32,IB,PT1H50M,2026-03-01T11:45:00,2026-03-01T13:35:00,
FCO,BCN,2026/3/1,71.32,IB,PT1H50M,2026-03-01T12:35:00,2026-03-01T14:25:00,
FCO,BCN,2026/3/1,71.32,IB,PT1H50M,2026-03-01T13:25:00,2026-03-01T15:15:00,
FCO,BCN,2026/3/1,71.32,IB,PT1H50M,2026-03-01T19:10:00,2026-03-01T21:00:00,
FCO,BCN,2026/3/2,60.32,VY,PT1H50M,2026-03-02T14:05:00,2026-03-02T15:55:00,
FCO,BCN,2026/3/2,60.32,VY,PT1H50M,2026-03-02T19:10:00,2026-03-02T21:00:00,
FCO,BCN,2026/3/2,64.32,AZ,PT1H50M,2026-03-02T09:00:00,2026-03-02T10:50:00,
FCO,BCN,2026/3/2,64.32,AZ,PT1H50M,2026-03-02T14:05:00,2026-03-02T15:55:00,
FCO,BCN,2026/3/2,64.32,AZ,PT1H50M,2026-03-02T21:25:00,2026-03-02T23:15:00,
FCO,BCN,2026/3/2,66.32,VY,PT1H50M,2026-03-02T09:45:00,2026-03-02T11:35:00,
FCO,BCN,2026/3/2,71.32,IB,PT1H45M,2026-03-02T07:40:00,2026-03-02T09:25:00,
FCO,BCN,2026/3/2,71.32,IB,PT1H50M,2026-03-02T09:45:00,2026-03-02T11:35:00,
FCO,BCN,2026/3/2,71.32,IB,PT1H50M,2026-03-02T11:45:00,2026-03-02T13:35:00,
FCO,BCN,2026/3/2,71.32,IB,PT1H50M,2026-03-02T12:35:00,2026-03-02T14:25:00,
FCO,BCN,2026/3/2,71.32,IB,PT1H50M,2026-03-02T14:05:00,2026-03-02T15:55:00,
FCO,BCN,2026/3/2,71.32,IB,PT1H50M,2026-03-02T19:10:00,2026-03-02T21:00:00,
FCO,BCN,2026/3/2,71.32,VY,PT1H45M,2026-03-02T07:40:00,2026-03-02T09:25:00,
FCO,BCN,2026/3/2,71.32,VY,PT1H50M,2026-03-02T11:45:00,2026-03-02T13:35:00,
FCO,BCN,2026/3/2,77.32,VY,PT1H50M,2026-03-02T12:35:00,2026-03-02T14:25:00,
FCO,BCN,2026/3/3,60.32,VY,PT1H45M,2026-03-03T07:40:00,2026-03-03T09:25:00,
FCO,BCN,2026/3/3,60.32,VY,PT1H50M,2026-03-03T09:45:00,2026-03-03T11:35:00,
FCO,BCN,2026/3/3,60.32,VY,PT1H50M,2026-03-03T11:45:00,2026-03-03T13:35:00,
FCO,BCN,2026/3/3,60.32,VY,PT1H50M,2026-03-03T15:30:00,2026-03-03T17:20:00,
FCO,BCN,2026/3/3,64.32,AZ,PT1H50M,2026-03-03T09:00:00,2026-03-03T10:50:00,
FCO,BCN,2026/3/3,64.32,AZ,PT1H50M,2026-03-03T21:25:00,2026-03-03T23:15:00,
FCO,BCN,2026/3/3,71.32,IB,PT1H45M,2026-03-03T07:40:00,2026-03-03T09:25:00,
FCO,BCN,2026/3/3,71.32,IB,PT1H50M,2026-03-03T09:45:00,2026-03-03T11:35:00,
FCO,BCN,2026/3/3,71.32,IB,PT1H50M,2026-03-03T11:45:00,2026-03-03T13:35:00,
FCO,BCN,2026/3/3,71.32,IB,PT1H50M,2026-03-03T15:30:00,2026-03-03T17:20:00,
FCO,BCN,2026/3/3,71.32,IB,PT1H50M,2026-03-03T22:30:00,2026-03-04T00:20:00,
FCO,BCN,2026/3/3,71.32,VY,PT1H50M,2026-03-03T22:30:00,2026-03-04T00:20:00,
FCO,BCN,2026/3/3,109.04,A3,PT6H35M,2026-03-03T10:35:00,2026-03-03T13:35:00,
FCO,BCN,2026/3/3,109.04,A3,PT15H55M,2026-03-03T18:30:00,2026-03-03T21:30:00,
FCO,BCN,2026/3/3,109.04,A3,PT22H40M,2026-03-03T18:30:00,2026-03-03T21:30:00,
FCO,BCN,2026/3/4,60.32,VY,PT1H50M,2026-03-04T11:45:00,2026-03-04T13:35:00,
FCO,BCN,2026/3/4,60.32,VY,PT1H50M,2026-03-04T15:30:00,2026-03-04T17:20:00,
FCO,BCN,2026/3/4,64.32,AZ,PT1H50M,2026-03-04T09:00:00,2026-03-04T10:50:00,
FCO,BCN,2026/3/4,64.32,AZ,PT1H50M,2026-03-04T14:05:00,2026-03-04T15:55:00,
FCO,BCN,2026/3/4,64.32,AZ,PT1H50M,2026-03-04T21:25:00,2026-03-04T23:15:00,
FCO,BCN,2026/3/4,66.32,VY,PT1H50M,2026-03-04T09:45:00,2026-03-04T11:35:00,
FCO,BCN,2026/3/4,66.32,VY,PT1H50M,2026-03-04T10:30:00,2026-03-04T12:20:00,
FCO,BCN,2026/3/4,71.32,IB,PT1H50M,2026-03-04T09:45:00,2026-03-04T11:35:00,
FCO,BCN,2026/3/4,71.32,IB,PT1H50M,2026-03-04T10:30:00,2026-03-04T12:20:00,
FCO,BCN,2026/3/4,71.32,IB,PT1H50M,2026-03-04T11:45:00,2026-03-04T13:35:00,
FCO,BCN,2026/3/4,71.32,IB,PT1H50M,2026-03-04T15:30:00,2026-03-04T17:20:00,
FCO,BCN,2026/3/4,71.32,IB,PT1H50M,2026-03-04T19:30:00,2026-03-04T21:20:00,
FCO,BCN,2026/3/4,71.32,VY,PT1H50M,2026-03-04T19:30:00,2026-03-04T21:20:00,
FCO,BCN,2026/3/4,109.04,A3,PT22H40M,2026-03-04T18:30:00,2026-03-04T21:30:00,
FCO,BCN,2026/3/4,120.89,UX,PT6H5M,2026-03-04T10:30:00,2026-03-04T13:05:00,
FCO,BCN,2026/3/5,60.32,VY,PT1H50M,2026-03-05T12:35:00,2026-03-05T14:25:00,
FCO,BCN,2026/3/5,60.32,VY,PT1H50M,2026-03-05T13:25:00,2026-03-05T15:15:00,
FCO,BCN,2026/3/5,60.32,VY,PT1H50M,2026-03-05T19:10:00,2026-03-05T21:00:00,
FCO,BCN,2026/3/5,64.32,AZ,PT1H50M,2026-03-05T09:00:00,2026-03-05T10:50:00,
FCO,BCN,2026/3/5,64.32,AZ,PT1H50M,2026-03-05T14:05:00,2026-03-05T15:55:00,
FCO,BCN,2026/3/5,64.32,AZ,PT1H50M,2026-03-05T21:25:00,2026-03-05T23:15:00,
FCO,BCN,2026/3/5,66.32,VY,PT1H50M,2026-03-05T09:45:00,2026-03-05T11:35:00,
FCO,BCN,2026/3/5,66.32,VY,PT1H50M,2026-03-05T11:45:00,2026-03-05T13:35:00,
FCO,BCN,2026/3/5,71.32,IB,PT1H45M,2026-03-05T07:40:00,2026-03-05T09:25:00,
FCO,BCN,2026/3/5,71.32,IB,PT1H50M,2026-03-05T09:45:00,2026-03-05T11:35:00,
FCO,BCN,2026/3/5,71.32,IB,PT1H50M,2026-03-05T11:45:00,2026-03-05T13:35:00,
FCO,BCN,2026/3/5,71.32,IB,PT1H50M,2026-03-05T12:35:00,2026-03-05T14:25:00,
FCO,BCN,2026/3/5,71.32,IB,PT1H50M,2026-03-05T13:25:00,2026-03-05T15:15:00,
FCO,BCN,2026/3/5,71.32,IB,PT1H50M,2026-03-05T19:10:00,2026-03-05T21:00:00,
FCO,BCN,2026/3/5,71.32,VY,PT1H45M,2026-03-05T07:40:00,2026-03-05T09:25:00,
FCO,BCN,2026/3/6,60.32,VY,PT1H45M,2026-03-06T07:40:00,2026-03-06T09:25:00,
FCO,BCN,2026/3/6,60.32,VY,PT1H50M,2026-03-06T11:45:00,2026-03-06T13:35:00,
FCO,BCN,2026/3/6,60.32,VY,PT1H50M,2026-03-06T12:35:00,2026-03-06T14:25:00,
FCO,BCN,2026/3/6,60.32,VY,PT1H50M,2026-03-06T14:05:00,2026-03-06T15:55:00,
FCO,BCN,2026/3/6,64.32,AZ,PT1H50M,2026-03-06T09:00:00,2026-03-06T10:50:00,
FCO,BCN,2026/3/6,64.32,AZ,PT1H50M,2026-03-06T14:05:00,2026-03-06T15:55:00,
FCO,BCN,2026/3/6,64.32,AZ,PT1H50M,2026-03-06T21:25:00,2026-03-06T23:15:00,
FCO,BCN,2026/3/6,66.32,VY,PT1H50M,2026-03-06T09:45:00,2026-03-06T11:35:00,
FCO,BCN,2026/3/6,71.32,IB,PT1H45M,2026-03-06T07:40:00,2026-03-06T09:25:00,
FCO,BCN,2026/3/6,71.32,IB,PT1H50M,2026-03-06T09:45:00,2026-03-06T11:35:00,
FCO,BCN,2026/3/6,71.32,IB,PT1H50M,2026-03-06T11:45:00,2026-03-06T13:35:00,
FCO,BCN,2026/3/6,71.32,IB,PT1H50M,2026-03-06T12:35:00,2026-03-06T14:25:00,
FCO,BCN,2026/3/6,71.32,IB,PT1H50M,2026-03-06T13:25:00,2026-03-06T15:15:00,
FCO,BCN,2026/3/6,71.32,IB,PT1H50M,2026-03-06T19:10:00,2026-03-06T21:00:00,
FCO,BCN,2026/3/6,71.32,VY,PT1H50M,2026-03-06T19:10:00,2026-03-06T21:00:00,
FCO,BCN,2026/3/7,60.32,VY,PT1H45M,2026-03-07T07:40:00,2026-03-07T09:25:00,
FCO,BCN,2026/3/7,60.32,VY,PT1H50M,2026-03-07T09:45:00,2026-03-07T11:35:00,
FCO,BCN,2026/3/7,60.32,VY,PT1H50M,2026-03-07T11:45:00,2026-03-07T13:35:00,
FCO,BCN,2026/3/7,60.32,VY,PT1H50M,2026-03-07T12:35:00,2026-03-07T14:25:00,
FCO,BCN,2026/3/7,60.32,VY,PT1H50M,2026-03-07T14:05:00,2026-03-07T15:55:00,
FCO,BCN,2026/3/7,60.32,VY,PT1H50M,2026-03-07T19:10:00,2026-03-07T21:00:00,
FCO,BCN,2026/3/7,64.32,AZ,PT1H50M,2026-03-07T09:00:00,2026-03-07T10:50:00,
FCO,BCN,2026/3/7,64.32,AZ,PT1H50M,2026-03-07T14:05:00,2026-03-07T15:55:00,
FCO,BCN,2026/3/7,64.32,AZ,PT1H50M,2026-03-07T21:25:00,2026-03-07T23:15:00,
FCO,BCN,2026/3/7,71.32,IB,PT1H45M,2026-03-07T07:40:00,2026-03-07T09:25:00,
FCO,BCN,2026/3/7,71.32,IB,PT1H50M,2026-03-07T09:45:00,2026-03-07T11:35:00,
FCO,BCN,2026/3/7,71.32,IB,PT1H50M,2026-03-07T11:45:00,2026-03-07T13:35:00,
FCO,BCN,2026/3/7,71.32,IB,PT1H50M,2026-03-07T12:35:00,2026-03-07T14:25:00,
FCO,BCN,2026/3/7,71.32,IB,PT1H50M,2026-03-07T13:25:00,2026-03-07T15:15:00,
FCO,BCN,2026/3/7,71.32,IB,PT1H50M,2026-03-07T19:10:00,2026-03-07T21:00:00,
FCO,BCN,2026/3/8,60.32,VY,PT1H50M,2026-03-08T10:55:00,2026-03-08T12:45:00,
FCO,BCN,2026/3/8,60.32,VY,PT1H50M,2026-03-08T11:45:00,2026-03-08T13:35:00,
FCO,BCN,2026/3/8,60.32,VY,PT1H50M,2026-03-08T12:35:00,2026-03-08T14:25:00,
FCO,BCN,2026/3/8,60.32,VY,PT1H50M,2026-03-08T13:25:00,2026-03-08T15:15:00,
FCO,BCN,2026/3/8,60.32,VY,PT1H50M,2026-03-08T19:10:00,2026-03-08T21:00:00,
FCO,BCN,2026/3/8,64.32,AZ,PT1H50M,2026-03-08T09:00:00,2026-03-08T10:50:00,
FCO,BCN,2026/3/8,64.32,AZ,PT1H50M,2026-03-08T14:05:00,2026-03-08T15:55:00,
FCO,BCN,2026/3/8,64.32,AZ,PT1H50M,2026-03-08T21:25:00,2026-03-08T23:15:00,
FCO,BCN,2026/3/8,71.32,IB,PT1H45M,2026-03-08T07:40:00,2026-03-08T09:25:00,
FCO,BCN,2026/3/8,71.32,IB,PT1H50M,2026-03-08T10:55:00,2026-03-08T12:45:00,
FCO,BCN,2026/3/8,71.32,IB,PT1H50M,2026-03-08T11:45:00,2026-03-08T13:35:00,
FCO,BCN,2026/3/8,71.32,IB,PT1H50M,2026-03-08T12:35:00,2026-03-08T14:25:00,
FCO,BCN,2026/3/8,71.32,IB,PT1H50M,2026-03-08T13:25:00,2026-03-08T15:15:00,
FCO,BCN,2026/3/8,71.32,IB,PT1H50M,2026-03-08T19:10:00,2026-03-08T21:00:00,
FCO,BCN,2026/3/8,72.89,V7,PT20H5M,2026-03-08T12:25:00,2026-03-08T14:15:00,
FCO,BCN,2026/3/9,60.32,VY,PT1H50M,2026-03-09T12:35:00,2026-03-09T14:25:00,
FCO,BCN,2026/3/9,60.32,VY,PT1H50M,2026-03-09T19:10:00,2026-03-09T21:00:00,
FCO,BCN,2026/3/9,64.32,AZ,PT1H50M,2026-03-09T09:00:00,2026-03-09T10:50:00,
FCO,BCN,2026/3/9,64.32,AZ,PT1H50M,2026-03-09T14:05:00,2026-03-09T15:55:00,
FCO,BCN,2026/3/9,64.32,AZ,PT1H50M,2026-03-09T21:25:00,2026-03-09T23:15:00,
FCO,BCN,2026/3/9,66.32,VY,PT1H50M,2026-03-09T09:45:00,2026-03-09T11:35:00,
FCO,BCN,2026/3/9,66.32,VY,PT1H50M,2026-03-09T14:05:00,2026-03-09T15:55:00,
FCO,BCN,2026/3/9,71.32,IB,PT1H45M,2026-03-09T07:40:00,2026-03-09T09:25:00,
FCO,BCN,2026/3/9,71.32,IB,PT1H50M,2026-03-09T09:45:00,2026-03-09T11:35:00,
FCO,BCN,2026/3/9,71.32,IB,PT1H50M,2026-03-09T11:45:00,2026-03-09T13:35:00,
FCO,BCN,2026/3/9,71.32,IB,PT1H50M,2026-03-09T12:35:00,2026-03-09T14:25:00,
FCO,BCN,2026/3/9,71.32,IB,PT1H50M,2026-03-09T14:05:00,2026-03-09T15:55:00,
FCO,BCN,2026/3/9,71.32,IB,PT1H50M,2026-03-09T19:10:00,2026-03-09T21:00:00,
FCO,BCN,2026/3/9,71.32,VY,PT1H45M,2026-03-09T07:40:00,2026-03-09T09:25:00,
FCO,BCN,2026/3/9,71.32,VY,PT1H50M,2026-03-09T11:45:00,2026-03-09T13:35:00,
FCO,BCN,2026/3/10,60.32,VY,PT1H50M,2026-03-10T15:30:00,2026-03-10T17:20:00,
FCO,BCN,2026/3/10,64.32,AZ,PT1H50M,2026-03-10T09:00:00,2026-03-10T10:50:00,
FCO,BCN,2026/3/10,64.32,AZ,PT1H50M,2026-03-10T14:05:00,2026-03-10T15:55:00,
FCO,BCN,2026/3/10,64.32,AZ,PT1H50M,2026-03-10T21:25:00,2026-03-10T23:15:00,
FCO,BCN,2026/3/10,66.32,VY,PT1H50M,2026-03-10T09:45:00,2026-03-10T11:35:00,
FCO,BCN,2026/3/10,66.32,VY,PT1H50M,2026-03-10T11:45:00,2026-03-10T13:35:00,
FCO,BCN,2026/3/10,71.32,IB,PT1H45M,2026-03-10T07:40:00,2026-03-10T09:25:00,
FCO,BCN,2026/3/10,71.32,IB,PT1H50M,2026-03-10T09:45:00,2026-03-10T11:35:00,
FCO,BCN,2026/3/10,71.32,IB,PT1H50M,2026-03-10T11:45:00,2026-03-10T13:35:00,
FCO,BCN,2026/3/10,71.32,IB,PT1H50M,2026-03-10T15:30:00,2026-03-10T17:20:00,
FCO,BCN,2026/3/10,71.32,IB,PT1H50M,2026-03-10T22:30:00,2026-03-11T00:20:00,
FCO,BCN,2026/3/10,71.32,VY,PT1H45M,2026-03-10T07:40:00,2026-03-10T09:25:00,
FCO,BCN,2026/3/10,71.32,VY,PT1H50M,2026-03-10T22:30:00,2026-03-11T00:20:00,
FCO,BCN,2026/3/10,109.04,A3,PT6H35M,2026-03-10T10:35:00,2026-03-10T13:35:00,
FCO,BCN,2026/3/10,116.76,TP,PT11H15M,2026-03-10T06:00:00,2026-03-10T08:10:00,
FCO,BCN,2026/3/11,60.32,VY,PT1H50M,2026-03-11T11:45:00,2026-03-11T13:35:00,
FCO,BCN,2026/3/11,60.32,VY,PT1H50M,2026-03-11T15:30:00,2026-03-11T17:20:00,
FCO,BCN,2026/3/11,64.32,AZ,PT1H50M,2026-03-11T09:00:00,2026-03-11T10:50:00,
FCO,BCN,2026/3/11,64.32,AZ,PT1H50M,2026-03-11T14:05:00,2026-03-11T15:55:00,
FCO,BCN,2026/3/11,64.32,AZ,PT1H50M,2026-03-11T21:25:00,2026-03-11T23:15:00,
FCO,BCN,2026/3/11,66.32,VY,PT1H50M,2026-03-11T09:45:00,2026-03-11T11:35:00,
FCO,BCN,2026/3/11,66.32,VY,PT1H50M,2026-03-11T10:30:00,2026-03-11T12:20:00,
FCO,BCN,2026/3/11,71.32,IB,PT1H50M,2026-03-11T09:45:00,2026-03-11T11:35:00,
FCO,BCN,2026/3/11,71.32,IB,PT1H50M,2026-03-11T10:30:00,2026-03-11T12:20:00,
FCO,BCN,2026/3/11,71.32,IB,PT1H50M,2026-03-11T11:45:00,2026-03-11T13:35:00,
FCO,BCN,2026/3/11,71.32,IB,PT1H50M,2026-03-11T15:30:00,2026-03-11T17:20:00,
FCO,BCN,2026/3/11,71.32,IB,PT1H50M,2026-03-11T19:30:00,2026-03-11T21:20:00,
FCO,BCN,2026/3/11,71.32,VY,PT1H50M,2026-03-11T19:30:00,2026-03-11T21:20:00,
FCO,BCN,2026/3/11,120.89,UX,PT6H5M,2026-03-11T10:30:00,2026-03-11T13:05:00,
FCO,BCN,2026/3/11,136.05,AF,PT12H5M,2026-03-11T20:45:00,2026-03-11T22:55:00,
FCO,BCN,2026/3/12,60.32,VY,PT1H50M,2026-03-12T11:45:00,2026-03-12T13:35:00,
FCO,BCN,2026/3/12,60.32,VY,PT1H50M,2026-03-12T13:25:00,2026-03-12T15:15:00,
FCO,BCN,2026/3/12,60.32,VY,PT1H50M,2026-03-12T19:10:00,2026-03-12T21:00:00,
FCO,BCN,2026/3/12,64.32,AZ,PT1H50M,2026-03-12T09:00:00,2026-03-12T10:50:00,
FCO,BCN,2026/3/12,64.32,AZ,PT1H50M,2026-03-12T14:05:00,2026-03-12T15:55:00,
FCO,BCN,2026/3/12,64.32,AZ,PT1H50M,2026-03-12T21:25:00,2026-03-12T23:15:00,
FCO,BCN,2026/3/12,66.32,VY,PT1H50M,2026-03-12T09:45:00,2026-03-12T11:35:00,
FCO,BCN,2026/3/12,66.32,VY,PT1H50M,2026-03-12T12:35:00,2026-03-12T14:25:00,
FCO,BCN,2026/3/12,71.32,IB,PT1H45M,2026-03-12T07:40:00,2026-03-12T09:25:00,
FCO,BCN,2026/3/12,71.32,IB,PT1H50M,2026-03-12T09:45:00,2026-03-12T11:35:00,
FCO,BCN,2026/3/12,71.32,IB,PT1H50M,2026-03-12T11:45:00,2026-03-12T13:35:00,
FCO,BCN,2026/3/12,71.32,IB,PT1H50M,2026-03-12T12:35:00,2026-03-12T14:25:00,
FCO,BCN,2026/3/12,71.32,IB,PT1H50M,2026-03-12T13:25:00,2026-03-12T15:15:00,
FCO,BCN,2026/3/12,71.32,IB,PT1H50M,2026-03-12T19:10:00,2026-03-12T21:00:00,
FCO,BCN,2026/3/12,71.32,VY,PT1H45M,2026-03-12T07:40:00,2026-03-12T09:25:00,
FCO,BCN,2026/3/13,60.32,VY,PT1H45M,2026-03-13T07:40:00,2026-03-13T09:25:00,
FCO,BCN,2026/3/13,60.32,VY,PT1H50M,2026-03-13T09:45:00,2026-03-13T11:35:00,
FCO,BCN,2026/3/13,60.32,VY,PT1H50M,2026-03-13T11:45:00,2026-03-13T13:35:00,
FCO,BCN,2026/3/13,60.32,VY,PT1H50M,2026-03-13T12:35:00,2026-03-13T14:25:00,
FCO,BCN,2026/3/13,60.32,VY,PT1H50M,2026-03-13T14:05:00,2026-03-13T15:55:00,
FCO,BCN,2026/3/13,60.32,VY,PT1H50M,2026-03-13T19:10:00,2026-03-13T21:00:00,
FCO,BCN,2026/3/13,64.32,AZ,PT1H50M,2026-03-13T09:00:00,2026-03-13T10:50:00,
FCO,BCN,2026/3/13,64.32,AZ,PT1H50M,2026-03-13T14:05:00,2026-03-13T15:55:00,
FCO,BCN,2026/3/13,64.32,AZ,PT1H50M,2026-03-13T21:25:00,2026-03-13T23:15:00,
FCO,BCN,2026/3/13,71.32,IB,PT1H45M,2026-03-13T07:40:00,2026-03-13T09:25:00,
FCO,BCN,2026/3/13,71.32,IB,PT1H50M,2026-03-13T09:45:00,2026-03-13T11:35:00,
FCO,BCN,2026/3/13,71.32,IB,PT1H50M,2026-03-13T11:45:00,2026-03-13T13:35:00,
FCO,BCN,2026/3/13,71.32,IB,PT1H50M,2026-03-13T12:35:00,2026-03-13T14:25:00,
FCO,BCN,2026/3/13,71.32,IB,PT1H50M,2026-03-13T13:25:00,2026-03-13T15:15:00,
FCO,BCN,2026/3/13,71.32,IB,PT1H50M,2026-03-13T19:10:00,2026-03-13T21:00:00,
FCO,BCN,2026/3/14,60.32,VY,PT1H50M,2026-03-14T09:45:00,2026-03-14T11:35:00,
FCO,BCN,2026/3/14,60.32,VY,PT1H50M,2026-03-14T12:35:00,2026-03-14T14:25:00,
FCO,BCN,2026/3/14,60.32,VY,PT1H50M,2026-03-14T14:05:00,2026-03-14T15:55:00,
FCO,BCN,2026/3/14,60.32,VY,PT1H50M,2026-03-14T19:10:00,2026-03-14T21:00:00,
FCO,BCN,2026/3/14,64.32,AZ,PT1H50M,2026-03-14T09:00:00,2026-03-14T10:50:00,
FCO,BCN,2026/3/14,64.32,AZ,PT1H50M,2026-03-14T14:05:00,2026-03-14T15:55:00,
FCO,BCN,2026/3/14,64.32,AZ,PT1H50M,2026-03-14T21:25:00,2026-03-14T23:15:00,
FCO,BCN,2026/3/14,66.32,VY,PT1H50M,2026-03-14T11:45:00,2026-03-14T13:35:00,
FCO,BCN,2026/3/14,71.32,IB,PT1H45M,2026-03-14T07:40:00,2026-03-14T09:25:00,
FCO,BCN,2026/3/14,71.32,IB,PT1H50M,2026-03-14T09:45:00,2026-03-14T11:35:00,
FCO,BCN,2026/3/14,71.32,IB,PT1H50M,2026-03-14T11:45:00,2026-03-14T13:35:00,
FCO,BCN,2026/3/14,71.32,IB,PT1H50M,2026-03-14T12:35:00,2026-03-14T14:25:00,
FCO,BCN,2026/3/14,71.32,IB,PT1H50M,2026-03-14T13:25:00,2026-03-14T15:15:00,
FCO,BCN,2026/3/14,71.32,IB,PT1H50M,2026-03-14T19:10:00,2026-03-14T21:00:00,
FCO,BCN,2026/3/14,71.32,VY,PT1H45M,2026-03-14T07:40:00,2026-03-14T09:25:00,
FCO,BCN,2026/3/15,60.32,VY,PT1H45M,2026-03-15T07:40:00,2026-03-15T09:25:00,
FCO,BCN,2026/3/15,60.32,VY,PT1H50M,2026-03-15T10:55:00,2026-03-15T12:45:00,
FCO,BCN,2026/3/15,60.32,VY,PT1H50M,2026-03-15T12:35:00,2026-03-15T14:25:00,
FCO,BCN,2026/3/15,60.32,VY,PT1H50M,2026-03-15T13:25:00,2026-03-15T15:15:00,
FCO,BCN,2026/3/15,60.32,VY,PT1H50M,2026-03-15T19:10:00,2026-03-15T21:00:00,
FCO,BCN,2026/3/15,64.32,AZ,PT1H50M,2026-03-15T09:00:00,2026-03-15T10:50:00,
FCO,BCN,2026/3/15,64.32,AZ,PT1H50M,2026-03-15T14:05:00,2026-03-15T15:55:00,
FCO,BCN,2026/3/15,64.32,AZ,PT1H50M,2026-03-15T21:25:00,2026-03-15T23:15:00,
FCO,BCN,2026/3/15,66.32,VY,PT1H50M,2026-03-15T11:45:00,2026-03-15T13:35:00,
FCO,BCN,2026/3/15,71.32,IB,PT1H45M,2026-03-15T07:40:00,2026-03-15T09:25:00,
FCO,BCN,2026/3/15,71.32,IB,PT1H50M,2026-03-15T10:55:00,2026-03-15T12:45:00,
FCO,BCN,2026/3/15,71.32,IB,PT1H50M,2026-03-15T11:45:00,2026-03-15T13:35:00,
FCO,BCN,2026/3/15,71.32,IB,PT1H50M,2026-03-15T12:35:00,2026-03-15T14:25:00,
FCO,BCN,2026/3/15,71.32,IB,PT1H50M,2026-03-15T13:25:00,2026-03-15T15:15:00,
FCO,BCN,2026/3/15,71.32,IB,PT1H50M,2026-03-15T19:10:00,2026-03-15T21:00:00,
FCO,BCN,2026/3/16,60.32,VY,PT1H50M,2026-03-16T12:35:00,2026-03-16T14:25:00,
FCO,BCN,2026/3/16,60.32,VY,PT1H50M,2026-03-16T19:10:00,2026-03-16T21:00:00,
FCO,BCN,2026/3/16,64.32,AZ,PT1H50M,2026-03-16T09:00:00,2026-03-16T10:50:00,
FCO,BCN,2026/3/16,64.32,AZ,PT1H50M,2026-03-16T14:05:00,2026-03-16T15:55:00,
FCO,BCN,2026/3/16,64.32,AZ,PT1H50M,2026-03-16T21:25:00,2026-03-16T23:15:00,
FCO,BCN,2026/3/16,71.32,IB,PT1H45M,2026-03-16T07:40:00,2026-03-16T09:25:00,
FCO,BCN,2026/3/16,71.32,IB,PT1H50M,2026-03-16T09:45:00,2026-03-16T11:35:00,
FCO,BCN,2026/3/16,71.32,IB,PT1H50M,2026-03-16T11:45:00,2026-03-16T13:35:00,
FCO,BCN,2026/3/16,71.32,IB,PT1H50M,2026-03-16T12:35:00,2026-03-16T14:25:00,
FCO,BCN,2026/3/16,71.32,IB,PT1H50M,2026-03-16T14:05:00,2026-03-16T15:55:00,
FCO,BCN,2026/3/16,71.32,IB,PT1H50M,2026-03-16T19:10:00,2026-03-16T21:00:00,
FCO,BCN,2026/3/16,71.32,VY,PT1H45M,2026-03-16T07:40:00,2026-03-16T09:25:00,
FCO,BCN,2026/3/16,71.32,VY,PT1H50M,2026-03-16T11:45:00,2026-03-16T13:35:00,
FCO,BCN,2026/3/16,71.32,VY,PT1H50M,2026-03-16T09:45:00,2026-03-16T11:35:00,
FCO,BCN,2026/3/16,71.32,VY,PT1H50M,2026-03-16T14:05:00,2026-03-16T15:55:00,
FCO,BCN,2026/3/17,60.32,VY,PT1H45M,2026-03-17T07:40:00,2026-03-17T09:25:00,
FCO,BCN,2026/3/17,60.32,VY,PT1H50M,2026-03-17T09:45:00,2026-03-17T11:35:00,
FCO,BCN,2026/3/17,60.32,VY,PT1H50M,2026-03-17T15:30:00,2026-03-17T17:20:00,
FCO,BCN,2026/3/17,64.32,AZ,PT1H50M,2026-03-17T09:00:00,2026-03-17T10:50:00,
FCO,BCN,2026/3/17,64.32,AZ,PT1H50M,2026-03-17T14:05:00,2026-03-17T15:55:00,
FCO,BCN,2026/3/17,64.32,AZ,PT1H50M,2026-03-17T21:25:00,2026-03-17T23:15:00,
FCO,BCN,2026/3/17,66.32,VY,PT1H50M,2026-03-17T11:45:00,2026-03-17T13:35:00,
FCO,BCN,2026/3/17,71.32,IB,PT1H45M,2026-03-17T07:40:00,2026-03-17T09:25:00,
FCO,BCN,2026/3/17,71.32,IB,PT1H50M,2026-03-17T09:45:00,2026-03-17T11:35:00,
FCO,BCN,2026/3/17,71.32,IB,PT1H50M,2026-03-17T11:45:00,2026-03-17T13:35:00,
FCO,BCN,2026/3/17,71.32,IB,PT1H50M,2026-03-17T15:30:00,2026-03-17T17:20:00,
FCO,BCN,2026/3/17,71.32,IB,PT1H50M,2026-03-17T22:30:00,2026-03-18T00:20:00,
FCO,BCN,2026/3/17,71.32,VY,PT1H50M,2026-03-17T22:30:00,2026-03-18T00:20:00,
FCO,BCN,2026/3/17,109.04,A3,PT6H35M,2026-03-17T10:35:00,2026-03-17T13:35:00,
FCO,BCN,2026/3/17,109.04,A3,PT15H55M,2026-03-17T18:30:00,2026-03-17T21:30:00,
FCO,BCN,2026/3/18,60.32,VY,PT1H50M,2026-03-18T09:45:00,2026-03-18T11:35:00,
FCO,BCN,2026/3/18,60.32,VY,PT1H50M,2026-03-18T10:30:00,2026-03-18T12:20:00,
FCO,BCN,2026/3/18,60.32,VY,PT1H50M,2026-03-18T15:30:00,2026-03-18T17:20:00,
FCO,BCN,2026/3/18,64.32,AZ,PT1H50M,2026-03-18T09:00:00,2026-03-18T10:50:00,
FCO,BCN,2026/3/18,64.32,AZ,PT1H50M,2026-03-18T14:05:00,2026-03-18T15:55:00,
FCO,BCN,2026/3/18,64.32,AZ,PT1H50M,2026-03-18T21:25:00,2026-03-18T23:15:00,
FCO,BCN,2026/3/18,71.32,IB,PT1H50M,2026-03-18T09:45:00,2026-03-18T11:35:00,
FCO,BCN,2026/3/18,71.32,IB,PT1H50M,2026-03-18T10:30:00,2026-03-18T12:20:00,
FCO,BCN,2026/3/18,71.32,IB,PT1H50M,2026-03-18T11:45:00,2026-03-18T13:35:00,
FCO,BCN,2026/3/18,71.32,IB,PT1H50M,2026-03-18T15:30:00,2026-03-18T17:20:00,
FCO,BCN,2026/3/18,71.32,IB,PT1H50M,2026-03-18T19:30:00,2026-03-18T21:20:00,
FCO,BCN,2026/3/18,71.32,VY,PT1H50M,2026-03-18T11:45:00,2026-03-18T13:35:00,
FCO,BCN,2026/3/18,71.32,VY,PT1H50M,2026-03-18T19:30:00,2026-03-18T21:20:00,
FCO,BCN,2026/3/18,109.04,A3,PT15H55M,2026-03-18T18:30:00,2026-03-18T21:30:00,
FCO,BCN,2026/3/18,109.04,A3,PT22H40M,2026-03-18T18:30:00,2026-03-18T21:30:00,
FCO,BCN,2026/3/19,60.32,VY,PT1H50M,2026-03-19T09:45:00,2026-03-19T11:35:00,
FCO,BCN,2026/3/19,60.32,VY,PT1H50M,2026-03-19T12:35:00,2026-03-19T14:25:00,
FCO,BCN,2026/3/19,64.32,AZ,PT1H50M,2026-03-19T09:00:00,2026-03-19T10:50:00,
FCO,BCN,2026/3/19,64.32,AZ,PT1H50M,2026-03-19T14:05:00,2026-03-19T15:55:00,
FCO,BCN,2026/3/19,64.32,AZ,PT1H50M,2026-03-19T21:25:00,2026-03-19T23:15:00,
FCO,BCN,2026/3/19,66.32,VY,PT1H50M,2026-03-19T13:25:00,2026-03-19T15:15:00,
FCO,BCN,2026/3/19,71.32,IB,PT1H45M,2026-03-19T07:40:00,2026-03-19T09:25:00,
FCO,BCN,2026/3/19,71.32,IB,PT1H50M,2026-03-19T09:45:00,2026-03-19T11:35:00,
FCO,BCN,2026/3/19,71.32,IB,PT1H50M,2026-03-19T11:45:00,2026-03-19T13:35:00,
FCO,BCN,2026/3/19,71.32,IB,PT1H50M,2026-03-19T12:35:00,2026-03-19T14:25:00,
FCO,BCN,2026/3/19,71.32,IB,PT1H50M,2026-03-19T13:25:00,2026-03-19T15:15:00,
FCO,BCN,2026/3/19,71.32,IB,PT1H50M,2026-03-19T19:10:00,2026-03-19T21:00:00,
FCO,BCN,2026/3/19,71.32,VY,PT1H45M,2026-03-19T07:40:00,2026-03-19T09:25:00,
FCO,BCN,2026/3/19,71.32,VY,PT1H50M,2026-03-19T11:45:00,2026-03-19T13:35:00,
FCO,BCN,2026/3/19,71.32,VY,PT1H50M,2026-03-19T19:10:00,2026-03-19T21:00:00,
BUD,BCN,2026/2/18,147.2,JU,PT13H20M,2026-02-18T19:45:00,2026-02-18T20:40:00,
BUD,BCN,2026/2/18,147.2,JU,PT17H50M,2026-02-18T15:15:00,2026-02-18T16:10:00,
BUD,BCN,2026/2/18,197.54,IB,PT7H15M,2026-02-18T15:35:00,2026-02-18T18:55:00,
BUD,BCN,2026/2/18,207.79,SK,PT7H55M,2026-02-18T10:25:00,2026-02-18T12:25:00,
BUD,BCN,2026/2/18,215.42,AF,PT7H40M,2026-02-18T06:20:00,2026-02-18T08:45:00,
BUD,BCN,2026/2/18,217.98,DY,PT23H15M,2026-02-18T13:25:00,2026-02-18T15:55:00,
BUD,BCN,2026/2/18,242.42,AF,PT8H40M,2026-02-18T06:20:00,2026-02-18T08:45:00,
BUD,BCN,2026/2/18,242.43,AF,PT5H45M,2026-02-18T06:30:00,2026-02-18T08:45:00,
BUD,BCN,2026/2/18,242.43,AF,PT6H,2026-02-18T17:05:00,2026-02-18T19:15:00,
BUD,BCN,2026/2/18,242.43,AF,PT17H20M,2026-02-18T17:05:00,2026-02-18T19:15:00,
BUD,BCN,2026/2/18,242.43,AF,PT10H55M,2026-02-18T12:10:00,2026-02-18T14:21:00,
BUD,BCN,2026/2/18,242.43,AF,PT22H15M,2026-02-18T12:10:00,2026-02-18T14:21:00,
BUD,BCN,2026/2/18,243.76,AF,PT17H,2026-02-18T18:10:00,2026-02-18T20:35:00,
BUD,BCN,2026/2/18,250.53,LH,PT5H15M,2026-02-18T14:35:00,2026-02-18T16:20:00,
BUD,BCN,2026/2/18,259.84,LO,PT8H,2026-02-18T09:45:00,2026-02-18T11:00:00,
BUD,BCN,2026/2/19,117.2,JU,PT17H50M,2026-02-19T15:15:00,2026-02-19T16:10:00,
BUD,BCN,2026/2/19,117.2,JU,PT21H50M,2026-02-19T11:15:00,2026-02-19T12:10:00,
BUD,BCN,2026/2/19,197.54,IB,PT7H15M,2026-02-19T15:35:00,2026-02-19T18:55:00,
BUD,BCN,2026/2/19,219.98,DY,PT23H15M,2026-02-19T13:25:00,2026-02-19T15:55:00,
BUD,BCN,2026/2/19,226.84,LO,PT21H25M,2026-02-19T20:20:00,2026-02-19T21:35:00,
BUD,BCN,2026/2/19,226.84,LO,PT23H55M,2026-02-19T17:50:00,2026-02-19T19:05:00,
BUD,BCN,2026/2/19,242.42,AF,PT6H40M,2026-02-19T12:40:00,2026-02-19T15:05:00,
BUD,BCN,2026/2/19,242.43,AF,PT5H45M,2026-02-19T06:30:00,2026-02-19T08:45:00,
BUD,BCN,2026/2/19,242.43,AF,PT6H,2026-02-19T17:05:00,2026-02-19T19:15:00,
BUD,BCN,2026/2/19,242.43,AF,PT10H,2026-02-19T06:30:00,2026-02-19T08:45:00,
BUD,BCN,2026/2/19,242.43,AF,PT10H55M,2026-02-19T12:10:00,2026-02-19T14:22:00,
BUD,BCN,2026/2/19,242.43,AF,PT17H20M,2026-02-19T17:05:00,2026-02-19T19:15:00,
BUD,BCN,2026/2/19,242.43,AF,PT22H15M,2026-02-19T12:10:00,2026-02-19T14:22:00,
BUD,BCN,2026/2/19,286.79,SK,PT7H55M,2026-02-19T10:25:00,2026-02-19T12:25:00,
BUD,BCN,2026/2/19,287.42,AF,PT7H40M,2026-02-19T06:20:00,2026-02-19T08:45:00,
BUD,BCN,2026/2/20,120.41,A3,PT26H10M,2026-02-20T15:00:00,2026-02-20T18:00:00,
BUD,BCN,2026/2/20,141.41,A3,PT19H25M,2026-02-20T15:00:00,2026-02-20T18:00:00,
BUD,BCN,2026/2/20,147.2,JU,PT4H25M,2026-02-20T15:20:00,2026-02-20T16:15:00,
BUD,BCN,2026/2/20,147.2,JU,PT11H15M,2026-02-20T21:50:00,2026-02-20T22:45:00,
BUD,BCN,2026/2/20,147.2,JU,PT17H45M,2026-02-20T15:20:00,2026-02-20T16:15:00,
BUD,BCN,2026/2/20,181.06,IB,PT16H50M,2026-02-20T15:35:00,2026-02-20T18:55:00,
BUD,BCN,2026/2/20,197.54,IB,PT5H35M,2026-02-20T12:35:00,2026-02-20T15:55:00,
BUD,BCN,2026/2/20,197.54,IB,PT7H50M,2026-02-20T12:35:00,2026-02-20T15:55:00,
BUD,BCN,2026/2/20,226.84,LO,PT8H,2026-02-20T09:45:00,2026-02-20T11:00:00,
BUD,BCN,2026/2/20,226.84,LO,PT14H15M,2026-02-20T20:20:00,2026-02-20T21:35:00,
BUD,BCN,2026/2/20,235.98,DY,PT28H5M,2026-02-20T13:25:00,2026-02-20T15:55:00,
BUD,BCN,2026/2/20,240.76,LX,PT4H25M,2026-02-20T09:40:00,2026-02-20T11:20:00,
BUD,BCN,2026/2/20,240.76,LX,PT7H50M,2026-02-20T06:15:00,2026-02-20T07:55:00,
BUD,BCN,2026/2/20,242.43,AF,PT5H45M,2026-02-20T06:30:00,2026-02-20T08:45:00,
BUD,BCN,2026/2/20,242.43,AF,PT6H,2026-02-20T17:05:00,2026-02-20T19:15:00,
BUD,BCN,2026/2/21,120.41,A3,PT19H25M,2026-02-21T15:00:00,2026-02-21T18:00:00,
BUD,BCN,2026/2/21,120.41,A3,PT26H10M,2026-02-21T15:00:00,2026-02-21T18:00:00,
BUD,BCN,2026/2/21,226.84,LO,PT23H55M,2026-02-21T17:50:00,2026-02-21T19:05:00,
BUD,BCN,2026/2/21,242.43,AF,PT5H10M,2026-02-21T13:55:00,2026-02-21T16:05:00,
BUD,BCN,2026/2/21,242.43,AF,PT5H45M,2026-02-21T06:30:00,2026-02-21T08:45:00,
BUD,BCN,2026/2/21,242.43,AF,PT6H55M,2026-02-21T12:10:00,2026-02-21T14:20:00,
BUD,BCN,2026/2/21,242.43,AF,PT10H,2026-02-21T06:30:00,2026-02-21T08:45:00,
BUD,BCN,2026/2/21,242.43,AF,PT17H20M,2026-02-21T17:05:00,2026-02-21T19:15:00,
BUD,BCN,2026/2/21,242.43,AF,PT19H10M,2026-02-21T17:05:00,2026-02-21T19:15:00,
BUD,BCN,2026/2/21,242.43,AF,PT20H30M,2026-02-21T13:55:00,2026-02-21T16:05:00,
BUD,BCN,2026/2/21,242.45,LH,PT4H15M,2026-02-21T13:20:00,2026-02-21T14:35:00,
BUD,BCN,2026/2/21,278.45,LH,PT4H45M,2026-02-21T10:00:00,2026-02-21T11:15:00,
BUD,BCN,2026/2/21,278.45,LH,PT6H50M,2026-02-21T07:55:00,2026-02-21T09:10:00,
BUD,BCN,2026/2/21,278.45,LH,PT7H35M,2026-02-21T10:00:00,2026-02-21T11:15:00,
BUD,BCN,2026/2/21,345.19,TK,PT7H55M,2026-02-21T09:10:00,2026-02-21T13:25:00,
BUD,BCN,2026/2/22,117.2,JU,PT21H55M,2026-02-22T21:50:00,2026-02-22T22:45:00,
BUD,BCN,2026/2/22,120.41,A3,PT23H40M,2026-02-22T17:30:00,2026-02-22T20:30:00,
BUD,BCN,2026/2/22,141.41,A3,PT16H55M,2026-02-22T17:30:00,2026-02-22T20:30:00,
BUD,BCN,2026/2/22,147.2,JU,PT4H30M,2026-02-22T15:15:00,2026-02-22T16:10:00,
BUD,BCN,2026/2/22,147.2,JU,PT11H15M,2026-02-22T21:50:00,2026-02-22T22:45:00,
BUD,BCN,2026/2/22,147.2,JU,PT17H50M,2026-02-22T15:15:00,2026-02-22T16:10:00,
BUD,BCN,2026/2/22,196.84,LO,PT8H,2026-02-22T09:45:00,2026-02-22T11:00:00,
BUD,BCN,2026/2/22,196.84,LO,PT21H25M,2026-02-22T20:20:00,2026-02-22T21:35:00,
BUD,BCN,2026/2/22,197.54,IB,PT7H15M,2026-02-22T15:35:00,2026-02-22T18:55:00,
BUD,BCN,2026/2/22,213.43,AF,PT5H40M,2026-02-22T13:25:00,2026-02-22T15:35:00,
BUD,BCN,2026/2/22,213.43,AF,PT5H45M,2026-02-22T06:30:00,2026-02-22T08:45:00,
BUD,BCN,2026/2/22,213.43,AF,PT6H,2026-02-22T17:05:00,2026-02-22T19:15:00,
BUD,BCN,2026/2/22,213.43,AF,PT6H55M,2026-02-22T12:10:00,2026-02-22T14:20:00,
BUD,BCN,2026/2/22,213.43,AF,PT9H40M,2026-02-22T13:25:00,2026-02-22T15:35:00,
BUD,BCN,2026/2/22,213.43,AF,PT10H,2026-02-22T06:30:00,2026-02-22T08:45:00,
BUD,BCN,2026/2/23,117.2,JU,PT4H30M,2026-02-23T15:15:00,2026-02-23T16:10:00,
BUD,BCN,2026/2/23,117.2,JU,PT8H30M,2026-02-23T11:15:00,2026-02-23T12:10:00,
BUD,BCN,2026/2/23,174.2,JU,PT11H15M,2026-02-23T21:50:00,2026-02-23T22:45:00,
BUD,BCN,2026/2/23,174.2,JU,PT17H50M,2026-02-23T15:15:00,2026-02-23T16:10:00,
BUD,BCN,2026/2/23,196.84,LO,PT8H,2026-02-23T09:45:00,2026-02-23T11:00:00,
BUD,BCN,2026/2/23,197.54,IB,PT7H15M,2026-02-23T15:35:00,2026-02-23T18:55:00,
BUD,BCN,2026/2/23,199.98,DY,PT21H50M,2026-02-23T14:50:00,2026-02-23T17:20:00,
BUD,BCN,2026/2/23,213.43,AF,PT5H10M,2026-02-23T13:55:00,2026-02-23T16:05:00,
BUD,BCN,2026/2/23,213.43,AF,PT5H45M,2026-02-23T06:30:00,2026-02-23T08:45:00,
BUD,BCN,2026/2/23,213.43,AF,PT6H,2026-02-23T17:05:00,2026-02-23T19:15:00,
BUD,BCN,2026/2/23,213.43,AF,PT6H55M,2026-02-23T12:10:00,2026-02-23T14:20:00,
BUD,BCN,2026/2/23,213.43,AF,PT9H10M,2026-02-23T13:55:00,2026-02-23T16:05:00,
BUD,BCN,2026/2/23,213.43,AF,PT10H,2026-02-23T06:30:00,2026-02-23T08:45:00,
BUD,BCN,2026/2/23,213.43,AF,PT17H20M,2026-02-23T17:05:00,2026-02-23T19:15:00,
BUD,BCN,2026/2/23,215.42,AF,PT6H40M,2026-02-23T12:40:00,2026-02-23T15:05:00,
BUD,BCN,2026/2/24,196.84,LO,PT21H25M,2026-02-24T20:20:00,2026-02-24T21:35:00,
BUD,BCN,2026/2/24,196.84,LO,PT23H55M,2026-02-24T17:50:00,2026-02-24T19:05:00,
BUD,BCN,2026/2/24,197.54,IB,PT7H15M,2026-02-24T15:35:00,2026-02-24T18:55:00,
BUD,BCN,2026/2/24,213.43,AF,PT5H10M,2026-02-24T13:55:00,2026-02-24T16:05:00,
BUD,BCN,2026/2/24,213.43,AF,PT6H,2026-02-24T17:05:00,2026-02-24T19:30:00,
BUD,BCN,2026/2/24,213.43,AF,PT9H10M,2026-02-24T13:55:00,2026-02-24T16:05:00,
BUD,BCN,2026/2/24,213.43,AF,PT17H20M,2026-02-24T17:05:00,2026-02-24T19:30:00,
BUD,BCN,2026/2/24,215.42,AF,PT6H40M,2026-02-24T12:40:00,2026-02-24T15:05:00,
BUD,BCN,2026/2/24,215.42,AF,PT7H40M,2026-02-24T06:20:00,2026-02-24T08:45:00,
BUD,BCN,2026/2/24,215.42,AF,PT8H40M,2026-02-24T06:20:00,2026-02-24T08:45:00,
BUD,BCN,2026/2/24,215.42,AF,PT10H15M,2026-02-24T12:40:00,2026-02-24T15:05:00,
BUD,BCN,2026/2/24,228.53,LH,PT5H55M,2026-02-24T06:05:00,2026-02-24T07:50:00,
BUD,BCN,2026/2/24,228.53,LH,PT6H55M,2026-02-24T06:05:00,2026-02-24T07:50:00,
BUD,BCN,2026/2/24,229.43,SN,PT20H25M,2026-02-24T17:50:00,2026-02-24T20:00:00,
BUD,BCN,2026/2/24,229.43,SN,PT26H35M,2026-02-24T17:50:00,2026-02-24T20:00:00,
BUD,BCN,2026/2/25,120.41,A3,PT26H10M,2026-02-25T15:00:00,2026-02-25T18:00:00,
BUD,BCN,2026/2/25,136.98,DY,PT23H15M,2026-02-25T13:25:00,2026-02-25T15:55:00,
BUD,BCN,2026/2/25,174.2,JU,PT4H30M,2026-02-25T15:15:00,2026-02-25T16:10:00,
BUD,BCN,2026/2/25,174.2,JU,PT8H30M,2026-02-25T11:15:00,2026-02-25T12:10:00,
BUD,BCN,2026/2/25,174.2,JU,PT17H50M,2026-02-25T15:15:00,2026-02-25T16:10:00,
BUD,BCN,2026/2/25,197.54,IB,PT7H15M,2026-02-25T15:35:00,2026-02-25T18:55:00,
BUD,BCN,2026/2/25,207.79,SK,PT7H55M,2026-02-25T10:25:00,2026-02-25T12:25:00,
BUD,BCN,2026/2/25,213.43,AF,PT5H10M,2026-02-25T13:55:00,2026-02-25T16:05:00,
BUD,BCN,2026/2/25,213.43,AF,PT6H,2026-02-25T17:05:00,2026-02-25T19:15:00,
BUD,BCN,2026/2/25,213.43,AF,PT6H55M,2026-02-25T12:10:00,2026-02-25T14:20:00,
BUD,BCN,2026/2/25,213.43,AF,PT9H10M,2026-02-25T13:55:00,2026-02-25T16:05:00,
BUD,BCN,2026/2/25,213.43,AF,PT10H,2026-02-25T06:30:00,2026-02-25T08:45:00,
BUD,BCN,2026/2/25,213.43,AF,PT17H20M,2026-02-25T17:05:00,2026-02-25T19:15:00,
BUD,BCN,2026/2/25,213.43,AF,PT5H45M,2026-02-25T06:30:00,2026-02-25T08:45:00,
BUD,BCN,2026/2/25,214.09,EI,PT23H55M,2026-02-25T10:55:00,2026-02-25T13:10:00,
BUD,BCN,2026/2/26,109.2,JU,PT17H50M,2026-02-26T15:15:00,2026-02-26T16:10:00,
BUD,BCN,2026/2/26,109.2,JU,PT21H50M,2026-02-26T11:15:00,2026-02-26T12:10:00,
BUD,BCN,2026/2/26,170.98,DY,PT23H15M,2026-02-26T13:25:00,2026-02-26T15:55:00,
BUD,BCN,2026/2/26,213.43,AF,PT5H10M,2026-02-26T13:55:00,2026-02-26T16:05:00,
BUD,BCN,2026/2/26,213.43,AF,PT5H45M,2026-02-26T06:30:00,2026-02-26T08:45:00,
BUD,BCN,2026/2/26,213.43,AF,PT6H,2026-02-26T17:05:00,2026-02-26T19:15:00,
BUD,BCN,2026/2/26,213.43,AF,PT6H55M,2026-02-26T12:10:00,2026-02-26T14:20:00,
BUD,BCN,2026/2/26,213.43,AF,PT9H10M,2026-02-26T13:55:00,2026-02-26T16:05:00,
BUD,BCN,2026/2/26,213.43,AF,PT10H,2026-02-26T06:30:00,2026-02-26T08:45:00,
BUD,BCN,2026/2/26,213.43,AF,PT17H20M,2026-02-26T17:05:00,2026-02-26T19:15:00,
BUD,BCN,2026/2/26,242.42,AF,PT6H40M,2026-02-26T12:40:00,2026-02-26T15:05:00,
BUD,BCN,2026/2/26,242.42,AF,PT7H40M,2026-02-26T06:20:00,2026-02-26T08:45:00,
BUD,BCN,2026/2/26,242.42,AF,PT10H15M,2026-02-26T12:40:00,2026-02-26T15:05:00,
BUD,BCN,2026/2/26,279.77,BT,PT23H,2026-02-26T14:20:00,2026-02-26T17:10:00,
BUD,BCN,2026/2/26,306.79,SK,PT7H55M,2026-02-26T10:25:00,2026-02-26T12:25:00,
BUD,BCN,2026/2/27,120.41,A3,PT19H25M,2026-02-27T15:00:00,2026-02-27T18:00:00,
BUD,BCN,2026/2/27,120.41,A3,PT26H10M,2026-02-27T15:00:00,2026-02-27T18:00:00,
BUD,BCN,2026/2/27,147.2,JU,PT4H25M,2026-02-27T15:20:00,2026-02-27T16:15:00,
BUD,BCN,2026/2/27,147.2,JU,PT11H15M,2026-02-27T21:50:00,2026-02-27T22:45:00,
BUD,BCN,2026/2/27,147.2,JU,PT17H45M,2026-02-27T15:20:00,2026-02-27T16:15:00,
BUD,BCN,2026/2/27,167.84,LO,PT14H15M,2026-02-27T20:20:00,2026-02-27T21:35:00,
BUD,BCN,2026/2/27,185.43,AF,PT5H10M,2026-02-27T13:55:00,2026-02-27T16:05:00,
BUD,BCN,2026/2/27,185.43,AF,PT6H55M,2026-02-27T12:10:00,2026-02-27T14:20:00,
BUD,BCN,2026/2/27,185.43,AF,PT9H10M,2026-02-27T13:55:00,2026-02-27T16:05:00,
BUD,BCN,2026/2/27,187.43,AF,PT5H45M,2026-02-27T06:30:00,2026-02-27T08:45:00,
BUD,BCN,2026/2/27,187.43,AF,PT6H,2026-02-27T17:05:00,2026-02-27T19:15:00,
BUD,BCN,2026/2/27,187.43,AF,PT10H,2026-02-27T06:30:00,2026-02-27T08:45:00,
BUD,BCN,2026/2/27,187.43,AF,PT17H20M,2026-02-27T17:05:00,2026-02-27T19:15:00,
BUD,BCN,2026/2/27,190.98,DY,PT28H5M,2026-02-27T13:25:00,2026-02-27T15:55:00,
BUD,BCN,2026/2/27,193.74,EI,PT9H30M,2026-02-27T10:55:00,2026-02-27T13:10:00,
BUD,BCN,2026/2/28,120.41,A3,PT19H25M,2026-02-28T15:00:00,2026-02-28T18:00:00,
BUD,BCN,2026/2/28,120.41,A3,PT26H10M,2026-02-28T15:00:00,2026-02-28T18:00:00,
BUD,BCN,2026/2/28,167.84,LO,PT23H55M,2026-02-28T17:50:00,2026-02-28T19:05:00,
BUD,BCN,2026/2/28,185.43,AF,PT5H10M,2026-02-28T13:55:00,2026-02-28T16:05:00,
BUD,BCN,2026/2/28,185.43,AF,PT5H45M,2026-02-28T06:30:00,2026-02-28T08:45:00,
BUD,BCN,2026/2/28,185.43,AF,PT6H55M,2026-02-28T12:10:00,2026-02-28T14:20:00,
BUD,BCN,2026/2/28,185.43,AF,PT10H,2026-02-28T06:30:00,2026-02-28T08:45:00,
BUD,BCN,2026/2/28,185.43,AF,PT17H20M,2026-02-28T17:05:00,2026-02-28T19:15:00,
BUD,BCN,2026/2/28,185.43,AF,PT19H10M,2026-02-28T17:05:00,2026-02-28T19:15:00,
BUD,BCN,2026/2/28,185.43,AF,PT20H30M,2026-02-28T13:55:00,2026-02-28T16:05:00,
BUD,BCN,2026/2/28,345.19,TK,PT7H55M,2026-02-28T09:10:00,2026-02-28T13:25:00,
BUD,BCN,2026/2/28,345.19,TK,PT9H50M,2026-02-28T14:00:00,2026-02-28T18:15:00,
BUD,BCN,2026/2/28,345.19,TK,PT14H40M,2026-02-28T09:10:00,2026-02-28T13:25:00,
BUD,BCN,2026/2/28,345.19,TK,PT14H40M,2026-02-28T20:05:00,2026-03-01T00:15:00,
BUD,BCN,2026/2/28,345.19,TK,PT17H20M,2026-02-28T20:05:00,2026-03-01T00:15:00,
BUD,BCN,2026/3/1,109.2,JU,PT11H15M,2026-03-01T21:50:00,2026-03-01T22:45:00,
BUD,BCN,2026/3/1,109.2,JU,PT17H50M,2026-03-01T15:15:00,2026-03-01T16:10:00,
BUD,BCN,2026/3/1,120.41,A3,PT23H40M,2026-03-01T17:30:00,2026-03-01T20:30:00,
BUD,BCN,2026/3/1,141.41,A3,PT16H55M,2026-03-01T17:30:00,2026-03-01T20:30:00,
BUD,BCN,2026/3/1,147.2,JU,PT4H30M,2026-03-01T15:15:00,2026-03-01T16:10:00,
BUD,BCN,2026/3/1,147.2,JU,PT21H55M,2026-03-01T21:50:00,2026-03-01T22:45:00,
BUD,BCN,2026/3/1,185.43,AF,PT5H45M,2026-03-01T06:30:00,2026-03-01T08:45:00,
BUD,BCN,2026/3/1,185.43,AF,PT10H,2026-03-01T06:30:00,2026-03-01T08:45:00,
BUD,BCN,2026/3/1,187.43,AF,PT5H40M,2026-03-01T13:25:00,2026-03-01T15:35:00,
BUD,BCN,2026/3/1,187.43,AF,PT6H,2026-03-01T17:05:00,2026-03-01T19:15:00,
BUD,BCN,2026/3/1,187.43,AF,PT6H55M,2026-03-01T12:10:00,2026-03-01T14:20:00,
BUD,BCN,2026/3/1,187.43,AF,PT9H40M,2026-03-01T13:25:00,2026-03-01T15:35:00,
BUD,BCN,2026/3/1,187.43,AF,PT17H20M,2026-03-01T17:05:00,2026-03-01T19:15:00,
BUD,BCN,2026/3/1,194.09,EI,PT23H55M,2026-03-01T10:55:00,2026-03-01T13:10:00,
BUD,BCN,2026/3/1,198.26,IB,PT7H15M,2026-03-01T15:35:00,2026-03-01T18:55:00,
BUD,BCN,2026/3/2,147.2,JU,PT4H30M,2026-03-02T15:15:00,2026-03-02T16:10:00,
BUD,BCN,2026/3/2,147.2,JU,PT8H30M,2026-03-02T11:15:00,2026-03-02T12:10:00,
BUD,BCN,2026/3/2,167.84,LO,PT14H15M,2026-03-02T20:20:00,2026-03-02T21:35:00,
BUD,BCN,2026/3/2,174.2,JU,PT11H15M,2026-03-02T21:50:00,2026-03-02T22:45:00,
BUD,BCN,2026/3/2,174.2,JU,PT17H50M,2026-03-02T15:15:00,2026-03-02T16:10:00,
BUD,BCN,2026/3/2,185.43,AF,PT5H10M,2026-03-02T13:55:00,2026-03-02T16:05:00,
BUD,BCN,2026/3/2,185.43,AF,PT5H45M,2026-03-02T06:30:00,2026-03-02T08:45:00,
BUD,BCN,2026/3/2,185.43,AF,PT6H,2026-03-02T17:05:00,2026-03-02T19:15:00,
BUD,BCN,2026/3/2,185.43,AF,PT6H55M,2026-03-02T12:10:00,2026-03-02T14:20:00,
BUD,BCN,2026/3/2,185.43,AF,PT9H10M,2026-03-02T13:55:00,2026-03-02T16:05:00,
BUD,BCN,2026/3/2,185.43,AF,PT10H,2026-03-02T06:30:00,2026-03-02T08:45:00,
BUD,BCN,2026/3/2,185.43,AF,PT17H20M,2026-03-02T17:05:00,2026-03-02T19:15:00,
BUD,BCN,2026/3/2,198.26,IB,PT7H15M,2026-03-02T15:35:00,2026-03-02T18:55:00,
BUD,BCN,2026/3/2,217.86,SN,PT7H55M,2026-03-02T06:20:00,2026-03-02T08:30:00,
BUD,BCN,2026/3/2,217.86,SN,PT14H5M,2026-03-02T06:20:00,2026-03-02T08:30:00,
BUD,BCN,2026/3/3,154.84,LO,PT21H25M,2026-03-03T20:20:00,2026-03-03T21:35:00,
BUD,BCN,2026/3/3,154.84,LO,PT23H55M,2026-03-03T17:50:00,2026-03-03T19:05:00,
BUD,BCN,2026/3/3,174.41,A3,PT19H25M,2026-03-03T15:00:00,2026-03-03T18:00:00,
BUD,BCN,2026/3/3,174.41,A3,PT26H10M,2026-03-03T15:00:00,2026-03-03T18:00:00,
BUD,BCN,2026/3/3,185.43,AF,PT5H10M,2026-03-03T13:55:00,2026-03-03T16:05:00,
BUD,BCN,2026/3/3,185.43,AF,PT5H45M,2026-03-03T06:30:00,2026-03-03T08:45:00,
BUD,BCN,2026/3/3,185.43,AF,PT6H,2026-03-03T17:05:00,2026-03-03T19:15:00,
BUD,BCN,2026/3/3,185.43,AF,PT6H55M,2026-03-03T12:10:00,2026-03-03T14:20:00,
BUD,BCN,2026/3/3,185.43,AF,PT9H10M,2026-03-03T13:55:00,2026-03-03T16:05:00,
BUD,BCN,2026/3/3,185.43,AF,PT10H,2026-03-03T06:30:00,2026-03-03T08:45:00,
BUD,BCN,2026/3/3,185.43,AF,PT17H20M,2026-03-03T17:05:00,2026-03-03T19:15:00,
BUD,BCN,2026/3/3,198.26,IB,PT7H15M,2026-03-03T15:35:00,2026-03-03T18:55:00,
BUD,BCN,2026/3/3,217.75,OS,PT15H20M,2026-03-03T17:50:00,2026-03-03T18:45:00,
BUD,BCN,2026/3/3,217.75,OS,PT22H10M,2026-03-03T11:00:00,2026-03-03T11:55:00,
BUD,BCN,2026/3/3,217.86,SN,PT7H55M,2026-03-03T06:20:00,2026-03-03T08:30:00,
BUD,BCN,2026/3/4,120.41,A3,PT19H25M,2026-03-04T15:00:00,2026-03-04T18:00:00,
BUD,BCN,2026/3/4,120.41,A3,PT26H10M,2026-03-04T15:00:00,2026-03-04T18:00:00,
BUD,BCN,2026/3/4,154.84,LO,PT8H,2026-03-04T09:45:00,2026-03-04T11:00:00,
BUD,BCN,2026/3/4,154.84,LO,PT14H15M,2026-03-04T20:20:00,2026-03-04T21:35:00,
BUD,BCN,2026/3/4,167.43,AF,PT5H10M,2026-03-04T13:55:00,2026-03-04T16:05:00,
BUD,BCN,2026/3/4,167.43,AF,PT5H45M,2026-03-04T06:30:00,2026-03-04T08:45:00,
BUD,BCN,2026/3/4,167.43,AF,PT6H,2026-03-04T17:05:00,2026-03-04T19:15:00,
BUD,BCN,2026/3/4,167.43,AF,PT6H55M,2026-03-04T12:10:00,2026-03-04T14:20:00,
BUD,BCN,2026/3/4,167.43,AF,PT9H10M,2026-03-04T13:55:00,2026-03-04T16:05:00,
BUD,BCN,2026/3/4,167.43,AF,PT10H,2026-03-04T06:30:00,2026-03-04T08:45:00,
BUD,BCN,2026/3/4,167.43,AF,PT17H20M,2026-03-04T17:05:00,2026-03-04T19:15:00,
BUD,BCN,2026/3/4,174.2,JU,PT13H20M,2026-03-04T19:45:00,2026-03-04T20:40:00,
BUD,BCN,2026/3/4,174.2,JU,PT17H50M,2026-03-04T15:15:00,2026-03-04T16:10:00,
BUD,BCN,2026/3/4,175.79,SK,PT7H55M,2026-03-04T10:25:00,2026-03-04T12:25:00,
BUD,BCN,2026/3/4,182.98,DY,PT23H15M,2026-03-04T13:25:00,2026-03-04T15:55:00,
BUD,BCN,2026/3/5,145.84,LO,PT21H25M,2026-03-05T20:20:00,2026-03-05T21:35:00,
BUD,BCN,2026/3/5,145.84,LO,PT23H55M,2026-03-05T17:50:00,2026-03-05T19:05:00,
BUD,BCN,2026/3/5,147.2,JU,PT17H50M,2026-03-05T15:15:00,2026-03-05T16:10:00,
BUD,BCN,2026/3/5,147.2,JU,PT21H50M,2026-03-05T11:15:00,2026-03-05T12:10:00,
BUD,BCN,2026/3/5,157.98,DY,PT23H15M,2026-03-05T13:25:00,2026-03-05T15:55:00,
BUD,BCN,2026/3/5,167.43,AF,PT5H10M,2026-03-05T13:55:00,2026-03-05T16:05:00,
BUD,BCN,2026/3/5,167.43,AF,PT5H45M,2026-03-05T06:30:00,2026-03-05T08:45:00,
BUD,BCN,2026/3/5,167.43,AF,PT6H,2026-03-05T17:05:00,2026-03-05T19:15:00,
BUD,BCN,2026/3/5,167.43,AF,PT6H55M,2026-03-05T12:10:00,2026-03-05T14:20:00,
BUD,BCN,2026/3/5,167.43,AF,PT9H10M,2026-03-05T13:55:00,2026-03-05T16:05:00,
BUD,BCN,2026/3/5,167.43,AF,PT10H,2026-03-05T06:30:00,2026-03-05T08:45:00,
BUD,BCN,2026/3/5,167.43,AF,PT17H20M,2026-03-05T17:05:00,2026-03-05T19:15:00,
BUD,BCN,2026/3/5,197.76,LX,PT4H5M,2026-03-05T14:55:00,2026-03-05T16:35:00,
BUD,BCN,2026/3/5,197.76,LX,PT8H5M,2026-03-05T14:55:00,2026-03-05T16:35:00,
BUD,BCN,2026/3/5,199.45,LH,PT4H15M,2026-03-05T13:20:00,2026-03-05T14:35:00,
BUD,BCN,2026/3/6,120.41,A3,PT19H25M,2026-03-06T15:00:00,2026-03-06T18:00:00,
BUD,BCN,2026/3/6,120.41,A3,PT26H10M,2026-03-06T15:00:00,2026-03-06T18:00:00,
BUD,BCN,2026/3/6,145.84,LO,PT8H,2026-03-06T09:45:00,2026-03-06T11:00:00,
BUD,BCN,2026/3/6,145.84,LO,PT14H15M,2026-03-06T20:20:00,2026-03-06T21:35:00,
BUD,BCN,2026/3/6,147.2,JU,PT4H25M,2026-03-06T15:20:00,2026-03-06T16:15:00,
BUD,BCN,2026/3/6,147.2,JU,PT11H15M,2026-03-06T21:50:00,2026-03-06T22:45:00,
BUD,BCN,2026/3/6,147.2,JU,PT17H45M,2026-03-06T15:20:00,2026-03-06T16:15:00,
BUD,BCN,2026/3/6,167.43,AF,PT5H10M,2026-03-06T13:55:00,2026-03-06T16:05:00,
BUD,BCN,2026/3/6,167.43,AF,PT5H45M,2026-03-06T06:30:00,2026-03-06T08:45:00,
BUD,BCN,2026/3/6,167.43,AF,PT6H,2026-03-06T17:05:00,2026-03-06T19:15:00,
BUD,BCN,2026/3/6,167.43,AF,PT6H55M,2026-03-06T12:10:00,2026-03-06T14:20:00,
BUD,BCN,2026/3/6,167.43,AF,PT9H10M,2026-03-06T13:55:00,2026-03-06T16:05:00,
BUD,BCN,2026/3/6,167.43,AF,PT10H,2026-03-06T06:30:00,2026-03-06T08:45:00,
BUD,BCN,2026/3/6,167.43,AF,PT17H20M,2026-03-06T17:05:00,2026-03-06T19:15:00,
BUD,BCN,2026/3/6,190.98,DY,PT28H5M,2026-03-06T13:25:00,2026-03-06T15:55:00,
BUD,BCN,2026/3/7,120.41,A3,PT19H25M,2026-03-07T15:00:00,2026-03-07T18:00:00,
BUD,BCN,2026/3/7,120.41,A3,PT26H10M,2026-03-07T15:00:00,2026-03-07T18:00:00,
BUD,BCN,2026/3/7,145.84,LO,PT23H55M,2026-03-07T17:50:00,2026-03-07T19:05:00,
BUD,BCN,2026/3/7,167.43,AF,PT5H10M,2026-03-07T13:55:00,2026-03-07T16:05:00,
BUD,BCN,2026/3/7,167.43,AF,PT5H45M,2026-03-07T06:30:00,2026-03-07T08:45:00,
BUD,BCN,2026/3/7,167.43,AF,PT6H55M,2026-03-07T12:10:00,2026-03-07T14:20:00,
BUD,BCN,2026/3/7,167.43,AF,PT10H,2026-03-07T06:30:00,2026-03-07T08:45:00,
BUD,BCN,2026/3/7,167.43,AF,PT17H20M,2026-03-07T17:05:00,2026-03-07T19:15:00,
BUD,BCN,2026/3/7,167.43,AF,PT19H10M,2026-03-07T17:05:00,2026-03-07T19:15:00,
BUD,BCN,2026/3/7,167.43,AF,PT20H30M,2026-03-07T13:55:00,2026-03-07T16:05:00,
BUD,BCN,2026/3/7,198.26,IB,PT5H45M,2026-03-07T15:35:00,2026-03-07T18:55:00,
BUD,BCN,2026/3/7,198.26,IB,PT7H15M,2026-03-07T15:35:00,2026-03-07T18:55:00,
BUD,BCN,2026/3/7,299.42,AF,PT7H40M,2026-03-07T06:20:00,2026-03-07T08:45:00,
BUD,BCN,2026/3/7,332.42,AF,PT14H40M,2026-03-07T18:10:00,2026-03-07T20:35:00,
BUD,BCN,2026/3/7,345.19,TK,PT7H55M,2026-03-07T09:10:00,2026-03-07T13:25:00,
BUD,BCN,2026/3/8,120.41,A3,PT16H55M,2026-03-08T17:30:00,2026-03-08T20:30:00,
BUD,BCN,2026/3/8,120.41,A3,PT23H40M,2026-03-08T17:30:00,2026-03-08T20:30:00,
BUD,BCN,2026/3/8,136.98,DY,PT15H50M,2026-03-08T20:50:00,2026-03-08T23:20:00,
BUD,BCN,2026/3/8,145.84,LO,PT8H,2026-03-08T09:45:00,2026-03-08T11:00:00,
BUD,BCN,2026/3/8,147.2,JU,PT4H30M,2026-03-08T15:15:00,2026-03-08T16:10:00,
BUD,BCN,2026/3/8,147.2,JU,PT17H50M,2026-03-08T15:15:00,2026-03-08T16:10:00,
BUD,BCN,2026/3/8,147.2,JU,PT11H15M,2026-03-08T21:50:00,2026-03-08T22:45:00,
BUD,BCN,2026/3/8,147.2,JU,PT21H55M,2026-03-08T21:50:00,2026-03-08T22:45:00,
BUD,BCN,2026/3/8,167.43,AF,PT5H40M,2026-03-08T13:25:00,2026-03-08T15:35:00,
BUD,BCN,2026/3/8,167.43,AF,PT5H45M,2026-03-08T06:30:00,2026-03-08T08:45:00,
BUD,BCN,2026/3/8,167.43,AF,PT6H,2026-03-08T17:05:00,2026-03-08T19:15:00,
BUD,BCN,2026/3/8,167.43,AF,PT6H55M,2026-03-08T12:10:00,2026-03-08T14:20:00,
BUD,BCN,2026/3/8,167.43,AF,PT9H40M,2026-03-08T13:25:00,2026-03-08T15:35:00,
BUD,BCN,2026/3/8,167.43,AF,PT10H,2026-03-08T06:30:00,2026-03-08T08:45:00,
BUD,BCN,2026/3/8,167.43,AF,PT17H20M,2026-03-08T17:05:00,2026-03-08T19:15:00,
BUD,BCN,2026/3/9,145.84,LO,PT14H15M,2026-03-09T20:20:00,2026-03-09T21:35:00,
BUD,BCN,2026/3/9,147.2,JU,PT4H30M,2026-03-09T15:15:00,2026-03-09T16:10:00,
BUD,BCN,2026/3/9,147.2,JU,PT8H30M,2026-03-09T11:15:00,2026-03-09T12:10:00,
BUD,BCN,2026/3/9,149.43,AF,PT5H45M,2026-03-09T06:30:00,2026-03-09T08:45:00,
BUD,BCN,2026/3/9,149.43,AF,PT6H,2026-03-09T17:05:00,2026-03-09T19:15:00,
BUD,BCN,2026/3/9,149.43,AF,PT6H55M,2026-03-09T12:10:00,2026-03-09T14:20:00,
BUD,BCN,2026/3/9,149.43,AF,PT10H,2026-03-09T06:30:00,2026-03-09T08:45:00,
BUD,BCN,2026/3/9,149.43,AF,PT17H20M,2026-03-09T17:05:00,2026-03-09T19:15:00,
BUD,BCN,2026/3/9,177.75,OS,PT8H45M,2026-03-09T11:00:00,2026-03-09T11:55:00,
BUD,BCN,2026/3/9,177.75,OS,PT11H55M,2026-03-09T07:50:00,2026-03-09T08:45:00,
BUD,BCN,2026/3/9,177.75,OS,PT14H50M,2026-03-09T18:20:00,2026-03-09T19:15:00,
BUD,BCN,2026/3/9,177.75,OS,PT22H10M,2026-03-09T11:00:00,2026-03-09T11:55:00,
BUD,BCN,2026/3/9,177.76,LX,PT4H5M,2026-03-09T14:55:00,2026-03-09T16:35:00,
BUD,BCN,2026/3/9,177.76,LX,PT4H25M,2026-03-09T09:40:00,2026-03-09T11:20:00,
BUD,BCN,2026/3/9,177.76,LX,PT7H50M,2026-03-09T06:15:00,2026-03-09T07:55:00,
BUD,BCN,2026/3/10,138.42,AF,PT6H40M,2026-03-10T12:40:00,2026-03-10T15:05:00,
BUD,BCN,2026/3/10,138.42,AF,PT7H40M,2026-03-10T06:20:00,2026-03-10T08:45:00,
BUD,BCN,2026/3/10,138.42,AF,PT8H40M,2026-03-10T06:20:00,2026-03-10T08:45:00,
BUD,BCN,2026/3/10,138.42,AF,PT10H15M,2026-03-10T12:40:00,2026-03-10T15:05:00,
BUD,BCN,2026/3/10,141.41,A3,PT26H10M,2026-03-10T15:00:00,2026-03-10T18:00:00,
BUD,BCN,2026/3/10,145.84,LO,PT21H25M,2026-03-10T20:20:00,2026-03-10T21:35:00,
BUD,BCN,2026/3/10,145.84,LO,PT23H55M,2026-03-10T17:50:00,2026-03-10T19:05:00,
BUD,BCN,2026/3/10,149.43,AF,PT5H45M,2026-03-10T06:30:00,2026-03-10T08:45:00,
BUD,BCN,2026/3/10,149.43,AF,PT6H,2026-03-10T17:05:00,2026-03-10T19:15:00,
BUD,BCN,2026/3/10,149.43,AF,PT6H55M,2026-03-10T12:10:00,2026-03-10T14:20:00,
BUD,BCN,2026/3/10,149.43,AF,PT10H,2026-03-10T06:30:00,2026-03-10T08:45:00,
BUD,BCN,2026/3/10,177.75,OS,PT8H45M,2026-03-10T11:00:00,2026-03-10T11:55:00,
BUD,BCN,2026/3/10,177.75,OS,PT11H55M,2026-03-10T07:50:00,2026-03-10T08:45:00,
BUD,BCN,2026/3/10,177.75,OS,PT15H20M,2026-03-10T17:50:00,2026-03-10T18:45:00,
BUD,BCN,2026/3/10,177.75,OS,PT22H10M,2026-03-10T11:00:00,2026-03-10T11:55:00,
BUD,BCN,2026/3/11,120.41,A3,PT26H10M,2026-03-11T15:00:00,2026-03-11T18:00:00,
BUD,BCN,2026/3/11,138.42,AF,PT14H40M,2026-03-11T18:10:00,2026-03-11T20:35:00,
BUD,BCN,2026/3/11,141.41,A3,PT19H25M,2026-03-11T15:00:00,2026-03-11T18:00:00,
BUD,BCN,2026/3/11,145.84,LO,PT8H,2026-03-11T09:45:00,2026-03-11T11:00:00,
BUD,BCN,2026/3/11,145.84,LO,PT14H15M,2026-03-11T20:20:00,2026-03-11T21:35:00,
BUD,BCN,2026/3/11,149.43,AF,PT6H,2026-03-11T17:05:00,2026-03-11T19:15:00,
BUD,BCN,2026/3/11,149.43,AF,PT9H10M,2026-03-11T13:55:00,2026-03-11T16:05:00,
BUD,BCN,2026/3/11,149.43,AF,PT10H,2026-03-11T06:30:00,2026-03-11T08:45:00,
BUD,BCN,2026/3/11,149.43,AF,PT6H55M,2026-03-11T12:10:00,2026-03-11T14:20:00,
BUD,BCN,2026/3/11,172.76,AF,PT17H,2026-03-11T18:10:00,2026-03-11T20:35:00,
BUD,BCN,2026/3/11,175.79,SK,PT7H55M,2026-03-11T10:25:00,2026-03-11T12:25:00,
BUD,BCN,2026/3/11,180.45,LH,PT4H15M,2026-03-11T13:20:00,2026-03-11T14:35:00,
BUD,BCN,2026/3/11,180.45,LH,PT4H45M,2026-03-11T10:00:00,2026-03-11T11:15:00,
BUD,BCN,2026/3/11,180.45,LH,PT6H5M,2026-03-11T17:00:00,2026-03-11T18:15:00,
BUD,BCN,2026/3/11,180.45,LH,PT6H50M,2026-03-11T07:55:00,2026-03-11T09:10:00,
BUD,BCN,2026/3/12,145.84,LO,PT21H25M,2026-03-12T20:20:00,2026-03-12T21:35:00,
BUD,BCN,2026/3/12,145.84,LO,PT23H55M,2026-03-12T17:50:00,2026-03-12T19:05:00,
BUD,BCN,2026/3/12,147.2,JU,PT17H50M,2026-03-12T15:15:00,2026-03-12T16:10:00,
BUD,BCN,2026/3/12,147.2,JU,PT21H50M,2026-03-12T11:15:00,2026-03-12T12:10:00,
BUD,BCN,2026/3/12,149.43,AF,PT5H10M,2026-03-12T13:55:00,2026-03-12T16:05:00,
BUD,BCN,2026/3/12,149.43,AF,PT5H45M,2026-03-12T06:30:00,2026-03-12T08:45:00,
BUD,BCN,2026/3/12,149.43,AF,PT6H,2026-03-12T17:05:00,2026-03-12T19:15:00,
BUD,BCN,2026/3/12,149.43,AF,PT6H55M,2026-03-12T12:10:00,2026-03-12T14:20:00,
BUD,BCN,2026/3/12,149.43,AF,PT9H10M,2026-03-12T13:55:00,2026-03-12T16:05:00,
BUD,BCN,2026/3/12,149.43,AF,PT10H,2026-03-12T06:30:00,2026-03-12T08:45:00,
BUD,BCN,2026/3/12,149.43,AF,PT17H20M,2026-03-12T17:05:00,2026-03-12T19:15:00,
BUD,BCN,2026/3/12,177.86,SN,PT7H55M,2026-03-12T06:20:00,2026-03-12T08:30:00,
BUD,BCN,2026/3/12,177.86,SN,PT14H5M,2026-03-12T06:20:00,2026-03-12T08:30:00,
BUD,BCN,2026/3/12,180.45,LH,PT6H50M,2026-03-12T07:55:00,2026-03-12T09:10:00,
BUD,BCN,2026/3/12,188.53,LH,PT4H35M,2026-03-12T14:25:00,2026-03-12T16:10:00,
BUD,BCN,2026/3/13,145.84,LO,PT14H15M,2026-03-13T20:20:00,2026-03-13T21:35:00,
BUD,BCN,2026/3/13,147.2,JU,PT4H25M,2026-03-13T15:20:00,2026-03-13T16:15:00,
BUD,BCN,2026/3/13,147.2,JU,PT11H15M,2026-03-13T21:50:00,2026-03-13T22:45:00,
BUD,BCN,2026/3/13,147.2,JU,PT17H45M,2026-03-13T15:20:00,2026-03-13T16:15:00,
BUD,BCN,2026/3/13,149.43,AF,PT17H20M,2026-03-13T17:05:00,2026-03-13T19:15:00,
BUD,BCN,2026/3/13,177.75,OS,PT15H20M,2026-03-13T17:50:00,2026-03-13T18:45:00,
BUD,BCN,2026/3/13,177.75,OS,PT22H10M,2026-03-13T11:00:00,2026-03-13T11:55:00,
BUD,BCN,2026/3/13,177.76,LX,PT4H5M,2026-03-13T14:55:00,2026-03-13T16:35:00,
BUD,BCN,2026/3/13,177.76,LX,PT9H20M,2026-03-13T09:40:00,2026-03-13T11:20:00,
BUD,BCN,2026/3/13,177.76,LX,PT13H20M,2026-03-13T19:45:00,2026-03-13T21:25:00,
BUD,BCN,2026/3/13,177.76,LX,PT4H25M,2026-03-13T09:40:00,2026-03-13T11:20:00,
BUD,BCN,2026/3/13,177.76,LX,PT7H50M,2026-03-13T06:15:00,2026-03-13T07:55:00,
BUD,BCN,2026/3/13,177.86,SN,PT7H55M,2026-03-13T06:20:00,2026-03-13T08:30:00,
BUD,BCN,2026/3/13,177.86,SN,PT14H5M,2026-03-13T06:20:00,2026-03-13T08:30:00,
BUD,BCN,2026/3/13,180.45,LH,PT4H15M,2026-03-13T13:20:00,2026-03-13T14:35:00,
BUD,BCN,2026/3/14,134.43,AF,PT5H10M,2026-03-14T13:55:00,2026-03-14T16:05:00,
BUD,BCN,2026/3/14,134.43,AF,PT5H45M,2026-03-14T06:30:00,2026-03-14T08:45:00,
BUD,BCN,2026/3/14,134.43,AF,PT6H55M,2026-03-14T12:10:00,2026-03-14T14:20:00,
BUD,BCN,2026/3/14,134.43,AF,PT10H,2026-03-14T06:30:00,2026-03-14T08:45:00,
BUD,BCN,2026/3/14,134.43,AF,PT17H20M,2026-03-14T17:05:00,2026-03-14T19:15:00,
BUD,BCN,2026/3/14,134.43,AF,PT19H10M,2026-03-14T17:05:00,2026-03-14T19:15:00,
BUD,BCN,2026/3/14,134.43,AF,PT20H30M,2026-03-14T13:55:00,2026-03-14T16:05:00,
BUD,BCN,2026/3/14,138.42,AF,PT14H40M,2026-03-14T18:10:00,2026-03-14T20:35:00,
BUD,BCN,2026/3/14,139.76,AF,PT17H,2026-03-14T18:10:00,2026-03-14T20:35:00,
BUD,BCN,2026/3/14,145.84,LO,PT23H55M,2026-03-14T17:50:00,2026-03-14T19:05:00,
BUD,BCN,2026/3/14,177.76,LX,PT4H5M,2026-03-14T14:55:00,2026-03-14T16:35:00,
BUD,BCN,2026/3/14,177.76,LX,PT8H5M,2026-03-14T14:55:00,2026-03-14T16:35:00,
BUD,BCN,2026/3/14,180.45,LH,PT4H15M,2026-03-14T13:20:00,2026-03-14T14:35:00,
BUD,BCN,2026/3/14,180.45,LH,PT9H45M,2026-03-14T13:20:00,2026-03-14T14:35:00,
BUD,BCN,2026/3/14,180.45,LH,PT9H45M,2026-03-14T13:20:00,2026-03-14T14:40:00,
BUD,BCN,2026/3/15,104.2,JU,PT21H55M,2026-03-15T21:50:00,2026-03-15T22:45:00,
BUD,BCN,2026/3/15,134.43,AF,PT5H45M,2026-03-15T06:30:00,2026-03-15T08:45:00,
BUD,BCN,2026/3/15,134.43,AF,PT6H55M,2026-03-15T12:10:00,2026-03-15T14:20:00,
BUD,BCN,2026/3/15,134.43,AF,PT10H,2026-03-15T06:30:00,2026-03-15T08:45:00,
BUD,BCN,2026/3/15,138.42,AF,PT7H40M,2026-03-15T06:20:00,2026-03-15T08:45:00,
BUD,BCN,2026/3/15,138.42,AF,PT8H40M,2026-03-15T06:20:00,2026-03-15T08:45:00,
BUD,BCN,2026/3/15,147.2,JU,PT4H30M,2026-03-15T15:15:00,2026-03-15T16:10:00,
BUD,BCN,2026/3/15,147.2,JU,PT11H15M,2026-03-15T21:50:00,2026-03-15T22:45:00,
BUD,BCN,2026/3/15,149.43,AF,PT6H,2026-03-15T17:05:00,2026-03-15T19:15:00,
BUD,BCN,2026/3/15,149.43,AF,PT17H20M,2026-03-15T17:05:00,2026-03-15T19:15:00,
BUD,BCN,2026/3/15,171.42,AF,PT6H40M,2026-03-15T12:40:00,2026-03-15T15:05:00,
BUD,BCN,2026/3/15,174.2,JU,PT17H50M,2026-03-15T15:15:00,2026-03-15T16:10:00,
BUD,BCN,2026/3/15,177.76,LX,PT4H25M,2026-03-15T09:40:00,2026-03-15T11:20:00,
BUD,BCN,2026/3/15,177.76,LX,PT7H50M,2026-03-15T06:15:00,2026-03-15T07:55:00,
BUD,BCN,2026/3/15,177.76,LX,PT13H5M,2026-03-15T20:00:00,2026-03-15T21:40:00,
BUD,BCN,2026/3/16,104.2,JU,PT4H30M,2026-03-16T15:15:00,2026-03-16T16:10:00,
BUD,BCN,2026/3/16,104.2,JU,PT8H30M,2026-03-16T11:15:00,2026-03-16T12:10:00,
BUD,BCN,2026/3/16,131.98,DY,PT21H50M,2026-03-16T14:50:00,2026-03-16T17:20:00,
BUD,BCN,2026/3/16,134.43,AF,PT5H10M,2026-03-16T13:55:00,2026-03-16T16:05:00,
BUD,BCN,2026/3/16,134.43,AF,PT9H10M,2026-03-16T13:55:00,2026-03-16T16:05:00,
BUD,BCN,2026/3/16,134.43,AF,PT5H45M,2026-03-16T06:30:00,2026-03-16T08:45:00,
BUD,BCN,2026/3/16,134.43,AF,PT6H,2026-03-16T17:05:00,2026-03-16T19:15:00,
BUD,BCN,2026/3/16,134.43,AF,PT6H55M,2026-03-16T12:10:00,2026-03-16T14:20:00,
BUD,BCN,2026/3/16,134.43,AF,PT10H,2026-03-16T06:30:00,2026-03-16T08:45:00,
BUD,BCN,2026/3/16,134.43,AF,PT17H20M,2026-03-16T17:05:00,2026-03-16T19:15:00,
BUD,BCN,2026/3/16,138.42,AF,PT7H40M,2026-03-16T06:20:00,2026-03-16T08:45:00,
BUD,BCN,2026/3/16,138.42,AF,PT14H40M,2026-03-16T18:10:00,2026-03-16T20:35:00,
BUD,BCN,2026/3/16,139.76,AF,PT17H,2026-03-16T18:10:00,2026-03-16T20:35:00,
BUD,BCN,2026/3/16,145.84,LO,PT8H,2026-03-16T09:45:00,2026-03-16T11:00:00,
BUD,BCN,2026/3/16,145.84,LO,PT14H15M,2026-03-16T20:20:00,2026-03-16T21:35:00,
BUD,BCN,2026/3/17,120.41,A3,PT19H25M,2026-03-17T15:00:00,2026-03-17T18:00:00,
BUD,BCN,2026/3/17,120.41,A3,PT26H10M,2026-03-17T15:00:00,2026-03-17T18:00:00,
BUD,BCN,2026/3/17,134.43,AF,PT5H45M,2026-03-17T06:30:00,2026-03-17T08:45:00,
BUD,BCN,2026/3/17,134.43,AF,PT6H,2026-03-17T17:05:00,2026-03-17T19:15:00,
BUD,BCN,2026/3/17,134.43,AF,PT6H55M,2026-03-17T12:10:00,2026-03-17T14:20:00,
BUD,BCN,2026/3/17,134.43,AF,PT10H,2026-03-17T06:30:00,2026-03-17T08:45:00,
BUD,BCN,2026/3/17,134.43,AF,PT17H20M,2026-03-17T17:05:00,2026-03-17T19:15:00,
BUD,BCN,2026/3/17,138.42,AF,PT6H40M,2026-03-17T12:40:00,2026-03-17T15:05:00,
BUD,BCN,2026/3/17,138.42,AF,PT7H40M,2026-03-17T06:20:00,2026-03-17T08:45:00,
BUD,BCN,2026/3/17,138.42,AF,PT8H40M,2026-03-17T06:20:00,2026-03-17T08:45:00,
BUD,BCN,2026/3/17,138.42,AF,PT10H15M,2026-03-17T12:40:00,2026-03-17T15:05:00,
BUD,BCN,2026/3/17,138.42,AF,PT14H40M,2026-03-17T18:10:00,2026-03-17T20:35:00,
BUD,BCN,2026/3/17,139.76,AF,PT17H,2026-03-17T18:10:00,2026-03-17T20:35:00,
BUD,BCN,2026/3/17,149.43,AF,PT5H10M,2026-03-17T13:55:00,2026-03-17T16:05:00,
BUD,BCN,2026/3/17,149.43,AF,PT9H10M,2026-03-17T13:55:00,2026-03-17T16:05:00,
BUD,BCN,2026/3/18,120.41,A3,PT19H25M,2026-03-18T15:00:00,2026-03-18T18:00:00,
BUD,BCN,2026/3/18,120.41,A3,PT26H10M,2026-03-18T15:00:00,2026-03-18T18:00:00,
BUD,BCN,2026/3/18,134.43,AF,PT5H10M,2026-03-18T13:55:00,2026-03-18T16:05:00,
BUD,BCN,2026/3/18,134.43,AF,PT5H45M,2026-03-18T06:30:00,2026-03-18T08:45:00,
BUD,BCN,2026/3/18,134.43,AF,PT6H,2026-03-18T17:05:00,2026-03-18T19:15:00,
BUD,BCN,2026/3/18,134.43,AF,PT6H55M,2026-03-18T12:10:00,2026-03-18T14:20:00,
BUD,BCN,2026/3/18,134.43,AF,PT9H10M,2026-03-18T13:55:00,2026-03-18T16:05:00,
BUD,BCN,2026/3/18,134.43,AF,PT10H,2026-03-18T06:30:00,2026-03-18T08:45:00,
BUD,BCN,2026/3/18,134.43,AF,PT17H20M,2026-03-18T17:05:00,2026-03-18T19:15:00,
BUD,BCN,2026/3/18,138.42,AF,PT6H40M,2026-03-18T12:40:00,2026-03-18T15:05:00,
BUD,BCN,2026/3/18,138.42,AF,PT10H15M,2026-03-18T12:40:00,2026-03-18T15:05:00,
BUD,BCN,2026/3/18,138.42,AF,PT14H40M,2026-03-18T18:10:00,2026-03-18T20:35:00,
BUD,BCN,2026/3/18,172.76,AF,PT17H,2026-03-18T18:10:00,2026-03-18T20:35:00,
BUD,BCN,2026/3/18,174.2,JU,PT13H20M,2026-03-18T19:45:00,2026-03-18T20:40:00,
BUD,BCN,2026/3/18,174.2,JU,PT17H50M,2026-03-18T15:15:00,2026-03-18T16:10:00,
BUD,BCN,2026/3/19,120.43,AF,PT5H10M,2026-03-19T13:55:00,2026-03-19T16:05:00,
BUD,BCN,2026/3/19,120.43,AF,PT9H10M,2026-03-19T13:55:00,2026-03-19T16:05:00,
BUD,BCN,2026/3/19,120.43,AF,PT5H45M,2026-03-19T06:30:00,2026-03-19T08:45:00,
BUD,BCN,2026/3/19,120.43,AF,PT6H,2026-03-19T17:05:00,2026-03-19T19:15:00,
BUD,BCN,2026/3/19,120.43,AF,PT6H55M,2026-03-19T12:10:00,2026-03-19T14:20:00,
BUD,BCN,2026/3/19,120.43,AF,PT10H,2026-03-19T06:30:00,2026-03-19T08:45:00,
BUD,BCN,2026/3/19,120.43,AF,PT17H20M,2026-03-19T17:05:00,2026-03-19T19:15:00,
BUD,BCN,2026/3/19,138.42,AF,PT14H40M,2026-03-19T18:10:00,2026-03-19T20:35:00,
BUD,BCN,2026/3/19,139.84,LO,PT21H25M,2026-03-19T20:20:00,2026-03-19T21:35:00,
BUD,BCN,2026/3/19,139.84,LO,PT23H55M,2026-03-19T17:50:00,2026-03-19T19:05:00,
BUD,BCN,2026/3/19,147.2,JU,PT17H50M,2026-03-19T15:15:00,2026-03-19T16:10:00,
BUD,BCN,2026/3/19,147.2,JU,PT21H50M,2026-03-19T11:15:00,2026-03-19T12:10:00,
BUD,BCN,2026/3/19,153.42,AF,PT6H40M,2026-03-19T12:40:00,2026-03-19T15:05:00,
BUD,BCN,2026/3/19,153.42,AF,PT7H40M,2026-03-19T06:20:00,2026-03-19T08:45:00,
BUD,BCN,2026/3/19,154.76,AF,PT17H,2026-03-19T18:10:00,2026-03-19T20:35:00,
ZAG,BCN,2026/2/18,115.06,A3,PT22H5M,2026-02-18T19:05:00,2026-02-18T21:55:00,
ZAG,BCN,2026/2/18,127.06,A3,PT15H20M,2026-02-18T19:05:00,2026-02-18T21:55:00,
ZAG,BCN,2026/2/18,174.85,JU,PT14H15M,2026-02-18T18:50:00,2026-02-18T19:55:00,
ZAG,BCN,2026/2/18,240.08,AF,PT5H45M,2026-02-18T06:30:00,2026-02-18T08:40:00,
ZAG,BCN,2026/2/18,240.08,AF,PT8H,2026-02-18T15:05:00,2026-02-18T17:15:00,
ZAG,BCN,2026/2/18,240.08,AF,PT19H20M,2026-02-18T15:05:00,2026-02-18T17:15:00,
ZAG,BCN,2026/2/18,258.51,OU,PT7H20M,2026-02-18T06:55:00,2026-02-18T08:45:00,
ZAG,BCN,2026/2/18,274.84,TK,PT7H40M,2026-02-18T09:25:00,2026-02-18T13:45:00,
ZAG,BCN,2026/2/18,274.84,TK,PT14H25M,2026-02-18T09:25:00,2026-02-18T13:45:00,
ZAG,BCN,2026/2/18,274.84,TK,PT14H35M,2026-02-18T19:55:00,2026-02-19T00:15:00,
ZAG,BCN,2026/2/18,274.84,TK,PT17H30M,2026-02-18T19:55:00,2026-02-19T00:15:00,
ZAG,BCN,2026/2/18,285.49,LO,PT21H50M,2026-02-18T12:45:00,2026-02-18T14:20:00,
ZAG,BCN,2026/2/18,305.08,AF,PT14H40M,2026-02-18T08:25:00,2026-02-18T10:30:00,
ZAG,BCN,2026/2/18,305.08,AF,PT26H,2026-02-18T08:25:00,2026-02-18T10:30:00,
ZAG,BCN,2026/2/19,124.85,JU,PT21H45M,2026-02-19T11:20:00,2026-02-19T12:25:00,
ZAG,BCN,2026/2/19,146.34,OU,PT2H10M,2026-02-19T15:30:00,2026-02-19T17:40:00,
ZAG,BCN,2026/2/19,225.57,OU,PT13H40M,2026-02-19T18:45:00,2026-02-19T19:50:00,
ZAG,BCN,2026/2/19,240.08,AF,PT5H45M,2026-02-19T06:30:00,2026-02-19T08:40:00,
ZAG,BCN,2026/2/19,240.08,AF,PT8H,2026-02-19T15:05:00,2026-02-19T17:15:00,
ZAG,BCN,2026/2/19,240.08,AF,PT10H,2026-02-19T06:30:00,2026-02-19T08:40:00,
ZAG,BCN,2026/2/19,240.08,AF,PT19H20M,2026-02-19T15:05:00,2026-02-19T17:15:00,
ZAG,BCN,2026/2/19,245.49,LO,PT23H45M,2026-02-19T18:00:00,2026-02-19T19:35:00,
ZAG,BCN,2026/2/19,274.84,TK,PT7H40M,2026-02-19T09:25:00,2026-02-19T13:45:00,
ZAG,BCN,2026/2/19,274.84,TK,PT10H,2026-02-19T13:50:00,2026-02-19T18:10:00,
ZAG,BCN,2026/2/19,274.84,TK,PT14H25M,2026-02-19T09:25:00,2026-02-19T13:45:00,
ZAG,BCN,2026/2/19,274.84,TK,PT14H50M,2026-02-19T19:55:00,2026-02-20T00:15:00,
ZAG,BCN,2026/2/19,274.84,TK,PT20H55M,2026-02-19T13:50:00,2026-02-19T18:10:00,
ZAG,BCN,2026/2/19,274.84,TK,PT21H30M,2026-02-19T19:55:00,2026-02-20T00:15:00,
ZAG,BCN,2026/2/20,124.85,JU,PT8H25M,2026-02-20T11:20:00,2026-02-20T12:25:00,
ZAG,BCN,2026/2/20,124.85,JU,PT14H15M,2026-02-20T18:50:00,2026-02-20T19:55:00,
ZAG,BCN,2026/2/20,124.85,JU,PT21H45M,2026-02-20T11:20:00,2026-02-20T12:25:00,
ZAG,BCN,2026/2/20,195.06,A3,PT15H20M,2026-02-20T19:05:00,2026-02-20T21:55:00,
ZAG,BCN,2026/2/20,195.06,A3,PT22H5M,2026-02-20T19:05:00,2026-02-20T21:55:00,
ZAG,BCN,2026/2/20,195.08,AF,PT19H20M,2026-02-20T15:05:00,2026-02-20T17:15:00,
ZAG,BCN,2026/2/20,214.41,OU,PT15H20M,2026-02-20T17:45:00,2026-02-20T19:15:00,
ZAG,BCN,2026/2/20,230.75,LH,PT6H15M,2026-02-20T12:50:00,2026-02-20T14:15:00,
ZAG,BCN,2026/2/20,240.08,AF,PT5H45M,2026-02-20T06:30:00,2026-02-20T08:40:00,
ZAG,BCN,2026/2/20,240.08,AF,PT8H,2026-02-20T15:05:00,2026-02-20T17:15:00,
ZAG,BCN,2026/2/20,240.08,AF,PT10H,2026-02-20T06:30:00,2026-02-20T08:40:00,
ZAG,BCN,2026/2/20,245.49,LO,PT16H35M,2026-02-20T18:00:00,2026-02-20T19:35:00,
ZAG,BCN,2026/2/20,245.49,LO,PT21H50M,2026-02-20T12:45:00,2026-02-20T14:20:00,
ZAG,BCN,2026/2/20,274.84,TK,PT8H,2026-02-20T09:25:00,2026-02-20T13:45:00,
ZAG,BCN,2026/2/20,274.84,TK,PT14H25M,2026-02-20T09:25:00,2026-02-20T13:45:00,
ZAG,BCN,2026/2/21,180.08,AF,PT10H,2026-02-21T06:30:00,2026-02-21T08:40:00,
ZAG,BCN,2026/2/21,180.08,AF,PT16H50M,2026-02-21T17:35:00,2026-02-21T19:45:00,
ZAG,BCN,2026/2/21,180.08,AF,PT18H40M,2026-02-21T17:35:00,2026-02-21T19:45:00,
ZAG,BCN,2026/2/21,230.08,AF,PT8H5M,2026-02-21T08:25:00,2026-02-21T10:30:00,
ZAG,BCN,2026/2/21,230.08,AF,PT10H40M,2026-02-21T08:25:00,2026-02-21T10:30:00,
ZAG,BCN,2026/2/21,240.08,AF,PT5H45M,2026-02-21T06:30:00,2026-02-21T08:40:00,
ZAG,BCN,2026/2/21,245.49,LO,PT23H45M,2026-02-21T18:00:00,2026-02-21T19:35:00,
ZAG,BCN,2026/2/21,250.1,LH,PT4H,2026-02-21T13:35:00,2026-02-21T14:40:00,
ZAG,BCN,2026/2/21,274.84,TK,PT7H40M,2026-02-21T09:25:00,2026-02-21T13:45:00,
ZAG,BCN,2026/2/21,274.84,TK,PT10H,2026-02-21T13:50:00,2026-02-21T18:10:00,
ZAG,BCN,2026/2/21,274.84,TK,PT14H25M,2026-02-21T09:25:00,2026-02-21T13:45:00,
ZAG,BCN,2026/2/21,274.84,TK,PT14H50M,2026-02-21T19:55:00,2026-02-22T00:15:00,
ZAG,BCN,2026/2/21,274.84,TK,PT17H30M,2026-02-21T19:55:00,2026-02-22T00:15:00,
ZAG,BCN,2026/2/21,274.84,TK,PT20H55M,2026-02-21T13:50:00,2026-02-21T18:10:00,
ZAG,BCN,2026/2/21,285.4,OS,PT25H55M,2026-02-21T17:50:00,2026-02-21T18:45:00,
ZAG,BCN,2026/2/22,124.85,JU,PT24H55M,2026-02-22T18:50:00,2026-02-22T19:55:00,
ZAG,BCN,2026/2/22,144.85,JU,PT14H15M,2026-02-22T18:50:00,2026-02-22T19:55:00,
ZAG,BCN,2026/2/22,146.34,OU,PT2H10M,2026-02-22T15:30:00,2026-02-22T17:40:00,
ZAG,BCN,2026/2/22,211.08,AF,PT5H35M,2026-02-22T17:30:00,2026-02-22T19:40:00,
ZAG,BCN,2026/2/22,211.08,AF,PT5H45M,2026-02-22T06:30:00,2026-02-22T08:40:00,
ZAG,BCN,2026/2/22,211.08,AF,PT10H,2026-02-22T06:30:00,2026-02-22T08:40:00,
ZAG,BCN,2026/2/22,211.08,AF,PT16H55M,2026-02-22T17:30:00,2026-02-22T19:40:00,
ZAG,BCN,2026/2/22,213.49,LO,PT23H45M,2026-02-22T18:00:00,2026-02-22T19:35:00,
ZAG,BCN,2026/2/22,220.75,LH,PT7H10M,2026-02-22T12:50:00,2026-02-22T14:15:00,
ZAG,BCN,2026/2/22,267.08,AF,PT8H5M,2026-02-22T08:25:00,2026-02-22T10:30:00,
ZAG,BCN,2026/2/22,267.08,AF,PT10H40M,2026-02-22T08:25:00,2026-02-22T10:30:00,
ZAG,BCN,2026/2/22,270.08,OU,PT20H10M,2026-02-22T18:05:00,2026-02-22T19:55:00,
ZAG,BCN,2026/2/22,270.08,OU,PT26H20M,2026-02-22T18:05:00,2026-02-22T19:55:00,
ZAG,BCN,2026/2/22,274.84,TK,PT8H,2026-02-22T09:25:00,2026-02-22T13:45:00,
ZAG,BCN,2026/2/22,274.84,TK,PT14H25M,2026-02-22T09:25:00,2026-02-22T13:45:00,
ZAG,BCN,2026/2/23,115.06,A3,PT15H20M,2026-02-23T19:05:00,2026-02-23T21:55:00,
ZAG,BCN,2026/2/23,115.06,A3,PT22H5M,2026-02-23T19:05:00,2026-02-23T21:55:00,
ZAG,BCN,2026/2/23,124.85,JU,PT8H25M,2026-02-23T11:20:00,2026-02-23T12:25:00,
ZAG,BCN,2026/2/23,144.85,JU,PT14H15M,2026-02-23T18:50:00,2026-02-23T19:55:00,
ZAG,BCN,2026/2/23,204.85,JU,PT21H45M,2026-02-23T11:20:00,2026-02-23T12:25:00,
ZAG,BCN,2026/2/23,211.08,AF,PT5H45M,2026-02-23T06:30:00,2026-02-23T08:40:00,
ZAG,BCN,2026/2/23,211.08,AF,PT8H,2026-02-23T15:05:00,2026-02-23T17:15:00,
ZAG,BCN,2026/2/23,211.08,AF,PT10H,2026-02-23T06:30:00,2026-02-23T08:40:00,
ZAG,BCN,2026/2/23,211.08,AF,PT19H20M,2026-02-23T15:05:00,2026-02-23T17:15:00,
ZAG,BCN,2026/2/23,214.41,OU,PT15H20M,2026-02-23T17:45:00,2026-02-23T19:15:00,
ZAG,BCN,2026/2/23,218.41,LX,PT10H25M,2026-02-23T08:35:00,2026-02-23T10:05:00,
ZAG,BCN,2026/2/23,232.08,OU,PT26H20M,2026-02-23T18:05:00,2026-02-23T19:55:00,
ZAG,BCN,2026/2/23,247.08,OU,PT20H10M,2026-02-23T18:05:00,2026-02-23T19:55:00,
ZAG,BCN,2026/2/23,247.4,OS,PT5H10M,2026-02-23T14:35:00,2026-02-23T15:40:00,
ZAG,BCN,2026/2/23,247.4,OS,PT15H20M,2026-02-23T17:50:00,2026-02-23T18:45:00,
ZAG,BCN,2026/2/24,146.34,OU,PT2H10M,2026-02-24T15:30:00,2026-02-24T17:40:00,
ZAG,BCN,2026/2/24,211.08,AF,PT5H45M,2026-02-24T06:30:00,2026-02-24T08:40:00,
ZAG,BCN,2026/2/24,211.08,AF,PT10H,2026-02-24T06:30:00,2026-02-24T08:40:00,
ZAG,BCN,2026/2/24,211.08,AF,PT8H,2026-02-24T15:05:00,2026-02-24T17:15:00,
ZAG,BCN,2026/2/24,211.08,AF,PT19H20M,2026-02-24T15:05:00,2026-02-24T17:15:00,
ZAG,BCN,2026/2/24,220.51,OU,PT13H30M,2026-02-24T06:55:00,2026-02-24T08:45:00,
ZAG,BCN,2026/2/24,235.51,OU,PT7H20M,2026-02-24T06:55:00,2026-02-24T08:45:00,
ZAG,BCN,2026/2/24,236.41,AF,PT17H25M,2026-02-24T15:25:00,2026-02-24T17:35:00,
ZAG,BCN,2026/2/24,247.08,OU,PT20H10M,2026-02-24T18:05:00,2026-02-24T19:55:00,
ZAG,BCN,2026/2/24,247.08,OU,PT26H20M,2026-02-24T18:05:00,2026-02-24T19:55:00,
ZAG,BCN,2026/2/24,247.4,OS,PT15H20M,2026-02-24T17:50:00,2026-02-24T18:45:00,
ZAG,BCN,2026/2/24,248.41,LX,PT5H15M,2026-02-24T17:45:00,2026-02-24T19:15:00,
ZAG,BCN,2026/2/24,248.41,LX,PT15H20M,2026-02-24T17:45:00,2026-02-24T19:15:00,
ZAG,BCN,2026/2/24,250.1,LH,PT4H,2026-02-24T13:35:00,2026-02-24T14:40:00,
ZAG,BCN,2026/2/24,250.1,LH,PT6H25M,2026-02-24T16:40:00,2026-02-24T17:45:00,
ZAG,BCN,2026/2/25,115.06,A3,PT22H5M,2026-02-25T19:05:00,2026-02-25T21:55:00,
ZAG,BCN,2026/2/25,144.85,JU,PT14H15M,2026-02-25T18:50:00,2026-02-25T19:55:00,
ZAG,BCN,2026/2/25,153.06,A3,PT15H20M,2026-02-25T19:05:00,2026-02-25T21:55:00,
ZAG,BCN,2026/2/25,211.08,AF,PT5H45M,2026-02-25T06:30:00,2026-02-25T08:40:00,
ZAG,BCN,2026/2/25,211.08,AF,PT8H,2026-02-25T15:05:00,2026-02-25T17:15:00,
ZAG,BCN,2026/2/25,211.08,AF,PT10H,2026-02-25T06:30:00,2026-02-25T08:40:00,
ZAG,BCN,2026/2/25,211.08,AF,PT19H20M,2026-02-25T15:05:00,2026-02-25T17:15:00,
ZAG,BCN,2026/2/25,213.49,LO,PT21H50M,2026-02-25T12:45:00,2026-02-25T14:20:00,
ZAG,BCN,2026/2/25,232.08,OU,PT20H10M,2026-02-25T18:05:00,2026-02-25T19:55:00,
ZAG,BCN,2026/2/25,232.08,OU,PT26H20M,2026-02-25T18:05:00,2026-02-25T19:55:00,
ZAG,BCN,2026/2/25,235.07,AF,PT5H35M,2026-02-25T08:25:00,2026-02-25T10:30:00,
ZAG,BCN,2026/2/25,235.07,AF,PT7H30M,2026-02-25T15:25:00,2026-02-25T17:35:00,
ZAG,BCN,2026/2/25,235.51,OU,PT7H20M,2026-02-25T06:55:00,2026-02-25T08:45:00,
ZAG,BCN,2026/2/25,235.51,OU,PT13H30M,2026-02-25T06:55:00,2026-02-25T08:45:00,
ZAG,BCN,2026/2/25,236.41,AF,PT17H25M,2026-02-25T15:25:00,2026-02-25T17:35:00,
ZAG,BCN,2026/2/26,124.85,JU,PT21H45M,2026-02-26T11:20:00,2026-02-26T12:25:00,
ZAG,BCN,2026/2/26,146.34,OU,PT2H10M,2026-02-26T15:30:00,2026-02-26T17:40:00,
ZAG,BCN,2026/2/26,210.07,AF,PT5H35M,2026-02-26T08:25:00,2026-02-26T10:30:00,
ZAG,BCN,2026/2/26,210.07,AF,PT7H30M,2026-02-26T15:25:00,2026-02-26T17:35:00,
ZAG,BCN,2026/2/26,211.08,AF,PT5H45M,2026-02-26T06:30:00,2026-02-26T08:40:00,
ZAG,BCN,2026/2/26,211.08,AF,PT8H,2026-02-26T15:05:00,2026-02-26T17:15:00,
ZAG,BCN,2026/2/26,211.08,AF,PT10H,2026-02-26T06:30:00,2026-02-26T08:40:00,
ZAG,BCN,2026/2/26,211.08,AF,PT19H20M,2026-02-26T15:05:00,2026-02-26T17:15:00,
ZAG,BCN,2026/2/26,220.51,OU,PT7H20M,2026-02-26T06:55:00,2026-02-26T08:45:00,
ZAG,BCN,2026/2/26,220.51,OU,PT13H30M,2026-02-26T06:55:00,2026-02-26T08:45:00,
ZAG,BCN,2026/2/26,232.08,OU,PT20H10M,2026-02-26T18:05:00,2026-02-26T19:55:00,
ZAG,BCN,2026/2/26,232.08,OU,PT26H20M,2026-02-26T18:05:00,2026-02-26T19:55:00,
ZAG,BCN,2026/2/26,236.41,AF,PT17H25M,2026-02-26T15:25:00,2026-02-26T17:35:00,
ZAG,BCN,2026/2/26,247.4,OS,PT11H30M,2026-02-26T08:15:00,2026-02-26T09:10:00,
ZAG,BCN,2026/2/26,248.41,LX,PT5H15M,2026-02-26T17:45:00,2026-02-26T19:15:00,
ZAG,BCN,2026/2/27,115.06,A3,PT15H20M,2026-02-27T19:05:00,2026-02-27T21:55:00,
ZAG,BCN,2026/2/27,115.06,A3,PT22H5M,2026-02-27T19:05:00,2026-02-27T21:55:00,
ZAG,BCN,2026/2/27,124.85,JU,PT14H15M,2026-02-27T18:50:00,2026-02-27T19:55:00,
ZAG,BCN,2026/2/27,144.85,JU,PT8H25M,2026-02-27T11:20:00,2026-02-27T12:25:00,
ZAG,BCN,2026/2/27,144.85,JU,PT21H45M,2026-02-27T11:20:00,2026-02-27T12:25:00,
ZAG,BCN,2026/2/27,183.08,AF,PT5H45M,2026-02-27T06:30:00,2026-02-27T08:40:00,
ZAG,BCN,2026/2/27,183.08,AF,PT10H,2026-02-27T06:30:00,2026-02-27T08:40:00,
ZAG,BCN,2026/2/27,183.08,AF,PT8H,2026-02-27T15:05:00,2026-02-27T17:15:00,
ZAG,BCN,2026/2/27,183.08,AF,PT19H20M,2026-02-27T15:05:00,2026-02-27T17:15:00,
ZAG,BCN,2026/2/27,189.49,LO,PT16H35M,2026-02-27T18:00:00,2026-02-27T19:35:00,
ZAG,BCN,2026/2/27,189.49,LO,PT21H50M,2026-02-27T12:45:00,2026-02-27T14:20:00,
ZAG,BCN,2026/2/27,217.4,OS,PT5H10M,2026-02-27T14:35:00,2026-02-27T15:40:00,
ZAG,BCN,2026/2/27,217.4,OS,PT11H30M,2026-02-27T08:15:00,2026-02-27T09:10:00,
ZAG,BCN,2026/2/27,217.4,OS,PT15H20M,2026-02-27T17:50:00,2026-02-27T18:45:00,
ZAG,BCN,2026/2/27,217.4,OS,PT18H35M,2026-02-27T14:35:00,2026-02-27T15:40:00,
ZAG,BCN,2026/2/28,145.08,AF,PT10H,2026-02-28T06:30:00,2026-02-28T08:40:00,
ZAG,BCN,2026/2/28,145.08,AF,PT16H50M,2026-02-28T17:35:00,2026-02-28T19:45:00,
ZAG,BCN,2026/2/28,145.08,AF,PT18H40M,2026-02-28T17:35:00,2026-02-28T19:45:00,
ZAG,BCN,2026/2/28,183.08,AF,PT5H45M,2026-02-28T06:30:00,2026-02-28T08:40:00,
ZAG,BCN,2026/2/28,189.49,LO,PT23H45M,2026-02-28T18:00:00,2026-02-28T19:35:00,
ZAG,BCN,2026/2/28,195.08,AF,PT8H5M,2026-02-28T08:25:00,2026-02-28T10:30:00,
ZAG,BCN,2026/2/28,195.08,AF,PT10H40M,2026-02-28T08:25:00,2026-02-28T10:30:00,
ZAG,BCN,2026/2/28,218.41,LX,PT5H15M,2026-02-28T17:45:00,2026-02-28T19:15:00,
ZAG,BCN,2026/2/28,218.41,LX,PT5H30M,2026-02-28T08:35:00,2026-02-28T10:05:00,
ZAG,BCN,2026/2/28,218.41,LX,PT10H25M,2026-02-28T08:35:00,2026-02-28T10:05:00,
ZAG,BCN,2026/2/28,218.41,LX,PT15H20M,2026-02-28T17:45:00,2026-02-28T19:15:00,
ZAG,BCN,2026/2/28,220.1,LH,PT4H,2026-02-28T13:35:00,2026-02-28T14:40:00,
ZAG,BCN,2026/2/28,220.1,LH,PT6H25M,2026-02-28T16:40:00,2026-02-28T17:45:00,
ZAG,BCN,2026/2/28,220.1,LH,PT4H20M,2026-02-28T18:45:00,2026-02-28T19:50:00,
ZAG,BCN,2026/2/28,220.1,LH,PT6H5M,2026-02-28T08:40:00,2026-02-28T09:45:00,
ZAG,BCN,2026/3/1,124.85,JU,PT14H15M,2026-03-01T18:50:00,2026-03-01T19:55:00,
ZAG,BCN,2026/3/1,144.85,JU,PT24H55M,2026-03-01T18:50:00,2026-03-01T19:55:00,
ZAG,BCN,2026/3/1,146.34,OU,PT2H10M,2026-03-01T15:30:00,2026-03-01T17:40:00,
ZAG,BCN,2026/3/1,183.08,AF,PT5H35M,2026-03-01T17:30:00,2026-03-01T19:40:00,
ZAG,BCN,2026/3/1,183.08,AF,PT5H45M,2026-03-01T06:30:00,2026-03-01T08:40:00,
ZAG,BCN,2026/3/1,183.08,AF,PT10H,2026-03-01T06:30:00,2026-03-01T08:40:00,
ZAG,BCN,2026/3/1,183.08,AF,PT16H55M,2026-03-01T17:30:00,2026-03-01T19:40:00,
ZAG,BCN,2026/3/1,220.1,LH,PT4H20M,2026-03-01T18:45:00,2026-03-01T19:50:00,
ZAG,BCN,2026/3/1,220.1,LH,PT6H5M,2026-03-01T08:40:00,2026-03-01T09:45:00,
ZAG,BCN,2026/3/1,220.1,LH,PT8H55M,2026-03-01T08:40:00,2026-03-01T09:45:00,
ZAG,BCN,2026/3/1,220.1,LH,PT5H,2026-03-01T09:45:00,2026-03-01T10:50:00,
ZAG,BCN,2026/3/1,220.1,LH,PT6H25M,2026-03-01T16:40:00,2026-03-01T17:45:00,
ZAG,BCN,2026/3/1,220.1,LH,PT7H50M,2026-03-01T09:45:00,2026-03-01T10:50:00,
ZAG,BCN,2026/3/1,228.18,LH,PT4H25M,2026-03-01T14:35:00,2026-03-01T16:10:00,
ZAG,BCN,2026/3/1,228.18,LH,PT5H15M,2026-03-01T14:35:00,2026-03-01T16:10:00,
ZAG,BCN,2026/3/2,115.06,A3,PT22H5M,2026-03-02T19:05:00,2026-03-02T21:55:00,
ZAG,BCN,2026/3/2,144.85,JU,PT8H25M,2026-03-02T11:20:00,2026-03-02T12:25:00,
ZAG,BCN,2026/3/2,174.85,JU,PT14H15M,2026-03-02T18:50:00,2026-03-02T19:55:00,
ZAG,BCN,2026/3/2,183.08,AF,PT5H45M,2026-03-02T06:30:00,2026-03-02T08:40:00,
ZAG,BCN,2026/3/2,183.08,AF,PT8H,2026-03-02T15:05:00,2026-03-02T17:15:00,
ZAG,BCN,2026/3/2,183.08,AF,PT10H,2026-03-02T06:30:00,2026-03-02T08:40:00,
ZAG,BCN,2026/3/2,183.08,AF,PT19H20M,2026-03-02T15:05:00,2026-03-02T17:15:00,
ZAG,BCN,2026/3/2,204.85,JU,PT21H45M,2026-03-02T11:20:00,2026-03-02T12:25:00,
ZAG,BCN,2026/3/2,218.41,LX,PT5H15M,2026-03-02T17:45:00,2026-03-02T19:15:00,
ZAG,BCN,2026/3/2,218.41,LX,PT5H30M,2026-03-02T08:35:00,2026-03-02T10:05:00,
ZAG,BCN,2026/3/2,218.41,LX,PT10H25M,2026-03-02T08:35:00,2026-03-02T10:05:00,
ZAG,BCN,2026/3/2,218.41,LX,PT15H20M,2026-03-02T17:45:00,2026-03-02T19:15:00,
ZAG,BCN,2026/3/2,220.1,LH,PT4H20M,2026-03-02T18:45:00,2026-03-02T19:50:00,
ZAG,BCN,2026/3/2,220.1,LH,PT6H5M,2026-03-02T08:40:00,2026-03-02T09:45:00,
ZAG,BCN,2026/3/2,220.1,LH,PT8H55M,2026-03-02T08:40:00,2026-03-02T09:45:00,
ZAG,BCN,2026/3/3,146.34,OU,PT2H10M,2026-03-03T15:30:00,2026-03-03T17:40:00,
ZAG,BCN,2026/3/3,183.08,AF,PT5H45M,2026-03-03T06:30:00,2026-03-03T08:40:00,
ZAG,BCN,2026/3/3,183.08,AF,PT8H,2026-03-03T15:05:00,2026-03-03T17:15:00,
ZAG,BCN,2026/3/3,183.08,AF,PT10H,2026-03-03T06:30:00,2026-03-03T08:40:00,
ZAG,BCN,2026/3/3,183.08,AF,PT19H20M,2026-03-03T15:05:00,2026-03-03T17:15:00,
ZAG,BCN,2026/3/3,189.49,LO,PT23H45M,2026-03-03T18:00:00,2026-03-03T19:35:00,
ZAG,BCN,2026/3/3,217.4,OS,PT15H20M,2026-03-03T17:50:00,2026-03-03T18:45:00,
ZAG,BCN,2026/3/3,217.4,OS,PT18H35M,2026-03-03T14:35:00,2026-03-03T15:40:00,
ZAG,BCN,2026/3/3,218.41,LX,PT5H15M,2026-03-03T17:45:00,2026-03-03T19:15:00,
ZAG,BCN,2026/3/3,218.41,LX,PT5H30M,2026-03-03T08:35:00,2026-03-03T10:05:00,
ZAG,BCN,2026/3/3,218.41,LX,PT10H25M,2026-03-03T08:35:00,2026-03-03T10:05:00,
ZAG,BCN,2026/3/3,218.41,LX,PT15H20M,2026-03-03T17:45:00,2026-03-03T19:15:00,
ZAG,BCN,2026/3/3,220.1,LH,PT4H,2026-03-03T13:35:00,2026-03-03T14:40:00,
ZAG,BCN,2026/3/3,220.1,LH,PT9H30M,2026-03-03T13:35:00,2026-03-03T14:40:00,
ZAG,BCN,2026/3/3,220.1,LH,PT4H20M,2026-03-03T18:45:00,2026-03-03T19:50:00,
ZAG,BCN,2026/3/4,115.06,A3,PT15H20M,2026-03-04T19:05:00,2026-03-04T21:55:00,
ZAG,BCN,2026/3/4,115.06,A3,PT22H5M,2026-03-04T19:05:00,2026-03-04T21:55:00,
ZAG,BCN,2026/3/4,165.08,AF,PT5H45M,2026-03-04T06:30:00,2026-03-04T08:40:00,
ZAG,BCN,2026/3/4,165.08,AF,PT8H,2026-03-04T15:05:00,2026-03-04T17:15:00,
ZAG,BCN,2026/3/4,165.08,AF,PT10H,2026-03-04T06:30:00,2026-03-04T08:40:00,
ZAG,BCN,2026/3/4,165.08,AF,PT19H20M,2026-03-04T15:05:00,2026-03-04T17:15:00,
ZAG,BCN,2026/3/4,174.85,JU,PT14H15M,2026-03-04T18:50:00,2026-03-04T19:55:00,
ZAG,BCN,2026/3/4,187.4,OS,PT5H10M,2026-03-04T14:35:00,2026-03-04T15:40:00,
ZAG,BCN,2026/3/4,187.4,OS,PT11H30M,2026-03-04T08:15:00,2026-03-04T09:10:00,
ZAG,BCN,2026/3/4,187.4,OS,PT15H20M,2026-03-04T17:50:00,2026-03-04T18:45:00,
ZAG,BCN,2026/3/4,187.4,OS,PT18H35M,2026-03-04T14:35:00,2026-03-04T15:40:00,
ZAG,BCN,2026/3/4,189.49,LO,PT21H50M,2026-03-04T12:45:00,2026-03-04T14:20:00,
ZAG,BCN,2026/3/4,190.1,LH,PT4H,2026-03-04T13:35:00,2026-03-04T14:40:00,
ZAG,BCN,2026/3/4,190.1,LH,PT6H25M,2026-03-04T16:40:00,2026-03-04T17:45:00,
ZAG,BCN,2026/3/4,190.1,LH,PT4H20M,2026-03-04T18:45:00,2026-03-04T19:50:00,
ZAG,BCN,2026/3/5,144.85,JU,PT21H45M,2026-03-05T11:20:00,2026-03-05T12:25:00,
ZAG,BCN,2026/3/5,146.34,OU,PT2H10M,2026-03-05T15:30:00,2026-03-05T17:40:00,
ZAG,BCN,2026/3/5,165.08,AF,PT5H45M,2026-03-05T06:30:00,2026-03-05T08:40:00,
ZAG,BCN,2026/3/5,165.08,AF,PT8H,2026-03-05T15:05:00,2026-03-05T17:15:00,
ZAG,BCN,2026/3/5,165.08,AF,PT10H,2026-03-05T06:30:00,2026-03-05T08:40:00,
ZAG,BCN,2026/3/5,165.08,AF,PT19H20M,2026-03-05T15:05:00,2026-03-05T17:15:00,
ZAG,BCN,2026/3/5,187.4,OS,PT5H10M,2026-03-05T14:35:00,2026-03-05T15:40:00,
ZAG,BCN,2026/3/5,187.4,OS,PT11H30M,2026-03-05T08:15:00,2026-03-05T09:10:00,
ZAG,BCN,2026/3/5,187.4,OS,PT15H20M,2026-03-05T17:50:00,2026-03-05T18:45:00,
ZAG,BCN,2026/3/5,187.4,OS,PT18H35M,2026-03-05T14:35:00,2026-03-05T15:40:00,
ZAG,BCN,2026/3/5,189.49,LO,PT23H45M,2026-03-05T18:00:00,2026-03-05T19:35:00,
ZAG,BCN,2026/3/5,190.1,LH,PT4H20M,2026-03-05T18:45:00,2026-03-05T19:50:00,
ZAG,BCN,2026/3/5,190.1,LH,PT6H5M,2026-03-05T08:40:00,2026-03-05T09:45:00,
ZAG,BCN,2026/3/5,190.1,LH,PT8H55M,2026-03-05T08:40:00,2026-03-05T09:45:00,
ZAG,BCN,2026/3/5,190.1,LH,PT4H55M,2026-03-05T09:50:00,2026-03-05T10:55:00,
ZAG,BCN,2026/3/6,115.06,A3,PT15H20M,2026-03-06T19:05:00,2026-03-06T21:55:00,
ZAG,BCN,2026/3/6,115.06,A3,PT22H5M,2026-03-06T19:05:00,2026-03-06T21:55:00,
ZAG,BCN,2026/3/6,124.85,JU,PT14H15M,2026-03-06T18:50:00,2026-03-06T19:55:00,
ZAG,BCN,2026/3/6,144.85,JU,PT8H25M,2026-03-06T11:20:00,2026-03-06T12:25:00,
ZAG,BCN,2026/3/6,144.85,JU,PT21H45M,2026-03-06T11:20:00,2026-03-06T12:25:00,
ZAG,BCN,2026/3/6,164.08,AF,PT19H20M,2026-03-06T15:05:00,2026-03-06T17:15:00,
ZAG,BCN,2026/3/6,165.08,AF,PT5H45M,2026-03-06T06:30:00,2026-03-06T08:40:00,
ZAG,BCN,2026/3/6,165.08,AF,PT8H,2026-03-06T15:05:00,2026-03-06T17:15:00,
ZAG,BCN,2026/3/6,165.08,AF,PT10H,2026-03-06T06:30:00,2026-03-06T08:40:00,
ZAG,BCN,2026/3/6,179.49,LO,PT16H35M,2026-03-06T18:00:00,2026-03-06T19:35:00,
ZAG,BCN,2026/3/6,187.4,OS,PT5H10M,2026-03-06T14:35:00,2026-03-06T15:40:00,
ZAG,BCN,2026/3/6,187.4,OS,PT11H30M,2026-03-06T08:15:00,2026-03-06T09:10:00,
ZAG,BCN,2026/3/6,187.4,OS,PT18H35M,2026-03-06T14:35:00,2026-03-06T15:40:00,
ZAG,BCN,2026/3/6,189.49,LO,PT21H50M,2026-03-06T12:45:00,2026-03-06T14:20:00,
ZAG,BCN,2026/3/6,190.1,LH,PT4H20M,2026-03-06T18:45:00,2026-03-06T19:50:00,
ZAG,BCN,2026/3/7,145.08,AF,PT10H,2026-03-07T06:30:00,2026-03-07T08:40:00,
ZAG,BCN,2026/3/7,145.08,AF,PT16H50M,2026-03-07T17:35:00,2026-03-07T19:45:00,
ZAG,BCN,2026/3/7,145.08,AF,PT18H40M,2026-03-07T17:35:00,2026-03-07T19:45:00,
ZAG,BCN,2026/3/7,165.08,AF,PT5H45M,2026-03-07T06:30:00,2026-03-07T08:40:00,
ZAG,BCN,2026/3/7,187.4,OS,PT11H30M,2026-03-07T08:15:00,2026-03-07T09:10:00,
ZAG,BCN,2026/3/7,189.49,LO,PT23H45M,2026-03-07T18:00:00,2026-03-07T19:35:00,
ZAG,BCN,2026/3/7,190.1,LH,PT4H,2026-03-07T13:35:00,2026-03-07T14:40:00,
ZAG,BCN,2026/3/7,190.1,LH,PT9H30M,2026-03-07T13:35:00,2026-03-07T14:40:00,
ZAG,BCN,2026/3/7,190.1,LH,PT4H20M,2026-03-07T18:45:00,2026-03-07T19:50:00,
ZAG,BCN,2026/3/7,190.1,LH,PT6H5M,2026-03-07T08:40:00,2026-03-07T09:45:00,
ZAG,BCN,2026/3/7,190.1,LH,PT8H55M,2026-03-07T08:40:00,2026-03-07T09:45:00,
ZAG,BCN,2026/3/7,195.08,AF,PT8H5M,2026-03-07T08:25:00,2026-03-07T10:30:00,
ZAG,BCN,2026/3/7,195.08,AF,PT10H40M,2026-03-07T08:25:00,2026-03-07T10:30:00,
ZAG,BCN,2026/3/7,198.18,LH,PT4H25M,2026-03-07T14:35:00,2026-03-07T16:10:00,
ZAG,BCN,2026/3/7,198.18,LH,PT5H15M,2026-03-07T14:35:00,2026-03-07T16:10:00,
ZAG,BCN,2026/3/8,146.34,OU,PT2H10M,2026-03-08T15:30:00,2026-03-08T17:40:00,
ZAG,BCN,2026/3/8,183.08,AF,PT5H35M,2026-03-08T17:30:00,2026-03-08T19:40:00,
ZAG,BCN,2026/3/8,183.08,AF,PT5H45M,2026-03-08T06:30:00,2026-03-08T08:40:00,
ZAG,BCN,2026/3/8,183.08,AF,PT10H,2026-03-08T06:30:00,2026-03-08T08:40:00,
ZAG,BCN,2026/3/8,183.08,AF,PT16H55M,2026-03-08T17:30:00,2026-03-08T19:40:00,
ZAG,BCN,2026/3/8,187.4,OS,PT5H10M,2026-03-08T14:35:00,2026-03-08T15:40:00,
ZAG,BCN,2026/3/8,187.4,OS,PT11H30M,2026-03-08T08:15:00,2026-03-08T09:10:00,
ZAG,BCN,2026/3/8,187.4,OS,PT15H20M,2026-03-08T17:50:00,2026-03-08T18:45:00,
ZAG,BCN,2026/3/8,187.4,OS,PT18H35M,2026-03-08T14:35:00,2026-03-08T15:40:00,
ZAG,BCN,2026/3/8,190.1,LH,PT5H,2026-03-08T09:45:00,2026-03-08T10:50:00,
ZAG,BCN,2026/3/8,190.1,LH,PT6H25M,2026-03-08T16:40:00,2026-03-08T17:45:00,
ZAG,BCN,2026/3/8,190.1,LH,PT7H50M,2026-03-08T09:45:00,2026-03-08T10:50:00,
ZAG,BCN,2026/3/8,198.18,LH,PT4H25M,2026-03-08T14:35:00,2026-03-08T16:10:00,
ZAG,BCN,2026/3/8,198.18,LH,PT5H15M,2026-03-08T14:35:00,2026-03-08T16:10:00,
ZAG,BCN,2026/3/8,214.1,LH,PT15H45M,2026-03-08T16:40:00,2026-03-08T17:45:00,
ZAG,BCN,2026/3/9,115.06,A3,PT15H20M,2026-03-09T19:05:00,2026-03-09T21:55:00,
ZAG,BCN,2026/3/9,115.06,A3,PT22H5M,2026-03-09T19:05:00,2026-03-09T21:55:00,
ZAG,BCN,2026/3/9,144.85,JU,PT8H25M,2026-03-09T11:20:00,2026-03-09T12:25:00,
ZAG,BCN,2026/3/9,147.08,AF,PT5H45M,2026-03-09T06:30:00,2026-03-09T08:40:00,
ZAG,BCN,2026/3/9,147.08,AF,PT8H,2026-03-09T15:05:00,2026-03-09T17:15:00,
ZAG,BCN,2026/3/9,147.08,AF,PT10H,2026-03-09T06:30:00,2026-03-09T08:40:00,
ZAG,BCN,2026/3/9,147.08,AF,PT19H20M,2026-03-09T15:05:00,2026-03-09T17:15:00,
ZAG,BCN,2026/3/9,174.85,JU,PT14H15M,2026-03-09T18:50:00,2026-03-09T19:55:00,
ZAG,BCN,2026/3/9,187.4,OS,PT5H10M,2026-03-09T14:35:00,2026-03-09T15:40:00,
ZAG,BCN,2026/3/9,187.4,OS,PT18H35M,2026-03-09T14:35:00,2026-03-09T15:40:00,
ZAG,BCN,2026/3/9,197.08,AF,PT8H5M,2026-03-09T08:25:00,2026-03-09T10:30:00,
ZAG,BCN,2026/3/9,197.08,AF,PT10H40M,2026-03-09T08:25:00,2026-03-09T10:30:00,
ZAG,BCN,2026/3/9,198.18,LH,PT5H25M,2026-03-09T17:55:00,2026-03-09T19:30:00,
ZAG,BCN,2026/3/9,204.85,JU,PT21H45M,2026-03-09T11:20:00,2026-03-09T12:25:00,
ZAG,BCN,2026/3/9,217.4,OS,PT11H30M,2026-03-09T08:15:00,2026-03-09T09:10:00,
ZAG,BCN,2026/3/10,146.34,OU,PT2H10M,2026-03-10T15:30:00,2026-03-10T17:40:00,
ZAG,BCN,2026/3/10,147.08,AF,PT5H45M,2026-03-10T06:30:00,2026-03-10T08:40:00,
ZAG,BCN,2026/3/10,147.08,AF,PT8H,2026-03-10T15:05:00,2026-03-10T17:15:00,
ZAG,BCN,2026/3/10,147.08,AF,PT10H,2026-03-10T06:30:00,2026-03-10T08:40:00,
ZAG,BCN,2026/3/10,147.08,AF,PT19H20M,2026-03-10T15:05:00,2026-03-10T17:15:00,
ZAG,BCN,2026/3/10,165.4,OS,PT15H20M,2026-03-10T17:50:00,2026-03-10T18:45:00,
ZAG,BCN,2026/3/10,187.07,AF,PT7H30M,2026-03-10T15:25:00,2026-03-10T17:35:00,
ZAG,BCN,2026/3/10,187.4,OS,PT5H10M,2026-03-10T14:35:00,2026-03-10T15:40:00,
ZAG,BCN,2026/3/10,189.49,LO,PT23H45M,2026-03-10T18:00:00,2026-03-10T19:35:00,
ZAG,BCN,2026/3/10,190.1,LH,PT4H,2026-03-10T13:35:00,2026-03-10T14:40:00,
ZAG,BCN,2026/3/10,190.1,LH,PT6H25M,2026-03-10T16:40:00,2026-03-10T17:45:00,
ZAG,BCN,2026/3/10,190.1,LH,PT4H20M,2026-03-10T18:45:00,2026-03-10T19:50:00,
ZAG,BCN,2026/3/10,197.08,AF,PT8H5M,2026-03-10T08:25:00,2026-03-10T10:30:00,
ZAG,BCN,2026/3/10,197.08,AF,PT10H40M,2026-03-10T08:25:00,2026-03-10T10:30:00,
ZAG,BCN,2026/3/10,198.18,LH,PT4H25M,2026-03-10T14:35:00,2026-03-10T16:10:00,
ZAG,BCN,2026/3/11,115.06,A3,PT22H5M,2026-03-11T19:05:00,2026-03-11T21:55:00,
ZAG,BCN,2026/3/11,127.06,A3,PT15H20M,2026-03-11T19:05:00,2026-03-11T21:55:00,
ZAG,BCN,2026/3/11,147.08,AF,PT5H45M,2026-03-11T06:30:00,2026-03-11T08:40:00,
ZAG,BCN,2026/3/11,147.08,AF,PT10H,2026-03-11T06:30:00,2026-03-11T08:40:00,
ZAG,BCN,2026/3/11,165.08,AF,PT8H,2026-03-11T15:05:00,2026-03-11T17:15:00,
ZAG,BCN,2026/3/11,165.08,AF,PT19H20M,2026-03-11T15:05:00,2026-03-11T17:15:00,
ZAG,BCN,2026/3/11,168.1,LH,PT4H,2026-03-11T13:35:00,2026-03-11T14:40:00,
ZAG,BCN,2026/3/11,168.1,LH,PT6H25M,2026-03-11T16:40:00,2026-03-11T17:45:00,
ZAG,BCN,2026/3/11,174.85,JU,PT14H15M,2026-03-11T18:50:00,2026-03-11T19:55:00,
ZAG,BCN,2026/3/11,176.18,LH,PT4H35M,2026-03-11T14:25:00,2026-03-11T16:00:00,
ZAG,BCN,2026/3/11,176.18,LH,PT5H25M,2026-03-11T14:25:00,2026-03-11T16:00:00,
ZAG,BCN,2026/3/11,189.49,LO,PT21H50M,2026-03-11T12:45:00,2026-03-11T14:20:00,
ZAG,BCN,2026/3/11,190.1,LH,PT4H20M,2026-03-11T18:45:00,2026-03-11T19:50:00,
ZAG,BCN,2026/3/11,190.1,LH,PT6H5M,2026-03-11T08:40:00,2026-03-11T09:45:00,
ZAG,BCN,2026/3/11,190.1,LH,PT8H55M,2026-03-11T08:40:00,2026-03-11T09:45:00,
ZAG,BCN,2026/3/12,146.34,OU,PT2H10M,2026-03-12T15:30:00,2026-03-12T17:40:00,
ZAG,BCN,2026/3/12,147.08,AF,PT5H45M,2026-03-12T06:30:00,2026-03-12T08:40:00,
ZAG,BCN,2026/3/12,147.08,AF,PT8H,2026-03-12T15:05:00,2026-03-12T17:15:00,
ZAG,BCN,2026/3/12,147.08,AF,PT10H,2026-03-12T06:30:00,2026-03-12T08:40:00,
ZAG,BCN,2026/3/12,147.08,AF,PT19H20M,2026-03-12T15:05:00,2026-03-12T17:15:00,
ZAG,BCN,2026/3/12,165.49,LO,PT23H45M,2026-03-12T18:00:00,2026-03-12T19:35:00,
ZAG,BCN,2026/3/12,168.1,LH,PT4H55M,2026-03-12T09:50:00,2026-03-12T10:55:00,
ZAG,BCN,2026/3/12,168.1,LH,PT7H45M,2026-03-12T09:50:00,2026-03-12T10:55:00,
ZAG,BCN,2026/3/12,176.18,LH,PT4H15M,2026-03-12T14:45:00,2026-03-12T16:20:00,
ZAG,BCN,2026/3/12,176.18,LH,PT5H5M,2026-03-12T14:45:00,2026-03-12T16:20:00,
ZAG,BCN,2026/3/12,184.22,LH,PT14H45M,2026-03-12T17:55:00,2026-03-12T19:30:00,
ZAG,BCN,2026/3/12,187.07,AF,PT5H35M,2026-03-12T08:25:00,2026-03-12T10:30:00,
ZAG,BCN,2026/3/12,187.07,AF,PT7H30M,2026-03-12T15:25:00,2026-03-12T17:35:00,
ZAG,BCN,2026/3/12,190.1,LH,PT6H5M,2026-03-12T08:40:00,2026-03-12T09:45:00,
ZAG,BCN,2026/3/12,190.1,LH,PT8H55M,2026-03-12T08:40:00,2026-03-12T09:45:00,
ZAG,BCN,2026/3/13,115.06,A3,PT15H20M,2026-03-13T19:05:00,2026-03-13T21:55:00,
ZAG,BCN,2026/3/13,115.06,A3,PT22H5M,2026-03-13T19:05:00,2026-03-13T21:55:00,
ZAG,BCN,2026/3/13,124.85,JU,PT14H15M,2026-03-13T18:50:00,2026-03-13T19:55:00,
ZAG,BCN,2026/3/13,144.85,JU,PT8H25M,2026-03-13T11:20:00,2026-03-13T12:25:00,
ZAG,BCN,2026/3/13,144.85,JU,PT21H45M,2026-03-13T11:20:00,2026-03-13T12:25:00,
ZAG,BCN,2026/3/13,145.08,AF,PT19H20M,2026-03-13T15:05:00,2026-03-13T17:15:00,
ZAG,BCN,2026/3/13,147.08,AF,PT5H45M,2026-03-13T06:30:00,2026-03-13T08:40:00,
ZAG,BCN,2026/3/13,147.08,AF,PT8H,2026-03-13T15:05:00,2026-03-13T17:15:00,
ZAG,BCN,2026/3/13,147.08,AF,PT10H,2026-03-13T06:30:00,2026-03-13T08:40:00,
ZAG,BCN,2026/3/13,165.4,OS,PT5H10M,2026-03-13T14:35:00,2026-03-13T15:40:00,
ZAG,BCN,2026/3/13,165.4,OS,PT18H35M,2026-03-13T14:35:00,2026-03-13T15:40:00,
ZAG,BCN,2026/3/13,168.1,LH,PT4H55M,2026-03-13T09:50:00,2026-03-13T10:55:00,
ZAG,BCN,2026/3/13,168.1,LH,PT6H25M,2026-03-13T16:40:00,2026-03-13T17:45:00,
ZAG,BCN,2026/3/13,168.1,LH,PT7H45M,2026-03-13T09:50:00,2026-03-13T10:55:00,
ZAG,BCN,2026/3/13,176.18,LH,PT4H25M,2026-03-13T14:35:00,2026-03-13T16:10:00,
ZAG,BCN,2026/3/14,132.08,AF,PT5H45M,2026-03-14T06:30:00,2026-03-14T08:40:00,
ZAG,BCN,2026/3/14,132.08,AF,PT10H,2026-03-14T06:30:00,2026-03-14T08:40:00,
ZAG,BCN,2026/3/14,132.08,AF,PT16H50M,2026-03-14T17:35:00,2026-03-14T19:45:00,
ZAG,BCN,2026/3/14,132.08,AF,PT18H40M,2026-03-14T17:35:00,2026-03-14T19:45:00,
ZAG,BCN,2026/3/14,137.41,AF,PT17H25M,2026-03-14T15:25:00,2026-03-14T17:35:00,
ZAG,BCN,2026/3/14,165.49,LO,PT23H45M,2026-03-14T18:00:00,2026-03-14T19:35:00,
ZAG,BCN,2026/3/14,168.07,AF,PT7H30M,2026-03-14T15:25:00,2026-03-14T17:35:00,
ZAG,BCN,2026/3/14,168.1,LH,PT9H30M,2026-03-14T13:35:00,2026-03-14T14:40:00,
ZAG,BCN,2026/3/14,176.18,LH,PT4H25M,2026-03-14T14:35:00,2026-03-14T16:10:00,
ZAG,BCN,2026/3/14,176.18,LH,PT5H15M,2026-03-14T14:35:00,2026-03-14T16:10:00,
ZAG,BCN,2026/3/14,176.18,LH,PT5H25M,2026-03-14T17:55:00,2026-03-14T19:30:00,
ZAG,BCN,2026/3/14,182.08,AF,PT8H5M,2026-03-14T08:25:00,2026-03-14T10:30:00,
ZAG,BCN,2026/3/14,182.08,AF,PT10H40M,2026-03-14T08:25:00,2026-03-14T10:30:00,
ZAG,BCN,2026/3/14,190.1,LH,PT4H20M,2026-03-14T18:45:00,2026-03-14T19:50:00,
ZAG,BCN,2026/3/14,198.57,LH,PT13H40M,2026-03-14T18:45:00,2026-03-14T19:50:00,
ZAG,BCN,2026/3/15,124.85,JU,PT24H55M,2026-03-15T18:50:00,2026-03-15T19:55:00,
ZAG,BCN,2026/3/15,132.08,AF,PT5H35M,2026-03-15T17:30:00,2026-03-15T19:40:00,
ZAG,BCN,2026/3/15,132.08,AF,PT5H45M,2026-03-15T06:30:00,2026-03-15T08:40:00,
ZAG,BCN,2026/3/15,132.08,AF,PT10H,2026-03-15T06:30:00,2026-03-15T08:40:00,
ZAG,BCN,2026/3/15,132.08,AF,PT16H55M,2026-03-15T17:30:00,2026-03-15T19:40:00,
ZAG,BCN,2026/3/15,146.34,OU,PT2H10M,2026-03-15T15:30:00,2026-03-15T17:40:00,
ZAG,BCN,2026/3/15,165.49,LO,PT23H45M,2026-03-15T18:00:00,2026-03-15T19:35:00,
ZAG,BCN,2026/3/15,168.1,LH,PT5H,2026-03-15T09:45:00,2026-03-15T10:50:00,
ZAG,BCN,2026/3/15,168.1,LH,PT6H25M,2026-03-15T16:40:00,2026-03-15T17:45:00,
ZAG,BCN,2026/3/15,174.85,JU,PT14H15M,2026-03-15T18:50:00,2026-03-15T19:55:00,
ZAG,BCN,2026/3/15,176.18,LH,PT5H20M,2026-03-15T06:55:00,2026-03-15T08:30:00,
ZAG,BCN,2026/3/15,176.18,LH,PT6H15M,2026-03-15T06:55:00,2026-03-15T08:30:00,
ZAG,BCN,2026/3/15,176.18,LH,PT6H,2026-03-15T06:15:00,2026-03-15T07:50:00,
ZAG,BCN,2026/3/15,176.18,LH,PT6H55M,2026-03-15T06:15:00,2026-03-15T07:50:00,
ZAG,BCN,2026/3/15,184.22,LH,PT14H45M,2026-03-15T17:55:00,2026-03-15T19:30:00,
ZAG,BCN,2026/3/16,115.06,A3,PT15H20M,2026-03-16T19:05:00,2026-03-16T21:55:00,
ZAG,BCN,2026/3/16,115.06,A3,PT22H5M,2026-03-16T19:05:00,2026-03-16T21:55:00,
ZAG,BCN,2026/3/16,124.85,JU,PT8H25M,2026-03-16T11:20:00,2026-03-16T12:25:00,
ZAG,BCN,2026/3/16,132.08,AF,PT19H20M,2026-03-16T15:05:00,2026-03-16T17:15:00,
ZAG,BCN,2026/3/16,165.08,AF,PT8H,2026-03-16T15:05:00,2026-03-16T17:15:00,
ZAG,BCN,2026/3/16,165.4,OS,PT5H10M,2026-03-16T14:35:00,2026-03-16T15:40:00,
ZAG,BCN,2026/3/16,165.49,LO,PT21H50M,2026-03-16T12:45:00,2026-03-16T14:20:00,
ZAG,BCN,2026/3/16,168.1,LH,PT4H55M,2026-03-16T09:50:00,2026-03-16T10:55:00,
ZAG,BCN,2026/3/16,168.1,LH,PT6H25M,2026-03-16T16:40:00,2026-03-16T17:45:00,
ZAG,BCN,2026/3/16,174.85,JU,PT14H15M,2026-03-16T18:50:00,2026-03-16T19:55:00,
ZAG,BCN,2026/3/16,176.18,LH,PT4H20M,2026-03-16T14:40:00,2026-03-16T16:15:00,
ZAG,BCN,2026/3/16,176.18,LH,PT5H10M,2026-03-16T14:40:00,2026-03-16T16:15:00,
ZAG,BCN,2026/3/16,183.08,AF,PT5H45M,2026-03-16T06:30:00,2026-03-16T08:40:00,
ZAG,BCN,2026/3/16,183.08,AF,PT10H,2026-03-16T06:30:00,2026-03-16T08:40:00,
ZAG,BCN,2026/3/16,190.1,LH,PT7H45M,2026-03-16T09:50:00,2026-03-16T10:55:00,
ZAG,BCN,2026/3/17,132.08,AF,PT5H45M,2026-03-17T06:30:00,2026-03-17T08:40:00,
ZAG,BCN,2026/3/17,132.08,AF,PT10H,2026-03-17T06:30:00,2026-03-17T08:40:00,
ZAG,BCN,2026/3/17,146.34,OU,PT2H10M,2026-03-17T15:30:00,2026-03-17T17:40:00,
ZAG,BCN,2026/3/17,149.49,LO,PT23H45M,2026-03-17T18:00:00,2026-03-17T19:35:00,
ZAG,BCN,2026/3/17,165.08,AF,PT8H,2026-03-17T15:05:00,2026-03-17T17:15:00,
ZAG,BCN,2026/3/17,165.08,AF,PT19H20M,2026-03-17T15:05:00,2026-03-17T17:15:00,
ZAG,BCN,2026/3/17,165.4,OS,PT5H10M,2026-03-17T14:35:00,2026-03-17T15:40:00,
ZAG,BCN,2026/3/17,165.4,OS,PT18H35M,2026-03-17T14:35:00,2026-03-17T15:40:00,
ZAG,BCN,2026/3/17,168.1,LH,PT4H,2026-03-17T13:35:00,2026-03-17T14:40:00,
ZAG,BCN,2026/3/17,168.1,LH,PT6H25M,2026-03-17T16:40:00,2026-03-17T17:45:00,
ZAG,BCN,2026/3/17,176.18,LH,PT4H25M,2026-03-17T14:35:00,2026-03-17T16:10:00,
ZAG,BCN,2026/3/17,176.18,LH,PT5H25M,2026-03-17T14:35:00,2026-03-17T16:10:00,
ZAG,BCN,2026/3/17,176.18,LH,PT5H45M,2026-03-17T06:15:00,2026-03-17T07:50:00,
ZAG,BCN,2026/3/17,176.18,LH,PT6H45M,2026-03-17T06:15:00,2026-03-17T07:50:00,
ZAG,BCN,2026/3/17,182.08,AF,PT8H5M,2026-03-17T08:25:00,2026-03-17T10:30:00,
ZAG,BCN,2026/3/18,127.06,A3,PT15H20M,2026-03-18T19:05:00,2026-03-18T21:55:00,
ZAG,BCN,2026/3/18,127.06,A3,PT22H5M,2026-03-18T19:05:00,2026-03-18T21:55:00,
ZAG,BCN,2026/3/18,147.08,AF,PT5H45M,2026-03-18T06:30:00,2026-03-18T08:40:00,
ZAG,BCN,2026/3/18,147.08,AF,PT10H,2026-03-18T06:30:00,2026-03-18T08:40:00,
ZAG,BCN,2026/3/18,165.08,AF,PT8H,2026-03-18T15:05:00,2026-03-18T17:15:00,
ZAG,BCN,2026/3/18,165.08,AF,PT19H20M,2026-03-18T15:05:00,2026-03-18T17:15:00,
ZAG,BCN,2026/3/18,168.1,LH,PT6H25M,2026-03-18T16:40:00,2026-03-18T17:45:00,
ZAG,BCN,2026/3/18,182.08,AF,PT8H5M,2026-03-18T08:25:00,2026-03-18T10:30:00,
ZAG,BCN,2026/3/18,182.08,AF,PT10H40M,2026-03-18T08:25:00,2026-03-18T10:30:00,
ZAG,BCN,2026/3/18,190.1,LH,PT4H20M,2026-03-18T18:45:00,2026-03-18T19:50:00,
ZAG,BCN,2026/3/18,192.1,LH,PT15H45M,2026-03-18T16:40:00,2026-03-18T17:45:00,
ZAG,BCN,2026/3/18,196.91,IB,PT5H55M,2026-03-18T12:15:00,2026-03-18T15:15:00,
ZAG,BCN,2026/3/18,196.91,IB,PT7H,2026-03-18T12:15:00,2026-03-18T15:15:00,
ZAG,BCN,2026/3/18,198.18,LH,PT5H25M,2026-03-18T17:55:00,2026-03-18T19:30:00,
ZAG,BCN,2026/3/18,198.57,LH,PT13H40M,2026-03-18T18:45:00,2026-03-18T19:50:00,
ZAG,BCN,2026/3/19,118.08,AF,PT5H45M,2026-03-19T06:30:00,2026-03-19T08:40:00,
ZAG,BCN,2026/3/19,118.08,AF,PT10H,2026-03-19T06:30:00,2026-03-19T08:40:00,
ZAG,BCN,2026/3/19,118.08,AF,PT8H,2026-03-19T15:05:00,2026-03-19T17:15:00,
ZAG,BCN,2026/3/19,118.08,AF,PT19H20M,2026-03-19T15:05:00,2026-03-19T17:15:00,
ZAG,BCN,2026/3/19,146.34,OU,PT2H10M,2026-03-19T15:30:00,2026-03-19T17:40:00,
ZAG,BCN,2026/3/19,149.49,LO,PT23H45M,2026-03-19T18:00:00,2026-03-19T19:35:00,
ZAG,BCN,2026/3/19,165.4,OS,PT5H10M,2026-03-19T14:35:00,2026-03-19T15:40:00,
ZAG,BCN,2026/3/19,165.4,OS,PT18H35M,2026-03-19T14:35:00,2026-03-19T15:40:00,
ZAG,BCN,2026/3/19,168.1,LH,PT4H55M,2026-03-19T09:50:00,2026-03-19T10:55:00,
ZAG,BCN,2026/3/19,168.1,LH,PT6H25M,2026-03-19T16:40:00,2026-03-19T17:45:00,
ZAG,BCN,2026/3/19,168.1,LH,PT7H45M,2026-03-19T09:50:00,2026-03-19T10:55:00,
ZAG,BCN,2026/3/19,174.85,JU,PT21H45M,2026-03-19T11:20:00,2026-03-19T12:25:00,
ZAG,BCN,2026/3/19,176.18,LH,PT4H15M,2026-03-19T14:45:00,2026-03-19T16:20:00,
ZAG,BCN,2026/3/19,176.18,LH,PT5H5M,2026-03-19T14:45:00,2026-03-19T16:20:00,
ZAG,BCN,2026/3/19,176.18,LH,PT5H50M,2026-03-19T06:10:00,2026-03-19T07:45:00,
OTP,BCN,2026/2/18,76.32,H4,PT3H10M,2026-02-18T10:15:00,2026-02-18T12:25:00,
OTP,BCN,2026/2/18,108.83,JU,PT4H40M,2026-02-18T16:05:00,2026-02-18T16:15:00,
OTP,BCN,2026/2/18,108.83,JU,PT18H,2026-02-18T16:05:00,2026-02-18T16:15:00,
OTP,BCN,2026/2/18,138,QS,PT23H25M,2026-02-18T15:45:00,2026-02-18T16:45:00,
OTP,BCN,2026/2/18,193.32,GP,PT3H10M,2026-02-18T10:15:00,2026-02-18T12:25:00,
OTP,BCN,2026/2/18,196.95,RO,PT6H10M,2026-02-18T10:45:00,2026-02-18T11:55:00,
OTP,BCN,2026/2/18,196.95,RO,PT13H30M,2026-02-18T10:45:00,2026-02-18T11:55:00,
OTP,BCN,2026/2/18,199.05,AF,PT6H5M,2026-02-18T06:05:00,2026-02-18T08:25:00,
OTP,BCN,2026/2/18,199.05,AF,PT7H15M,2026-02-18T13:05:00,2026-02-18T15:15:00,
OTP,BCN,2026/2/18,199.05,AF,PT8H55M,2026-02-18T06:05:00,2026-02-18T08:25:00,
OTP,BCN,2026/2/18,199.05,AF,PT10H50M,2026-02-18T13:05:00,2026-02-18T15:15:00,
OTP,BCN,2026/2/18,202.04,A3,PT7H20M,2026-02-18T10:50:00,2026-02-18T12:25:00,
OTP,BCN,2026/2/18,202.04,A3,PT14H10M,2026-02-18T21:15:00,2026-02-18T22:50:00,
OTP,BCN,2026/2/18,202.04,A3,PT20H55M,2026-02-18T21:15:00,2026-02-18T22:50:00,
OTP,BCN,2026/2/18,202.04,A3,PT24H35M,2026-02-18T10:50:00,2026-02-18T12:25:00,
OTP,BCN,2026/2/19,108.83,JU,PT5H35M,2026-02-19T04:30:00,2026-02-19T05:00:00,
OTP,BCN,2026/2/19,133.83,JU,PT18H,2026-02-19T16:05:00,2026-02-19T16:15:00,
OTP,BCN,2026/2/19,138,QS,PT23H25M,2026-02-19T15:45:00,2026-02-19T16:45:00,
OTP,BCN,2026/2/19,199.05,AF,PT6H5M,2026-02-19T06:05:00,2026-02-19T08:25:00,
OTP,BCN,2026/2/19,199.05,AF,PT7H15M,2026-02-19T13:05:00,2026-02-19T15:15:00,
OTP,BCN,2026/2/19,199.05,AF,PT8H55M,2026-02-19T06:05:00,2026-02-19T08:25:00,
OTP,BCN,2026/2/19,199.05,AF,PT10H50M,2026-02-19T13:05:00,2026-02-19T15:15:00,
OTP,BCN,2026/2/19,202.04,A3,PT7H20M,2026-02-19T10:50:00,2026-02-19T12:25:00,
OTP,BCN,2026/2/19,202.04,A3,PT14H10M,2026-02-19T21:15:00,2026-02-19T22:50:00,
OTP,BCN,2026/2/19,202.04,A3,PT24H35M,2026-02-19T10:50:00,2026-02-19T12:25:00,
OTP,BCN,2026/2/19,222.06,AF,PT6H5M,2026-02-19T18:00:00,2026-02-19T20:00:00,
OTP,BCN,2026/2/19,222.06,AF,PT7H15M,2026-02-19T06:00:00,2026-02-19T08:00:00,
OTP,BCN,2026/2/19,222.06,AF,PT11H30M,2026-02-19T06:00:00,2026-02-19T08:00:00,
OTP,BCN,2026/2/19,222.06,AF,PT17H25M,2026-02-19T18:00:00,2026-02-19T20:00:00,
OTP,BCN,2026/2/19,243.82,TK,PT9H20M,2026-02-19T15:30:00,2026-02-19T18:05:00,
OTP,BCN,2026/2/20,76.32,H4,PT3H10M,2026-02-20T10:15:00,2026-02-20T12:25:00,
OTP,BCN,2026/2/20,108.83,JU,PT4H40M,2026-02-20T16:05:00,2026-02-20T16:15:00,
OTP,BCN,2026/2/20,108.83,JU,PT5H35M,2026-02-20T04:30:00,2026-02-20T05:00:00,
OTP,BCN,2026/2/20,108.83,JU,PT16H15M,2026-02-20T04:30:00,2026-02-20T05:00:00,
OTP,BCN,2026/2/20,108.83,JU,PT18H,2026-02-20T16:05:00,2026-02-20T16:15:00,
OTP,BCN,2026/2/20,193.32,GP,PT3H10M,2026-02-20T10:15:00,2026-02-20T12:25:00,
OTP,BCN,2026/2/20,196.95,RO,PT6H20M,2026-02-20T10:35:00,2026-02-20T11:45:00,
OTP,BCN,2026/2/20,202.04,A3,PT14H10M,2026-02-20T21:15:00,2026-02-20T22:50:00,
OTP,BCN,2026/2/20,202.04,A3,PT20H55M,2026-02-20T21:15:00,2026-02-20T22:50:00,
OTP,BCN,2026/2/20,202.04,A3,PT24H35M,2026-02-20T10:50:00,2026-02-20T12:25:00,
OTP,BCN,2026/2/20,222.06,AF,PT6H5M,2026-02-20T18:00:00,2026-02-20T20:00:00,
OTP,BCN,2026/2/20,222.06,AF,PT7H15M,2026-02-20T06:00:00,2026-02-20T08:00:00,
OTP,BCN,2026/2/20,222.06,AF,PT11H30M,2026-02-20T06:00:00,2026-02-20T08:00:00,
OTP,BCN,2026/2/20,222.06,AF,PT17H25M,2026-02-20T18:00:00,2026-02-20T20:00:00,
OTP,BCN,2026/2/20,241.61,DY,PT25H30M,2026-02-20T17:00:00,2026-02-20T19:15:00,
OTP,BCN,2026/2/21,108.83,JU,PT5H35M,2026-02-21T04:30:00,2026-02-21T05:00:00,
OTP,BCN,2026/2/21,138,QS,PT23H25M,2026-02-21T15:45:00,2026-02-21T16:45:00,
OTP,BCN,2026/2/21,198.17,RO,PT9H15M,2026-02-21T08:20:00,2026-02-21T11:25:00,
OTP,BCN,2026/2/21,202.04,A3,PT7H20M,2026-02-21T10:50:00,2026-02-21T12:25:00,
OTP,BCN,2026/2/21,202.04,A3,PT24H35M,2026-02-21T10:50:00,2026-02-21T12:25:00,
OTP,BCN,2026/2/21,222.06,AF,PT6H10M,2026-02-21T13:55:00,2026-02-21T15:55:00,
OTP,BCN,2026/2/21,222.06,AF,PT7H15M,2026-02-21T06:00:00,2026-02-21T08:00:00,
OTP,BCN,2026/2/21,222.06,AF,PT11H30M,2026-02-21T06:00:00,2026-02-21T08:00:00,
OTP,BCN,2026/2/21,222.06,AF,PT17H25M,2026-02-21T18:00:00,2026-02-21T20:00:00,
OTP,BCN,2026/2/21,222.06,AF,PT19H15M,2026-02-21T18:00:00,2026-02-21T20:00:00,
OTP,BCN,2026/2/21,233.82,TK,PT9H20M,2026-02-21T15:30:00,2026-02-21T18:05:00,
OTP,BCN,2026/2/21,233.82,TK,PT13H55M,2026-02-21T21:50:00,2026-02-22T00:20:00,
OTP,BCN,2026/2/21,233.82,TK,PT16H35M,2026-02-21T21:50:00,2026-02-22T00:20:00,
OTP,BCN,2026/2/21,243.82,TK,PT7H55M,2026-02-21T10:10:00,2026-02-21T12:45:00,
OTP,BCN,2026/2/21,243.82,TK,PT14H40M,2026-02-21T10:10:00,2026-02-21T12:45:00,
OTP,BCN,2026/2/22,108.83,JU,PT4H40M,2026-02-22T16:05:00,2026-02-22T16:15:00,
OTP,BCN,2026/2/22,108.83,JU,PT18H,2026-02-22T16:05:00,2026-02-22T16:15:00,
OTP,BCN,2026/2/22,138,QS,PT23H25M,2026-02-22T15:45:00,2026-02-22T16:45:00,
OTP,BCN,2026/2/22,195.06,AF,PT6H5M,2026-02-22T18:00:00,2026-02-22T20:00:00,
OTP,BCN,2026/2/22,195.06,AF,PT6H10M,2026-02-22T13:55:00,2026-02-22T15:55:00,
OTP,BCN,2026/2/22,195.06,AF,PT7H15M,2026-02-22T06:00:00,2026-02-22T08:00:00,
OTP,BCN,2026/2/22,195.06,AF,PT11H30M,2026-02-22T06:00:00,2026-02-22T08:00:00,
OTP,BCN,2026/2/22,195.06,AF,PT17H25M,2026-02-22T18:00:00,2026-02-22T20:00:00,
OTP,BCN,2026/2/22,196.95,RO,PT5H25M,2026-02-22T11:30:00,2026-02-22T12:40:00,
OTP,BCN,2026/2/22,196.95,RO,PT12H45M,2026-02-22T11:30:00,2026-02-22T12:40:00,
OTP,BCN,2026/2/22,198.17,RO,PT9H15M,2026-02-22T08:20:00,2026-02-22T11:25:00,
OTP,BCN,2026/2/22,202.04,A3,PT14H10M,2026-02-22T21:15:00,2026-02-22T22:50:00,
OTP,BCN,2026/2/22,202.04,A3,PT20H55M,2026-02-22T21:15:00,2026-02-22T22:50:00,
OTP,BCN,2026/2/22,223.05,AF,PT8H55M,2026-02-22T06:05:00,2026-02-22T08:25:00,
OTP,BCN,2026/2/22,233.82,TK,PT9H20M,2026-02-22T15:30:00,2026-02-22T18:05:00,
OTP,BCN,2026/2/23,76.32,H4,PT3H10M,2026-02-23T10:15:00,2026-02-23T12:25:00,
OTP,BCN,2026/2/23,108.83,JU,PT4H40M,2026-02-23T16:05:00,2026-02-23T16:15:00,
OTP,BCN,2026/2/23,108.83,JU,PT5H35M,2026-02-23T04:30:00,2026-02-23T05:00:00,
OTP,BCN,2026/2/23,133.83,JU,PT18H,2026-02-23T16:05:00,2026-02-23T16:15:00,
OTP,BCN,2026/2/23,163.83,JU,PT12H45M,2026-02-23T08:00:00,2026-02-23T08:35:00,
OTP,BCN,2026/2/23,193.32,GP,PT3H10M,2026-02-23T10:15:00,2026-02-23T12:25:00,
OTP,BCN,2026/2/23,195.06,AF,PT6H5M,2026-02-23T18:00:00,2026-02-23T20:00:00,
OTP,BCN,2026/2/23,195.06,AF,PT6H10M,2026-02-23T13:55:00,2026-02-23T15:55:00,
OTP,BCN,2026/2/23,195.06,AF,PT7H15M,2026-02-23T06:00:00,2026-02-23T08:00:00,
OTP,BCN,2026/2/23,195.06,AF,PT11H30M,2026-02-23T06:00:00,2026-02-23T08:00:00,
OTP,BCN,2026/2/23,195.06,AF,PT17H25M,2026-02-23T18:00:00,2026-02-23T20:00:00,
OTP,BCN,2026/2/23,195.61,DY,PT19H30M,2026-02-23T18:10:00,2026-02-23T20:25:00,
OTP,BCN,2026/2/23,196.95,RO,PT6H10M,2026-02-23T10:45:00,2026-02-23T11:55:00,
OTP,BCN,2026/2/23,198.17,RO,PT8H,2026-02-23T09:35:00,2026-02-23T12:40:00,
OTP,BCN,2026/2/23,199.05,AF,PT6H5M,2026-02-23T06:05:00,2026-02-23T08:25:00,
OTP,BCN,2026/2/24,195.06,AF,PT6H5M,2026-02-24T18:00:00,2026-02-24T20:00:00,
OTP,BCN,2026/2/24,195.06,AF,PT6H10M,2026-02-24T13:55:00,2026-02-24T15:55:00,
OTP,BCN,2026/2/24,195.06,AF,PT7H15M,2026-02-24T06:00:00,2026-02-24T08:00:00,
OTP,BCN,2026/2/24,195.06,AF,PT11H30M,2026-02-24T06:00:00,2026-02-24T08:00:00,
OTP,BCN,2026/2/24,195.06,AF,PT17H25M,2026-02-24T18:00:00,2026-02-24T20:00:00,
OTP,BCN,2026/2/24,199.05,AF,PT6H5M,2026-02-24T06:05:00,2026-02-24T08:25:00,
OTP,BCN,2026/2/24,199.05,AF,PT7H15M,2026-02-24T13:05:00,2026-02-24T15:15:00,
OTP,BCN,2026/2/24,199.05,AF,PT8H55M,2026-02-24T06:05:00,2026-02-24T08:25:00,
OTP,BCN,2026/2/24,199.05,AF,PT10H50M,2026-02-24T13:05:00,2026-02-24T15:15:00,
OTP,BCN,2026/2/24,233.82,TK,PT9H20M,2026-02-24T15:30:00,2026-02-24T18:05:00,
OTP,BCN,2026/2/24,233.82,TK,PT13H55M,2026-02-24T21:50:00,2026-02-25T00:20:00,
OTP,BCN,2026/2/24,243.82,TK,PT7H55M,2026-02-24T10:10:00,2026-02-24T12:45:00,
OTP,BCN,2026/2/24,243.82,TK,PT14H40M,2026-02-24T10:10:00,2026-02-24T12:45:00,
OTP,BCN,2026/2/24,249.04,A3,PT7H20M,2026-02-24T10:50:00,2026-02-24T12:25:00,
OTP,BCN,2026/2/24,249.04,A3,PT24H35M,2026-02-24T10:50:00,2026-02-24T12:25:00,
OTP,BCN,2026/2/25,76.32,H4,PT3H10M,2026-02-25T10:15:00,2026-02-25T12:25:00,
OTP,BCN,2026/2/25,133.83,JU,PT4H40M,2026-02-25T16:05:00,2026-02-25T16:15:00,
OTP,BCN,2026/2/25,133.83,JU,PT18H,2026-02-25T16:05:00,2026-02-25T16:15:00,
OTP,BCN,2026/2/25,138,QS,PT23H25M,2026-02-25T15:45:00,2026-02-25T16:45:00,
OTP,BCN,2026/2/25,192.97,HR,PT17H20M,2026-02-25T18:30:00,2026-02-25T20:20:00,
OTP,BCN,2026/2/25,193.32,GP,PT3H10M,2026-02-25T10:15:00,2026-02-25T12:25:00,
OTP,BCN,2026/2/25,195.06,AF,PT6H5M,2026-02-25T18:00:00,2026-02-25T20:00:00,
OTP,BCN,2026/2/25,195.06,AF,PT6H10M,2026-02-25T13:55:00,2026-02-25T15:55:00,
OTP,BCN,2026/2/25,195.06,AF,PT7H15M,2026-02-25T06:00:00,2026-02-25T08:00:00,
OTP,BCN,2026/2/25,195.06,AF,PT11H30M,2026-02-25T06:00:00,2026-02-25T08:00:00,
OTP,BCN,2026/2/25,195.06,AF,PT17H25M,2026-02-25T18:00:00,2026-02-25T20:00:00,
OTP,BCN,2026/2/25,196.95,RO,PT6H10M,2026-02-25T10:45:00,2026-02-25T11:55:00,
OTP,BCN,2026/2/25,196.95,RO,PT13H30M,2026-02-25T10:45:00,2026-02-25T11:55:00,
OTP,BCN,2026/2/25,199.05,AF,PT6H5M,2026-02-25T06:05:00,2026-02-25T08:25:00,
OTP,BCN,2026/2/25,199.05,AF,PT7H15M,2026-02-25T13:05:00,2026-02-25T15:15:00,
OTP,BCN,2026/2/26,103.83,JU,PT5H35M,2026-02-26T04:30:00,2026-02-26T05:00:00,
OTP,BCN,2026/2/26,103.83,JU,PT18H,2026-02-26T16:05:00,2026-02-26T16:15:00,
OTP,BCN,2026/2/26,138,QS,PT23H25M,2026-02-26T15:45:00,2026-02-26T16:45:00,
OTP,BCN,2026/2/26,195.06,AF,PT6H5M,2026-02-26T18:00:00,2026-02-26T20:00:00,
OTP,BCN,2026/2/26,195.06,AF,PT6H10M,2026-02-26T13:55:00,2026-02-26T15:55:00,
OTP,BCN,2026/2/26,195.06,AF,PT7H15M,2026-02-26T06:00:00,2026-02-26T08:00:00,
OTP,BCN,2026/2/26,195.06,AF,PT11H30M,2026-02-26T06:00:00,2026-02-26T08:00:00,
OTP,BCN,2026/2/26,195.06,AF,PT17H25M,2026-02-26T18:00:00,2026-02-26T20:00:00,
OTP,BCN,2026/2/26,199.05,AF,PT6H5M,2026-02-26T06:05:00,2026-02-26T08:25:00,
OTP,BCN,2026/2/26,199.05,AF,PT7H15M,2026-02-26T13:05:00,2026-02-26T15:15:00,
OTP,BCN,2026/2/26,199.05,AF,PT8H55M,2026-02-26T06:05:00,2026-02-26T08:25:00,
OTP,BCN,2026/2/26,199.05,AF,PT10H50M,2026-02-26T13:05:00,2026-02-26T15:15:00,
OTP,BCN,2026/2/26,202.04,A3,PT7H20M,2026-02-26T10:50:00,2026-02-26T12:25:00,
OTP,BCN,2026/2/26,202.04,A3,PT14H10M,2026-02-26T21:15:00,2026-02-26T22:50:00,
OTP,BCN,2026/2/26,202.04,A3,PT20H55M,2026-02-26T21:15:00,2026-02-26T22:50:00,
OTP,BCN,2026/2/27,76.32,H4,PT3H10M,2026-02-27T10:15:00,2026-02-27T12:25:00,
OTP,BCN,2026/2/27,103.83,JU,PT4H40M,2026-02-27T16:05:00,2026-02-27T16:15:00,
OTP,BCN,2026/2/27,103.83,JU,PT5H35M,2026-02-27T04:30:00,2026-02-27T05:00:00,
OTP,BCN,2026/2/27,103.83,JU,PT16H15M,2026-02-27T04:30:00,2026-02-27T05:00:00,
OTP,BCN,2026/2/27,103.83,JU,PT18H,2026-02-27T16:05:00,2026-02-27T16:15:00,
OTP,BCN,2026/2/27,169.06,AF,PT6H5M,2026-02-27T18:00:00,2026-02-27T20:00:00,
OTP,BCN,2026/2/27,169.06,AF,PT6H10M,2026-02-27T13:55:00,2026-02-27T15:55:00,
OTP,BCN,2026/2/27,169.06,AF,PT7H15M,2026-02-27T06:00:00,2026-02-27T08:00:00,
OTP,BCN,2026/2/27,169.06,AF,PT11H30M,2026-02-27T06:00:00,2026-02-27T08:00:00,
OTP,BCN,2026/2/27,169.06,AF,PT17H25M,2026-02-27T18:00:00,2026-02-27T20:00:00,
OTP,BCN,2026/2/27,192.97,HR,PT17H20M,2026-02-27T18:30:00,2026-02-27T20:20:00,
OTP,BCN,2026/2/27,193.32,GP,PT3H10M,2026-02-27T10:15:00,2026-02-27T12:25:00,
OTP,BCN,2026/2/27,195.61,DY,PT25H30M,2026-02-27T17:00:00,2026-02-27T19:15:00,
OTP,BCN,2026/2/27,196.95,RO,PT6H20M,2026-02-27T10:35:00,2026-02-27T11:45:00,
OTP,BCN,2026/2/27,199.05,AF,PT6H5M,2026-02-27T06:05:00,2026-02-27T08:25:00,
OTP,BCN,2026/2/28,103.83,JU,PT5H35M,2026-02-28T04:30:00,2026-02-28T05:00:00,
OTP,BCN,2026/2/28,138,QS,PT23H25M,2026-02-28T15:45:00,2026-02-28T16:45:00,
OTP,BCN,2026/2/28,169.06,AF,PT7H15M,2026-02-28T06:00:00,2026-02-28T08:00:00,
OTP,BCN,2026/2/28,169.06,AF,PT11H30M,2026-02-28T06:00:00,2026-02-28T08:00:00,
OTP,BCN,2026/2/28,198.17,RO,PT9H15M,2026-02-28T08:20:00,2026-02-28T11:25:00,
OTP,BCN,2026/2/28,202.04,A3,PT7H20M,2026-02-28T10:50:00,2026-02-28T12:25:00,
OTP,BCN,2026/2/28,202.04,A3,PT24H35M,2026-02-28T10:50:00,2026-02-28T12:25:00,
OTP,BCN,2026/2/28,233.82,TK,PT9H20M,2026-02-28T15:30:00,2026-02-28T18:05:00,
OTP,BCN,2026/2/28,233.82,TK,PT13H55M,2026-02-28T21:50:00,2026-03-01T00:20:00,
OTP,BCN,2026/2/28,233.82,TK,PT16H35M,2026-02-28T21:50:00,2026-03-01T00:20:00,
OTP,BCN,2026/2/28,243.82,TK,PT7H55M,2026-02-28T10:10:00,2026-02-28T12:45:00,
OTP,BCN,2026/2/28,243.82,TK,PT14H40M,2026-02-28T10:10:00,2026-02-28T12:45:00,
OTP,BCN,2026/2/28,262.08,LH,PT5H30M,2026-02-28T13:05:00,2026-02-28T14:15:00,
OTP,BCN,2026/2/28,262.08,LH,PT11H,2026-02-28T13:05:00,2026-02-28T14:15:00,
OTP,BCN,2026/2/28,267.39,LX,PT7H20M,2026-02-28T16:40:00,2026-02-28T18:20:00,
OTP,BCN,2026/3/1,103.83,JU,PT4H40M,2026-03-01T16:05:00,2026-03-01T16:15:00,
OTP,BCN,2026/3/1,103.83,JU,PT18H,2026-03-01T16:05:00,2026-03-01T16:15:00,
OTP,BCN,2026/3/1,138,QS,PT23H25M,2026-03-01T15:45:00,2026-03-01T16:45:00,
OTP,BCN,2026/3/1,169.06,AF,PT6H5M,2026-03-01T18:00:00,2026-03-01T20:00:00,
OTP,BCN,2026/3/1,169.06,AF,PT6H10M,2026-03-01T13:55:00,2026-03-01T15:55:00,
OTP,BCN,2026/3/1,169.06,AF,PT7H15M,2026-03-01T06:00:00,2026-03-01T08:00:00,
OTP,BCN,2026/3/1,169.06,AF,PT11H30M,2026-03-01T06:00:00,2026-03-01T08:00:00,
OTP,BCN,2026/3/1,169.06,AF,PT17H25M,2026-03-01T18:00:00,2026-03-01T20:00:00,
OTP,BCN,2026/3/1,196.95,RO,PT5H25M,2026-03-01T11:30:00,2026-03-01T12:40:00,
OTP,BCN,2026/3/1,196.95,RO,PT12H45M,2026-03-01T11:30:00,2026-03-01T12:40:00,
OTP,BCN,2026/3/1,198.89,RO,PT9H15M,2026-03-01T08:20:00,2026-03-01T11:25:00,
OTP,BCN,2026/3/1,202.04,A3,PT7H20M,2026-03-01T10:50:00,2026-03-01T12:25:00,
OTP,BCN,2026/3/1,202.04,A3,PT20H55M,2026-03-01T21:15:00,2026-03-01T22:50:00,
OTP,BCN,2026/3/1,233.82,TK,PT9H20M,2026-03-01T15:30:00,2026-03-01T18:05:00,
OTP,BCN,2026/3/1,233.82,TK,PT13H55M,2026-03-01T21:50:00,2026-03-02T00:20:00,
OTP,BCN,2026/3/2,76.32,H4,PT3H10M,2026-03-02T10:15:00,2026-03-02T12:25:00,
OTP,BCN,2026/3/2,103.83,JU,PT4H40M,2026-03-02T16:05:00,2026-03-02T16:15:00,
OTP,BCN,2026/3/2,103.83,JU,PT5H35M,2026-03-02T04:30:00,2026-03-02T05:00:00,
OTP,BCN,2026/3/2,133.83,JU,PT18H,2026-03-02T16:05:00,2026-03-02T16:15:00,
OTP,BCN,2026/3/2,163.83,JU,PT12H45M,2026-03-02T08:00:00,2026-03-02T08:35:00,
OTP,BCN,2026/3/2,169.06,AF,PT6H5M,2026-03-02T18:00:00,2026-03-02T20:00:00,
OTP,BCN,2026/3/2,169.06,AF,PT6H10M,2026-03-02T13:55:00,2026-03-02T15:55:00,
OTP,BCN,2026/3/2,169.06,AF,PT7H15M,2026-03-02T06:00:00,2026-03-02T08:00:00,
OTP,BCN,2026/3/2,169.06,AF,PT11H30M,2026-03-02T06:00:00,2026-03-02T08:00:00,
OTP,BCN,2026/3/2,169.06,AF,PT17H25M,2026-03-02T18:00:00,2026-03-02T20:00:00,
OTP,BCN,2026/3/2,193.32,GP,PT3H10M,2026-03-02T10:15:00,2026-03-02T12:25:00,
OTP,BCN,2026/3/2,196.95,RO,PT6H10M,2026-03-02T10:45:00,2026-03-02T11:55:00,
OTP,BCN,2026/3/2,198.89,RO,PT8H,2026-03-02T09:35:00,2026-03-02T12:40:00,
OTP,BCN,2026/3/2,202.04,A3,PT7H20M,2026-03-02T10:50:00,2026-03-02T12:25:00,
OTP,BCN,2026/3/2,202.04,A3,PT20H55M,2026-03-02T21:15:00,2026-03-02T22:50:00,
OTP,BCN,2026/3/3,169.06,AF,PT6H5M,2026-03-03T18:00:00,2026-03-03T20:00:00,
OTP,BCN,2026/3/3,169.06,AF,PT6H10M,2026-03-03T13:55:00,2026-03-03T15:55:00,
OTP,BCN,2026/3/3,169.06,AF,PT7H15M,2026-03-03T06:00:00,2026-03-03T08:00:00,
OTP,BCN,2026/3/3,169.06,AF,PT11H30M,2026-03-03T06:00:00,2026-03-03T08:00:00,
OTP,BCN,2026/3/3,169.06,AF,PT17H25M,2026-03-03T18:00:00,2026-03-03T20:00:00,
OTP,BCN,2026/3/3,199.05,AF,PT7H15M,2026-03-03T13:05:00,2026-03-03T15:15:00,
OTP,BCN,2026/3/3,199.05,AF,PT8H55M,2026-03-03T06:05:00,2026-03-03T08:25:00,
OTP,BCN,2026/3/3,199.05,AF,PT10H50M,2026-03-03T13:05:00,2026-03-03T15:15:00,
OTP,BCN,2026/3/3,202.04,A3,PT7H20M,2026-03-03T10:50:00,2026-03-03T12:25:00,
OTP,BCN,2026/3/3,202.04,A3,PT24H35M,2026-03-03T10:50:00,2026-03-03T12:25:00,
OTP,BCN,2026/3/3,223.05,AF,PT6H5M,2026-03-03T06:05:00,2026-03-03T08:25:00,
OTP,BCN,2026/3/3,233.82,TK,PT9H20M,2026-03-03T15:30:00,2026-03-03T18:05:00,
OTP,BCN,2026/3/3,233.82,TK,PT13H55M,2026-03-03T21:50:00,2026-03-04T00:20:00,
OTP,BCN,2026/3/3,237.47,LO,PT6H,2026-03-03T05:35:00,2026-03-03T06:25:00,
OTP,BCN,2026/3/3,237.47,LO,PT24H20M,2026-03-03T18:25:00,2026-03-03T19:20:00,
OTP,BCN,2026/3/4,76.32,H4,PT3H10M,2026-03-04T10:15:00,2026-03-04T12:25:00,
OTP,BCN,2026/3/4,129.05,AF,PT6H5M,2026-03-04T06:05:00,2026-03-04T08:25:00,
OTP,BCN,2026/3/4,129.05,AF,PT8H55M,2026-03-04T06:05:00,2026-03-04T08:25:00,
OTP,BCN,2026/3/4,129.05,AF,PT7H15M,2026-03-04T13:05:00,2026-03-04T15:15:00,
OTP,BCN,2026/3/4,129.05,AF,PT10H50M,2026-03-04T13:05:00,2026-03-04T15:15:00,
OTP,BCN,2026/3/4,133.83,JU,PT18H,2026-03-04T16:05:00,2026-03-04T16:15:00,
OTP,BCN,2026/3/4,138,QS,PT23H25M,2026-03-04T15:45:00,2026-03-04T16:45:00,
OTP,BCN,2026/3/4,153.83,JU,PT4H40M,2026-03-04T16:05:00,2026-03-04T16:15:00,
OTP,BCN,2026/3/4,169.06,AF,PT6H5M,2026-03-04T18:00:00,2026-03-04T20:00:00,
OTP,BCN,2026/3/4,169.06,AF,PT6H10M,2026-03-04T13:55:00,2026-03-04T15:55:00,
OTP,BCN,2026/3/4,169.06,AF,PT7H15M,2026-03-04T06:00:00,2026-03-04T08:00:00,
OTP,BCN,2026/3/4,169.06,AF,PT11H30M,2026-03-04T06:00:00,2026-03-04T08:00:00,
OTP,BCN,2026/3/4,169.06,AF,PT17H25M,2026-03-04T18:00:00,2026-03-04T20:00:00,
OTP,BCN,2026/3/4,192.97,HR,PT17H20M,2026-03-04T18:30:00,2026-03-04T20:20:00,
OTP,BCN,2026/3/4,193.32,GP,PT3H10M,2026-03-04T10:15:00,2026-03-04T12:25:00,
OTP,BCN,2026/3/5,98.83,JU,PT18H,2026-03-05T16:05:00,2026-03-05T16:15:00,
OTP,BCN,2026/3/5,133.83,JU,PT5H35M,2026-03-05T04:30:00,2026-03-05T05:00:00,
OTP,BCN,2026/3/5,138,QS,PT23H25M,2026-03-05T15:45:00,2026-03-05T16:45:00,
OTP,BCN,2026/3/5,152.06,AF,PT6H5M,2026-03-05T18:00:00,2026-03-05T20:00:00,
OTP,BCN,2026/3/5,152.06,AF,PT17H25M,2026-03-05T18:00:00,2026-03-05T20:00:00,
OTP,BCN,2026/3/5,152.06,AF,PT6H10M,2026-03-05T13:55:00,2026-03-05T15:55:00,
OTP,BCN,2026/3/5,159.05,AF,PT6H5M,2026-03-05T06:05:00,2026-03-05T08:25:00,
OTP,BCN,2026/3/5,159.05,AF,PT7H15M,2026-03-05T13:05:00,2026-03-05T15:15:00,
OTP,BCN,2026/3/5,159.05,AF,PT8H55M,2026-03-05T06:05:00,2026-03-05T08:25:00,
OTP,BCN,2026/3/5,169.06,AF,PT7H15M,2026-03-05T06:00:00,2026-03-05T08:00:00,
OTP,BCN,2026/3/5,169.06,AF,PT11H30M,2026-03-05T06:00:00,2026-03-05T08:00:00,
OTP,BCN,2026/3/5,177.05,AF,PT10H50M,2026-03-05T13:05:00,2026-03-05T15:15:00,
OTP,BCN,2026/3/5,202.04,A3,PT7H20M,2026-03-05T10:50:00,2026-03-05T12:25:00,
OTP,BCN,2026/3/5,202.04,A3,PT14H10M,2026-03-05T21:15:00,2026-03-05T22:50:00,
OTP,BCN,2026/3/5,202.04,A3,PT20H55M,2026-03-05T21:15:00,2026-03-05T22:50:00,
OTP,BCN,2026/3/6,76.32,H4,PT3H10M,2026-03-06T10:15:00,2026-03-06T12:25:00,
OTP,BCN,2026/3/6,133.83,JU,PT5H35M,2026-03-06T04:30:00,2026-03-06T05:00:00,
OTP,BCN,2026/3/6,152.06,AF,PT6H5M,2026-03-06T18:00:00,2026-03-06T20:00:00,
OTP,BCN,2026/3/6,152.06,AF,PT6H10M,2026-03-06T13:55:00,2026-03-06T15:55:00,
OTP,BCN,2026/3/6,152.06,AF,PT7H15M,2026-03-06T06:00:00,2026-03-06T08:00:00,
OTP,BCN,2026/3/6,152.06,AF,PT11H30M,2026-03-06T06:00:00,2026-03-06T08:00:00,
OTP,BCN,2026/3/6,152.06,AF,PT17H25M,2026-03-06T18:00:00,2026-03-06T20:00:00,
OTP,BCN,2026/3/6,153.83,JU,PT4H40M,2026-03-06T16:05:00,2026-03-06T16:15:00,
OTP,BCN,2026/3/6,153.83,JU,PT16H15M,2026-03-06T04:30:00,2026-03-06T05:00:00,
OTP,BCN,2026/3/6,153.83,JU,PT18H,2026-03-06T16:05:00,2026-03-06T16:15:00,
OTP,BCN,2026/3/6,195.61,DY,PT25H30M,2026-03-06T17:00:00,2026-03-06T19:15:00,
OTP,BCN,2026/3/6,196.95,RO,PT6H20M,2026-03-06T10:35:00,2026-03-06T11:45:00,
OTP,BCN,2026/3/6,198.05,AF,PT8H55M,2026-03-06T06:05:00,2026-03-06T08:25:00,
OTP,BCN,2026/3/6,199.05,AF,PT9H25M,2026-03-06T08:40:00,2026-03-06T11:00:00,
OTP,BCN,2026/3/6,199.05,AF,PT10H45M,2026-03-06T13:10:00,2026-03-06T15:30:00,
OTP,BCN,2026/3/7,138,QS,PT23H25M,2026-03-07T15:45:00,2026-03-07T16:45:00,
OTP,BCN,2026/3/7,152.06,AF,PT11H30M,2026-03-07T06:00:00,2026-03-07T08:00:00,
OTP,BCN,2026/3/7,153.83,JU,PT5H35M,2026-03-07T04:30:00,2026-03-07T05:00:00,
OTP,BCN,2026/3/7,169.06,AF,PT6H10M,2026-03-07T13:55:00,2026-03-07T15:55:00,
OTP,BCN,2026/3/7,169.06,AF,PT7H15M,2026-03-07T06:00:00,2026-03-07T08:00:00,
OTP,BCN,2026/3/7,169.06,AF,PT17H25M,2026-03-07T18:00:00,2026-03-07T20:00:00,
OTP,BCN,2026/3/7,169.06,AF,PT19H15M,2026-03-07T18:00:00,2026-03-07T20:00:00,
OTP,BCN,2026/3/7,198.89,RO,PT9H15M,2026-03-07T08:20:00,2026-03-07T11:25:00,
OTP,BCN,2026/3/7,202.04,A3,PT7H20M,2026-03-07T10:50:00,2026-03-07T12:25:00,
OTP,BCN,2026/3/7,202.04,A3,PT24H35M,2026-03-07T10:50:00,2026-03-07T12:25:00,
OTP,BCN,2026/3/7,227.06,AF,PT8H55M,2026-03-07T08:35:00,2026-03-07T10:40:00,
OTP,BCN,2026/3/7,231.08,LH,PT5H30M,2026-03-07T13:05:00,2026-03-07T14:15:00,
OTP,BCN,2026/3/7,231.08,LH,PT6H,2026-03-07T06:05:00,2026-03-07T07:15:00,
OTP,BCN,2026/3/7,231.08,LH,PT9H40M,2026-03-07T06:05:00,2026-03-07T07:15:00,
OTP,BCN,2026/3/7,231.08,LH,PT11H,2026-03-07T13:05:00,2026-03-07T14:15:00,
OTP,BCN,2026/3/8,133.83,JU,PT4H40M,2026-03-08T16:05:00,2026-03-08T16:15:00,
OTP,BCN,2026/3/8,138,QS,PT23H25M,2026-03-08T15:45:00,2026-03-08T16:45:00,
OTP,BCN,2026/3/8,152.06,AF,PT6H10M,2026-03-08T13:55:00,2026-03-08T15:55:00,
OTP,BCN,2026/3/8,152.06,AF,PT7H15M,2026-03-08T06:00:00,2026-03-08T08:00:00,
OTP,BCN,2026/3/8,152.06,AF,PT11H30M,2026-03-08T06:00:00,2026-03-08T08:00:00,
OTP,BCN,2026/3/8,153.83,JU,PT18H,2026-03-08T16:05:00,2026-03-08T16:15:00,
OTP,BCN,2026/3/8,169.06,AF,PT6H5M,2026-03-08T18:00:00,2026-03-08T20:00:00,
OTP,BCN,2026/3/8,169.06,AF,PT17H25M,2026-03-08T18:00:00,2026-03-08T20:00:00,
OTP,BCN,2026/3/8,177.05,AF,PT8H55M,2026-03-08T06:05:00,2026-03-08T08:25:00,
OTP,BCN,2026/3/8,196.95,RO,PT5H25M,2026-03-08T11:30:00,2026-03-08T12:40:00,
OTP,BCN,2026/3/8,196.95,RO,PT12H45M,2026-03-08T11:30:00,2026-03-08T12:40:00,
OTP,BCN,2026/3/8,198.05,AF,PT7H15M,2026-03-08T13:05:00,2026-03-08T15:15:00,
OTP,BCN,2026/3/8,198.05,AF,PT10H50M,2026-03-08T13:05:00,2026-03-08T15:15:00,
OTP,BCN,2026/3/8,198.89,RO,PT9H15M,2026-03-08T08:20:00,2026-03-08T11:25:00,
OTP,BCN,2026/3/8,199.05,AF,PT7H10M,2026-03-08T13:10:00,2026-03-08T15:30:00,
OTP,BCN,2026/3/9,76.32,H4,PT3H10M,2026-03-09T10:15:00,2026-03-09T12:25:00,
OTP,BCN,2026/3/9,98.83,JU,PT5H35M,2026-03-09T04:30:00,2026-03-09T05:00:00,
OTP,BCN,2026/3/9,129.05,AF,PT6H5M,2026-03-09T06:05:00,2026-03-09T08:25:00,
OTP,BCN,2026/3/9,129.05,AF,PT7H15M,2026-03-09T13:05:00,2026-03-09T15:15:00,
OTP,BCN,2026/3/9,129.05,AF,PT8H55M,2026-03-09T06:05:00,2026-03-09T08:25:00,
OTP,BCN,2026/3/9,129.05,AF,PT10H50M,2026-03-09T13:05:00,2026-03-09T15:15:00,
OTP,BCN,2026/3/9,133.83,JU,PT4H40M,2026-03-09T16:05:00,2026-03-09T16:15:00,
OTP,BCN,2026/3/9,135.06,AF,PT6H5M,2026-03-09T18:00:00,2026-03-09T20:00:00,
OTP,BCN,2026/3/9,135.06,AF,PT6H10M,2026-03-09T13:55:00,2026-03-09T15:55:00,
OTP,BCN,2026/3/9,135.06,AF,PT7H15M,2026-03-09T06:00:00,2026-03-09T08:00:00,
OTP,BCN,2026/3/9,135.06,AF,PT11H30M,2026-03-09T06:00:00,2026-03-09T08:00:00,
OTP,BCN,2026/3/9,135.06,AF,PT17H25M,2026-03-09T18:00:00,2026-03-09T20:00:00,
OTP,BCN,2026/3/9,163.83,JU,PT12H45M,2026-03-09T08:00:00,2026-03-09T08:35:00,
OTP,BCN,2026/3/9,183.83,JU,PT18H,2026-03-09T16:05:00,2026-03-09T16:15:00,
OTP,BCN,2026/3/9,195.61,DY,PT19H30M,2026-03-09T18:10:00,2026-03-09T20:25:00,
OTP,BCN,2026/3/10,129.05,AF,PT6H5M,2026-03-10T06:05:00,2026-03-10T08:25:00,
OTP,BCN,2026/3/10,129.05,AF,PT7H15M,2026-03-10T13:05:00,2026-03-10T15:15:00,
OTP,BCN,2026/3/10,129.05,AF,PT8H55M,2026-03-10T06:05:00,2026-03-10T08:25:00,
OTP,BCN,2026/3/10,129.05,AF,PT10H50M,2026-03-10T13:05:00,2026-03-10T15:15:00,
OTP,BCN,2026/3/10,135.06,AF,PT6H5M,2026-03-10T18:00:00,2026-03-10T20:00:00,
OTP,BCN,2026/3/10,135.06,AF,PT6H10M,2026-03-10T13:55:00,2026-03-10T15:55:00,
OTP,BCN,2026/3/10,135.06,AF,PT7H15M,2026-03-10T06:00:00,2026-03-10T08:00:00,
OTP,BCN,2026/3/10,135.06,AF,PT11H30M,2026-03-10T06:00:00,2026-03-10T08:00:00,
OTP,BCN,2026/3/10,135.06,AF,PT17H25M,2026-03-10T18:00:00,2026-03-10T20:00:00,
OTP,BCN,2026/3/10,199.05,AF,PT7H10M,2026-03-10T13:10:00,2026-03-10T15:30:00,
OTP,BCN,2026/3/10,199.05,AF,PT10H45M,2026-03-10T13:10:00,2026-03-10T15:30:00,
OTP,BCN,2026/3/10,202.04,A3,PT7H20M,2026-03-10T10:50:00,2026-03-10T12:25:00,
OTP,BCN,2026/3/10,204.05,AF,PT6H20M,2026-03-10T08:40:00,2026-03-10T11:00:00,
OTP,BCN,2026/3/10,204.05,AF,PT7H20M,2026-03-10T08:40:00,2026-03-10T11:00:00,
OTP,BCN,2026/3/10,206.08,LH,PT5H30M,2026-03-10T13:05:00,2026-03-10T14:15:00,
OTP,BCN,2026/3/11,76.32,H4,PT3H10M,2026-03-11T10:15:00,2026-03-11T12:25:00,
OTP,BCN,2026/3/11,135.06,AF,PT7H15M,2026-03-11T06:00:00,2026-03-11T08:00:00,
OTP,BCN,2026/3/11,135.06,AF,PT11H30M,2026-03-11T06:00:00,2026-03-11T08:00:00,
OTP,BCN,2026/3/11,138,QS,PT23H25M,2026-03-11T15:45:00,2026-03-11T16:45:00,
OTP,BCN,2026/3/11,152.06,AF,PT6H10M,2026-03-11T13:55:00,2026-03-11T15:55:00,
OTP,BCN,2026/3/11,159.05,AF,PT7H15M,2026-03-11T13:05:00,2026-03-11T15:15:00,
OTP,BCN,2026/3/11,169.06,AF,PT6H5M,2026-03-11T18:00:00,2026-03-11T20:00:00,
OTP,BCN,2026/3/11,169.06,AF,PT17H25M,2026-03-11T18:00:00,2026-03-11T20:00:00,
OTP,BCN,2026/3/11,183.83,JU,PT18H,2026-03-11T16:05:00,2026-03-11T16:15:00,
OTP,BCN,2026/3/11,196.95,RO,PT6H10M,2026-03-11T10:45:00,2026-03-11T11:55:00,
OTP,BCN,2026/3/11,196.95,RO,PT13H30M,2026-03-11T10:45:00,2026-03-11T11:55:00,
OTP,BCN,2026/3/11,198.05,AF,PT8H55M,2026-03-11T06:05:00,2026-03-11T08:25:00,
OTP,BCN,2026/3/11,198.05,AF,PT10H50M,2026-03-11T13:05:00,2026-03-11T15:15:00,
OTP,BCN,2026/3/11,199.32,HR,PT26H55M,2026-03-11T18:30:00,2026-03-11T20:20:00,
OTP,BCN,2026/3/11,200.39,AF,PT18H10M,2026-03-11T15:40:00,2026-03-11T18:00:00,
OTP,BCN,2026/3/12,129.05,AF,PT6H5M,2026-03-12T06:05:00,2026-03-12T08:25:00,
OTP,BCN,2026/3/12,129.05,AF,PT8H55M,2026-03-12T06:05:00,2026-03-12T08:25:00,
OTP,BCN,2026/3/12,133.83,JU,PT5H35M,2026-03-12T04:30:00,2026-03-12T05:00:00,
OTP,BCN,2026/3/12,135.06,AF,PT6H5M,2026-03-12T18:00:00,2026-03-12T20:00:00,
OTP,BCN,2026/3/12,135.06,AF,PT6H10M,2026-03-12T13:55:00,2026-03-12T15:55:00,
OTP,BCN,2026/3/12,135.06,AF,PT7H15M,2026-03-12T06:00:00,2026-03-12T08:00:00,
OTP,BCN,2026/3/12,135.06,AF,PT11H30M,2026-03-12T06:00:00,2026-03-12T08:00:00,
OTP,BCN,2026/3/12,135.06,AF,PT17H25M,2026-03-12T18:00:00,2026-03-12T20:00:00,
OTP,BCN,2026/3/12,138,QS,PT23H25M,2026-03-12T15:45:00,2026-03-12T16:45:00,
OTP,BCN,2026/3/12,183.83,JU,PT18H,2026-03-12T16:05:00,2026-03-12T16:15:00,
OTP,BCN,2026/3/12,202.04,A3,PT14H10M,2026-03-12T21:15:00,2026-03-12T22:50:00,
OTP,BCN,2026/3/12,202.04,A3,PT20H55M,2026-03-12T21:15:00,2026-03-12T22:50:00,
OTP,BCN,2026/3/12,204.05,AF,PT7H10M,2026-03-12T13:10:00,2026-03-12T15:30:00,
OTP,BCN,2026/3/12,204.05,AF,PT10H45M,2026-03-12T13:10:00,2026-03-12T15:30:00,
OTP,BCN,2026/3/12,206.08,LH,PT5H30M,2026-03-12T13:05:00,2026-03-12T14:15:00,
OTP,BCN,2026/3/13,76.32,H4,PT3H10M,2026-03-13T10:15:00,2026-03-13T12:25:00,
OTP,BCN,2026/3/13,133.83,JU,PT5H35M,2026-03-13T04:30:00,2026-03-13T05:00:00,
OTP,BCN,2026/3/13,135.06,AF,PT17H25M,2026-03-13T18:00:00,2026-03-13T20:00:00,
OTP,BCN,2026/3/13,153.83,JU,PT4H40M,2026-03-13T16:05:00,2026-03-13T16:15:00,
OTP,BCN,2026/3/13,153.83,JU,PT16H15M,2026-03-13T04:30:00,2026-03-13T05:00:00,
OTP,BCN,2026/3/13,153.83,JU,PT18H,2026-03-13T16:05:00,2026-03-13T16:15:00,
OTP,BCN,2026/3/13,169.06,AF,PT6H5M,2026-03-13T18:00:00,2026-03-13T20:00:00,
OTP,BCN,2026/3/13,169.06,AF,PT6H10M,2026-03-13T13:55:00,2026-03-13T15:55:00,
OTP,BCN,2026/3/13,169.06,AF,PT7H15M,2026-03-13T06:00:00,2026-03-13T08:00:00,
OTP,BCN,2026/3/13,169.06,AF,PT11H30M,2026-03-13T06:00:00,2026-03-13T08:00:00,
OTP,BCN,2026/3/13,192.97,HR,PT17H20M,2026-03-13T18:30:00,2026-03-13T20:20:00,
OTP,BCN,2026/3/13,196.95,RO,PT6H20M,2026-03-13T10:35:00,2026-03-13T11:45:00,
OTP,BCN,2026/3/13,202.04,A3,PT14H10M,2026-03-13T21:15:00,2026-03-13T22:50:00,
OTP,BCN,2026/3/13,202.04,A3,PT20H55M,2026-03-13T21:15:00,2026-03-13T22:50:00,
OTP,BCN,2026/3/13,206.08,LH,PT5H30M,2026-03-13T13:05:00,2026-03-13T14:15:00,
OTP,BCN,2026/3/14,121.06,AF,PT6H10M,2026-03-14T13:55:00,2026-03-14T15:55:00,
OTP,BCN,2026/3/14,121.06,AF,PT7H15M,2026-03-14T06:00:00,2026-03-14T08:00:00,
OTP,BCN,2026/3/14,121.06,AF,PT11H30M,2026-03-14T06:00:00,2026-03-14T08:00:00,
OTP,BCN,2026/3/14,121.06,AF,PT17H25M,2026-03-14T18:00:00,2026-03-14T20:00:00,
OTP,BCN,2026/3/14,121.06,AF,PT19H15M,2026-03-14T18:00:00,2026-03-14T20:00:00,
OTP,BCN,2026/3/14,130.39,AF,PT19H,2026-03-14T14:50:00,2026-03-14T17:00:00,
OTP,BCN,2026/3/14,138,QS,PT23H25M,2026-03-14T15:45:00,2026-03-14T16:45:00,
OTP,BCN,2026/3/14,153.83,JU,PT5H35M,2026-03-14T04:30:00,2026-03-14T05:00:00,
OTP,BCN,2026/3/14,196.06,AF,PT8H55M,2026-03-14T08:35:00,2026-03-14T10:40:00,
OTP,BCN,2026/3/14,196.06,AF,PT11H30M,2026-03-14T08:35:00,2026-03-14T10:40:00,
OTP,BCN,2026/3/14,196.06,AF,PT18H35M,2026-03-14T16:50:00,2026-03-14T18:55:00,
OTP,BCN,2026/3/14,198.89,RO,PT9H15M,2026-03-14T08:20:00,2026-03-14T11:25:00,
OTP,BCN,2026/3/14,202.04,A3,PT7H20M,2026-03-14T10:50:00,2026-03-14T12:25:00,
OTP,BCN,2026/3/14,202.04,A3,PT24H35M,2026-03-14T10:50:00,2026-03-14T12:25:00,
OTP,BCN,2026/3/14,207.47,LO,PT6H,2026-03-14T05:35:00,2026-03-14T06:25:00,
OTP,BCN,2026/3/15,98.83,JU,PT4H40M,2026-03-15T16:05:00,2026-03-15T16:15:00,
OTP,BCN,2026/3/15,98.83,JU,PT18H,2026-03-15T16:05:00,2026-03-15T16:15:00,
OTP,BCN,2026/3/15,121.06,AF,PT6H10M,2026-03-15T13:55:00,2026-03-15T15:55:00,
OTP,BCN,2026/3/15,121.06,AF,PT7H15M,2026-03-15T06:00:00,2026-03-15T08:00:00,
OTP,BCN,2026/3/15,121.06,AF,PT11H30M,2026-03-15T06:00:00,2026-03-15T08:00:00,
OTP,BCN,2026/3/15,138,QS,PT23H25M,2026-03-15T15:45:00,2026-03-15T16:45:00,
OTP,BCN,2026/3/15,144.05,AF,PT8H55M,2026-03-15T06:05:00,2026-03-15T08:25:00,
OTP,BCN,2026/3/15,169.06,AF,PT6H5M,2026-03-15T18:00:00,2026-03-15T20:00:00,
OTP,BCN,2026/3/15,169.06,AF,PT17H25M,2026-03-15T18:00:00,2026-03-15T20:00:00,
OTP,BCN,2026/3/15,177.05,AF,PT6H5M,2026-03-15T06:05:00,2026-03-15T08:25:00,
OTP,BCN,2026/3/15,177.05,AF,PT7H15M,2026-03-15T13:05:00,2026-03-15T15:15:00,
OTP,BCN,2026/3/15,196.06,AF,PT7H15M,2026-03-15T16:50:00,2026-03-15T18:55:00,
OTP,BCN,2026/3/15,196.06,AF,PT18H35M,2026-03-15T16:50:00,2026-03-15T18:55:00,
OTP,BCN,2026/3/15,196.95,RO,PT5H25M,2026-03-15T11:30:00,2026-03-15T12:40:00,
OTP,BCN,2026/3/15,196.95,RO,PT12H45M,2026-03-15T11:30:00,2026-03-15T12:40:00,
OTP,BCN,2026/3/16,76.32,H4,PT3H10M,2026-03-16T10:15:00,2026-03-16T12:25:00,
OTP,BCN,2026/3/16,98.83,JU,PT5H35M,2026-03-16T04:30:00,2026-03-16T05:00:00,
OTP,BCN,2026/3/16,121.06,AF,PT6H5M,2026-03-16T18:00:00,2026-03-16T20:00:00,
OTP,BCN,2026/3/16,121.06,AF,PT6H10M,2026-03-16T13:55:00,2026-03-16T15:55:00,
OTP,BCN,2026/3/16,121.06,AF,PT7H15M,2026-03-16T06:00:00,2026-03-16T08:00:00,
OTP,BCN,2026/3/16,121.06,AF,PT11H30M,2026-03-16T06:00:00,2026-03-16T08:00:00,
OTP,BCN,2026/3/16,121.06,AF,PT17H25M,2026-03-16T18:00:00,2026-03-16T20:00:00,
OTP,BCN,2026/3/16,128.61,DY,PT19H30M,2026-03-16T18:10:00,2026-03-16T20:25:00,
OTP,BCN,2026/3/16,129.05,AF,PT7H15M,2026-03-16T13:05:00,2026-03-16T15:15:00,
OTP,BCN,2026/3/16,129.05,AF,PT10H50M,2026-03-16T13:05:00,2026-03-16T15:15:00,
OTP,BCN,2026/3/16,129.05,AF,PT8H55M,2026-03-16T06:05:00,2026-03-16T08:25:00,
OTP,BCN,2026/3/16,133.83,JU,PT4H40M,2026-03-16T16:05:00,2026-03-16T16:15:00,
OTP,BCN,2026/3/16,153.83,JU,PT18H,2026-03-16T16:05:00,2026-03-16T16:15:00,
OTP,BCN,2026/3/16,163.83,JU,PT12H45M,2026-03-16T08:00:00,2026-03-16T08:35:00,
OTP,BCN,2026/3/16,177.05,AF,PT6H5M,2026-03-16T06:05:00,2026-03-16T08:25:00,
OTP,BCN,2026/3/17,121.06,AF,PT6H10M,2026-03-17T13:55:00,2026-03-17T15:55:00,
OTP,BCN,2026/3/17,121.06,AF,PT7H15M,2026-03-17T06:00:00,2026-03-17T08:00:00,
OTP,BCN,2026/3/17,121.06,AF,PT11H30M,2026-03-17T06:00:00,2026-03-17T08:00:00,
OTP,BCN,2026/3/17,152.06,AF,PT6H5M,2026-03-17T18:00:00,2026-03-17T20:00:00,
OTP,BCN,2026/3/17,152.06,AF,PT17H25M,2026-03-17T18:00:00,2026-03-17T20:00:00,
OTP,BCN,2026/3/17,196.06,AF,PT7H15M,2026-03-17T16:50:00,2026-03-17T18:55:00,
OTP,BCN,2026/3/17,196.06,AF,PT8H55M,2026-03-17T08:35:00,2026-03-17T10:40:00,
OTP,BCN,2026/3/17,196.06,AF,PT11H30M,2026-03-17T08:35:00,2026-03-17T10:40:00,
OTP,BCN,2026/3/17,196.06,AF,PT18H35M,2026-03-17T16:50:00,2026-03-17T18:55:00,
OTP,BCN,2026/3/17,199.05,AF,PT7H10M,2026-03-17T13:10:00,2026-03-17T15:30:00,
OTP,BCN,2026/3/17,202.04,A3,PT7H20M,2026-03-17T10:50:00,2026-03-17T12:25:00,
OTP,BCN,2026/3/17,202.04,A3,PT24H35M,2026-03-17T10:50:00,2026-03-17T12:25:00,
OTP,BCN,2026/3/17,206.08,LH,PT6H,2026-03-17T06:05:00,2026-03-17T07:15:00,
OTP,BCN,2026/3/17,206.08,LH,PT9H40M,2026-03-17T06:05:00,2026-03-17T07:15:00,
OTP,BCN,2026/3/17,206.08,LH,PT11H,2026-03-17T13:05:00,2026-03-17T14:15:00,
OTP,BCN,2026/3/18,76.32,H4,PT3H10M,2026-03-18T10:15:00,2026-03-18T12:25:00,
OTP,BCN,2026/3/18,121.06,AF,PT6H5M,2026-03-18T18:00:00,2026-03-18T20:00:00,
OTP,BCN,2026/3/18,121.06,AF,PT6H10M,2026-03-18T13:55:00,2026-03-18T15:55:00,
OTP,BCN,2026/3/18,121.06,AF,PT7H15M,2026-03-18T06:00:00,2026-03-18T08:00:00,
OTP,BCN,2026/3/18,121.06,AF,PT11H30M,2026-03-18T06:00:00,2026-03-18T08:00:00,
OTP,BCN,2026/3/18,121.06,AF,PT17H25M,2026-03-18T18:00:00,2026-03-18T20:00:00,
OTP,BCN,2026/3/18,129.05,AF,PT6H5M,2026-03-18T06:05:00,2026-03-18T08:25:00,
OTP,BCN,2026/3/18,129.05,AF,PT8H55M,2026-03-18T06:05:00,2026-03-18T08:25:00,
OTP,BCN,2026/3/18,133.83,JU,PT18H,2026-03-18T16:05:00,2026-03-18T16:15:00,
OTP,BCN,2026/3/18,138,QS,PT23H25M,2026-03-18T15:45:00,2026-03-18T16:45:00,
OTP,BCN,2026/3/18,153.83,JU,PT4H40M,2026-03-18T16:05:00,2026-03-18T16:15:00,
OTP,BCN,2026/3/18,177.05,AF,PT7H15M,2026-03-18T13:05:00,2026-03-18T15:15:00,
OTP,BCN,2026/3/18,177.05,AF,PT10H50M,2026-03-18T13:05:00,2026-03-18T15:15:00,
OTP,BCN,2026/3/18,192.97,HR,PT17H20M,2026-03-18T18:30:00,2026-03-18T20:20:00,
OTP,BCN,2026/3/18,196.06,AF,PT7H15M,2026-03-18T16:50:00,2026-03-18T18:55:00,
OTP,BCN,2026/3/19,108.06,AF,PT6H10M,2026-03-19T13:55:00,2026-03-19T15:55:00,
OTP,BCN,2026/3/19,108.06,AF,PT7H15M,2026-03-19T06:00:00,2026-03-19T08:00:00,
OTP,BCN,2026/3/19,108.06,AF,PT11H30M,2026-03-19T06:00:00,2026-03-19T08:00:00,
OTP,BCN,2026/3/19,133.83,JU,PT5H35M,2026-03-19T04:30:00,2026-03-19T05:00:00,
OTP,BCN,2026/3/19,133.83,JU,PT18H,2026-03-19T16:05:00,2026-03-19T16:15:00,
OTP,BCN,2026/3/19,138,QS,PT23H25M,2026-03-19T15:45:00,2026-03-19T16:45:00,
OTP,BCN,2026/3/19,152.06,AF,PT6H5M,2026-03-19T18:00:00,2026-03-19T20:00:00,
OTP,BCN,2026/3/19,152.06,AF,PT17H25M,2026-03-19T18:00:00,2026-03-19T20:00:00,
OTP,BCN,2026/3/19,159.05,AF,PT6H5M,2026-03-19T06:05:00,2026-03-19T08:25:00,
OTP,BCN,2026/3/19,159.05,AF,PT8H55M,2026-03-19T06:05:00,2026-03-19T08:25:00,
OTP,BCN,2026/3/19,183.06,AF,PT7H15M,2026-03-19T16:50:00,2026-03-19T18:55:00,
OTP,BCN,2026/3/19,183.06,AF,PT8H55M,2026-03-19T08:35:00,2026-03-19T10:40:00,
OTP,BCN,2026/3/19,183.06,AF,PT11H30M,2026-03-19T08:35:00,2026-03-19T10:40:00,
OTP,BCN,2026/3/19,183.06,AF,PT18H35M,2026-03-19T16:50:00,2026-03-19T18:55:00,
OTP,BCN,2026/3/19,198.05,AF,PT7H15M,2026-03-19T13:05:00,2026-03-19T15:15:00,
SOF,BCN,2026/2/18,124.45,PC,PT22H30M,2026-02-18T14:15:00,2026-02-18T16:30:00,
SOF,BCN,2026/2/18,129.68,JU,PT4H45M,2026-02-18T16:00:00,2026-02-18T16:10:00,
SOF,BCN,2026/2/18,129.68,JU,PT18H5M,2026-02-18T16:00:00,2026-02-18T16:10:00,
SOF,BCN,2026/2/18,188.02,IB,PT9H,2026-02-18T10:10:00,2026-02-18T13:05:00,
SOF,BCN,2026/2/18,197.89,A3,PT7H15M,2026-02-18T10:55:00,2026-02-18T12:10:00,
SOF,BCN,2026/2/18,197.89,A3,PT24H30M,2026-02-18T10:55:00,2026-02-18T12:10:00,
SOF,BCN,2026/2/18,200.67,TK,PT8H50M,2026-02-18T16:00:00,2026-02-18T18:30:00,
SOF,BCN,2026/2/18,200.67,TK,PT13H50M,2026-02-18T21:40:00,2026-02-19T00:15:00,
SOF,BCN,2026/2/18,200.67,TK,PT16H45M,2026-02-18T21:40:00,2026-02-19T00:15:00,
SOF,BCN,2026/2/18,200.67,TK,PT19H30M,2026-02-18T16:00:00,2026-02-18T18:30:00,
SOF,BCN,2026/2/18,210.67,TK,PT8H,2026-02-18T10:05:00,2026-02-18T12:35:00,
SOF,BCN,2026/2/18,210.67,TK,PT14H45M,2026-02-18T10:05:00,2026-02-18T12:35:00,
SOF,BCN,2026/2/18,218.91,AF,PT6H15M,2026-02-18T07:00:00,2026-02-18T09:00:00,
SOF,BCN,2026/2/18,218.91,AF,PT17H5M,2026-02-18T07:00:00,2026-02-18T09:00:00,
SOF,BCN,2026/2/18,225.32,LO,PT17H,2026-02-18T18:35:00,2026-02-18T19:35:00,
SOF,BCN,2026/2/19,107.68,JU,PT18H5M,2026-02-19T16:00:00,2026-02-19T16:10:00,
SOF,BCN,2026/2/19,129.68,JU,PT5H5M,2026-02-19T05:00:00,2026-02-19T05:10:00,
SOF,BCN,2026/2/19,197.89,A3,PT7H15M,2026-02-19T10:55:00,2026-02-19T12:10:00,
SOF,BCN,2026/2/19,197.89,A3,PT15H5M,2026-02-19T20:20:00,2026-02-19T21:35:00,
SOF,BCN,2026/2/19,197.89,A3,PT21H50M,2026-02-19T20:20:00,2026-02-19T21:35:00,
SOF,BCN,2026/2/19,200.67,TK,PT8H50M,2026-02-19T16:00:00,2026-02-19T18:30:00,
SOF,BCN,2026/2/19,200.67,TK,PT14H5M,2026-02-19T21:40:00,2026-02-20T00:15:00,
SOF,BCN,2026/2/19,200.67,TK,PT19H45M,2026-02-19T16:00:00,2026-02-19T18:30:00,
SOF,BCN,2026/2/19,200.67,TK,PT20H45M,2026-02-19T21:40:00,2026-02-20T00:15:00,
SOF,BCN,2026/2/19,210.67,TK,PT8H,2026-02-19T10:05:00,2026-02-19T12:35:00,
SOF,BCN,2026/2/19,210.67,TK,PT14H45M,2026-02-19T10:05:00,2026-02-19T12:35:00,
SOF,BCN,2026/2/19,218.91,AF,PT6H15M,2026-02-19T07:00:00,2026-02-19T09:00:00,
SOF,BCN,2026/2/19,218.91,AF,PT10H30M,2026-02-19T07:00:00,2026-02-19T09:00:00,
SOF,BCN,2026/2/19,225.32,LO,PT24H10M,2026-02-19T18:35:00,2026-02-19T19:35:00,
SOF,BCN,2026/2/19,225.32,LO,PT28H10M,2026-02-19T14:35:00,2026-02-19T15:35:00,
SOF,BCN,2026/2/20,107.68,JU,PT5H5M,2026-02-20T05:00:00,2026-02-20T05:10:00,
SOF,BCN,2026/2/20,129.68,JU,PT4H45M,2026-02-20T16:00:00,2026-02-20T16:10:00,
SOF,BCN,2026/2/20,129.68,JU,PT15H45M,2026-02-20T05:00:00,2026-02-20T05:10:00,
SOF,BCN,2026/2/20,129.68,JU,PT18H5M,2026-02-20T16:00:00,2026-02-20T16:10:00,
SOF,BCN,2026/2/20,188.02,IB,PT7H55M,2026-02-20T13:30:00,2026-02-20T16:20:00,
SOF,BCN,2026/2/20,188.02,IB,PT10H20M,2026-02-20T13:30:00,2026-02-20T16:20:00,
SOF,BCN,2026/2/20,195.32,LO,PT17H,2026-02-20T18:35:00,2026-02-20T19:35:00,
SOF,BCN,2026/2/20,197.89,A3,PT15H5M,2026-02-20T20:20:00,2026-02-20T21:35:00,
SOF,BCN,2026/2/20,197.89,A3,PT21H50M,2026-02-20T20:20:00,2026-02-20T21:35:00,
SOF,BCN,2026/2/20,200.32,LO,PT21H,2026-02-20T14:35:00,2026-02-20T15:35:00,
SOF,BCN,2026/2/20,200.67,TK,PT8H50M,2026-02-20T16:00:00,2026-02-20T18:30:00,
SOF,BCN,2026/2/20,200.67,TK,PT13H50M,2026-02-20T21:40:00,2026-02-21T00:15:00,
SOF,BCN,2026/2/20,200.67,TK,PT16H45M,2026-02-20T21:40:00,2026-02-21T00:15:00,
SOF,BCN,2026/2/20,200.67,TK,PT19H30M,2026-02-20T16:00:00,2026-02-20T18:30:00,
SOF,BCN,2026/2/20,210.67,TK,PT8H20M,2026-02-20T10:05:00,2026-02-20T12:35:00,
SOF,BCN,2026/2/21,129.68,JU,PT5H5M,2026-02-21T05:00:00,2026-02-21T05:10:00,
SOF,BCN,2026/2/21,197.89,A3,PT7H15M,2026-02-21T10:55:00,2026-02-21T12:10:00,
SOF,BCN,2026/2/21,197.89,A3,PT24H30M,2026-02-21T10:55:00,2026-02-21T12:10:00,
SOF,BCN,2026/2/21,200.32,LO,PT24H10M,2026-02-21T18:35:00,2026-02-21T19:35:00,
SOF,BCN,2026/2/21,200.32,LO,PT28H10M,2026-02-21T14:35:00,2026-02-21T15:35:00,
SOF,BCN,2026/2/21,200.67,TK,PT8H50M,2026-02-21T16:00:00,2026-02-21T18:30:00,
SOF,BCN,2026/2/21,200.67,TK,PT14H5M,2026-02-21T21:40:00,2026-02-22T00:15:00,
SOF,BCN,2026/2/21,200.67,TK,PT16H45M,2026-02-21T21:40:00,2026-02-22T00:15:00,
SOF,BCN,2026/2/21,200.67,TK,PT19H45M,2026-02-21T16:00:00,2026-02-21T18:30:00,
SOF,BCN,2026/2/21,210.67,TK,PT8H,2026-02-21T10:05:00,2026-02-21T12:35:00,
SOF,BCN,2026/2/21,210.67,TK,PT14H45M,2026-02-21T10:05:00,2026-02-21T12:35:00,
SOF,BCN,2026/2/21,218.91,AF,PT6H15M,2026-02-21T07:00:00,2026-02-21T09:00:00,
SOF,BCN,2026/2/21,218.91,AF,PT10H30M,2026-02-21T07:00:00,2026-02-21T09:00:00,
SOF,BCN,2026/2/21,259,A3,PT7H,2026-02-21T10:55:00,2026-02-21T12:10:00,
SOF,BCN,2026/2/21,291.91,FB,PT6H15M,2026-02-21T07:00:00,2026-02-21T09:00:00,
SOF,BCN,2026/2/22,129.68,JU,PT4H45M,2026-02-22T16:00:00,2026-02-22T16:10:00,
SOF,BCN,2026/2/22,129.68,JU,PT18H5M,2026-02-22T16:00:00,2026-02-22T16:10:00,
SOF,BCN,2026/2/22,197.89,A3,PT15H5M,2026-02-22T20:20:00,2026-02-22T21:35:00,
SOF,BCN,2026/2/22,197.89,A3,PT21H50M,2026-02-22T20:20:00,2026-02-22T21:35:00,
SOF,BCN,2026/2/22,200.32,LO,PT24H10M,2026-02-22T18:35:00,2026-02-22T19:35:00,
SOF,BCN,2026/2/22,200.32,LO,PT28H10M,2026-02-22T14:35:00,2026-02-22T15:35:00,
SOF,BCN,2026/2/22,200.67,TK,PT8H50M,2026-02-22T16:00:00,2026-02-22T18:30:00,
SOF,BCN,2026/2/22,200.67,TK,PT14H5M,2026-02-22T21:40:00,2026-02-23T00:15:00,
SOF,BCN,2026/2/22,200.67,TK,PT19H45M,2026-02-22T16:00:00,2026-02-22T18:30:00,
SOF,BCN,2026/2/22,200.67,TK,PT20H25M,2026-02-22T21:40:00,2026-02-23T00:15:00,
SOF,BCN,2026/2/22,201.91,AF,PT6H15M,2026-02-22T07:00:00,2026-02-22T09:00:00,
SOF,BCN,2026/2/22,201.91,AF,PT10H30M,2026-02-22T07:00:00,2026-02-22T09:00:00,
SOF,BCN,2026/2/22,258.67,TK,PT8H20M,2026-02-22T10:05:00,2026-02-22T12:35:00,
SOF,BCN,2026/2/22,258.67,TK,PT14H45M,2026-02-22T10:05:00,2026-02-22T12:35:00,
SOF,BCN,2026/2/22,291.91,FB,PT6H15M,2026-02-22T07:00:00,2026-02-22T09:00:00,
SOF,BCN,2026/2/23,107.68,JU,PT4H45M,2026-02-23T16:00:00,2026-02-23T16:10:00,
SOF,BCN,2026/2/23,107.68,JU,PT15H45M,2026-02-23T05:00:00,2026-02-23T05:10:00,
SOF,BCN,2026/2/23,129.68,JU,PT5H5M,2026-02-23T05:00:00,2026-02-23T05:10:00,
SOF,BCN,2026/2/23,149.68,JU,PT18H5M,2026-02-23T16:00:00,2026-02-23T16:10:00,
SOF,BCN,2026/2/23,197.89,A3,PT7H15M,2026-02-23T10:55:00,2026-02-23T12:10:00,
SOF,BCN,2026/2/23,197.89,A3,PT24H30M,2026-02-23T10:55:00,2026-02-23T12:10:00,
SOF,BCN,2026/2/23,200.32,LO,PT17H,2026-02-23T18:35:00,2026-02-23T19:35:00,
SOF,BCN,2026/2/23,200.32,LO,PT21H,2026-02-23T14:35:00,2026-02-23T15:35:00,
SOF,BCN,2026/2/23,200.67,TK,PT8H50M,2026-02-23T16:00:00,2026-02-23T18:30:00,
SOF,BCN,2026/2/23,200.67,TK,PT14H5M,2026-02-23T21:40:00,2026-02-24T00:15:00,
SOF,BCN,2026/2/23,200.67,TK,PT16H45M,2026-02-23T21:40:00,2026-02-24T00:15:00,
SOF,BCN,2026/2/23,200.67,TK,PT19H45M,2026-02-23T16:00:00,2026-02-23T18:30:00,
SOF,BCN,2026/2/23,201.91,AF,PT6H15M,2026-02-23T07:00:00,2026-02-23T09:00:00,
SOF,BCN,2026/2/23,201.91,AF,PT10H30M,2026-02-23T07:00:00,2026-02-23T09:00:00,
SOF,BCN,2026/2/23,210.67,TK,PT8H,2026-02-23T10:05:00,2026-02-23T12:35:00,
SOF,BCN,2026/2/24,149.68,JU,PT5H5M,2026-02-24T05:00:00,2026-02-24T05:10:00,
SOF,BCN,2026/2/24,197.89,A3,PT15H5M,2026-02-24T20:20:00,2026-02-24T21:35:00,
SOF,BCN,2026/2/24,200.67,TK,PT8H50M,2026-02-24T16:00:00,2026-02-24T18:30:00,
SOF,BCN,2026/2/24,200.67,TK,PT14H5M,2026-02-24T21:40:00,2026-02-25T00:15:00,
SOF,BCN,2026/2/24,200.67,TK,PT19H45M,2026-02-24T16:00:00,2026-02-24T18:30:00,
SOF,BCN,2026/2/24,200.67,TK,PT20H25M,2026-02-24T21:40:00,2026-02-25T00:15:00,
SOF,BCN,2026/2/24,201.91,AF,PT6H15M,2026-02-24T07:00:00,2026-02-24T09:00:00,
SOF,BCN,2026/2/24,201.91,AF,PT10H30M,2026-02-24T07:00:00,2026-02-24T09:00:00,
SOF,BCN,2026/2/24,210.67,TK,PT8H,2026-02-24T10:05:00,2026-02-24T12:35:00,
SOF,BCN,2026/2/24,210.67,TK,PT14H45M,2026-02-24T10:05:00,2026-02-24T12:35:00,
SOF,BCN,2026/2/24,225.32,LO,PT24H10M,2026-02-24T18:35:00,2026-02-24T19:35:00,
SOF,BCN,2026/2/24,225.32,LO,PT28H10M,2026-02-24T14:35:00,2026-02-24T15:35:00,
SOF,BCN,2026/2/24,244.89,A3,PT21H50M,2026-02-24T20:20:00,2026-02-24T21:35:00,
SOF,BCN,2026/2/24,291.91,FB,PT6H15M,2026-02-24T07:00:00,2026-02-24T09:00:00,
SOF,BCN,2026/2/24,291.91,FB,PT10H30M,2026-02-24T07:00:00,2026-02-24T09:00:00,
SOF,BCN,2026/2/25,98.91,PC,PT22H30M,2026-02-25T14:15:00,2026-02-25T16:30:00,
SOF,BCN,2026/2/25,129.68,JU,PT4H45M,2026-02-25T16:00:00,2026-02-25T16:10:00,
SOF,BCN,2026/2/25,129.68,JU,PT18H5M,2026-02-25T16:00:00,2026-02-25T16:10:00,
SOF,BCN,2026/2/25,180.32,LO,PT17H,2026-02-25T18:35:00,2026-02-25T19:35:00,
SOF,BCN,2026/2/25,180.32,LO,PT21H,2026-02-25T14:35:00,2026-02-25T15:35:00,
SOF,BCN,2026/2/25,197.89,A3,PT7H15M,2026-02-25T10:55:00,2026-02-25T12:10:00,
SOF,BCN,2026/2/25,197.89,A3,PT24H30M,2026-02-25T10:55:00,2026-02-25T12:10:00,
SOF,BCN,2026/2/25,200.67,TK,PT8H50M,2026-02-25T16:00:00,2026-02-25T18:30:00,
SOF,BCN,2026/2/25,200.67,TK,PT13H50M,2026-02-25T21:40:00,2026-02-26T00:15:00,
SOF,BCN,2026/2/25,200.67,TK,PT16H45M,2026-02-25T21:40:00,2026-02-26T00:15:00,
SOF,BCN,2026/2/25,200.67,TK,PT19H30M,2026-02-25T16:00:00,2026-02-25T18:30:00,
SOF,BCN,2026/2/25,201.91,AF,PT6H15M,2026-02-25T07:00:00,2026-02-25T09:00:00,
SOF,BCN,2026/2/25,201.91,AF,PT10H30M,2026-02-25T07:00:00,2026-02-25T09:00:00,
SOF,BCN,2026/2/25,210.67,TK,PT8H,2026-02-25T10:05:00,2026-02-25T12:35:00,
SOF,BCN,2026/2/25,210.67,TK,PT14H45M,2026-02-25T10:05:00,2026-02-25T12:35:00,
SOF,BCN,2026/2/26,99.68,JU,PT18H5M,2026-02-26T16:00:00,2026-02-26T16:10:00,
SOF,BCN,2026/2/26,129.68,JU,PT5H5M,2026-02-26T05:00:00,2026-02-26T05:10:00,
SOF,BCN,2026/2/26,180.32,LO,PT24H10M,2026-02-26T18:35:00,2026-02-26T19:35:00,
SOF,BCN,2026/2/26,180.32,LO,PT28H10M,2026-02-26T14:35:00,2026-02-26T15:35:00,
SOF,BCN,2026/2/26,197.89,A3,PT7H15M,2026-02-26T10:55:00,2026-02-26T12:10:00,
SOF,BCN,2026/2/26,197.89,A3,PT15H5M,2026-02-26T20:20:00,2026-02-26T21:35:00,
SOF,BCN,2026/2/26,197.89,A3,PT21H50M,2026-02-26T20:20:00,2026-02-26T21:35:00,
SOF,BCN,2026/2/26,200.67,TK,PT8H50M,2026-02-26T16:00:00,2026-02-26T18:30:00,
SOF,BCN,2026/2/26,200.67,TK,PT14H5M,2026-02-26T21:40:00,2026-02-27T00:15:00,
SOF,BCN,2026/2/26,200.67,TK,PT19H45M,2026-02-26T16:00:00,2026-02-26T18:30:00,
SOF,BCN,2026/2/26,200.67,TK,PT20H45M,2026-02-26T21:40:00,2026-02-27T00:15:00,
SOF,BCN,2026/2/26,201.91,AF,PT6H15M,2026-02-26T07:00:00,2026-02-26T09:00:00,
SOF,BCN,2026/2/26,201.91,AF,PT10H30M,2026-02-26T07:00:00,2026-02-26T09:00:00,
SOF,BCN,2026/2/26,210.67,TK,PT8H,2026-02-26T10:05:00,2026-02-26T12:35:00,
SOF,BCN,2026/2/26,210.67,TK,PT14H45M,2026-02-26T10:05:00,2026-02-26T12:35:00,
SOF,BCN,2026/2/27,99.68,JU,PT5H5M,2026-02-27T05:00:00,2026-02-27T05:10:00,
SOF,BCN,2026/2/27,129.68,JU,PT4H45M,2026-02-27T16:00:00,2026-02-27T16:10:00,
SOF,BCN,2026/2/27,129.68,JU,PT15H45M,2026-02-27T05:00:00,2026-02-27T05:10:00,
SOF,BCN,2026/2/27,129.68,JU,PT18H5M,2026-02-27T16:00:00,2026-02-27T16:10:00,
SOF,BCN,2026/2/27,180.32,LO,PT17H,2026-02-27T18:35:00,2026-02-27T19:35:00,
SOF,BCN,2026/2/27,180.32,LO,PT21H,2026-02-27T14:35:00,2026-02-27T15:35:00,
SOF,BCN,2026/2/27,188.02,IB,PT10H20M,2026-02-27T13:30:00,2026-02-27T16:20:00,
SOF,BCN,2026/2/27,190.91,AF,PT6H15M,2026-02-27T07:00:00,2026-02-27T09:00:00,
SOF,BCN,2026/2/27,190.91,AF,PT10H30M,2026-02-27T07:00:00,2026-02-27T09:00:00,
SOF,BCN,2026/2/27,197.89,A3,PT15H5M,2026-02-27T20:20:00,2026-02-27T21:35:00,
SOF,BCN,2026/2/27,197.89,A3,PT21H50M,2026-02-27T20:20:00,2026-02-27T21:35:00,
SOF,BCN,2026/2/27,200.67,TK,PT13H50M,2026-02-27T21:40:00,2026-02-28T00:15:00,
SOF,BCN,2026/2/27,200.67,TK,PT16H45M,2026-02-27T21:40:00,2026-02-28T00:15:00,
SOF,BCN,2026/2/27,200.67,TK,PT19H30M,2026-02-27T16:00:00,2026-02-27T18:30:00,
SOF,BCN,2026/2/27,210.67,TK,PT8H20M,2026-02-27T10:05:00,2026-02-27T12:35:00,
SOF,BCN,2026/2/28,129.68,JU,PT5H5M,2026-02-28T05:00:00,2026-02-28T05:10:00,
SOF,BCN,2026/2/28,180.32,LO,PT24H10M,2026-02-28T18:35:00,2026-02-28T19:35:00,
SOF,BCN,2026/2/28,180.32,LO,PT28H10M,2026-02-28T14:35:00,2026-02-28T15:35:00,
SOF,BCN,2026/2/28,190.91,AF,PT6H15M,2026-02-28T07:00:00,2026-02-28T09:00:00,
SOF,BCN,2026/2/28,190.91,AF,PT10H30M,2026-02-28T07:00:00,2026-02-28T09:00:00,
SOF,BCN,2026/2/28,197.89,A3,PT7H15M,2026-02-28T10:55:00,2026-02-28T12:10:00,
SOF,BCN,2026/2/28,197.89,A3,PT24H30M,2026-02-28T10:55:00,2026-02-28T12:10:00,
SOF,BCN,2026/2/28,200.67,TK,PT14H5M,2026-02-28T21:40:00,2026-03-01T00:15:00,
SOF,BCN,2026/2/28,200.67,TK,PT16H45M,2026-02-28T21:40:00,2026-03-01T00:15:00,
SOF,BCN,2026/2/28,210.67,TK,PT8H,2026-02-28T10:05:00,2026-02-28T12:35:00,
SOF,BCN,2026/2/28,210.67,TK,PT14H45M,2026-02-28T10:05:00,2026-02-28T12:35:00,
SOF,BCN,2026/2/28,223.73,PC,PT26H,2026-02-28T10:45:00,2026-02-28T13:00:00,
SOF,BCN,2026/2/28,259,A3,PT7H,2026-02-28T10:55:00,2026-02-28T12:10:00,
SOF,BCN,2026/2/28,271.93,LH,PT5H,2026-02-28T19:05:00,2026-02-28T20:15:00,
SOF,BCN,2026/2/28,271.93,LH,PT6H,2026-02-28T06:05:00,2026-02-28T07:15:00,
SOF,BCN,2026/3/1,99.68,JU,PT18H5M,2026-03-01T16:00:00,2026-03-01T16:10:00,
SOF,BCN,2026/3/1,122.45,PC,PT19H45M,2026-03-01T20:00:00,2026-03-01T22:15:00,
SOF,BCN,2026/3/1,129.68,JU,PT4H45M,2026-03-01T16:00:00,2026-03-01T16:10:00,
SOF,BCN,2026/3/1,163.73,PC,PT16H45M,2026-03-01T20:00:00,2026-03-01T22:15:00,
SOF,BCN,2026/3/1,190.91,AF,PT6H15M,2026-03-01T07:00:00,2026-03-01T09:00:00,
SOF,BCN,2026/3/1,190.91,AF,PT10H30M,2026-03-01T07:00:00,2026-03-01T09:00:00,
SOF,BCN,2026/3/1,197.89,A3,PT15H5M,2026-03-01T20:20:00,2026-03-01T21:35:00,
SOF,BCN,2026/3/1,197.89,A3,PT21H50M,2026-03-01T20:20:00,2026-03-01T21:35:00,
SOF,BCN,2026/3/1,200.67,TK,PT8H50M,2026-03-01T16:00:00,2026-03-01T18:30:00,
SOF,BCN,2026/3/1,200.67,TK,PT14H5M,2026-03-01T21:40:00,2026-03-02T00:15:00,
SOF,BCN,2026/3/1,200.67,TK,PT19H45M,2026-03-01T16:00:00,2026-03-01T18:30:00,
SOF,BCN,2026/3/1,200.67,TK,PT20H25M,2026-03-01T21:40:00,2026-03-02T00:15:00,
SOF,BCN,2026/3/1,210.67,TK,PT8H20M,2026-03-01T10:05:00,2026-03-01T12:35:00,
SOF,BCN,2026/3/1,210.67,TK,PT14H45M,2026-03-01T10:05:00,2026-03-01T12:35:00,
SOF,BCN,2026/3/1,271.93,LH,PT5H,2026-03-01T19:05:00,2026-03-01T20:15:00,
SOF,BCN,2026/3/2,98.91,PC,PT27H15M,2026-03-02T09:30:00,2026-03-02T11:45:00,
SOF,BCN,2026/3/2,99.68,JU,PT5H5M,2026-03-02T05:00:00,2026-03-02T05:10:00,
SOF,BCN,2026/3/2,129.68,JU,PT4H45M,2026-03-02T16:00:00,2026-03-02T16:10:00,
SOF,BCN,2026/3/2,129.68,JU,PT15H45M,2026-03-02T05:00:00,2026-03-02T05:10:00,
SOF,BCN,2026/3/2,149.68,JU,PT18H5M,2026-03-02T16:00:00,2026-03-02T16:10:00,
SOF,BCN,2026/3/2,180.32,LO,PT17H,2026-03-02T18:35:00,2026-03-02T19:35:00,
SOF,BCN,2026/3/2,180.32,LO,PT21H,2026-03-02T14:35:00,2026-03-02T15:35:00,
SOF,BCN,2026/3/2,190.91,AF,PT6H15M,2026-03-02T07:00:00,2026-03-02T09:00:00,
SOF,BCN,2026/3/2,190.91,AF,PT10H30M,2026-03-02T07:00:00,2026-03-02T09:00:00,
SOF,BCN,2026/3/2,197.89,A3,PT7H15M,2026-03-02T10:55:00,2026-03-02T12:10:00,
SOF,BCN,2026/3/2,197.89,A3,PT24H30M,2026-03-02T10:55:00,2026-03-02T12:10:00,
SOF,BCN,2026/3/2,200.67,TK,PT8H50M,2026-03-02T16:00:00,2026-03-02T18:30:00,
SOF,BCN,2026/3/2,200.67,TK,PT19H45M,2026-03-02T16:00:00,2026-03-02T18:30:00,
SOF,BCN,2026/3/2,200.67,TK,PT14H5M,2026-03-02T21:40:00,2026-03-03T00:15:00,
SOF,BCN,2026/3/2,200.67,TK,PT16H45M,2026-03-02T21:40:00,2026-03-03T00:15:00,
SOF,BCN,2026/3/3,98.91,PC,PT26H45M,2026-03-03T13:00:00,2026-03-03T15:15:00,
SOF,BCN,2026/3/3,160.32,LO,PT24H10M,2026-03-03T18:35:00,2026-03-03T19:35:00,
SOF,BCN,2026/3/3,160.32,LO,PT28H10M,2026-03-03T14:35:00,2026-03-03T15:35:00,
SOF,BCN,2026/3/3,179.68,JU,PT5H5M,2026-03-03T05:00:00,2026-03-03T05:10:00,
SOF,BCN,2026/3/3,190.91,AF,PT6H15M,2026-03-03T07:00:00,2026-03-03T09:00:00,
SOF,BCN,2026/3/3,190.91,AF,PT10H30M,2026-03-03T07:00:00,2026-03-03T09:00:00,
SOF,BCN,2026/3/3,197.89,A3,PT15H5M,2026-03-03T20:20:00,2026-03-03T21:35:00,
SOF,BCN,2026/3/3,197.89,A3,PT21H50M,2026-03-03T20:20:00,2026-03-03T21:35:00,
SOF,BCN,2026/3/3,200.67,TK,PT8H50M,2026-03-03T16:00:00,2026-03-03T18:30:00,
SOF,BCN,2026/3/3,200.67,TK,PT14H5M,2026-03-03T21:40:00,2026-03-04T00:15:00,
SOF,BCN,2026/3/3,200.67,TK,PT19H45M,2026-03-03T16:00:00,2026-03-03T18:30:00,
SOF,BCN,2026/3/3,200.67,TK,PT20H25M,2026-03-03T21:40:00,2026-03-04T00:15:00,
SOF,BCN,2026/3/3,210.67,TK,PT8H,2026-03-03T10:05:00,2026-03-03T12:35:00,
SOF,BCN,2026/3/3,210.67,TK,PT14H45M,2026-03-03T10:05:00,2026-03-03T12:35:00,
SOF,BCN,2026/3/3,223.73,PC,PT23H45M,2026-03-03T13:00:00,2026-03-03T15:15:00,
SOF,BCN,2026/3/4,98.91,PC,PT22H30M,2026-03-04T14:15:00,2026-03-04T16:30:00,
SOF,BCN,2026/3/4,129.68,JU,PT18H5M,2026-03-04T16:00:00,2026-03-04T16:10:00,
SOF,BCN,2026/3/4,160.32,LO,PT17H,2026-03-04T18:35:00,2026-03-04T19:35:00,
SOF,BCN,2026/3/4,160.32,LO,PT21H,2026-03-04T14:35:00,2026-03-04T15:35:00,
SOF,BCN,2026/3/4,179.68,JU,PT4H45M,2026-03-04T16:00:00,2026-03-04T16:10:00,
SOF,BCN,2026/3/4,188.74,IB,PT8H,2026-03-04T10:10:00,2026-03-04T13:05:00,
SOF,BCN,2026/3/4,190.91,AF,PT6H15M,2026-03-04T07:00:00,2026-03-04T09:00:00,
SOF,BCN,2026/3/4,190.91,AF,PT10H30M,2026-03-04T07:00:00,2026-03-04T09:00:00,
SOF,BCN,2026/3/4,197.89,A3,PT7H15M,2026-03-04T10:55:00,2026-03-04T12:10:00,
SOF,BCN,2026/3/4,197.89,A3,PT24H30M,2026-03-04T10:55:00,2026-03-04T12:10:00,
SOF,BCN,2026/3/4,200.67,TK,PT8H50M,2026-03-04T16:00:00,2026-03-04T18:30:00,
SOF,BCN,2026/3/4,200.67,TK,PT13H50M,2026-03-04T21:40:00,2026-03-05T00:15:00,
SOF,BCN,2026/3/4,200.67,TK,PT16H45M,2026-03-04T21:40:00,2026-03-05T00:15:00,
SOF,BCN,2026/3/4,200.67,TK,PT19H30M,2026-03-04T16:00:00,2026-03-04T18:30:00,
SOF,BCN,2026/3/4,210.67,TK,PT8H,2026-03-04T10:05:00,2026-03-04T12:35:00,
SOF,BCN,2026/3/5,98.91,PC,PT23H40M,2026-03-05T13:05:00,2026-03-05T15:20:00,
SOF,BCN,2026/3/5,98.91,PC,PT26H40M,2026-03-05T13:05:00,2026-03-05T15:20:00,
SOF,BCN,2026/3/5,129.68,JU,PT5H5M,2026-03-05T05:00:00,2026-03-05T05:10:00,
SOF,BCN,2026/3/5,129.68,JU,PT18H5M,2026-03-05T16:00:00,2026-03-05T16:10:00,
SOF,BCN,2026/3/5,160.32,LO,PT24H10M,2026-03-05T18:35:00,2026-03-05T19:35:00,
SOF,BCN,2026/3/5,160.32,LO,PT28H10M,2026-03-05T14:35:00,2026-03-05T15:35:00,
SOF,BCN,2026/3/5,190.91,AF,PT6H15M,2026-03-05T07:00:00,2026-03-05T09:00:00,
SOF,BCN,2026/3/5,190.91,AF,PT10H30M,2026-03-05T07:00:00,2026-03-05T09:00:00,
SOF,BCN,2026/3/5,197.89,A3,PT7H15M,2026-03-05T10:55:00,2026-03-05T12:10:00,
SOF,BCN,2026/3/5,197.89,A3,PT15H5M,2026-03-05T20:20:00,2026-03-05T21:35:00,
SOF,BCN,2026/3/5,197.89,A3,PT21H50M,2026-03-05T20:20:00,2026-03-05T21:35:00,
SOF,BCN,2026/3/5,200.67,TK,PT8H50M,2026-03-05T16:00:00,2026-03-05T18:30:00,
SOF,BCN,2026/3/5,200.67,TK,PT14H5M,2026-03-05T21:40:00,2026-03-06T00:15:00,
SOF,BCN,2026/3/5,200.67,TK,PT19H45M,2026-03-05T16:00:00,2026-03-05T18:30:00,
SOF,BCN,2026/3/5,200.67,TK,PT20H45M,2026-03-05T21:40:00,2026-03-06T00:15:00,
SOF,BCN,2026/3/6,129.68,JU,PT4H45M,2026-03-06T16:00:00,2026-03-06T16:10:00,
SOF,BCN,2026/3/6,129.68,JU,PT5H5M,2026-03-06T05:00:00,2026-03-06T05:10:00,
SOF,BCN,2026/3/6,129.68,JU,PT15H45M,2026-03-06T05:00:00,2026-03-06T05:10:00,
SOF,BCN,2026/3/6,129.68,JU,PT18H5M,2026-03-06T16:00:00,2026-03-06T16:10:00,
SOF,BCN,2026/3/6,160.32,LO,PT17H,2026-03-06T18:35:00,2026-03-06T19:35:00,
SOF,BCN,2026/3/6,160.32,LO,PT21H,2026-03-06T14:35:00,2026-03-06T15:35:00,
SOF,BCN,2026/3/6,163.73,PC,PT22H30M,2026-03-06T14:15:00,2026-03-06T16:30:00,
SOF,BCN,2026/3/6,190.91,AF,PT6H15M,2026-03-06T07:00:00,2026-03-06T09:00:00,
SOF,BCN,2026/3/6,190.91,AF,PT10H30M,2026-03-06T07:00:00,2026-03-06T09:00:00,
SOF,BCN,2026/3/6,197.89,A3,PT15H5M,2026-03-06T20:20:00,2026-03-06T21:35:00,
SOF,BCN,2026/3/6,197.89,A3,PT21H50M,2026-03-06T20:20:00,2026-03-06T21:35:00,
SOF,BCN,2026/3/6,199.74,IB,PT7H55M,2026-03-06T13:30:00,2026-03-06T16:20:00,
SOF,BCN,2026/3/6,199.74,IB,PT10H20M,2026-03-06T13:30:00,2026-03-06T16:20:00,
SOF,BCN,2026/3/6,200.67,TK,PT8H50M,2026-03-06T16:00:00,2026-03-06T18:30:00,
SOF,BCN,2026/3/6,200.67,TK,PT13H50M,2026-03-06T21:40:00,2026-03-07T00:15:00,
SOF,BCN,2026/3/7,129.68,JU,PT5H5M,2026-03-07T05:00:00,2026-03-07T05:10:00,
SOF,BCN,2026/3/7,160.32,LO,PT24H10M,2026-03-07T18:35:00,2026-03-07T19:35:00,
SOF,BCN,2026/3/7,160.32,LO,PT28H10M,2026-03-07T14:35:00,2026-03-07T15:35:00,
SOF,BCN,2026/3/7,163.73,PC,PT26H,2026-03-07T10:45:00,2026-03-07T13:00:00,
SOF,BCN,2026/3/7,190.91,AF,PT6H15M,2026-03-07T07:00:00,2026-03-07T09:00:00,
SOF,BCN,2026/3/7,190.91,AF,PT10H30M,2026-03-07T07:00:00,2026-03-07T09:00:00,
SOF,BCN,2026/3/7,197.89,A3,PT7H15M,2026-03-07T10:55:00,2026-03-07T12:10:00,
SOF,BCN,2026/3/7,197.89,A3,PT24H30M,2026-03-07T10:55:00,2026-03-07T12:10:00,
SOF,BCN,2026/3/7,200.67,TK,PT8H50M,2026-03-07T16:00:00,2026-03-07T18:30:00,
SOF,BCN,2026/3/7,200.67,TK,PT14H5M,2026-03-07T21:40:00,2026-03-08T00:15:00,
SOF,BCN,2026/3/7,200.67,TK,PT16H45M,2026-03-07T21:40:00,2026-03-08T00:15:00,
SOF,BCN,2026/3/7,200.67,TK,PT19H45M,2026-03-07T16:00:00,2026-03-07T18:30:00,
SOF,BCN,2026/3/7,210.67,TK,PT8H,2026-03-07T10:05:00,2026-03-07T12:35:00,
SOF,BCN,2026/3/7,210.67,TK,PT14H45M,2026-03-07T10:05:00,2026-03-07T12:35:00,
SOF,BCN,2026/3/7,213.8,AZ,PT4H50M,2026-03-07T07:00:00,2026-03-07T07:55:00,
SOF,BCN,2026/3/8,122.45,PC,PT19H45M,2026-03-08T20:00:00,2026-03-08T22:15:00,
SOF,BCN,2026/3/8,129.68,JU,PT4H45M,2026-03-08T16:00:00,2026-03-08T16:10:00,
SOF,BCN,2026/3/8,129.68,JU,PT18H5M,2026-03-08T16:00:00,2026-03-08T16:10:00,
SOF,BCN,2026/3/8,188.74,IB,PT6H25M,2026-03-08T15:00:00,2026-03-08T17:55:00,
SOF,BCN,2026/3/8,190.91,AF,PT6H15M,2026-03-08T07:00:00,2026-03-08T09:00:00,
SOF,BCN,2026/3/8,190.91,AF,PT10H30M,2026-03-08T07:00:00,2026-03-08T09:00:00,
SOF,BCN,2026/3/8,197.89,A3,PT15H5M,2026-03-08T20:20:00,2026-03-08T21:35:00,
SOF,BCN,2026/3/8,197.89,A3,PT21H50M,2026-03-08T20:20:00,2026-03-08T21:35:00,
SOF,BCN,2026/3/8,200.67,TK,PT8H50M,2026-03-08T16:00:00,2026-03-08T18:30:00,
SOF,BCN,2026/3/8,200.67,TK,PT14H5M,2026-03-08T21:40:00,2026-03-09T00:15:00,
SOF,BCN,2026/3/8,200.67,TK,PT19H45M,2026-03-08T16:00:00,2026-03-08T18:30:00,
SOF,BCN,2026/3/8,200.67,TK,PT20H25M,2026-03-08T21:40:00,2026-03-09T00:15:00,
SOF,BCN,2026/3/8,210.67,TK,PT8H20M,2026-03-08T10:05:00,2026-03-08T12:35:00,
SOF,BCN,2026/3/8,210.67,TK,PT14H45M,2026-03-08T10:05:00,2026-03-08T12:35:00,
SOF,BCN,2026/3/8,223.73,PC,PT16H45M,2026-03-08T20:00:00,2026-03-08T22:15:00,
SOF,BCN,2026/3/9,98.91,PC,PT27H15M,2026-03-09T09:30:00,2026-03-09T11:45:00,
SOF,BCN,2026/3/9,129.68,JU,PT4H45M,2026-03-09T16:00:00,2026-03-09T16:10:00,
SOF,BCN,2026/3/9,129.68,JU,PT5H5M,2026-03-09T05:00:00,2026-03-09T05:10:00,
SOF,BCN,2026/3/9,129.68,JU,PT15H45M,2026-03-09T05:00:00,2026-03-09T05:10:00,
SOF,BCN,2026/3/9,160.32,LO,PT17H,2026-03-09T18:35:00,2026-03-09T19:35:00,
SOF,BCN,2026/3/9,160.32,LO,PT21H,2026-03-09T14:35:00,2026-03-09T15:35:00,
SOF,BCN,2026/3/9,179.68,JU,PT18H5M,2026-03-09T16:00:00,2026-03-09T16:10:00,
SOF,BCN,2026/3/9,188.74,IB,PT8H,2026-03-09T10:10:00,2026-03-09T13:05:00,
SOF,BCN,2026/3/9,190.91,AF,PT6H15M,2026-03-09T07:00:00,2026-03-09T09:00:00,
SOF,BCN,2026/3/9,190.91,AF,PT10H30M,2026-03-09T07:00:00,2026-03-09T09:00:00,
SOF,BCN,2026/3/9,197.89,A3,PT7H15M,2026-03-09T10:55:00,2026-03-09T12:10:00,
SOF,BCN,2026/3/9,197.89,A3,PT24H30M,2026-03-09T10:55:00,2026-03-09T12:10:00,
SOF,BCN,2026/3/9,200.67,TK,PT8H50M,2026-03-09T16:00:00,2026-03-09T18:30:00,
SOF,BCN,2026/3/9,200.67,TK,PT14H5M,2026-03-09T21:40:00,2026-03-10T00:15:00,
SOF,BCN,2026/3/9,200.67,TK,PT16H45M,2026-03-09T21:40:00,2026-03-10T00:15:00,
SOF,BCN,2026/3/10,98.91,PC,PT23H45M,2026-03-10T13:00:00,2026-03-10T15:15:00,
SOF,BCN,2026/3/10,98.91,PC,PT26H45M,2026-03-10T13:00:00,2026-03-10T15:15:00,
SOF,BCN,2026/3/10,160.32,LO,PT24H10M,2026-03-10T18:35:00,2026-03-10T19:35:00,
SOF,BCN,2026/3/10,160.32,LO,PT28H10M,2026-03-10T14:35:00,2026-03-10T15:35:00,
SOF,BCN,2026/3/10,179.68,JU,PT5H5M,2026-03-10T05:00:00,2026-03-10T05:10:00,
SOF,BCN,2026/3/10,190.91,AF,PT6H15M,2026-03-10T07:00:00,2026-03-10T09:00:00,
SOF,BCN,2026/3/10,190.91,AF,PT10H30M,2026-03-10T07:00:00,2026-03-10T09:00:00,
SOF,BCN,2026/3/10,197.89,A3,PT21H50M,2026-03-10T20:20:00,2026-03-10T21:35:00,
SOF,BCN,2026/3/10,200.67,TK,PT8H50M,2026-03-10T16:00:00,2026-03-10T18:30:00,
SOF,BCN,2026/3/10,200.67,TK,PT20H25M,2026-03-10T21:40:00,2026-03-11T00:15:00,
SOF,BCN,2026/3/10,200.67,TK,PT14H5M,2026-03-10T21:40:00,2026-03-11T00:15:00,
SOF,BCN,2026/3/10,213.8,AZ,PT4H45M,2026-03-10T07:05:00,2026-03-10T07:55:00,
SOF,BCN,2026/3/10,213.8,AZ,PT9H50M,2026-03-10T07:05:00,2026-03-10T07:55:00,
SOF,BCN,2026/3/10,215.93,LH,PT5H,2026-03-10T19:05:00,2026-03-10T20:15:00,
SOF,BCN,2026/3/10,215.93,LH,PT6H,2026-03-10T06:05:00,2026-03-10T07:15:00,
SOF,BCN,2026/3/11,98.91,PC,PT22H30M,2026-03-11T14:15:00,2026-03-11T16:30:00,
SOF,BCN,2026/3/11,149.68,JU,PT18H5M,2026-03-11T16:00:00,2026-03-11T16:10:00,
SOF,BCN,2026/3/11,160.32,LO,PT17H,2026-03-11T18:35:00,2026-03-11T19:35:00,
SOF,BCN,2026/3/11,160.32,LO,PT21H,2026-03-11T14:35:00,2026-03-11T15:35:00,
SOF,BCN,2026/3/11,179.68,JU,PT4H45M,2026-03-11T16:00:00,2026-03-11T16:10:00,
SOF,BCN,2026/3/11,190.91,AF,PT6H15M,2026-03-11T07:00:00,2026-03-11T09:00:00,
SOF,BCN,2026/3/11,190.91,AF,PT10H30M,2026-03-11T07:00:00,2026-03-11T09:00:00,
SOF,BCN,2026/3/11,197.89,A3,PT7H15M,2026-03-11T10:55:00,2026-03-11T12:10:00,
SOF,BCN,2026/3/11,197.89,A3,PT24H30M,2026-03-11T10:55:00,2026-03-11T12:10:00,
SOF,BCN,2026/3/11,200.67,TK,PT8H50M,2026-03-11T16:00:00,2026-03-11T18:30:00,
SOF,BCN,2026/3/11,200.67,TK,PT13H50M,2026-03-11T21:40:00,2026-03-12T00:15:00,
SOF,BCN,2026/3/11,200.67,TK,PT16H45M,2026-03-11T21:40:00,2026-03-12T00:15:00,
SOF,BCN,2026/3/11,200.67,TK,PT19H30M,2026-03-11T16:00:00,2026-03-11T18:30:00,
SOF,BCN,2026/3/11,210.67,TK,PT8H,2026-03-11T10:05:00,2026-03-11T12:35:00,
SOF,BCN,2026/3/11,210.67,TK,PT14H45M,2026-03-11T10:05:00,2026-03-11T12:35:00,
SOF,BCN,2026/3/12,98.91,PC,PT23H40M,2026-03-12T13:05:00,2026-03-12T15:20:00,
SOF,BCN,2026/3/12,129.68,JU,PT18H5M,2026-03-12T16:00:00,2026-03-12T16:10:00,
SOF,BCN,2026/3/12,149.68,JU,PT5H5M,2026-03-12T05:00:00,2026-03-12T05:10:00,
SOF,BCN,2026/3/12,160.32,LO,PT24H10M,2026-03-12T18:35:00,2026-03-12T19:35:00,
SOF,BCN,2026/3/12,160.32,LO,PT28H10M,2026-03-12T14:35:00,2026-03-12T15:35:00,
SOF,BCN,2026/3/12,190.91,AF,PT6H15M,2026-03-12T07:00:00,2026-03-12T09:00:00,
SOF,BCN,2026/3/12,190.91,AF,PT10H30M,2026-03-12T07:00:00,2026-03-12T09:00:00,
SOF,BCN,2026/3/12,197.89,A3,PT7H15M,2026-03-12T10:55:00,2026-03-12T12:10:00,
SOF,BCN,2026/3/12,197.89,A3,PT15H5M,2026-03-12T20:20:00,2026-03-12T21:35:00,
SOF,BCN,2026/3/12,197.89,A3,PT21H50M,2026-03-12T20:20:00,2026-03-12T21:35:00,
SOF,BCN,2026/3/12,200.67,TK,PT8H50M,2026-03-12T16:00:00,2026-03-12T18:30:00,
SOF,BCN,2026/3/12,200.67,TK,PT14H5M,2026-03-12T21:40:00,2026-03-13T00:15:00,
SOF,BCN,2026/3/12,200.67,TK,PT19H45M,2026-03-12T16:00:00,2026-03-12T18:30:00,
SOF,BCN,2026/3/12,200.67,TK,PT20H45M,2026-03-12T21:40:00,2026-03-13T00:15:00,
SOF,BCN,2026/3/12,210.67,TK,PT8H,2026-03-12T10:05:00,2026-03-12T12:35:00,
SOF,BCN,2026/3/13,129.68,JU,PT4H45M,2026-03-13T16:00:00,2026-03-13T16:10:00,
SOF,BCN,2026/3/13,129.68,JU,PT5H5M,2026-03-13T05:00:00,2026-03-13T05:10:00,
SOF,BCN,2026/3/13,129.68,JU,PT15H45M,2026-03-13T05:00:00,2026-03-13T05:10:00,
SOF,BCN,2026/3/13,129.68,JU,PT18H5M,2026-03-13T16:00:00,2026-03-13T16:10:00,
SOF,BCN,2026/3/13,160.32,LO,PT17H,2026-03-13T18:35:00,2026-03-13T19:35:00,
SOF,BCN,2026/3/13,160.32,LO,PT21H,2026-03-13T14:35:00,2026-03-13T15:35:00,
SOF,BCN,2026/3/13,188.74,IB,PT10H20M,2026-03-13T13:30:00,2026-03-13T16:20:00,
SOF,BCN,2026/3/13,190.91,AF,PT6H15M,2026-03-13T07:00:00,2026-03-13T09:00:00,
SOF,BCN,2026/3/13,190.91,AF,PT10H30M,2026-03-13T07:00:00,2026-03-13T09:00:00,
SOF,BCN,2026/3/13,197.89,A3,PT15H5M,2026-03-13T20:20:00,2026-03-13T21:35:00,
SOF,BCN,2026/3/13,197.89,A3,PT21H50M,2026-03-13T20:20:00,2026-03-13T21:35:00,
SOF,BCN,2026/3/13,200.67,TK,PT8H50M,2026-03-13T16:00:00,2026-03-13T18:30:00,
SOF,BCN,2026/3/13,200.67,TK,PT16H45M,2026-03-13T21:40:00,2026-03-14T00:15:00,
SOF,BCN,2026/3/13,215.93,LH,PT6H,2026-03-13T06:05:00,2026-03-13T07:15:00,
SOF,BCN,2026/3/13,215.93,LH,PT9H40M,2026-03-13T06:05:00,2026-03-13T07:15:00,
SOF,BCN,2026/3/14,129.68,JU,PT5H5M,2026-03-14T05:00:00,2026-03-14T05:10:00,
SOF,BCN,2026/3/14,160.32,LO,PT24H10M,2026-03-14T18:35:00,2026-03-14T19:35:00,
SOF,BCN,2026/3/14,160.32,LO,PT28H10M,2026-03-14T14:35:00,2026-03-14T15:35:00,
SOF,BCN,2026/3/14,190.91,AF,PT6H15M,2026-03-14T07:00:00,2026-03-14T09:00:00,
SOF,BCN,2026/3/14,190.91,AF,PT10H30M,2026-03-14T07:00:00,2026-03-14T09:00:00,
SOF,BCN,2026/3/14,197.89,A3,PT7H15M,2026-03-14T10:55:00,2026-03-14T12:10:00,
SOF,BCN,2026/3/14,197.89,A3,PT24H30M,2026-03-14T10:55:00,2026-03-14T12:10:00,
SOF,BCN,2026/3/14,200.67,TK,PT8H50M,2026-03-14T16:00:00,2026-03-14T18:30:00,
SOF,BCN,2026/3/14,200.67,TK,PT19H45M,2026-03-14T16:00:00,2026-03-14T18:30:00,
SOF,BCN,2026/3/14,210.67,TK,PT8H,2026-03-14T10:05:00,2026-03-14T12:35:00,
SOF,BCN,2026/3/14,210.67,TK,PT14H45M,2026-03-14T10:05:00,2026-03-14T12:35:00,
SOF,BCN,2026/3/14,215.93,LH,PT5H,2026-03-14T19:05:00,2026-03-14T20:15:00,
SOF,BCN,2026/3/14,215.93,LH,PT6H,2026-03-14T06:05:00,2026-03-14T07:15:00,
SOF,BCN,2026/3/14,215.93,LH,PT9H40M,2026-03-14T06:05:00,2026-03-14T07:15:00,
SOF,BCN,2026/3/14,215.93,LH,PT10H5M,2026-03-14T14:00:00,2026-03-14T15:10:00,
SOF,BCN,2026/3/15,129.68,JU,PT4H45M,2026-03-15T16:00:00,2026-03-15T16:10:00,
SOF,BCN,2026/3/15,129.68,JU,PT18H5M,2026-03-15T16:00:00,2026-03-15T16:10:00,
SOF,BCN,2026/3/15,160.32,LO,PT24H10M,2026-03-15T18:35:00,2026-03-15T19:35:00,
SOF,BCN,2026/3/15,160.32,LO,PT28H10M,2026-03-15T14:35:00,2026-03-15T15:35:00,
SOF,BCN,2026/3/15,190.91,AF,PT6H15M,2026-03-15T07:00:00,2026-03-15T09:00:00,
SOF,BCN,2026/3/15,190.91,AF,PT10H30M,2026-03-15T07:00:00,2026-03-15T09:00:00,
SOF,BCN,2026/3/15,197.89,A3,PT15H5M,2026-03-15T20:20:00,2026-03-15T21:35:00,
SOF,BCN,2026/3/15,197.89,A3,PT21H50M,2026-03-15T20:20:00,2026-03-15T21:35:00,
SOF,BCN,2026/3/15,200.67,TK,PT8H50M,2026-03-15T16:00:00,2026-03-15T18:30:00,
SOF,BCN,2026/3/15,200.67,TK,PT14H5M,2026-03-15T21:40:00,2026-03-16T00:15:00,
SOF,BCN,2026/3/15,200.67,TK,PT19H45M,2026-03-15T16:00:00,2026-03-15T18:30:00,
SOF,BCN,2026/3/15,200.67,TK,PT20H25M,2026-03-15T21:40:00,2026-03-16T00:15:00,
SOF,BCN,2026/3/15,215.93,LH,PT5H,2026-03-15T19:05:00,2026-03-15T20:15:00,
SOF,BCN,2026/3/15,215.93,LH,PT6H,2026-03-15T06:05:00,2026-03-15T07:15:00,
SOF,BCN,2026/3/15,215.93,LH,PT9H40M,2026-03-15T06:05:00,2026-03-15T07:15:00,
SOF,BCN,2026/3/16,94.68,JU,PT4H45M,2026-03-16T16:00:00,2026-03-16T16:10:00,
SOF,BCN,2026/3/16,94.68,JU,PT15H45M,2026-03-16T05:00:00,2026-03-16T05:10:00,
SOF,BCN,2026/3/16,129.68,JU,PT5H5M,2026-03-16T05:00:00,2026-03-16T05:10:00,
SOF,BCN,2026/3/16,160.32,LO,PT17H,2026-03-16T18:35:00,2026-03-16T19:35:00,
SOF,BCN,2026/3/16,160.32,LO,PT21H,2026-03-16T14:35:00,2026-03-16T15:35:00,
SOF,BCN,2026/3/16,179.68,JU,PT18H5M,2026-03-16T16:00:00,2026-03-16T16:10:00,
SOF,BCN,2026/3/16,190.91,AF,PT6H15M,2026-03-16T07:00:00,2026-03-16T09:00:00,
SOF,BCN,2026/3/16,190.91,AF,PT10H30M,2026-03-16T07:00:00,2026-03-16T09:00:00,
SOF,BCN,2026/3/16,197.89,A3,PT7H15M,2026-03-16T10:55:00,2026-03-16T12:10:00,
SOF,BCN,2026/3/16,197.89,A3,PT24H30M,2026-03-16T10:55:00,2026-03-16T12:10:00,
SOF,BCN,2026/3/16,200.67,TK,PT8H50M,2026-03-16T16:00:00,2026-03-16T18:30:00,
SOF,BCN,2026/3/16,200.67,TK,PT14H5M,2026-03-16T21:40:00,2026-03-17T00:15:00,
SOF,BCN,2026/3/16,200.67,TK,PT16H45M,2026-03-16T21:40:00,2026-03-17T00:15:00,
SOF,BCN,2026/3/16,200.67,TK,PT19H45M,2026-03-16T16:00:00,2026-03-16T18:30:00,
SOF,BCN,2026/3/16,210.67,TK,PT8H,2026-03-16T10:05:00,2026-03-16T12:35:00,
SOF,BCN,2026/3/17,160.32,LO,PT24H10M,2026-03-17T18:35:00,2026-03-17T19:35:00,
SOF,BCN,2026/3/17,160.32,LO,PT28H10M,2026-03-17T14:35:00,2026-03-17T15:35:00,
SOF,BCN,2026/3/17,179.68,JU,PT5H5M,2026-03-17T05:00:00,2026-03-17T05:10:00,
SOF,BCN,2026/3/17,190.91,AF,PT6H15M,2026-03-17T07:00:00,2026-03-17T09:00:00,
SOF,BCN,2026/3/17,190.91,AF,PT10H30M,2026-03-17T07:00:00,2026-03-17T09:00:00,
SOF,BCN,2026/3/17,197.89,A3,PT15H5M,2026-03-17T20:20:00,2026-03-17T21:35:00,
SOF,BCN,2026/3/17,197.89,A3,PT21H50M,2026-03-17T20:20:00,2026-03-17T21:35:00,
SOF,BCN,2026/3/17,200.67,TK,PT8H50M,2026-03-17T16:00:00,2026-03-17T18:30:00,
SOF,BCN,2026/3/17,200.67,TK,PT20H25M,2026-03-17T21:40:00,2026-03-18T00:15:00,
SOF,BCN,2026/3/17,210.67,TK,PT8H,2026-03-17T10:05:00,2026-03-17T12:35:00,
SOF,BCN,2026/3/17,210.67,TK,PT14H45M,2026-03-17T10:05:00,2026-03-17T12:35:00,
SOF,BCN,2026/3/17,215.93,LH,PT5H,2026-03-17T19:05:00,2026-03-17T20:15:00,
SOF,BCN,2026/3/17,215.93,LH,PT6H,2026-03-17T06:05:00,2026-03-17T07:15:00,
SOF,BCN,2026/3/17,215.93,LH,PT9H40M,2026-03-17T06:05:00,2026-03-17T07:15:00,
SOF,BCN,2026/3/17,215.93,LH,PT10H5M,2026-03-17T14:00:00,2026-03-17T15:10:00,
SOF,BCN,2026/3/18,149.68,JU,PT18H5M,2026-03-18T16:00:00,2026-03-18T16:10:00,
SOF,BCN,2026/3/18,179.68,JU,PT4H45M,2026-03-18T16:00:00,2026-03-18T16:10:00,
SOF,BCN,2026/3/18,190.91,AF,PT6H15M,2026-03-18T07:00:00,2026-03-18T09:00:00,
SOF,BCN,2026/3/18,190.91,AF,PT10H30M,2026-03-18T07:00:00,2026-03-18T09:00:00,
SOF,BCN,2026/3/18,197.89,A3,PT7H15M,2026-03-18T10:55:00,2026-03-18T12:10:00,
SOF,BCN,2026/3/18,197.89,A3,PT24H30M,2026-03-18T10:55:00,2026-03-18T12:10:00,
SOF,BCN,2026/3/18,200.32,LO,PT17H,2026-03-18T18:35:00,2026-03-18T19:35:00,
SOF,BCN,2026/3/18,200.67,TK,PT8H50M,2026-03-18T16:00:00,2026-03-18T18:30:00,
SOF,BCN,2026/3/18,210.67,TK,PT8H,2026-03-18T10:05:00,2026-03-18T12:35:00,
SOF,BCN,2026/3/18,210.67,TK,PT14H45M,2026-03-18T10:05:00,2026-03-18T12:35:00,
SOF,BCN,2026/3/18,215.93,LH,PT5H,2026-03-18T19:05:00,2026-03-18T20:15:00,
SOF,BCN,2026/3/18,215.93,LH,PT6H,2026-03-18T06:05:00,2026-03-18T07:15:00,
SOF,BCN,2026/3/18,215.93,LH,PT9H40M,2026-03-18T06:05:00,2026-03-18T07:15:00,
SOF,BCN,2026/3/18,215.93,LH,PT10H5M,2026-03-18T14:00:00,2026-03-18T15:10:00,
SOF,BCN,2026/3/18,223.73,PC,PT22H30M,2026-03-18T14:15:00,2026-03-18T16:30:00,
SOF,BCN,2026/3/19,129.68,JU,PT18H5M,2026-03-19T16:00:00,2026-03-19T16:10:00,
SOF,BCN,2026/3/19,149.68,JU,PT5H5M,2026-03-19T05:00:00,2026-03-19T05:10:00,
SOF,BCN,2026/3/19,160.32,LO,PT24H10M,2026-03-19T18:35:00,2026-03-19T19:35:00,
SOF,BCN,2026/3/19,160.32,LO,PT28H10M,2026-03-19T14:35:00,2026-03-19T15:35:00,
SOF,BCN,2026/3/19,190.91,AF,PT6H15M,2026-03-19T07:00:00,2026-03-19T09:00:00,
SOF,BCN,2026/3/19,190.91,AF,PT10H30M,2026-03-19T07:00:00,2026-03-19T09:00:00,
SOF,BCN,2026/3/19,197.89,A3,PT7H15M,2026-03-19T10:55:00,2026-03-19T12:10:00,
SOF,BCN,2026/3/19,197.89,A3,PT15H5M,2026-03-19T20:20:00,2026-03-19T21:35:00,
SOF,BCN,2026/3/19,197.89,A3,PT21H50M,2026-03-19T20:20:00,2026-03-19T21:35:00,
SOF,BCN,2026/3/19,200.67,TK,PT8H50M,2026-03-19T16:00:00,2026-03-19T18:30:00,
SOF,BCN,2026/3/19,200.67,TK,PT20H45M,2026-03-19T21:40:00,2026-03-20T00:15:00,
SOF,BCN,2026/3/19,210.67,TK,PT8H,2026-03-19T10:05:00,2026-03-19T12:35:00,
SOF,BCN,2026/3/19,210.67,TK,PT14H45M,2026-03-19T10:05:00,2026-03-19T12:35:00,
SOF,BCN,2026/3/19,213.8,AZ,PT4H50M,2026-03-19T07:00:00,2026-03-19T07:55:00,
SOF,BCN,2026/3/19,213.8,AZ,PT9H55M,2026-03-19T07:00:00,2026-03-19T07:55:00,
ATH,BCN,2026/2/18,110.45,A3,PT3H15M,2026-02-18T08:10:00,2026-02-18T10:25:00,
ATH,BCN,2026/2/18,110.45,A3,PT3H15M,2026-02-18T14:55:00,2026-02-18T17:10:00,
ATH,BCN,2026/2/18,113.45,IB,PT3H10M,2026-02-18T12:05:00,2026-02-18T14:15:00,
ATH,BCN,2026/2/18,113.45,VY,PT3H10M,2026-02-18T12:05:00,2026-02-18T14:15:00,
ATH,BCN,2026/2/18,117.04,PC,PT27H15M,2026-02-18T09:30:00,2026-02-18T11:50:00,
ATH,BCN,2026/2/18,132.45,V7,PT3H15M,2026-02-18T08:10:00,2026-02-18T10:25:00,
ATH,BCN,2026/2/18,132.45,V7,PT3H15M,2026-02-18T14:55:00,2026-02-18T17:10:00,
ATH,BCN,2026/2/18,170.86,AZ,PT5H45M,2026-02-18T06:05:00,2026-02-18T07:15:00,
ATH,BCN,2026/2/18,170.86,AZ,PT10H50M,2026-02-18T06:05:00,2026-02-18T07:15:00,
ATH,BCN,2026/2/18,173.27,JU,PT18H15M,2026-02-18T15:50:00,2026-02-18T16:30:00,
ATH,BCN,2026/2/18,191.55,SK,PT10H30M,2026-02-18T08:50:00,2026-02-18T11:15:00,
ATH,BCN,2026/2/18,193.27,JU,PT7H10M,2026-02-18T13:35:00,2026-02-18T14:15:00,
ATH,BCN,2026/2/18,193.27,JU,PT20H30M,2026-02-18T13:35:00,2026-02-18T14:15:00,
ATH,BCN,2026/2/18,194.18,AF,PT9H20M,2026-02-18T14:35:00,2026-02-18T17:10:00,
ATH,BCN,2026/2/18,195.52,AF,PT19H15M,2026-02-18T14:35:00,2026-02-18T17:10:00,
ATH,BCN,2026/2/19,110.45,A3,PT3H15M,2026-02-19T08:10:00,2026-02-19T10:25:00,
ATH,BCN,2026/2/19,110.45,A3,PT3H15M,2026-02-19T14:55:00,2026-02-19T17:10:00,
ATH,BCN,2026/2/19,113.45,IB,PT3H10M,2026-02-19T12:05:00,2026-02-19T14:15:00,
ATH,BCN,2026/2/19,113.45,IB,PT3H20M,2026-02-19T21:55:00,2026-02-20T00:15:00,
ATH,BCN,2026/2/19,113.45,VY,PT3H10M,2026-02-19T12:05:00,2026-02-19T14:15:00,
ATH,BCN,2026/2/19,113.45,VY,PT3H20M,2026-02-19T21:55:00,2026-02-20T00:15:00,
ATH,BCN,2026/2/19,123.27,JU,PT5H45M,2026-02-19T04:20:00,2026-02-19T05:45:00,
ATH,BCN,2026/2/19,123.27,JU,PT17H40M,2026-02-19T16:25:00,2026-02-19T17:05:00,
ATH,BCN,2026/2/19,132.45,V7,PT3H15M,2026-02-19T08:10:00,2026-02-19T10:25:00,
ATH,BCN,2026/2/19,132.45,V7,PT3H15M,2026-02-19T14:55:00,2026-02-19T17:10:00,
ATH,BCN,2026/2/19,170.86,AZ,PT4H50M,2026-02-19T19:25:00,2026-02-19T20:40:00,
ATH,BCN,2026/2/19,170.86,AZ,PT11H35M,2026-02-19T12:40:00,2026-02-19T13:50:00,
ATH,BCN,2026/2/19,170.86,AZ,PT16H25M,2026-02-19T19:25:00,2026-02-19T20:40:00,
ATH,BCN,2026/2/19,203.45,LH,PT10H5M,2026-02-19T09:40:00,2026-02-19T11:55:00,
ATH,BCN,2026/2/19,219.26,TK,PT8H15M,2026-02-19T09:50:00,2026-02-19T12:25:00,
ATH,BCN,2026/2/20,93.45,VY,PT3H10M,2026-02-20T12:05:00,2026-02-20T14:15:00,
ATH,BCN,2026/2/20,113.45,IB,PT3H10M,2026-02-20T12:05:00,2026-02-20T14:15:00,
ATH,BCN,2026/2/20,113.45,IB,PT3H20M,2026-02-20T21:25:00,2026-02-20T23:45:00,
ATH,BCN,2026/2/20,113.45,VY,PT3H20M,2026-02-20T21:25:00,2026-02-20T23:45:00,
ATH,BCN,2026/2/20,132.45,V7,PT3H15M,2026-02-20T08:10:00,2026-02-20T10:25:00,
ATH,BCN,2026/2/20,132.45,V7,PT3H15M,2026-02-20T14:55:00,2026-02-20T17:10:00,
ATH,BCN,2026/2/20,143.27,JU,PT5H35M,2026-02-20T04:30:00,2026-02-20T05:10:00,
ATH,BCN,2026/2/20,143.27,JU,PT16H15M,2026-02-20T04:30:00,2026-02-20T05:10:00,
ATH,BCN,2026/2/20,143.27,JU,PT18H15M,2026-02-20T15:50:00,2026-02-20T16:30:00,
ATH,BCN,2026/2/20,149.86,AZ,PT5H45M,2026-02-20T06:05:00,2026-02-20T07:15:00,
ATH,BCN,2026/2/20,149.86,AZ,PT10H50M,2026-02-20T06:05:00,2026-02-20T07:15:00,
ATH,BCN,2026/2/20,149.86,AZ,PT16H25M,2026-02-20T19:25:00,2026-02-20T20:40:00,
ATH,BCN,2026/2/20,155.18,A3,PT18H10M,2026-02-20T23:45:00,2026-02-21T00:40:00,
ATH,BCN,2026/2/20,155.18,A3,PT20H25M,2026-02-20T21:30:00,2026-02-20T22:25:00,
ATH,BCN,2026/2/20,198.3,IB,PT7H55M,2026-02-20T15:55:00,2026-02-20T18:50:00,
ATH,BCN,2026/2/21,113.45,IB,PT3H10M,2026-02-21T12:05:00,2026-02-21T14:15:00,
ATH,BCN,2026/2/21,113.45,IB,PT3H20M,2026-02-21T21:55:00,2026-02-22T00:15:00,
ATH,BCN,2026/2/21,113.45,VY,PT3H10M,2026-02-21T12:05:00,2026-02-21T14:15:00,
ATH,BCN,2026/2/21,113.45,VY,PT3H20M,2026-02-21T21:55:00,2026-02-22T00:15:00,
ATH,BCN,2026/2/21,132.45,V7,PT3H15M,2026-02-21T08:10:00,2026-02-21T10:25:00,
ATH,BCN,2026/2/21,132.45,V7,PT3H15M,2026-02-21T14:55:00,2026-02-21T17:10:00,
ATH,BCN,2026/2/21,143.27,JU,PT5H45M,2026-02-21T04:20:00,2026-02-21T05:45:00,
ATH,BCN,2026/2/21,149.86,AZ,PT5H45M,2026-02-21T06:05:00,2026-02-21T07:15:00,
ATH,BCN,2026/2/21,149.86,AZ,PT10H50M,2026-02-21T06:05:00,2026-02-21T07:15:00,
ATH,BCN,2026/2/21,149.86,AZ,PT11H35M,2026-02-21T12:40:00,2026-02-21T13:50:00,
ATH,BCN,2026/2/21,155.18,A3,PT4H50M,2026-02-21T13:05:00,2026-02-21T14:00:00,
ATH,BCN,2026/2/21,155.18,A3,PT6H30M,2026-02-21T11:25:00,2026-02-21T12:20:00,
ATH,BCN,2026/2/21,170.19,AF,PT18H,2026-02-21T17:25:00,2026-02-21T20:00:00,
ATH,BCN,2026/2/21,170.19,AF,PT19H50M,2026-02-21T17:25:00,2026-02-21T20:00:00,
ATH,BCN,2026/2/21,170.19,AF,PT22H,2026-02-21T13:25:00,2026-02-21T16:00:00,
ATH,BCN,2026/2/22,113.45,IB,PT3H10M,2026-02-22T12:05:00,2026-02-22T14:15:00,
ATH,BCN,2026/2/22,113.45,IB,PT3H20M,2026-02-22T21:55:00,2026-02-23T00:15:00,
ATH,BCN,2026/2/22,113.45,VY,PT3H10M,2026-02-22T12:05:00,2026-02-22T14:15:00,
ATH,BCN,2026/2/22,113.45,VY,PT3H20M,2026-02-22T21:55:00,2026-02-23T00:15:00,
ATH,BCN,2026/2/22,132.45,V7,PT3H15M,2026-02-22T08:10:00,2026-02-22T10:25:00,
ATH,BCN,2026/2/22,132.45,V7,PT3H15M,2026-02-22T14:55:00,2026-02-22T17:10:00,
ATH,BCN,2026/2/22,133.86,AZ,PT5H45M,2026-02-22T06:05:00,2026-02-22T07:15:00,
ATH,BCN,2026/2/22,142.45,A3,PT3H15M,2026-02-22T14:55:00,2026-02-22T17:10:00,
ATH,BCN,2026/2/22,149.86,AZ,PT10H50M,2026-02-22T06:05:00,2026-02-22T07:15:00,
ATH,BCN,2026/2/22,164.19,AF,PT7H10M,2026-02-22T06:05:00,2026-02-22T08:40:00,
ATH,BCN,2026/2/22,164.19,AF,PT11H25M,2026-02-22T06:05:00,2026-02-22T08:40:00,
ATH,BCN,2026/2/22,168.3,IB,PT6H25M,2026-02-22T07:15:00,2026-02-22T10:10:00,
ATH,BCN,2026/2/22,168.3,IB,PT7H55M,2026-02-22T15:55:00,2026-02-22T18:50:00,
ATH,BCN,2026/2/22,170.86,AZ,PT4H50M,2026-02-22T19:25:00,2026-02-22T20:40:00,
ATH,BCN,2026/2/22,170.86,AZ,PT11H35M,2026-02-22T12:40:00,2026-02-22T13:50:00,
ATH,BCN,2026/2/23,113.45,IB,PT3H10M,2026-02-23T12:05:00,2026-02-23T14:15:00,
ATH,BCN,2026/2/23,113.45,IB,PT3H20M,2026-02-23T21:55:00,2026-02-24T00:15:00,
ATH,BCN,2026/2/23,113.45,VY,PT3H10M,2026-02-23T12:05:00,2026-02-23T14:15:00,
ATH,BCN,2026/2/23,113.45,VY,PT3H20M,2026-02-23T21:55:00,2026-02-24T00:15:00,
ATH,BCN,2026/2/23,132.45,V7,PT3H15M,2026-02-23T08:10:00,2026-02-23T10:25:00,
ATH,BCN,2026/2/23,132.45,V7,PT3H15M,2026-02-23T14:55:00,2026-02-23T17:10:00,
ATH,BCN,2026/2/23,133.86,AZ,PT4H50M,2026-02-23T19:25:00,2026-02-23T20:40:00,
ATH,BCN,2026/2/23,133.86,AZ,PT5H45M,2026-02-23T06:05:00,2026-02-23T07:15:00,
ATH,BCN,2026/2/23,133.86,AZ,PT10H50M,2026-02-23T06:05:00,2026-02-23T07:15:00,
ATH,BCN,2026/2/23,133.86,AZ,PT11H35M,2026-02-23T12:40:00,2026-02-23T13:50:00,
ATH,BCN,2026/2/23,133.86,AZ,PT16H25M,2026-02-23T19:25:00,2026-02-23T20:40:00,
ATH,BCN,2026/2/23,143.27,JU,PT5H35M,2026-02-23T04:30:00,2026-02-23T05:10:00,
ATH,BCN,2026/2/23,143.27,JU,PT16H15M,2026-02-23T04:30:00,2026-02-23T05:10:00,
ATH,BCN,2026/2/23,193.27,JU,PT7H10M,2026-02-23T13:35:00,2026-02-23T14:15:00,
ATH,BCN,2026/2/23,194.18,AF,PT6H25M,2026-02-23T03:25:00,2026-02-23T06:00:00,
ATH,BCN,2026/2/24,113.45,IB,PT3H10M,2026-02-24T12:05:00,2026-02-24T14:15:00,
ATH,BCN,2026/2/24,113.45,VY,PT3H10M,2026-02-24T12:05:00,2026-02-24T14:15:00,
ATH,BCN,2026/2/24,117.86,AZ,PT4H50M,2026-02-24T19:25:00,2026-02-24T20:40:00,
ATH,BCN,2026/2/24,117.86,AZ,PT5H45M,2026-02-24T06:05:00,2026-02-24T07:15:00,
ATH,BCN,2026/2/24,117.86,AZ,PT10H50M,2026-02-24T06:05:00,2026-02-24T07:15:00,
ATH,BCN,2026/2/24,117.86,AZ,PT11H35M,2026-02-24T12:40:00,2026-02-24T13:50:00,
ATH,BCN,2026/2/24,117.86,AZ,PT16H25M,2026-02-24T19:25:00,2026-02-24T20:40:00,
ATH,BCN,2026/2/24,132.45,V7,PT3H15M,2026-02-24T08:10:00,2026-02-24T10:25:00,
ATH,BCN,2026/2/24,132.45,V7,PT3H15M,2026-02-24T14:55:00,2026-02-24T17:10:00,
ATH,BCN,2026/2/24,142.45,A3,PT3H15M,2026-02-24T08:10:00,2026-02-24T10:25:00,
ATH,BCN,2026/2/24,142.45,A3,PT3H15M,2026-02-24T14:55:00,2026-02-24T17:10:00,
ATH,BCN,2026/2/24,155.18,A3,PT5H,2026-02-24T13:05:00,2026-02-24T14:00:00,
ATH,BCN,2026/2/24,155.18,A3,PT6H40M,2026-02-24T11:25:00,2026-02-24T12:20:00,
ATH,BCN,2026/2/24,164.19,AF,PT6H20M,2026-02-24T13:45:00,2026-02-24T16:10:00,
ATH,BCN,2026/2/24,164.19,AF,PT6H45M,2026-02-24T17:20:00,2026-02-24T19:55:00,
ATH,BCN,2026/2/25,105.5,PC,PT27H15M,2026-02-25T09:30:00,2026-02-25T11:50:00,
ATH,BCN,2026/2/25,113.45,IB,PT3H10M,2026-02-25T12:05:00,2026-02-25T14:15:00,
ATH,BCN,2026/2/25,113.45,VY,PT3H10M,2026-02-25T12:05:00,2026-02-25T14:15:00,
ATH,BCN,2026/2/25,117.86,AZ,PT5H45M,2026-02-25T06:05:00,2026-02-25T07:15:00,
ATH,BCN,2026/2/25,117.86,AZ,PT10H50M,2026-02-25T06:05:00,2026-02-25T07:15:00,
ATH,BCN,2026/2/25,117.86,AZ,PT11H35M,2026-02-25T12:40:00,2026-02-25T13:50:00,
ATH,BCN,2026/2/25,132.45,V7,PT3H15M,2026-02-25T08:10:00,2026-02-25T10:25:00,
ATH,BCN,2026/2/25,132.45,V7,PT3H15M,2026-02-25T14:55:00,2026-02-25T17:10:00,
ATH,BCN,2026/2/25,133.86,AZ,PT4H50M,2026-02-25T19:25:00,2026-02-25T20:40:00,
ATH,BCN,2026/2/25,133.86,AZ,PT16H25M,2026-02-25T19:25:00,2026-02-25T20:40:00,
ATH,BCN,2026/2/25,168.3,IB,PT7H55M,2026-02-25T15:55:00,2026-02-25T18:50:00,
ATH,BCN,2026/2/25,191.55,SK,PT10H30M,2026-02-25T08:50:00,2026-02-25T11:15:00,
ATH,BCN,2026/2/25,193.27,JU,PT7H10M,2026-02-25T13:35:00,2026-02-25T14:15:00,
ATH,BCN,2026/2/25,193.27,JU,PT20H30M,2026-02-25T13:35:00,2026-02-25T14:15:00,
ATH,BCN,2026/2/25,194.18,AF,PT9H20M,2026-02-25T14:35:00,2026-02-25T17:10:00,
ATH,BCN,2026/2/26,93.27,JU,PT17H40M,2026-02-26T16:25:00,2026-02-26T17:05:00,
ATH,BCN,2026/2/26,113.45,IB,PT3H10M,2026-02-26T12:05:00,2026-02-26T14:15:00,
ATH,BCN,2026/2/26,113.45,IB,PT3H20M,2026-02-26T21:55:00,2026-02-27T00:15:00,
ATH,BCN,2026/2/26,113.45,VY,PT3H10M,2026-02-26T12:05:00,2026-02-26T14:15:00,
ATH,BCN,2026/2/26,113.45,VY,PT3H20M,2026-02-26T21:55:00,2026-02-27T00:15:00,
ATH,BCN,2026/2/26,117.86,AZ,PT4H50M,2026-02-26T19:25:00,2026-02-26T20:40:00,
ATH,BCN,2026/2/26,117.86,AZ,PT5H45M,2026-02-26T06:05:00,2026-02-26T07:15:00,
ATH,BCN,2026/2/26,117.86,AZ,PT10H50M,2026-02-26T06:05:00,2026-02-26T07:15:00,
ATH,BCN,2026/2/26,117.86,AZ,PT11H35M,2026-02-26T12:40:00,2026-02-26T13:50:00,
ATH,BCN,2026/2/26,132.45,V7,PT3H15M,2026-02-26T08:10:00,2026-02-26T10:25:00,
ATH,BCN,2026/2/26,132.45,V7,PT3H15M,2026-02-26T14:55:00,2026-02-26T17:10:00,
ATH,BCN,2026/2/26,142.45,A3,PT3H15M,2026-02-26T08:10:00,2026-02-26T10:25:00,
ATH,BCN,2026/2/26,142.45,A3,PT3H15M,2026-02-26T14:55:00,2026-02-26T17:10:00,
ATH,BCN,2026/2/26,173.27,JU,PT5H45M,2026-02-26T04:20:00,2026-02-26T05:45:00,
ATH,BCN,2026/2/26,194.18,AF,PT9H20M,2026-02-26T14:35:00,2026-02-26T17:10:00,
ATH,BCN,2026/2/27,93.27,JU,PT5H35M,2026-02-27T04:30:00,2026-02-27T05:10:00,
ATH,BCN,2026/2/27,101.86,AZ,PT4H50M,2026-02-27T19:25:00,2026-02-27T20:40:00,
ATH,BCN,2026/2/27,101.86,AZ,PT10H50M,2026-02-27T06:05:00,2026-02-27T07:15:00,
ATH,BCN,2026/2/27,101.86,AZ,PT11H35M,2026-02-27T12:40:00,2026-02-27T13:50:00,
ATH,BCN,2026/2/27,113.45,IB,PT3H10M,2026-02-27T12:05:00,2026-02-27T14:15:00,
ATH,BCN,2026/2/27,113.45,IB,PT3H20M,2026-02-27T21:25:00,2026-02-27T23:45:00,
ATH,BCN,2026/2/27,113.45,VY,PT3H10M,2026-02-27T12:05:00,2026-02-27T14:15:00,
ATH,BCN,2026/2/27,113.45,VY,PT3H20M,2026-02-27T21:25:00,2026-02-27T23:45:00,
ATH,BCN,2026/2/27,123.27,JU,PT16H15M,2026-02-27T04:30:00,2026-02-27T05:10:00,
ATH,BCN,2026/2/27,132.45,V7,PT3H15M,2026-02-27T08:10:00,2026-02-27T10:25:00,
ATH,BCN,2026/2/27,132.45,V7,PT3H15M,2026-02-27T14:55:00,2026-02-27T17:10:00,
ATH,BCN,2026/2/27,142.45,A3,PT3H15M,2026-02-27T08:10:00,2026-02-27T10:25:00,
ATH,BCN,2026/2/27,142.45,A3,PT3H15M,2026-02-27T14:55:00,2026-02-27T17:10:00,
ATH,BCN,2026/2/27,155.18,A3,PT18H10M,2026-02-27T23:45:00,2026-02-28T00:40:00,
ATH,BCN,2026/2/27,168.3,IB,PT7H55M,2026-02-27T15:55:00,2026-02-27T18:50:00,
ATH,BCN,2026/2/28,101.86,AZ,PT4H50M,2026-02-28T19:25:00,2026-02-28T20:40:00,
ATH,BCN,2026/2/28,101.86,AZ,PT10H50M,2026-02-28T06:05:00,2026-02-28T07:15:00,
ATH,BCN,2026/2/28,101.86,AZ,PT11H35M,2026-02-28T12:40:00,2026-02-28T13:50:00,
ATH,BCN,2026/2/28,101.86,AZ,PT16H25M,2026-02-28T19:25:00,2026-02-28T20:40:00,
ATH,BCN,2026/2/28,113.45,IB,PT3H10M,2026-02-28T12:05:00,2026-02-28T14:15:00,
ATH,BCN,2026/2/28,113.45,IB,PT3H20M,2026-02-28T21:55:00,2026-03-01T00:15:00,
ATH,BCN,2026/2/28,113.45,VY,PT3H10M,2026-02-28T12:05:00,2026-02-28T14:15:00,
ATH,BCN,2026/2/28,113.45,VY,PT3H20M,2026-02-28T21:55:00,2026-03-01T00:15:00,
ATH,BCN,2026/2/28,132.45,V7,PT3H15M,2026-02-28T08:10:00,2026-02-28T10:25:00,
ATH,BCN,2026/2/28,132.45,V7,PT3H15M,2026-02-28T14:55:00,2026-02-28T17:10:00,
ATH,BCN,2026/2/28,142.45,A3,PT3H15M,2026-02-28T08:10:00,2026-02-28T10:25:00,
ATH,BCN,2026/2/28,142.45,A3,PT3H15M,2026-02-28T14:55:00,2026-02-28T17:10:00,
ATH,BCN,2026/2/28,155.18,A3,PT4H50M,2026-02-28T13:05:00,2026-02-28T14:00:00,
ATH,BCN,2026/2/28,155.18,A3,PT6H30M,2026-02-28T11:25:00,2026-02-28T12:20:00,
ATH,BCN,2026/2/28,169.19,AF,PT18H,2026-02-28T17:25:00,2026-02-28T20:00:00,
ATH,BCN,2026/3/1,101.86,AZ,PT4H50M,2026-03-01T19:25:00,2026-03-01T20:40:00,
ATH,BCN,2026/3/1,101.86,AZ,PT5H45M,2026-03-01T06:05:00,2026-03-01T07:15:00,
ATH,BCN,2026/3/1,101.86,AZ,PT10H50M,2026-03-01T06:05:00,2026-03-01T07:15:00,
ATH,BCN,2026/3/1,101.86,AZ,PT11H35M,2026-03-01T12:40:00,2026-03-01T13:50:00,
ATH,BCN,2026/3/1,101.86,AZ,PT16H25M,2026-03-01T19:25:00,2026-03-01T20:40:00,
ATH,BCN,2026/3/1,104.45,VY,PT3H10M,2026-03-01T12:05:00,2026-03-01T14:15:00,
ATH,BCN,2026/3/1,105.5,PC,PT21H40M,2026-03-01T18:05:00,2026-03-01T20:25:00,
ATH,BCN,2026/3/1,113.45,IB,PT3H10M,2026-03-01T12:05:00,2026-03-01T14:15:00,
ATH,BCN,2026/3/1,113.45,IB,PT3H20M,2026-03-01T21:55:00,2026-03-02T00:15:00,
ATH,BCN,2026/3/1,113.45,VY,PT3H20M,2026-03-01T21:55:00,2026-03-02T00:15:00,
ATH,BCN,2026/3/1,132.45,V7,PT3H15M,2026-03-01T08:10:00,2026-03-01T10:25:00,
ATH,BCN,2026/3/1,132.45,V7,PT3H15M,2026-03-01T14:55:00,2026-03-01T17:10:00,
ATH,BCN,2026/3/1,142.45,A3,PT3H15M,2026-03-01T08:10:00,2026-03-01T10:25:00,
ATH,BCN,2026/3/1,142.45,A3,PT3H15M,2026-03-01T14:55:00,2026-03-01T17:10:00,
ATH,BCN,2026/3/1,143.27,JU,PT18H15M,2026-03-01T15:50:00,2026-03-01T16:30:00,
ATH,BCN,2026/3/2,101.86,AZ,PT4H50M,2026-03-02T19:25:00,2026-03-02T20:40:00,
ATH,BCN,2026/3/2,101.86,AZ,PT5H45M,2026-03-02T06:05:00,2026-03-02T07:15:00,
ATH,BCN,2026/3/2,101.86,AZ,PT10H50M,2026-03-02T06:05:00,2026-03-02T07:15:00,
ATH,BCN,2026/3/2,101.86,AZ,PT11H35M,2026-03-02T12:40:00,2026-03-02T13:50:00,
ATH,BCN,2026/3/2,101.86,AZ,PT16H25M,2026-03-02T19:25:00,2026-03-02T20:40:00,
ATH,BCN,2026/3/2,105.5,PC,PT21H25M,2026-03-02T15:20:00,2026-03-02T17:40:00,
ATH,BCN,2026/3/2,105.5,PC,PT27H15M,2026-03-02T09:30:00,2026-03-02T11:50:00,
ATH,BCN,2026/3/2,110.45,A3,PT3H15M,2026-03-02T08:10:00,2026-03-02T10:25:00,
ATH,BCN,2026/3/2,110.45,A3,PT3H15M,2026-03-02T14:55:00,2026-03-02T17:10:00,
ATH,BCN,2026/3/2,113.45,IB,PT3H10M,2026-03-02T12:05:00,2026-03-02T14:15:00,
ATH,BCN,2026/3/2,113.45,IB,PT3H20M,2026-03-02T21:55:00,2026-03-03T00:15:00,
ATH,BCN,2026/3/2,113.45,VY,PT3H10M,2026-03-02T12:05:00,2026-03-02T14:15:00,
ATH,BCN,2026/3/2,113.45,VY,PT3H20M,2026-03-02T21:55:00,2026-03-03T00:15:00,
ATH,BCN,2026/3/2,123.27,JU,PT5H35M,2026-03-02T04:30:00,2026-03-02T05:10:00,
ATH,BCN,2026/3/2,123.27,JU,PT16H15M,2026-03-02T04:30:00,2026-03-02T05:10:00,
ATH,BCN,2026/3/3,101.86,AZ,PT4H50M,2026-03-03T19:25:00,2026-03-03T20:40:00,
ATH,BCN,2026/3/3,101.86,AZ,PT5H45M,2026-03-03T06:05:00,2026-03-03T07:15:00,
ATH,BCN,2026/3/3,101.86,AZ,PT10H50M,2026-03-03T06:05:00,2026-03-03T07:15:00,
ATH,BCN,2026/3/3,101.86,AZ,PT11H35M,2026-03-03T12:40:00,2026-03-03T13:50:00,
ATH,BCN,2026/3/3,101.86,AZ,PT16H25M,2026-03-03T19:25:00,2026-03-03T20:40:00,
ATH,BCN,2026/3/3,113.45,IB,PT3H10M,2026-03-03T12:05:00,2026-03-03T14:15:00,
ATH,BCN,2026/3/3,113.45,VY,PT3H10M,2026-03-03T12:05:00,2026-03-03T14:15:00,
ATH,BCN,2026/3/3,132.45,V7,PT3H15M,2026-03-03T08:10:00,2026-03-03T10:25:00,
ATH,BCN,2026/3/3,132.45,V7,PT3H15M,2026-03-03T14:55:00,2026-03-03T17:10:00,
ATH,BCN,2026/3/3,142.45,A3,PT3H15M,2026-03-03T14:55:00,2026-03-03T17:10:00,
ATH,BCN,2026/3/3,155.18,A3,PT5H,2026-03-03T13:05:00,2026-03-03T14:00:00,
ATH,BCN,2026/3/3,169.19,AF,PT6H20M,2026-03-03T13:45:00,2026-03-03T16:10:00,
ATH,BCN,2026/3/3,169.19,AF,PT6H45M,2026-03-03T17:20:00,2026-03-03T19:55:00,
ATH,BCN,2026/3/3,169.19,AF,PT10H20M,2026-03-03T13:45:00,2026-03-03T16:10:00,
ATH,BCN,2026/3/3,169.19,AF,PT18H5M,2026-03-03T17:20:00,2026-03-03T19:55:00,
ATH,BCN,2026/3/4,101.86,AZ,PT4H50M,2026-03-04T19:25:00,2026-03-04T20:40:00,
ATH,BCN,2026/3/4,101.86,AZ,PT5H45M,2026-03-04T06:05:00,2026-03-04T07:15:00,
ATH,BCN,2026/3/4,101.86,AZ,PT10H50M,2026-03-04T06:05:00,2026-03-04T07:15:00,
ATH,BCN,2026/3/4,101.86,AZ,PT11H35M,2026-03-04T12:40:00,2026-03-04T13:50:00,
ATH,BCN,2026/3/4,101.86,AZ,PT16H25M,2026-03-04T19:25:00,2026-03-04T20:40:00,
ATH,BCN,2026/3/4,105.5,PC,PT27H15M,2026-03-04T09:30:00,2026-03-04T11:50:00,
ATH,BCN,2026/3/4,113.45,IB,PT3H10M,2026-03-04T12:05:00,2026-03-04T14:15:00,
ATH,BCN,2026/3/4,113.45,VY,PT3H10M,2026-03-04T12:05:00,2026-03-04T14:15:00,
ATH,BCN,2026/3/4,125.52,AF,PT19H15M,2026-03-04T14:35:00,2026-03-04T17:10:00,
ATH,BCN,2026/3/4,132.45,V7,PT3H15M,2026-03-04T08:10:00,2026-03-04T10:25:00,
ATH,BCN,2026/3/4,132.45,V7,PT3H15M,2026-03-04T14:55:00,2026-03-04T17:10:00,
ATH,BCN,2026/3/4,146.19,AF,PT6H20M,2026-03-04T13:45:00,2026-03-04T16:10:00,
ATH,BCN,2026/3/4,146.19,AF,PT10H20M,2026-03-04T13:45:00,2026-03-04T16:10:00,
ATH,BCN,2026/3/4,152.19,AF,PT6H45M,2026-03-04T17:20:00,2026-03-04T19:55:00,
ATH,BCN,2026/3/4,152.19,AF,PT18H5M,2026-03-04T17:20:00,2026-03-04T19:55:00,
ATH,BCN,2026/3/5,101.86,AZ,PT4H50M,2026-03-05T19:25:00,2026-03-05T20:40:00,
ATH,BCN,2026/3/5,101.86,AZ,PT5H45M,2026-03-05T06:05:00,2026-03-05T07:15:00,
ATH,BCN,2026/3/5,101.86,AZ,PT10H50M,2026-03-05T06:05:00,2026-03-05T07:15:00,
ATH,BCN,2026/3/5,101.86,AZ,PT11H35M,2026-03-05T12:40:00,2026-03-05T13:50:00,
ATH,BCN,2026/3/5,101.86,AZ,PT16H25M,2026-03-05T19:25:00,2026-03-05T20:40:00,
ATH,BCN,2026/3/5,105.5,PC,PT27H15M,2026-03-05T09:30:00,2026-03-05T11:50:00,
ATH,BCN,2026/3/5,113.45,IB,PT3H10M,2026-03-05T12:05:00,2026-03-05T14:15:00,
ATH,BCN,2026/3/5,113.45,IB,PT3H20M,2026-03-05T21:55:00,2026-03-06T00:15:00,
ATH,BCN,2026/3/5,113.45,VY,PT3H10M,2026-03-05T12:05:00,2026-03-05T14:15:00,
ATH,BCN,2026/3/5,113.45,VY,PT3H20M,2026-03-05T21:55:00,2026-03-06T00:15:00,
ATH,BCN,2026/3/5,124.18,AF,PT9H20M,2026-03-05T14:35:00,2026-03-05T17:10:00,
ATH,BCN,2026/3/5,125.52,AF,PT19H15M,2026-03-05T14:35:00,2026-03-05T17:10:00,
ATH,BCN,2026/3/5,132.45,V7,PT3H15M,2026-03-05T08:10:00,2026-03-05T10:25:00,
ATH,BCN,2026/3/5,132.45,V7,PT3H15M,2026-03-05T14:55:00,2026-03-05T17:10:00,
ATH,BCN,2026/3/5,142.45,A3,PT3H15M,2026-03-05T08:10:00,2026-03-05T10:25:00,
ATH,BCN,2026/3/6,101.86,AZ,PT4H50M,2026-03-06T19:25:00,2026-03-06T20:40:00,
ATH,BCN,2026/3/6,101.86,AZ,PT5H45M,2026-03-06T06:05:00,2026-03-06T07:15:00,
ATH,BCN,2026/3/6,101.86,AZ,PT10H50M,2026-03-06T06:05:00,2026-03-06T07:15:00,
ATH,BCN,2026/3/6,101.86,AZ,PT11H35M,2026-03-06T12:40:00,2026-03-06T13:50:00,
ATH,BCN,2026/3/6,101.86,AZ,PT16H25M,2026-03-06T19:25:00,2026-03-06T20:40:00,
ATH,BCN,2026/3/6,113.45,IB,PT3H10M,2026-03-06T12:05:00,2026-03-06T14:15:00,
ATH,BCN,2026/3/6,113.45,IB,PT3H20M,2026-03-06T21:25:00,2026-03-06T23:45:00,
ATH,BCN,2026/3/6,113.45,VY,PT3H10M,2026-03-06T12:05:00,2026-03-06T14:15:00,
ATH,BCN,2026/3/6,113.45,VY,PT3H20M,2026-03-06T21:25:00,2026-03-06T23:45:00,
ATH,BCN,2026/3/6,123.27,JU,PT16H15M,2026-03-06T04:30:00,2026-03-06T05:10:00,
ATH,BCN,2026/3/6,124.18,AF,PT9H20M,2026-03-06T14:35:00,2026-03-06T17:10:00,
ATH,BCN,2026/3/6,125.52,AF,PT19H15M,2026-03-06T14:35:00,2026-03-06T17:10:00,
ATH,BCN,2026/3/6,132.45,V7,PT3H15M,2026-03-06T08:10:00,2026-03-06T10:25:00,
ATH,BCN,2026/3/6,132.45,V7,PT3H15M,2026-03-06T14:55:00,2026-03-06T17:10:00,
ATH,BCN,2026/3/6,142.45,A3,PT3H15M,2026-03-06T08:10:00,2026-03-06T10:25:00,
ATH,BCN,2026/3/7,101.86,AZ,PT4H50M,2026-03-07T19:25:00,2026-03-07T20:40:00,
ATH,BCN,2026/3/7,101.86,AZ,PT5H45M,2026-03-07T06:05:00,2026-03-07T07:15:00,
ATH,BCN,2026/3/7,101.86,AZ,PT10H50M,2026-03-07T06:05:00,2026-03-07T07:15:00,
ATH,BCN,2026/3/7,101.86,AZ,PT11H35M,2026-03-07T12:40:00,2026-03-07T13:50:00,
ATH,BCN,2026/3/7,101.86,AZ,PT16H25M,2026-03-07T19:25:00,2026-03-07T20:40:00,
ATH,BCN,2026/3/7,104.45,VY,PT3H20M,2026-03-07T21:55:00,2026-03-08T00:15:00,
ATH,BCN,2026/3/7,113.45,IB,PT3H10M,2026-03-07T12:05:00,2026-03-07T14:15:00,
ATH,BCN,2026/3/7,113.45,IB,PT3H20M,2026-03-07T21:55:00,2026-03-08T00:15:00,
ATH,BCN,2026/3/7,113.45,VY,PT3H10M,2026-03-07T12:05:00,2026-03-07T14:15:00,
ATH,BCN,2026/3/7,132.45,V7,PT3H15M,2026-03-07T08:10:00,2026-03-07T10:25:00,
ATH,BCN,2026/3/7,132.45,V7,PT3H15M,2026-03-07T14:55:00,2026-03-07T17:10:00,
ATH,BCN,2026/3/7,142.45,A3,PT3H15M,2026-03-07T08:10:00,2026-03-07T10:25:00,
ATH,BCN,2026/3/7,142.45,A3,PT3H15M,2026-03-07T14:55:00,2026-03-07T17:10:00,
ATH,BCN,2026/3/7,152.19,AF,PT7H10M,2026-03-07T06:05:00,2026-03-07T08:40:00,
ATH,BCN,2026/3/7,152.19,AF,PT11H25M,2026-03-07T06:05:00,2026-03-07T08:40:00,
ATH,BCN,2026/3/8,93.45,VY,PT3H10M,2026-03-08T12:05:00,2026-03-08T14:15:00,
ATH,BCN,2026/3/8,101.86,AZ,PT4H50M,2026-03-08T19:25:00,2026-03-08T20:40:00,
ATH,BCN,2026/3/8,101.86,AZ,PT16H25M,2026-03-08T19:25:00,2026-03-08T20:40:00,
ATH,BCN,2026/3/8,101.86,AZ,PT5H45M,2026-03-08T06:05:00,2026-03-08T07:15:00,
ATH,BCN,2026/3/8,101.86,AZ,PT10H50M,2026-03-08T06:05:00,2026-03-08T07:15:00,
ATH,BCN,2026/3/8,101.86,AZ,PT11H35M,2026-03-08T12:40:00,2026-03-08T13:50:00,
ATH,BCN,2026/3/8,105.5,PC,PT21H40M,2026-03-08T18:05:00,2026-03-08T20:25:00,
ATH,BCN,2026/3/8,113.45,IB,PT3H10M,2026-03-08T12:05:00,2026-03-08T14:15:00,
ATH,BCN,2026/3/8,113.45,IB,PT3H20M,2026-03-08T21:55:00,2026-03-09T00:15:00,
ATH,BCN,2026/3/8,113.45,VY,PT3H20M,2026-03-08T21:55:00,2026-03-09T00:15:00,
ATH,BCN,2026/3/8,132.45,V7,PT3H15M,2026-03-08T08:10:00,2026-03-08T10:25:00,
ATH,BCN,2026/3/8,132.45,V7,PT3H15M,2026-03-08T14:55:00,2026-03-08T17:10:00,
ATH,BCN,2026/3/8,142.45,A3,PT3H15M,2026-03-08T08:10:00,2026-03-08T10:25:00,
ATH,BCN,2026/3/8,142.45,A3,PT3H15M,2026-03-08T14:55:00,2026-03-08T17:10:00,
ATH,BCN,2026/3/8,179.6,LO,PT28H55M,2026-03-08T13:50:00,2026-03-08T15:30:00,
ATH,BCN,2026/3/9,101.86,AZ,PT4H50M,2026-03-09T19:25:00,2026-03-09T20:40:00,
ATH,BCN,2026/3/9,101.86,AZ,PT5H45M,2026-03-09T06:05:00,2026-03-09T07:15:00,
ATH,BCN,2026/3/9,101.86,AZ,PT10H50M,2026-03-09T06:05:00,2026-03-09T07:15:00,
ATH,BCN,2026/3/9,101.86,AZ,PT11H35M,2026-03-09T12:40:00,2026-03-09T13:50:00,
ATH,BCN,2026/3/9,101.86,AZ,PT16H25M,2026-03-09T19:25:00,2026-03-09T20:40:00,
ATH,BCN,2026/3/9,105.5,PC,PT21H25M,2026-03-09T15:20:00,2026-03-09T17:40:00,
ATH,BCN,2026/3/9,105.5,PC,PT27H15M,2026-03-09T09:30:00,2026-03-09T11:50:00,
ATH,BCN,2026/3/9,113.45,IB,PT3H10M,2026-03-09T12:05:00,2026-03-09T14:15:00,
ATH,BCN,2026/3/9,113.45,IB,PT3H20M,2026-03-09T21:55:00,2026-03-10T00:15:00,
ATH,BCN,2026/3/9,113.45,VY,PT3H10M,2026-03-09T12:05:00,2026-03-09T14:15:00,
ATH,BCN,2026/3/9,113.45,VY,PT3H20M,2026-03-09T21:55:00,2026-03-10T00:15:00,
ATH,BCN,2026/3/9,124.18,AF,PT6H25M,2026-03-09T03:25:00,2026-03-09T06:00:00,
ATH,BCN,2026/3/9,132.45,V7,PT3H15M,2026-03-09T08:10:00,2026-03-09T10:25:00,
ATH,BCN,2026/3/9,132.45,V7,PT3H15M,2026-03-09T14:55:00,2026-03-09T17:10:00,
ATH,BCN,2026/3/9,155.18,A3,PT18H20M,2026-03-09T23:45:00,2026-03-10T00:40:00,
ATH,BCN,2026/3/10,101.86,AZ,PT4H50M,2026-03-10T19:25:00,2026-03-10T20:40:00,
ATH,BCN,2026/3/10,101.86,AZ,PT5H45M,2026-03-10T06:05:00,2026-03-10T07:15:00,
ATH,BCN,2026/3/10,101.86,AZ,PT10H50M,2026-03-10T06:05:00,2026-03-10T07:15:00,
ATH,BCN,2026/3/10,101.86,AZ,PT11H35M,2026-03-10T12:40:00,2026-03-10T13:50:00,
ATH,BCN,2026/3/10,101.86,AZ,PT16H25M,2026-03-10T19:25:00,2026-03-10T20:40:00,
ATH,BCN,2026/3/10,113.45,IB,PT3H10M,2026-03-10T12:05:00,2026-03-10T14:15:00,
ATH,BCN,2026/3/10,113.45,VY,PT3H10M,2026-03-10T12:05:00,2026-03-10T14:15:00,
ATH,BCN,2026/3/10,124.18,AF,PT9H20M,2026-03-10T14:35:00,2026-03-10T17:10:00,
ATH,BCN,2026/3/10,132.45,V7,PT3H15M,2026-03-10T08:10:00,2026-03-10T10:25:00,
ATH,BCN,2026/3/10,132.45,V7,PT3H15M,2026-03-10T14:55:00,2026-03-10T17:10:00,
ATH,BCN,2026/3/10,154.32,PC,PT27H15M,2026-03-10T09:30:00,2026-03-10T11:50:00,
ATH,BCN,2026/3/10,169.19,AF,PT6H20M,2026-03-10T13:45:00,2026-03-10T16:10:00,
ATH,BCN,2026/3/10,169.19,AF,PT6H45M,2026-03-10T17:20:00,2026-03-10T19:55:00,
ATH,BCN,2026/3/10,169.19,AF,PT7H10M,2026-03-10T06:05:00,2026-03-10T08:40:00,
ATH,BCN,2026/3/10,169.19,AF,PT10H20M,2026-03-10T13:45:00,2026-03-10T16:10:00,
ATH,BCN,2026/3/11,101.86,AZ,PT4H50M,2026-03-11T19:25:00,2026-03-11T20:40:00,
ATH,BCN,2026/3/11,101.86,AZ,PT5H45M,2026-03-11T06:05:00,2026-03-11T07:15:00,
ATH,BCN,2026/3/11,101.86,AZ,PT10H50M,2026-03-11T06:05:00,2026-03-11T07:15:00,
ATH,BCN,2026/3/11,101.86,AZ,PT11H35M,2026-03-11T12:40:00,2026-03-11T13:50:00,
ATH,BCN,2026/3/11,101.86,AZ,PT16H25M,2026-03-11T19:25:00,2026-03-11T20:40:00,
ATH,BCN,2026/3/11,105.5,PC,PT27H15M,2026-03-11T09:30:00,2026-03-11T11:50:00,
ATH,BCN,2026/3/11,113.45,IB,PT3H10M,2026-03-11T12:05:00,2026-03-11T14:15:00,
ATH,BCN,2026/3/11,113.45,VY,PT3H10M,2026-03-11T12:05:00,2026-03-11T14:15:00,
ATH,BCN,2026/3/11,125.52,AF,PT19H15M,2026-03-11T14:35:00,2026-03-11T17:10:00,
ATH,BCN,2026/3/11,132.45,V7,PT3H15M,2026-03-11T14:55:00,2026-03-11T17:10:00,
ATH,BCN,2026/3/11,135.19,AF,PT6H20M,2026-03-11T13:45:00,2026-03-11T16:10:00,
ATH,BCN,2026/3/11,135.19,AF,PT7H10M,2026-03-11T06:05:00,2026-03-11T08:40:00,
ATH,BCN,2026/3/11,135.19,AF,PT10H20M,2026-03-11T13:45:00,2026-03-11T16:10:00,
ATH,BCN,2026/3/11,135.19,AF,PT11H25M,2026-03-11T06:05:00,2026-03-11T08:40:00,
ATH,BCN,2026/3/11,138.18,AF,PT9H20M,2026-03-11T14:35:00,2026-03-11T17:10:00,
ATH,BCN,2026/3/12,101.86,AZ,PT4H50M,2026-03-12T19:25:00,2026-03-12T20:40:00,
ATH,BCN,2026/3/12,101.86,AZ,PT5H45M,2026-03-12T06:05:00,2026-03-12T07:15:00,
ATH,BCN,2026/3/12,101.86,AZ,PT10H50M,2026-03-12T06:05:00,2026-03-12T07:15:00,
ATH,BCN,2026/3/12,101.86,AZ,PT11H35M,2026-03-12T12:40:00,2026-03-12T13:50:00,
ATH,BCN,2026/3/12,101.86,AZ,PT16H25M,2026-03-12T19:25:00,2026-03-12T20:40:00,
ATH,BCN,2026/3/12,105.5,PC,PT27H15M,2026-03-12T09:30:00,2026-03-12T11:50:00,
ATH,BCN,2026/3/12,113.45,IB,PT3H10M,2026-03-12T12:05:00,2026-03-12T14:15:00,
ATH,BCN,2026/3/12,113.45,IB,PT3H20M,2026-03-12T21:55:00,2026-03-13T00:15:00,
ATH,BCN,2026/3/12,113.45,VY,PT3H10M,2026-03-12T12:05:00,2026-03-12T14:15:00,
ATH,BCN,2026/3/12,113.45,VY,PT3H20M,2026-03-12T21:55:00,2026-03-13T00:15:00,
ATH,BCN,2026/3/12,124.18,AF,PT9H20M,2026-03-12T14:35:00,2026-03-12T17:10:00,
ATH,BCN,2026/3/12,125.52,AF,PT19H15M,2026-03-12T14:35:00,2026-03-12T17:10:00,
ATH,BCN,2026/3/12,132.45,V7,PT3H15M,2026-03-12T08:10:00,2026-03-12T10:25:00,
ATH,BCN,2026/3/12,132.45,V7,PT3H15M,2026-03-12T14:55:00,2026-03-12T17:10:00,
ATH,BCN,2026/3/12,135.19,AF,PT7H10M,2026-03-12T06:05:00,2026-03-12T08:40:00,
ATH,BCN,2026/3/13,101.86,AZ,PT4H50M,2026-03-13T19:25:00,2026-03-13T20:40:00,
ATH,BCN,2026/3/13,101.86,AZ,PT5H45M,2026-03-13T06:05:00,2026-03-13T07:15:00,
ATH,BCN,2026/3/13,101.86,AZ,PT10H50M,2026-03-13T06:05:00,2026-03-13T07:15:00,
ATH,BCN,2026/3/13,101.86,AZ,PT11H35M,2026-03-13T12:40:00,2026-03-13T13:50:00,
ATH,BCN,2026/3/13,101.86,AZ,PT16H25M,2026-03-13T19:25:00,2026-03-13T20:40:00,
ATH,BCN,2026/3/13,113.45,IB,PT3H10M,2026-03-13T12:05:00,2026-03-13T14:15:00,
ATH,BCN,2026/3/13,113.45,IB,PT3H20M,2026-03-13T21:25:00,2026-03-13T23:45:00,
ATH,BCN,2026/3/13,113.45,VY,PT3H10M,2026-03-13T12:05:00,2026-03-13T14:15:00,
ATH,BCN,2026/3/13,113.45,VY,PT3H20M,2026-03-13T21:25:00,2026-03-13T23:45:00,
ATH,BCN,2026/3/13,123.27,JU,PT16H15M,2026-03-13T04:30:00,2026-03-13T05:10:00,
ATH,BCN,2026/3/13,132.45,V7,PT3H15M,2026-03-13T08:10:00,2026-03-13T10:25:00,
ATH,BCN,2026/3/13,142.45,A3,PT3H15M,2026-03-13T08:10:00,2026-03-13T10:25:00,
ATH,BCN,2026/3/13,142.45,A3,PT3H15M,2026-03-13T14:55:00,2026-03-13T17:10:00,
ATH,BCN,2026/3/13,147.45,V7,PT3H15M,2026-03-13T14:55:00,2026-03-13T17:10:00,
ATH,BCN,2026/3/13,155.18,A3,PT18H10M,2026-03-13T23:45:00,2026-03-14T00:40:00,
ATH,BCN,2026/3/14,113.45,IB,PT3H10M,2026-03-14T12:05:00,2026-03-14T14:15:00,
ATH,BCN,2026/3/14,113.45,IB,PT3H20M,2026-03-14T21:55:00,2026-03-15T00:15:00,
ATH,BCN,2026/3/14,113.45,VY,PT3H10M,2026-03-14T12:05:00,2026-03-14T14:15:00,
ATH,BCN,2026/3/14,113.45,VY,PT3H20M,2026-03-14T21:55:00,2026-03-15T00:15:00,
ATH,BCN,2026/3/14,117.86,AZ,PT5H45M,2026-03-14T06:05:00,2026-03-14T07:15:00,
ATH,BCN,2026/3/14,117.86,AZ,PT10H50M,2026-03-14T06:05:00,2026-03-14T07:15:00,
ATH,BCN,2026/3/14,117.86,AZ,PT11H35M,2026-03-14T12:40:00,2026-03-14T13:50:00,
ATH,BCN,2026/3/14,125.52,AF,PT19H15M,2026-03-14T14:35:00,2026-03-14T17:10:00,
ATH,BCN,2026/3/14,132.45,V7,PT3H15M,2026-03-14T08:10:00,2026-03-14T10:25:00,
ATH,BCN,2026/3/14,132.45,V7,PT3H15M,2026-03-14T14:55:00,2026-03-14T17:10:00,
ATH,BCN,2026/3/14,138.18,AF,PT9H20M,2026-03-14T14:35:00,2026-03-14T17:10:00,
ATH,BCN,2026/3/14,142.45,A3,PT3H15M,2026-03-14T08:10:00,2026-03-14T10:25:00,
ATH,BCN,2026/3/14,142.45,A3,PT3H15M,2026-03-14T14:55:00,2026-03-14T17:10:00,
ATH,BCN,2026/3/14,155.18,A3,PT4H50M,2026-03-14T13:05:00,2026-03-14T14:00:00,
ATH,BCN,2026/3/14,155.18,A3,PT6H30M,2026-03-14T11:25:00,2026-03-14T12:20:00,
ATH,BCN,2026/3/15,93.45,VY,PT3H20M,2026-03-15T21:55:00,2026-03-16T00:15:00,
ATH,BCN,2026/3/15,101.86,AZ,PT4H50M,2026-03-15T19:25:00,2026-03-15T20:40:00,
ATH,BCN,2026/3/15,101.86,AZ,PT5H45M,2026-03-15T06:05:00,2026-03-15T07:15:00,
ATH,BCN,2026/3/15,101.86,AZ,PT10H50M,2026-03-15T06:05:00,2026-03-15T07:15:00,
ATH,BCN,2026/3/15,101.86,AZ,PT11H35M,2026-03-15T12:40:00,2026-03-15T13:50:00,
ATH,BCN,2026/3/15,101.86,AZ,PT16H25M,2026-03-15T19:25:00,2026-03-15T20:40:00,
ATH,BCN,2026/3/15,110.45,A3,PT3H15M,2026-03-15T08:10:00,2026-03-15T10:25:00,
ATH,BCN,2026/3/15,110.45,A3,PT3H15M,2026-03-15T14:55:00,2026-03-15T17:10:00,
ATH,BCN,2026/3/15,113.45,IB,PT3H10M,2026-03-15T12:05:00,2026-03-15T14:15:00,
ATH,BCN,2026/3/15,113.45,IB,PT3H20M,2026-03-15T21:55:00,2026-03-16T00:15:00,
ATH,BCN,2026/3/15,113.45,VY,PT3H10M,2026-03-15T12:05:00,2026-03-15T14:15:00,
ATH,BCN,2026/3/15,132.45,V7,PT3H15M,2026-03-15T08:10:00,2026-03-15T10:25:00,
ATH,BCN,2026/3/15,132.45,V7,PT3H15M,2026-03-15T14:55:00,2026-03-15T17:10:00,
ATH,BCN,2026/3/15,154.18,AF,PT9H20M,2026-03-15T14:35:00,2026-03-15T17:10:00,
ATH,BCN,2026/3/15,155.52,AF,PT19H15M,2026-03-15T14:35:00,2026-03-15T17:10:00,
ATH,BCN,2026/3/16,101.86,AZ,PT4H50M,2026-03-16T19:25:00,2026-03-16T20:40:00,
ATH,BCN,2026/3/16,101.86,AZ,PT5H45M,2026-03-16T06:05:00,2026-03-16T07:15:00,
ATH,BCN,2026/3/16,101.86,AZ,PT11H35M,2026-03-16T12:40:00,2026-03-16T13:50:00,
ATH,BCN,2026/3/16,101.86,AZ,PT16H25M,2026-03-16T19:25:00,2026-03-16T20:40:00,
ATH,BCN,2026/3/16,113.45,IB,PT3H10M,2026-03-16T12:05:00,2026-03-16T14:15:00,
ATH,BCN,2026/3/16,113.45,IB,PT3H20M,2026-03-16T21:55:00,2026-03-17T00:15:00,
ATH,BCN,2026/3/16,113.45,VY,PT3H10M,2026-03-16T12:05:00,2026-03-16T14:15:00,
ATH,BCN,2026/3/16,113.45,VY,PT3H20M,2026-03-16T21:55:00,2026-03-17T00:15:00,
ATH,BCN,2026/3/16,117.86,AZ,PT10H50M,2026-03-16T06:05:00,2026-03-16T07:15:00,
ATH,BCN,2026/3/16,123.27,JU,PT16H15M,2026-03-16T04:30:00,2026-03-16T05:10:00,
ATH,BCN,2026/3/16,132.45,V7,PT3H15M,2026-03-16T08:10:00,2026-03-16T10:25:00,
ATH,BCN,2026/3/16,132.45,V7,PT3H15M,2026-03-16T14:55:00,2026-03-16T17:10:00,
ATH,BCN,2026/3/16,152.19,AF,PT10H20M,2026-03-16T13:45:00,2026-03-16T16:10:00,
ATH,BCN,2026/3/16,154.18,AF,PT6H25M,2026-03-16T03:25:00,2026-03-16T06:00:00,
ATH,BCN,2026/3/16,155.18,A3,PT18H20M,2026-03-16T23:45:00,2026-03-17T00:40:00,
ATH,BCN,2026/3/17,101.86,AZ,PT4H50M,2026-03-17T19:25:00,2026-03-17T20:40:00,
ATH,BCN,2026/3/17,101.86,AZ,PT5H45M,2026-03-17T06:05:00,2026-03-17T07:15:00,
ATH,BCN,2026/3/17,101.86,AZ,PT10H50M,2026-03-17T06:05:00,2026-03-17T07:15:00,
ATH,BCN,2026/3/17,101.86,AZ,PT11H35M,2026-03-17T12:40:00,2026-03-17T13:50:00,
ATH,BCN,2026/3/17,101.86,AZ,PT16H25M,2026-03-17T19:25:00,2026-03-17T20:40:00,
ATH,BCN,2026/3/17,113.45,IB,PT3H10M,2026-03-17T12:05:00,2026-03-17T14:15:00,
ATH,BCN,2026/3/17,113.45,VY,PT3H10M,2026-03-17T12:05:00,2026-03-17T14:15:00,
ATH,BCN,2026/3/17,124.18,AF,PT6H25M,2026-03-17T03:25:00,2026-03-17T06:00:00,
ATH,BCN,2026/3/17,124.18,AF,PT8H45M,2026-03-17T03:25:00,2026-03-17T06:00:00,
ATH,BCN,2026/3/17,124.18,AF,PT9H20M,2026-03-17T14:35:00,2026-03-17T17:10:00,
ATH,BCN,2026/3/17,125.52,AF,PT19H15M,2026-03-17T14:35:00,2026-03-17T17:10:00,
ATH,BCN,2026/3/17,132.45,V7,PT3H15M,2026-03-17T08:10:00,2026-03-17T10:25:00,
ATH,BCN,2026/3/17,132.45,V7,PT3H15M,2026-03-17T14:55:00,2026-03-17T17:10:00,
ATH,BCN,2026/3/17,142.45,A3,PT3H15M,2026-03-17T08:10:00,2026-03-17T10:25:00,
ATH,BCN,2026/3/17,142.45,A3,PT3H15M,2026-03-17T14:55:00,2026-03-17T17:10:00,
ATH,BCN,2026/3/18,101.86,AZ,PT4H50M,2026-03-18T19:25:00,2026-03-18T20:40:00,
ATH,BCN,2026/3/18,101.86,AZ,PT5H45M,2026-03-18T06:05:00,2026-03-18T07:15:00,
ATH,BCN,2026/3/18,101.86,AZ,PT10H50M,2026-03-18T06:05:00,2026-03-18T07:15:00,
ATH,BCN,2026/3/18,101.86,AZ,PT11H35M,2026-03-18T12:40:00,2026-03-18T13:50:00,
ATH,BCN,2026/3/18,101.86,AZ,PT16H25M,2026-03-18T19:25:00,2026-03-18T20:40:00,
ATH,BCN,2026/3/18,113.45,IB,PT3H10M,2026-03-18T12:05:00,2026-03-18T14:15:00,
ATH,BCN,2026/3/18,113.45,VY,PT3H10M,2026-03-18T12:05:00,2026-03-18T14:15:00,
ATH,BCN,2026/3/18,132.45,V7,PT3H15M,2026-03-18T08:10:00,2026-03-18T10:25:00,
ATH,BCN,2026/3/18,132.45,V7,PT3H15M,2026-03-18T14:55:00,2026-03-18T17:10:00,
ATH,BCN,2026/3/18,142.45,A3,PT3H15M,2026-03-18T08:10:00,2026-03-18T10:25:00,
ATH,BCN,2026/3/18,142.45,A3,PT3H15M,2026-03-18T14:55:00,2026-03-18T17:10:00,
ATH,BCN,2026/3/18,169.19,AF,PT6H20M,2026-03-18T13:45:00,2026-03-18T16:10:00,
ATH,BCN,2026/3/18,169.19,AF,PT6H45M,2026-03-18T17:20:00,2026-03-18T19:55:00,
ATH,BCN,2026/3/18,169.19,AF,PT10H20M,2026-03-18T13:45:00,2026-03-18T16:10:00,
ATH,BCN,2026/3/18,169.19,AF,PT18H5M,2026-03-18T17:20:00,2026-03-18T19:55:00,
ATH,BCN,2026/3/19,93.45,VY,PT3H10M,2026-03-19T12:05:00,2026-03-19T14:15:00,
ATH,BCN,2026/3/19,101.86,AZ,PT4H50M,2026-03-19T19:25:00,2026-03-19T20:40:00,
ATH,BCN,2026/3/19,101.86,AZ,PT11H35M,2026-03-19T12:40:00,2026-03-19T13:50:00,
ATH,BCN,2026/3/19,101.86,AZ,PT16H25M,2026-03-19T19:25:00,2026-03-19T20:40:00,
ATH,BCN,2026/3/19,101.86,AZ,PT5H45M,2026-03-19T06:05:00,2026-03-19T07:15:00,
ATH,BCN,2026/3/19,101.86,AZ,PT10H50M,2026-03-19T06:05:00,2026-03-19T07:15:00,
ATH,BCN,2026/3/19,113.45,IB,PT3H10M,2026-03-19T12:05:00,2026-03-19T14:15:00,
ATH,BCN,2026/3/19,113.45,IB,PT3H20M,2026-03-19T21:55:00,2026-03-20T00:15:00,
ATH,BCN,2026/3/19,113.45,VY,PT3H20M,2026-03-19T21:55:00,2026-03-20T00:15:00,
ATH,BCN,2026/3/19,132.45,V7,PT3H15M,2026-03-19T08:10:00,2026-03-19T10:25:00,
ATH,BCN,2026/3/19,132.45,V7,PT3H15M,2026-03-19T14:55:00,2026-03-19T17:10:00,
ATH,BCN,2026/3/19,139.6,LO,PT22H40M,2026-03-19T20:05:00,2026-03-19T21:40:00,
ATH,BCN,2026/3/19,142.45,A3,PT3H15M,2026-03-19T08:10:00,2026-03-19T10:25:00,
ATH,BCN,2026/3/19,142.45,A3,PT3H15M,2026-03-19T14:55:00,2026-03-19T17:10:00,
ATH,BCN,2026/3/19,143.27,JU,PT17H40M,2026-03-19T16:25:00,2026-03-19T17:05:00,
IST,BCN,2026/2/18,102.05,PC,PT3H40M,2026-02-18T13:05:00,2026-02-18T14:45:00,
IST,BCN,2026/2/18,113.68,VF,PT8H40M,2026-02-18T05:50:00,2026-02-18T06:55:00,
IST,BCN,2026/2/18,113.68,VF,PT11H30M,2026-02-18T03:00:00,2026-02-18T04:05:00,
IST,BCN,2026/2/18,117.05,PC,PT3H40M,2026-02-18T10:05:00,2026-02-18T11:45:00,
IST,BCN,2026/2/18,138.61,RJ,PT19H5M,2026-02-18T22:10:00,2026-02-19T00:45:00,
IST,BCN,2026/2/18,153,IB,PT3H40M,2026-02-18T19:20:00,2026-02-18T21:00:00,
IST,BCN,2026/2/18,153,VY,PT3H40M,2026-02-18T19:20:00,2026-02-18T21:00:00,
IST,BCN,2026/2/18,161.48,LO,PT11H55M,2026-02-18T07:50:00,2026-02-18T08:25:00,
IST,BCN,2026/2/18,161.72,A3,PT7H35M,2026-02-18T11:35:00,2026-02-18T12:00:00,
IST,BCN,2026/2/18,186.51,JU,PT18H25M,2026-02-18T16:40:00,2026-02-18T16:20:00,
IST,BCN,2026/2/18,193.37,UX,PT25H20M,2026-02-18T17:15:00,2026-02-18T19:30:00,
IST,BCN,2026/2/18,204.59,TK,PT3H45M,2026-02-18T09:00:00,2026-02-18T10:45:00,
IST,BCN,2026/2/18,214.51,JU,PT5H5M,2026-02-18T16:40:00,2026-02-18T16:20:00,
IST,BCN,2026/2/18,229.33,AF,PT8H20M,2026-02-18T04:50:00,2026-02-18T06:35:00,
IST,BCN,2026/2/18,229.33,AF,PT11H10M,2026-02-18T04:50:00,2026-02-18T06:35:00,
IST,BCN,2026/2/19,113.68,VF,PT17H15M,2026-02-19T21:15:00,2026-02-19T22:20:00,
IST,BCN,2026/2/19,113.68,VF,PT21H15M,2026-02-19T17:15:00,2026-02-19T18:20:00,
IST,BCN,2026/2/19,132,5F,PT25H10M,2026-02-19T18:20:00,2026-02-19T18:50:00,
IST,BCN,2026/2/19,135.05,PC,PT3H40M,2026-02-19T10:05:00,2026-02-19T11:45:00,
IST,BCN,2026/2/19,153,IB,PT3H40M,2026-02-19T19:20:00,2026-02-19T21:00:00,
IST,BCN,2026/2/19,153,VY,PT3H40M,2026-02-19T19:20:00,2026-02-19T21:00:00,
IST,BCN,2026/2/19,161.48,LO,PT25H15M,2026-02-19T18:30:00,2026-02-19T19:05:00,
IST,BCN,2026/2/19,161.51,JU,PT28H10M,2026-02-19T17:35:00,2026-02-19T17:15:00,
IST,BCN,2026/2/19,161.72,A3,PT7H35M,2026-02-19T11:35:00,2026-02-19T12:00:00,
IST,BCN,2026/2/19,188.72,A3,PT14H25M,2026-02-19T22:00:00,2026-02-19T22:25:00,
IST,BCN,2026/2/19,193.37,UX,PT25H20M,2026-02-19T17:15:00,2026-02-19T19:30:00,
IST,BCN,2026/2/19,214.51,JU,PT5H45M,2026-02-19T05:20:00,2026-02-19T05:45:00,
IST,BCN,2026/2/19,229.33,AF,PT8H20M,2026-02-19T04:50:00,2026-02-19T06:35:00,
IST,BCN,2026/2/19,229.33,AF,PT11H10M,2026-02-19T04:50:00,2026-02-19T06:35:00,
IST,BCN,2026/2/19,245.51,JU,PT15H25M,2026-02-19T19:40:00,2026-02-19T19:25:00,
IST,BCN,2026/2/20,113.68,VF,PT8H40M,2026-02-20T05:50:00,2026-02-20T06:55:00,
IST,BCN,2026/2/20,113.68,VF,PT13H30M,2026-02-20T01:00:00,2026-02-20T02:05:00,
IST,BCN,2026/2/20,117.05,PC,PT3H40M,2026-02-20T13:05:00,2026-02-20T14:45:00,
IST,BCN,2026/2/20,132,5F,PT8H50M,2026-02-20T10:40:00,2026-02-20T11:10:00,
IST,BCN,2026/2/20,135.05,PC,PT3H40M,2026-02-20T10:05:00,2026-02-20T11:45:00,
IST,BCN,2026/2/20,153,IB,PT3H40M,2026-02-20T19:20:00,2026-02-20T21:00:00,
IST,BCN,2026/2/20,153,VY,PT3H40M,2026-02-20T19:20:00,2026-02-20T21:00:00,
IST,BCN,2026/2/20,161.48,LO,PT11H55M,2026-02-20T07:50:00,2026-02-20T08:25:00,
IST,BCN,2026/2/20,161.51,JU,PT5H5M,2026-02-20T16:40:00,2026-02-20T16:20:00,
IST,BCN,2026/2/20,161.51,JU,PT5H45M,2026-02-20T05:20:00,2026-02-20T05:45:00,
IST,BCN,2026/2/20,161.72,A3,PT14H25M,2026-02-20T22:00:00,2026-02-20T22:25:00,
IST,BCN,2026/2/20,193.37,UX,PT25H20M,2026-02-20T17:15:00,2026-02-20T19:30:00,
IST,BCN,2026/2/20,219.72,A3,PT7H35M,2026-02-20T11:35:00,2026-02-20T12:00:00,
IST,BCN,2026/2/20,245.51,JU,PT7H10M,2026-02-20T14:35:00,2026-02-20T14:25:00,
IST,BCN,2026/2/20,245.51,JU,PT15H25M,2026-02-20T19:40:00,2026-02-20T19:25:00,
IST,BCN,2026/2/21,113.68,VF,PT9H,2026-02-21T05:30:00,2026-02-21T06:35:00,
IST,BCN,2026/2/21,135.05,PC,PT3H40M,2026-02-21T10:05:00,2026-02-21T11:45:00,
IST,BCN,2026/2/21,138.61,RJ,PT19H5M,2026-02-21T22:10:00,2026-02-22T00:45:00,
IST,BCN,2026/2/21,153,IB,PT3H40M,2026-02-21T19:20:00,2026-02-21T21:00:00,
IST,BCN,2026/2/21,153,VY,PT3H40M,2026-02-21T19:20:00,2026-02-21T21:00:00,
IST,BCN,2026/2/21,161.48,LO,PT25H15M,2026-02-21T18:30:00,2026-02-21T19:05:00,
IST,BCN,2026/2/21,161.51,JU,PT5H35M,2026-02-21T05:30:00,2026-02-21T05:10:00,
IST,BCN,2026/2/21,161.51,JU,PT28H10M,2026-02-21T17:35:00,2026-02-21T17:15:00,
IST,BCN,2026/2/21,161.72,A3,PT7H35M,2026-02-21T11:35:00,2026-02-21T12:00:00,
IST,BCN,2026/2/21,161.72,A3,PT14H25M,2026-02-21T22:00:00,2026-02-21T22:25:00,
IST,BCN,2026/2/21,193.37,UX,PT25H20M,2026-02-21T17:15:00,2026-02-21T19:30:00,
IST,BCN,2026/2/21,245.51,JU,PT26H5M,2026-02-21T19:40:00,2026-02-21T19:25:00,
IST,BCN,2026/2/21,248.72,A3,PT7H20M,2026-02-21T11:50:00,2026-02-21T12:20:00,
IST,BCN,2026/2/21,248.72,A3,PT16H5M,2026-02-21T20:20:00,2026-02-21T20:50:00,
IST,BCN,2026/2/21,256.2,A3,PT10H35M,2026-02-21T08:20:00,2026-02-21T08:40:00,
IST,BCN,2026/2/22,113.68,VF,PT17H40M,2026-02-22T20:50:00,2026-02-22T21:55:00,
IST,BCN,2026/2/22,113.68,VF,PT20H25M,2026-02-22T18:05:00,2026-02-22T19:10:00,
IST,BCN,2026/2/22,117.05,PC,PT3H40M,2026-02-22T10:05:00,2026-02-22T11:45:00,
IST,BCN,2026/2/22,153,IB,PT3H40M,2026-02-22T19:20:00,2026-02-22T21:00:00,
IST,BCN,2026/2/22,153,VY,PT3H40M,2026-02-22T19:20:00,2026-02-22T21:00:00,
IST,BCN,2026/2/22,161.72,A3,PT7H35M,2026-02-22T11:35:00,2026-02-22T12:00:00,
IST,BCN,2026/2/22,185.85,UX,PT17H40M,2026-02-22T17:15:00,2026-02-22T19:30:00,
IST,BCN,2026/2/22,186.51,JU,PT5H5M,2026-02-22T16:40:00,2026-02-22T16:20:00,
IST,BCN,2026/2/22,188.72,A3,PT14H25M,2026-02-22T22:00:00,2026-02-22T22:25:00,
IST,BCN,2026/2/22,193.37,UX,PT25H20M,2026-02-22T17:15:00,2026-02-22T19:30:00,
IST,BCN,2026/2/22,196.48,LO,PT11H55M,2026-02-22T07:50:00,2026-02-22T08:25:00,
IST,BCN,2026/2/22,214.51,JU,PT18H25M,2026-02-22T16:40:00,2026-02-22T16:20:00,
IST,BCN,2026/2/22,229.33,AF,PT8H20M,2026-02-22T04:50:00,2026-02-22T06:35:00,
IST,BCN,2026/2/22,229.33,AF,PT11H10M,2026-02-22T04:50:00,2026-02-22T06:35:00,
IST,BCN,2026/2/22,245.51,JU,PT7H10M,2026-02-22T14:35:00,2026-02-22T14:25:00,
IST,BCN,2026/2/23,102.05,PC,PT3H40M,2026-02-23T10:05:00,2026-02-23T11:45:00,
IST,BCN,2026/2/23,113.68,VF,PT7H15M,2026-02-23T07:15:00,2026-02-23T08:20:00,
IST,BCN,2026/2/23,117.05,PC,PT3H40M,2026-02-23T13:05:00,2026-02-23T14:45:00,
IST,BCN,2026/2/23,132,5F,PT27H50M,2026-02-23T10:40:00,2026-02-23T11:10:00,
IST,BCN,2026/2/23,153,IB,PT3H40M,2026-02-23T19:20:00,2026-02-23T21:00:00,
IST,BCN,2026/2/23,153,VY,PT3H40M,2026-02-23T19:20:00,2026-02-23T21:00:00,
IST,BCN,2026/2/23,161.48,LO,PT11H55M,2026-02-23T07:50:00,2026-02-23T08:25:00,
IST,BCN,2026/2/23,161.51,JU,PT5H5M,2026-02-23T16:40:00,2026-02-23T16:20:00,
IST,BCN,2026/2/23,161.51,JU,PT5H35M,2026-02-23T05:30:00,2026-02-23T05:10:00,
IST,BCN,2026/2/23,161.72,A3,PT7H35M,2026-02-23T11:35:00,2026-02-23T12:00:00,
IST,BCN,2026/2/23,161.72,A3,PT14H25M,2026-02-23T22:00:00,2026-02-23T22:25:00,
IST,BCN,2026/2/23,185.85,UX,PT17H40M,2026-02-23T17:15:00,2026-02-23T19:30:00,
IST,BCN,2026/2/23,193.37,UX,PT25H20M,2026-02-23T17:15:00,2026-02-23T19:30:00,
IST,BCN,2026/2/23,229.33,AF,PT8H20M,2026-02-23T04:50:00,2026-02-23T06:35:00,
IST,BCN,2026/2/23,229.33,AF,PT11H10M,2026-02-23T04:50:00,2026-02-23T06:35:00,
IST,BCN,2026/2/24,113.68,VF,PT17H,2026-02-24T21:30:00,2026-02-24T22:35:00,
IST,BCN,2026/2/24,113.68,VF,PT20H40M,2026-02-24T17:50:00,2026-02-24T18:55:00,
IST,BCN,2026/2/24,117.05,PC,PT3H40M,2026-02-24T10:05:00,2026-02-24T11:45:00,
IST,BCN,2026/2/24,153,IB,PT3H40M,2026-02-24T19:20:00,2026-02-24T21:00:00,
IST,BCN,2026/2/24,153,VY,PT3H40M,2026-02-24T19:20:00,2026-02-24T21:00:00,
IST,BCN,2026/2/24,161.48,LO,PT25H15M,2026-02-24T18:30:00,2026-02-24T19:05:00,
IST,BCN,2026/2/24,161.51,JU,PT28H10M,2026-02-24T17:35:00,2026-02-24T17:15:00,
IST,BCN,2026/2/24,161.72,A3,PT7H35M,2026-02-24T11:35:00,2026-02-24T12:00:00,
IST,BCN,2026/2/24,185.85,UX,PT17H40M,2026-02-24T17:15:00,2026-02-24T19:30:00,
IST,BCN,2026/2/24,193.37,UX,PT25H20M,2026-02-24T17:15:00,2026-02-24T19:30:00,
IST,BCN,2026/2/24,229.33,AF,PT8H20M,2026-02-24T04:50:00,2026-02-24T06:35:00,
IST,BCN,2026/2/24,229.33,AF,PT11H10M,2026-02-24T04:50:00,2026-02-24T06:35:00,
IST,BCN,2026/2/24,245.51,JU,PT5H45M,2026-02-24T05:20:00,2026-02-24T05:45:00,
IST,BCN,2026/2/24,245.51,JU,PT26H5M,2026-02-24T19:40:00,2026-02-24T19:25:00,
IST,BCN,2026/2/24,248.72,A3,PT7H20M,2026-02-24T11:50:00,2026-02-24T12:20:00,
IST,BCN,2026/2/25,102.05,PC,PT3H40M,2026-02-25T10:05:00,2026-02-25T11:45:00,
IST,BCN,2026/2/25,102.05,PC,PT3H40M,2026-02-25T13:05:00,2026-02-25T14:45:00,
IST,BCN,2026/2/25,113.68,VF,PT8H40M,2026-02-25T05:50:00,2026-02-25T06:55:00,
IST,BCN,2026/2/25,113.68,VF,PT11H30M,2026-02-25T03:00:00,2026-02-25T04:05:00,
IST,BCN,2026/2/25,153,IB,PT3H40M,2026-02-25T19:20:00,2026-02-25T21:00:00,
IST,BCN,2026/2/25,153,VY,PT3H40M,2026-02-25T19:20:00,2026-02-25T21:00:00,
IST,BCN,2026/2/25,161.48,LO,PT11H55M,2026-02-25T07:50:00,2026-02-25T08:25:00,
IST,BCN,2026/2/25,161.72,A3,PT7H35M,2026-02-25T11:35:00,2026-02-25T12:00:00,
IST,BCN,2026/2/25,161.72,A3,PT14H25M,2026-02-25T22:00:00,2026-02-25T22:25:00,
IST,BCN,2026/2/25,186.51,JU,PT18H25M,2026-02-25T16:40:00,2026-02-25T16:20:00,
IST,BCN,2026/2/25,193.37,UX,PT25H20M,2026-02-25T17:15:00,2026-02-25T19:30:00,
IST,BCN,2026/2/25,214.51,JU,PT5H5M,2026-02-25T16:40:00,2026-02-25T16:20:00,
IST,BCN,2026/2/25,229.33,AF,PT8H20M,2026-02-25T04:50:00,2026-02-25T06:35:00,
IST,BCN,2026/2/25,229.33,AF,PT11H10M,2026-02-25T04:50:00,2026-02-25T06:35:00,
IST,BCN,2026/2/25,245.51,JU,PT7H10M,2026-02-25T14:35:00,2026-02-25T14:25:00,
IST,BCN,2026/2/26,102.05,PC,PT3H40M,2026-02-26T10:05:00,2026-02-26T11:45:00,
IST,BCN,2026/2/26,113.68,VF,PT17H15M,2026-02-26T21:15:00,2026-02-26T22:20:00,
IST,BCN,2026/2/26,113.68,VF,PT21H15M,2026-02-26T17:15:00,2026-02-26T18:20:00,
IST,BCN,2026/2/26,153,IB,PT3H40M,2026-02-26T19:20:00,2026-02-26T21:00:00,
IST,BCN,2026/2/26,153,VY,PT3H40M,2026-02-26T19:20:00,2026-02-26T21:00:00,
IST,BCN,2026/2/26,161.48,LO,PT25H15M,2026-02-26T18:30:00,2026-02-26T19:05:00,
IST,BCN,2026/2/26,161.51,JU,PT28H10M,2026-02-26T17:35:00,2026-02-26T17:15:00,
IST,BCN,2026/2/26,161.72,A3,PT7H35M,2026-02-26T11:35:00,2026-02-26T12:00:00,
IST,BCN,2026/2/26,161.72,A3,PT14H25M,2026-02-26T22:00:00,2026-02-26T22:25:00,
IST,BCN,2026/2/26,167,5F,PT25H10M,2026-02-26T18:20:00,2026-02-26T18:50:00,
IST,BCN,2026/2/26,193.37,UX,PT25H20M,2026-02-26T17:15:00,2026-02-26T19:30:00,
IST,BCN,2026/2/26,214.51,JU,PT5H45M,2026-02-26T05:20:00,2026-02-26T05:45:00,
IST,BCN,2026/2/26,229.33,AF,PT8H20M,2026-02-26T04:50:00,2026-02-26T06:35:00,
IST,BCN,2026/2/26,229.33,AF,PT11H10M,2026-02-26T04:50:00,2026-02-26T06:35:00,
IST,BCN,2026/2/26,245.51,JU,PT15H25M,2026-02-26T19:40:00,2026-02-26T19:25:00,
IST,BCN,2026/2/27,102.05,PC,PT3H40M,2026-02-27T13:05:00,2026-02-27T14:45:00,
IST,BCN,2026/2/27,113.68,VF,PT8H40M,2026-02-27T05:50:00,2026-02-27T06:55:00,
IST,BCN,2026/2/27,113.68,VF,PT13H30M,2026-02-27T01:00:00,2026-02-27T02:05:00,
IST,BCN,2026/2/27,117.05,PC,PT3H40M,2026-02-27T10:05:00,2026-02-27T11:45:00,
IST,BCN,2026/2/27,153,IB,PT3H40M,2026-02-27T19:20:00,2026-02-27T21:00:00,
IST,BCN,2026/2/27,153,VY,PT3H40M,2026-02-27T19:20:00,2026-02-27T21:00:00,
IST,BCN,2026/2/27,161.48,LO,PT11H55M,2026-02-27T07:50:00,2026-02-27T08:25:00,
IST,BCN,2026/2/27,161.51,JU,PT5H5M,2026-02-27T16:40:00,2026-02-27T16:20:00,
IST,BCN,2026/2/27,161.51,JU,PT5H45M,2026-02-27T05:20:00,2026-02-27T05:45:00,
IST,BCN,2026/2/27,161.72,A3,PT7H35M,2026-02-27T11:35:00,2026-02-27T12:00:00,
IST,BCN,2026/2/27,161.72,A3,PT14H25M,2026-02-27T22:00:00,2026-02-27T22:25:00,
IST,BCN,2026/2/27,167,5F,PT8H50M,2026-02-27T10:40:00,2026-02-27T11:10:00,
IST,BCN,2026/2/27,193.37,UX,PT25H20M,2026-02-27T17:15:00,2026-02-27T19:30:00,
IST,BCN,2026/2/27,196.85,UX,PT17H40M,2026-02-27T17:15:00,2026-02-27T19:30:00,
IST,BCN,2026/2/27,209.34,AF,PT7H10M,2026-02-27T17:55:00,2026-02-27T19:35:00,
IST,BCN,2026/2/28,113.68,VF,PT9H,2026-02-28T05:30:00,2026-02-28T06:35:00,
IST,BCN,2026/2/28,117.05,PC,PT3H40M,2026-02-28T10:05:00,2026-02-28T11:45:00,
IST,BCN,2026/2/28,138.61,RJ,PT19H5M,2026-02-28T22:10:00,2026-03-01T00:45:00,
IST,BCN,2026/2/28,153,IB,PT3H40M,2026-02-28T19:20:00,2026-02-28T21:00:00,
IST,BCN,2026/2/28,153,VY,PT3H40M,2026-02-28T19:20:00,2026-02-28T21:00:00,
IST,BCN,2026/2/28,161.48,LO,PT25H15M,2026-02-28T18:30:00,2026-02-28T19:05:00,
IST,BCN,2026/2/28,161.51,JU,PT5H35M,2026-02-28T05:30:00,2026-02-28T05:10:00,
IST,BCN,2026/2/28,161.51,JU,PT28H10M,2026-02-28T17:35:00,2026-02-28T17:15:00,
IST,BCN,2026/2/28,161.72,A3,PT7H35M,2026-02-28T11:35:00,2026-02-28T12:00:00,
IST,BCN,2026/2/28,161.72,A3,PT14H25M,2026-02-28T22:00:00,2026-02-28T22:25:00,
IST,BCN,2026/2/28,186.57,UX,PT17H40M,2026-02-28T17:15:00,2026-02-28T19:30:00,
IST,BCN,2026/2/28,209.34,AF,PT18H30M,2026-02-28T17:55:00,2026-02-28T19:35:00,
IST,BCN,2026/2/28,209.34,AF,PT20H20M,2026-02-28T17:55:00,2026-02-28T19:35:00,
IST,BCN,2026/2/28,235.74,LH,PT6H20M,2026-02-28T19:00:00,2026-02-28T20:10:00,
IST,BCN,2026/2/28,235.74,LH,PT7H45M,2026-02-28T06:30:00,2026-02-28T07:40:00,
IST,BCN,2026/3/1,113.68,VF,PT17H40M,2026-03-01T20:50:00,2026-03-01T21:55:00,
IST,BCN,2026/3/1,113.68,VF,PT20H25M,2026-03-01T18:05:00,2026-03-01T19:10:00,
IST,BCN,2026/3/1,153,IB,PT3H40M,2026-03-01T19:20:00,2026-03-01T21:00:00,
IST,BCN,2026/3/1,153,VY,PT3H40M,2026-03-01T19:20:00,2026-03-01T21:00:00,
IST,BCN,2026/3/1,161.48,LO,PT11H55M,2026-03-01T07:50:00,2026-03-01T08:25:00,
IST,BCN,2026/3/1,161.51,JU,PT18H25M,2026-03-01T16:40:00,2026-03-01T16:20:00,
IST,BCN,2026/3/1,161.72,A3,PT7H35M,2026-03-01T11:35:00,2026-03-01T12:00:00,
IST,BCN,2026/3/1,186.51,JU,PT5H5M,2026-03-01T16:40:00,2026-03-01T16:20:00,
IST,BCN,2026/3/1,186.57,UX,PT17H40M,2026-03-01T17:15:00,2026-03-01T19:30:00,
IST,BCN,2026/3/1,187.01,PC,PT3H40M,2026-03-01T10:05:00,2026-03-01T11:45:00,
IST,BCN,2026/3/1,194.53,UX,PT25H20M,2026-03-01T17:15:00,2026-03-01T19:30:00,
IST,BCN,2026/3/1,209.34,AF,PT7H10M,2026-03-01T17:55:00,2026-03-01T19:35:00,
IST,BCN,2026/3/1,209.34,AF,PT18H30M,2026-03-01T17:55:00,2026-03-01T19:35:00,
IST,BCN,2026/3/1,219.72,A3,PT14H25M,2026-03-01T22:00:00,2026-03-01T22:25:00,
IST,BCN,2026/3/1,235.74,LH,PT6H20M,2026-03-01T19:00:00,2026-03-01T20:10:00,
IST,BCN,2026/3/2,107,5F,PT27H50M,2026-03-02T10:40:00,2026-03-02T11:10:00,
IST,BCN,2026/3/2,113.68,VF,PT8H15M,2026-03-02T06:15:00,2026-03-02T07:20:00,
IST,BCN,2026/3/2,117.05,PC,PT3H40M,2026-03-02T13:05:00,2026-03-02T14:45:00,
IST,BCN,2026/3/2,135.05,PC,PT3H40M,2026-03-02T10:05:00,2026-03-02T11:45:00,
IST,BCN,2026/3/2,153,IB,PT3H40M,2026-03-02T19:20:00,2026-03-02T21:00:00,
IST,BCN,2026/3/2,153,VY,PT3H40M,2026-03-02T19:20:00,2026-03-02T21:00:00,
IST,BCN,2026/3/2,161.48,LO,PT11H55M,2026-03-02T07:50:00,2026-03-02T08:25:00,
IST,BCN,2026/3/2,161.51,JU,PT5H5M,2026-03-02T16:40:00,2026-03-02T16:20:00,
IST,BCN,2026/3/2,161.51,JU,PT5H35M,2026-03-02T05:30:00,2026-03-02T05:10:00,
IST,BCN,2026/3/2,161.72,A3,PT7H35M,2026-03-02T11:35:00,2026-03-02T12:00:00,
IST,BCN,2026/3/2,186.57,UX,PT17H40M,2026-03-02T17:15:00,2026-03-02T19:30:00,
IST,BCN,2026/3/2,188.72,A3,PT14H25M,2026-03-02T22:00:00,2026-03-02T22:25:00,
IST,BCN,2026/3/2,209.34,AF,PT7H10M,2026-03-02T17:55:00,2026-03-02T19:35:00,
IST,BCN,2026/3/2,209.34,AF,PT18H30M,2026-03-02T17:55:00,2026-03-02T19:35:00,
IST,BCN,2026/3/2,235.74,LH,PT6H20M,2026-03-02T19:00:00,2026-03-02T20:10:00,
IST,BCN,2026/3/3,113.68,VF,PT17H,2026-03-03T21:30:00,2026-03-03T22:35:00,
IST,BCN,2026/3/3,113.68,VF,PT20H40M,2026-03-03T17:50:00,2026-03-03T18:55:00,
IST,BCN,2026/3/3,135.05,PC,PT3H40M,2026-03-03T10:05:00,2026-03-03T11:45:00,
IST,BCN,2026/3/3,153,IB,PT3H40M,2026-03-03T19:20:00,2026-03-03T21:00:00,
IST,BCN,2026/3/3,153,VY,PT3H40M,2026-03-03T19:20:00,2026-03-03T21:00:00,
IST,BCN,2026/3/3,161.72,A3,PT7H35M,2026-03-03T11:35:00,2026-03-03T12:00:00,
IST,BCN,2026/3/3,161.72,A3,PT14H25M,2026-03-03T22:00:00,2026-03-03T22:25:00,
IST,BCN,2026/3/3,209.34,AF,PT7H10M,2026-03-03T17:55:00,2026-03-03T19:35:00,
IST,BCN,2026/3/3,209.34,AF,PT18H30M,2026-03-03T17:55:00,2026-03-03T19:35:00,
IST,BCN,2026/3/3,227.59,TK,PT3H50M,2026-03-03T22:00:00,2026-03-03T23:50:00,
IST,BCN,2026/3/3,229.33,AF,PT8H20M,2026-03-03T04:50:00,2026-03-03T06:35:00,
IST,BCN,2026/3/3,229.33,AF,PT11H10M,2026-03-03T04:50:00,2026-03-03T06:35:00,
IST,BCN,2026/3/3,235.74,LH,PT6H20M,2026-03-03T19:00:00,2026-03-03T20:10:00,
IST,BCN,2026/3/3,235.74,LH,PT7H30M,2026-03-03T06:30:00,2026-03-03T07:40:00,
IST,BCN,2026/3/3,235.74,LH,PT8H30M,2026-03-03T06:30:00,2026-03-03T07:40:00,
IST,BCN,2026/3/4,113.68,VF,PT8H40M,2026-03-04T05:50:00,2026-03-04T06:55:00,
IST,BCN,2026/3/4,113.68,VF,PT11H30M,2026-03-04T03:00:00,2026-03-04T04:05:00,
IST,BCN,2026/3/4,135.05,PC,PT3H40M,2026-03-04T10:05:00,2026-03-04T11:45:00,
IST,BCN,2026/3/4,135.05,PC,PT3H40M,2026-03-04T13:05:00,2026-03-04T14:45:00,
IST,BCN,2026/3/4,138.61,RJ,PT19H5M,2026-03-04T22:10:00,2026-03-05T00:45:00,
IST,BCN,2026/3/4,147.33,AF,PT8H20M,2026-03-04T04:50:00,2026-03-04T06:35:00,
IST,BCN,2026/3/4,147.33,AF,PT11H10M,2026-03-04T04:50:00,2026-03-04T06:35:00,
IST,BCN,2026/3/4,153,IB,PT3H40M,2026-03-04T19:20:00,2026-03-04T21:00:00,
IST,BCN,2026/3/4,153,VY,PT3H40M,2026-03-04T19:20:00,2026-03-04T21:00:00,
IST,BCN,2026/3/4,161.48,LO,PT11H55M,2026-03-04T07:50:00,2026-03-04T08:25:00,
IST,BCN,2026/3/4,161.72,A3,PT7H35M,2026-03-04T11:35:00,2026-03-04T12:00:00,
IST,BCN,2026/3/4,161.72,A3,PT14H25M,2026-03-04T22:00:00,2026-03-04T22:25:00,
IST,BCN,2026/3/4,187.34,AF,PT7H10M,2026-03-04T17:55:00,2026-03-04T19:35:00,
IST,BCN,2026/3/4,187.34,AF,PT18H30M,2026-03-04T17:55:00,2026-03-04T19:35:00,
IST,BCN,2026/3/4,194.53,UX,PT25H20M,2026-03-04T17:15:00,2026-03-04T19:30:00,
IST,BCN,2026/3/5,107,5F,PT25H10M,2026-03-05T18:20:00,2026-03-05T18:50:00,
IST,BCN,2026/3/5,113.68,VF,PT17H15M,2026-03-05T21:15:00,2026-03-05T22:20:00,
IST,BCN,2026/3/5,113.68,VF,PT21H15M,2026-03-05T17:15:00,2026-03-05T18:20:00,
IST,BCN,2026/3/5,135.05,PC,PT3H40M,2026-03-05T10:05:00,2026-03-05T11:45:00,
IST,BCN,2026/3/5,147.33,AF,PT8H20M,2026-03-05T04:50:00,2026-03-05T06:35:00,
IST,BCN,2026/3/5,147.33,AF,PT11H10M,2026-03-05T04:50:00,2026-03-05T06:35:00,
IST,BCN,2026/3/5,153,IB,PT3H40M,2026-03-05T19:20:00,2026-03-05T21:00:00,
IST,BCN,2026/3/5,153,VY,PT3H40M,2026-03-05T19:20:00,2026-03-05T21:00:00,
IST,BCN,2026/3/5,161.48,LO,PT25H15M,2026-03-05T18:30:00,2026-03-05T19:05:00,
IST,BCN,2026/3/5,161.51,JU,PT28H10M,2026-03-05T17:35:00,2026-03-05T17:15:00,
IST,BCN,2026/3/5,161.72,A3,PT7H35M,2026-03-05T11:35:00,2026-03-05T12:00:00,
IST,BCN,2026/3/5,161.72,A3,PT14H25M,2026-03-05T22:00:00,2026-03-05T22:25:00,
IST,BCN,2026/3/5,187.34,AF,PT7H10M,2026-03-05T17:55:00,2026-03-05T19:35:00,
IST,BCN,2026/3/5,187.34,AF,PT18H30M,2026-03-05T17:55:00,2026-03-05T19:35:00,
IST,BCN,2026/3/5,194.53,UX,PT25H20M,2026-03-05T17:15:00,2026-03-05T19:30:00,
IST,BCN,2026/3/6,102.05,PC,PT3H40M,2026-03-06T13:05:00,2026-03-06T14:45:00,
IST,BCN,2026/3/6,107,5F,PT8H50M,2026-03-06T10:40:00,2026-03-06T11:10:00,
IST,BCN,2026/3/6,113.68,VF,PT8H40M,2026-03-06T05:50:00,2026-03-06T06:55:00,
IST,BCN,2026/3/6,113.68,VF,PT13H30M,2026-03-06T01:00:00,2026-03-06T02:05:00,
IST,BCN,2026/3/6,135.05,PC,PT3H40M,2026-03-06T10:05:00,2026-03-06T11:45:00,
IST,BCN,2026/3/6,147.33,AF,PT11H10M,2026-03-06T04:50:00,2026-03-06T06:35:00,
IST,BCN,2026/3/6,153,IB,PT3H40M,2026-03-06T19:20:00,2026-03-06T21:00:00,
IST,BCN,2026/3/6,153,VY,PT3H40M,2026-03-06T19:20:00,2026-03-06T21:00:00,
IST,BCN,2026/3/6,161.48,LO,PT11H55M,2026-03-06T07:50:00,2026-03-06T08:25:00,
IST,BCN,2026/3/6,161.51,JU,PT5H5M,2026-03-06T16:40:00,2026-03-06T16:20:00,
IST,BCN,2026/3/6,161.51,JU,PT5H45M,2026-03-06T05:20:00,2026-03-06T05:45:00,
IST,BCN,2026/3/6,161.72,A3,PT5H55M,2026-03-06T06:30:00,2026-03-06T07:00:00,
IST,BCN,2026/3/6,161.72,A3,PT14H25M,2026-03-06T22:00:00,2026-03-06T22:25:00,
IST,BCN,2026/3/6,164.33,AF,PT8H20M,2026-03-06T04:50:00,2026-03-06T06:35:00,
IST,BCN,2026/3/6,187.34,AF,PT7H10M,2026-03-06T17:55:00,2026-03-06T19:35:00,
IST,BCN,2026/3/7,113.68,VF,PT9H,2026-03-07T05:30:00,2026-03-07T06:35:00,
IST,BCN,2026/3/7,135.05,PC,PT3H40M,2026-03-07T10:05:00,2026-03-07T11:45:00,
IST,BCN,2026/3/7,138.61,RJ,PT19H5M,2026-03-07T22:10:00,2026-03-08T00:45:00,
IST,BCN,2026/3/7,147.33,AF,PT8H20M,2026-03-07T04:50:00,2026-03-07T06:35:00,
IST,BCN,2026/3/7,147.33,AF,PT11H10M,2026-03-07T04:50:00,2026-03-07T06:35:00,
IST,BCN,2026/3/7,153,IB,PT3H40M,2026-03-07T19:20:00,2026-03-07T21:00:00,
IST,BCN,2026/3/7,153,VY,PT3H40M,2026-03-07T19:20:00,2026-03-07T21:00:00,
IST,BCN,2026/3/7,161.48,LO,PT25H15M,2026-03-07T18:30:00,2026-03-07T19:05:00,
IST,BCN,2026/3/7,161.51,JU,PT5H35M,2026-03-07T05:30:00,2026-03-07T05:10:00,
IST,BCN,2026/3/7,161.51,JU,PT28H10M,2026-03-07T17:35:00,2026-03-07T17:15:00,
IST,BCN,2026/3/7,161.72,A3,PT5H55M,2026-03-07T06:30:00,2026-03-07T07:00:00,
IST,BCN,2026/3/7,161.72,A3,PT7H35M,2026-03-07T11:35:00,2026-03-07T12:00:00,
IST,BCN,2026/3/7,161.72,A3,PT14H25M,2026-03-07T22:00:00,2026-03-07T22:25:00,
IST,BCN,2026/3/7,187.34,AF,PT18H30M,2026-03-07T17:55:00,2026-03-07T19:35:00,
IST,BCN,2026/3/7,187.34,AF,PT20H20M,2026-03-07T17:55:00,2026-03-07T19:35:00,
IST,BCN,2026/3/8,113.68,VF,PT17H40M,2026-03-08T20:50:00,2026-03-08T21:55:00,
IST,BCN,2026/3/8,113.68,VF,PT20H25M,2026-03-08T18:05:00,2026-03-08T19:10:00,
IST,BCN,2026/3/8,135.05,PC,PT3H40M,2026-03-08T10:05:00,2026-03-08T11:45:00,
IST,BCN,2026/3/8,147.33,AF,PT8H20M,2026-03-08T04:50:00,2026-03-08T06:35:00,
IST,BCN,2026/3/8,147.33,AF,PT11H10M,2026-03-08T04:50:00,2026-03-08T06:35:00,
IST,BCN,2026/3/8,153,IB,PT3H40M,2026-03-08T19:20:00,2026-03-08T21:00:00,
IST,BCN,2026/3/8,153,VY,PT3H40M,2026-03-08T19:20:00,2026-03-08T21:00:00,
IST,BCN,2026/3/8,161.48,LO,PT11H55M,2026-03-08T07:50:00,2026-03-08T08:25:00,
IST,BCN,2026/3/8,161.72,A3,PT5H55M,2026-03-08T06:30:00,2026-03-08T07:00:00,
IST,BCN,2026/3/8,161.72,A3,PT7H35M,2026-03-08T11:35:00,2026-03-08T12:00:00,
IST,BCN,2026/3/8,161.72,A3,PT14H25M,2026-03-08T22:00:00,2026-03-08T22:25:00,
IST,BCN,2026/3/8,186.51,JU,PT5H5M,2026-03-08T16:40:00,2026-03-08T16:20:00,
IST,BCN,2026/3/8,186.51,JU,PT18H25M,2026-03-08T16:40:00,2026-03-08T16:20:00,
IST,BCN,2026/3/8,187.34,AF,PT7H10M,2026-03-08T17:55:00,2026-03-08T19:35:00,
IST,BCN,2026/3/8,187.34,AF,PT18H30M,2026-03-08T17:55:00,2026-03-08T19:35:00,
IST,BCN,2026/3/9,102.05,PC,PT3H40M,2026-03-09T13:05:00,2026-03-09T14:45:00,
IST,BCN,2026/3/9,107,5F,PT27H50M,2026-03-09T10:40:00,2026-03-09T11:10:00,
IST,BCN,2026/3/9,113.68,VF,PT8H15M,2026-03-09T06:15:00,2026-03-09T07:20:00,
IST,BCN,2026/3/9,135.05,PC,PT3H40M,2026-03-09T10:05:00,2026-03-09T11:45:00,
IST,BCN,2026/3/9,147.33,AF,PT8H20M,2026-03-09T04:50:00,2026-03-09T06:35:00,
IST,BCN,2026/3/9,147.33,AF,PT11H10M,2026-03-09T04:50:00,2026-03-09T06:35:00,
IST,BCN,2026/3/9,153,IB,PT3H40M,2026-03-09T19:20:00,2026-03-09T21:00:00,
IST,BCN,2026/3/9,153,VY,PT3H40M,2026-03-09T19:20:00,2026-03-09T21:00:00,
IST,BCN,2026/3/9,161.48,LO,PT11H55M,2026-03-09T07:50:00,2026-03-09T08:25:00,
IST,BCN,2026/3/9,161.51,JU,PT5H5M,2026-03-09T16:40:00,2026-03-09T16:20:00,
IST,BCN,2026/3/9,161.51,JU,PT5H35M,2026-03-09T05:30:00,2026-03-09T05:10:00,
IST,BCN,2026/3/9,161.72,A3,PT7H35M,2026-03-09T11:35:00,2026-03-09T12:00:00,
IST,BCN,2026/3/9,161.72,A3,PT14H25M,2026-03-09T22:00:00,2026-03-09T22:25:00,
IST,BCN,2026/3/9,166.34,AF,PT7H10M,2026-03-09T17:55:00,2026-03-09T19:35:00,
IST,BCN,2026/3/9,166.34,AF,PT18H30M,2026-03-09T17:55:00,2026-03-09T19:35:00,
IST,BCN,2026/3/10,102.05,PC,PT3H40M,2026-03-10T10:05:00,2026-03-10T11:45:00,
IST,BCN,2026/3/10,113.68,VF,PT17H,2026-03-10T21:30:00,2026-03-10T22:35:00,
IST,BCN,2026/3/10,113.68,VF,PT20H40M,2026-03-10T17:50:00,2026-03-10T18:55:00,
IST,BCN,2026/3/10,147.33,AF,PT8H20M,2026-03-10T04:50:00,2026-03-10T06:35:00,
IST,BCN,2026/3/10,147.33,AF,PT11H10M,2026-03-10T04:50:00,2026-03-10T06:35:00,
IST,BCN,2026/3/10,153,IB,PT3H40M,2026-03-10T19:20:00,2026-03-10T21:00:00,
IST,BCN,2026/3/10,153,VY,PT3H40M,2026-03-10T19:20:00,2026-03-10T21:00:00,
IST,BCN,2026/3/10,161.48,LO,PT25H15M,2026-03-10T18:30:00,2026-03-10T19:05:00,
IST,BCN,2026/3/10,161.72,A3,PT7H35M,2026-03-10T11:35:00,2026-03-10T12:00:00,
IST,BCN,2026/3/10,166.34,AF,PT7H10M,2026-03-10T17:55:00,2026-03-10T19:35:00,
IST,BCN,2026/3/10,166.34,AF,PT18H30M,2026-03-10T17:55:00,2026-03-10T19:35:00,
IST,BCN,2026/3/10,180.74,LH,PT6H20M,2026-03-10T19:00:00,2026-03-10T20:10:00,
IST,BCN,2026/3/10,180.74,LH,PT7H30M,2026-03-10T06:30:00,2026-03-10T07:40:00,
IST,BCN,2026/3/10,180.74,LH,PT8H30M,2026-03-10T06:30:00,2026-03-10T07:40:00,
IST,BCN,2026/3/10,188.78,LH,PT15H40M,2026-03-10T19:00:00,2026-03-10T20:10:00,
IST,BCN,2026/3/11,113.68,VF,PT8H40M,2026-03-11T05:50:00,2026-03-11T06:55:00,
IST,BCN,2026/3/11,113.68,VF,PT11H30M,2026-03-11T03:00:00,2026-03-11T04:05:00,
IST,BCN,2026/3/11,117.05,PC,PT3H40M,2026-03-11T13:05:00,2026-03-11T14:45:00,
IST,BCN,2026/3/11,135.05,PC,PT3H40M,2026-03-11T10:05:00,2026-03-11T11:45:00,
IST,BCN,2026/3/11,138.61,RJ,PT19H5M,2026-03-11T22:10:00,2026-03-12T00:45:00,
IST,BCN,2026/3/11,153,IB,PT3H40M,2026-03-11T19:20:00,2026-03-11T21:00:00,
IST,BCN,2026/3/11,153,VY,PT3H40M,2026-03-11T19:20:00,2026-03-11T21:00:00,
IST,BCN,2026/3/11,161.48,LO,PT11H55M,2026-03-11T07:50:00,2026-03-11T08:25:00,
IST,BCN,2026/3/11,161.72,A3,PT7H35M,2026-03-11T11:35:00,2026-03-11T12:00:00,
IST,BCN,2026/3/11,161.72,A3,PT14H25M,2026-03-11T22:00:00,2026-03-11T22:25:00,
IST,BCN,2026/3/11,166.34,AF,PT7H10M,2026-03-11T17:55:00,2026-03-11T19:35:00,
IST,BCN,2026/3/11,166.34,AF,PT18H30M,2026-03-11T17:55:00,2026-03-11T19:35:00,
IST,BCN,2026/3/11,180.74,LH,PT6H20M,2026-03-11T19:00:00,2026-03-11T20:10:00,
IST,BCN,2026/3/11,180.74,LH,PT7H25M,2026-03-11T06:30:00,2026-03-11T07:40:00,
IST,BCN,2026/3/11,180.74,LH,PT8H30M,2026-03-11T06:30:00,2026-03-11T07:40:00,
IST,BCN,2026/3/12,107,5F,PT25H10M,2026-03-12T18:20:00,2026-03-12T18:50:00,
IST,BCN,2026/3/12,113.68,VF,PT17H15M,2026-03-12T21:15:00,2026-03-12T22:20:00,
IST,BCN,2026/3/12,113.68,VF,PT21H15M,2026-03-12T17:15:00,2026-03-12T18:20:00,
IST,BCN,2026/3/12,117.05,PC,PT3H40M,2026-03-12T10:05:00,2026-03-12T11:45:00,
IST,BCN,2026/3/12,147.33,AF,PT8H20M,2026-03-12T04:50:00,2026-03-12T06:35:00,
IST,BCN,2026/3/12,147.33,AF,PT11H10M,2026-03-12T04:50:00,2026-03-12T06:35:00,
IST,BCN,2026/3/12,153,IB,PT3H40M,2026-03-12T19:20:00,2026-03-12T21:00:00,
IST,BCN,2026/3/12,153,VY,PT3H40M,2026-03-12T19:20:00,2026-03-12T21:00:00,
IST,BCN,2026/3/12,161.48,LO,PT25H15M,2026-03-12T18:30:00,2026-03-12T19:05:00,
IST,BCN,2026/3/12,161.51,JU,PT28H10M,2026-03-12T17:35:00,2026-03-12T17:15:00,
IST,BCN,2026/3/12,161.72,A3,PT14H25M,2026-03-12T22:00:00,2026-03-12T22:25:00,
IST,BCN,2026/3/12,166.34,AF,PT7H10M,2026-03-12T17:55:00,2026-03-12T19:35:00,
IST,BCN,2026/3/12,166.34,AF,PT18H30M,2026-03-12T17:55:00,2026-03-12T19:35:00,
IST,BCN,2026/3/12,180.74,LH,PT6H20M,2026-03-12T19:00:00,2026-03-12T20:10:00,
IST,BCN,2026/3/12,188.72,A3,PT7H35M,2026-03-12T11:35:00,2026-03-12T12:00:00,
IST,BCN,2026/3/13,113.68,VF,PT8H40M,2026-03-13T05:50:00,2026-03-13T06:55:00,
IST,BCN,2026/3/13,113.68,VF,PT13H30M,2026-03-13T01:00:00,2026-03-13T02:05:00,
IST,BCN,2026/3/13,132,5F,PT8H50M,2026-03-13T10:40:00,2026-03-13T11:10:00,
IST,BCN,2026/3/13,135.05,PC,PT3H40M,2026-03-13T10:05:00,2026-03-13T11:45:00,
IST,BCN,2026/3/13,135.05,PC,PT3H40M,2026-03-13T13:05:00,2026-03-13T14:45:00,
IST,BCN,2026/3/13,147.33,AF,PT11H10M,2026-03-13T04:50:00,2026-03-13T06:35:00,
IST,BCN,2026/3/13,153,IB,PT3H40M,2026-03-13T19:20:00,2026-03-13T21:00:00,
IST,BCN,2026/3/13,153,VY,PT3H40M,2026-03-13T19:20:00,2026-03-13T21:00:00,
IST,BCN,2026/3/13,161.48,LO,PT11H55M,2026-03-13T07:50:00,2026-03-13T08:25:00,
IST,BCN,2026/3/13,161.51,JU,PT5H5M,2026-03-13T16:40:00,2026-03-13T16:20:00,
IST,BCN,2026/3/13,161.51,JU,PT5H45M,2026-03-13T05:20:00,2026-03-13T05:45:00,
IST,BCN,2026/3/13,161.72,A3,PT7H35M,2026-03-13T11:35:00,2026-03-13T12:00:00,
IST,BCN,2026/3/13,161.72,A3,PT14H25M,2026-03-13T22:00:00,2026-03-13T22:25:00,
IST,BCN,2026/3/13,164.33,AF,PT8H20M,2026-03-13T04:50:00,2026-03-13T06:35:00,
IST,BCN,2026/3/13,166.34,AF,PT7H10M,2026-03-13T17:55:00,2026-03-13T19:35:00,
IST,BCN,2026/3/14,113.68,VF,PT9H,2026-03-14T05:30:00,2026-03-14T06:35:00,
IST,BCN,2026/3/14,148.34,AF,PT18H30M,2026-03-14T17:55:00,2026-03-14T19:35:00,
IST,BCN,2026/3/14,148.34,AF,PT20H20M,2026-03-14T17:55:00,2026-03-14T19:35:00,
IST,BCN,2026/3/14,153,IB,PT3H40M,2026-03-14T19:20:00,2026-03-14T21:00:00,
IST,BCN,2026/3/14,153,VY,PT3H40M,2026-03-14T19:20:00,2026-03-14T21:00:00,
IST,BCN,2026/3/14,161.48,LO,PT25H15M,2026-03-14T18:30:00,2026-03-14T19:05:00,
IST,BCN,2026/3/14,161.72,A3,PT5H55M,2026-03-14T06:30:00,2026-03-14T07:00:00,
IST,BCN,2026/3/14,161.72,A3,PT14H25M,2026-03-14T22:00:00,2026-03-14T22:25:00,
IST,BCN,2026/3/14,170.01,PC,PT3H40M,2026-03-14T10:05:00,2026-03-14T11:45:00,
IST,BCN,2026/3/14,180.74,LH,PT6H20M,2026-03-14T19:00:00,2026-03-14T20:10:00,
IST,BCN,2026/3/14,180.74,LH,PT7H45M,2026-03-14T06:30:00,2026-03-14T07:40:00,
IST,BCN,2026/3/14,180.74,LH,PT8H40M,2026-03-14T06:30:00,2026-03-14T07:40:00,
IST,BCN,2026/3/14,188.78,LH,PT15H40M,2026-03-14T19:00:00,2026-03-14T20:10:00,
IST,BCN,2026/3/14,194.53,UX,PT25H20M,2026-03-14T17:15:00,2026-03-14T19:30:00,
IST,BCN,2026/3/14,203.33,AF,PT11H10M,2026-03-14T04:50:00,2026-03-14T06:35:00,
IST,BCN,2026/3/15,113.68,VF,PT17H40M,2026-03-15T20:50:00,2026-03-15T21:55:00,
IST,BCN,2026/3/15,113.68,VF,PT20H25M,2026-03-15T18:05:00,2026-03-15T19:10:00,
IST,BCN,2026/3/15,148.34,AF,PT7H10M,2026-03-15T17:55:00,2026-03-15T19:35:00,
IST,BCN,2026/3/15,148.34,AF,PT18H30M,2026-03-15T17:55:00,2026-03-15T19:35:00,
IST,BCN,2026/3/15,153,IB,PT3H40M,2026-03-15T19:20:00,2026-03-15T21:00:00,
IST,BCN,2026/3/15,153,VY,PT3H40M,2026-03-15T19:20:00,2026-03-15T21:00:00,
IST,BCN,2026/3/15,161.48,LO,PT11H55M,2026-03-15T07:50:00,2026-03-15T08:25:00,
IST,BCN,2026/3/15,161.72,A3,PT5H55M,2026-03-15T06:30:00,2026-03-15T07:00:00,
IST,BCN,2026/3/15,161.72,A3,PT7H35M,2026-03-15T11:35:00,2026-03-15T12:00:00,
IST,BCN,2026/3/15,161.72,A3,PT14H25M,2026-03-15T22:00:00,2026-03-15T22:25:00,
IST,BCN,2026/3/15,180.74,LH,PT7H45M,2026-03-15T06:30:00,2026-03-15T07:40:00,
IST,BCN,2026/3/15,180.74,LH,PT8H40M,2026-03-15T06:30:00,2026-03-15T07:40:00,
IST,BCN,2026/3/15,182.33,AF,PT8H20M,2026-03-15T04:50:00,2026-03-15T06:35:00,
IST,BCN,2026/3/15,182.33,AF,PT11H10M,2026-03-15T04:50:00,2026-03-15T06:35:00,
IST,BCN,2026/3/15,186.51,JU,PT5H5M,2026-03-15T16:40:00,2026-03-15T16:20:00,
IST,BCN,2026/3/16,107,5F,PT27H50M,2026-03-16T10:40:00,2026-03-16T11:10:00,
IST,BCN,2026/3/16,113.68,VF,PT8H15M,2026-03-16T06:15:00,2026-03-16T07:20:00,
IST,BCN,2026/3/16,135.05,PC,PT3H40M,2026-03-16T13:05:00,2026-03-16T14:45:00,
IST,BCN,2026/3/16,147.33,AF,PT8H20M,2026-03-16T04:50:00,2026-03-16T06:35:00,
IST,BCN,2026/3/16,147.33,AF,PT11H10M,2026-03-16T04:50:00,2026-03-16T06:35:00,
IST,BCN,2026/3/16,148.34,AF,PT7H10M,2026-03-16T17:55:00,2026-03-16T19:35:00,
IST,BCN,2026/3/16,148.34,AF,PT18H30M,2026-03-16T17:55:00,2026-03-16T19:35:00,
IST,BCN,2026/3/16,153,IB,PT3H40M,2026-03-16T19:20:00,2026-03-16T21:00:00,
IST,BCN,2026/3/16,153,VY,PT3H40M,2026-03-16T19:20:00,2026-03-16T21:00:00,
IST,BCN,2026/3/16,153.01,PC,PT3H40M,2026-03-16T10:05:00,2026-03-16T11:45:00,
IST,BCN,2026/3/16,161.48,LO,PT11H55M,2026-03-16T07:50:00,2026-03-16T08:25:00,
IST,BCN,2026/3/16,161.51,JU,PT5H5M,2026-03-16T16:40:00,2026-03-16T16:20:00,
IST,BCN,2026/3/16,161.51,JU,PT5H35M,2026-03-16T05:30:00,2026-03-16T05:10:00,
IST,BCN,2026/3/16,161.72,A3,PT7H35M,2026-03-16T11:35:00,2026-03-16T12:00:00,
IST,BCN,2026/3/16,161.72,A3,PT14H25M,2026-03-16T22:00:00,2026-03-16T22:25:00,
IST,BCN,2026/3/17,113.68,VF,PT17H,2026-03-17T21:30:00,2026-03-17T22:35:00,
IST,BCN,2026/3/17,113.68,VF,PT20H40M,2026-03-17T17:50:00,2026-03-17T18:55:00,
IST,BCN,2026/3/17,135.05,PC,PT3H40M,2026-03-17T10:05:00,2026-03-17T11:45:00,
IST,BCN,2026/3/17,147.33,AF,PT8H20M,2026-03-17T04:50:00,2026-03-17T06:35:00,
IST,BCN,2026/3/17,147.33,AF,PT11H10M,2026-03-17T04:50:00,2026-03-17T06:35:00,
IST,BCN,2026/3/17,148.34,AF,PT7H10M,2026-03-17T17:55:00,2026-03-17T19:35:00,
IST,BCN,2026/3/17,148.34,AF,PT18H30M,2026-03-17T17:55:00,2026-03-17T19:35:00,
IST,BCN,2026/3/17,153,IB,PT3H40M,2026-03-17T19:20:00,2026-03-17T21:00:00,
IST,BCN,2026/3/17,153,VY,PT3H40M,2026-03-17T19:20:00,2026-03-17T21:00:00,
IST,BCN,2026/3/17,161.48,LO,PT25H15M,2026-03-17T18:30:00,2026-03-17T19:05:00,
IST,BCN,2026/3/17,161.72,A3,PT7H35M,2026-03-17T11:35:00,2026-03-17T12:00:00,
IST,BCN,2026/3/17,161.72,A3,PT14H25M,2026-03-17T22:00:00,2026-03-17T22:25:00,
IST,BCN,2026/3/17,180.74,LH,PT7H30M,2026-03-17T06:30:00,2026-03-17T07:40:00,
IST,BCN,2026/3/17,180.74,LH,PT8H30M,2026-03-17T06:30:00,2026-03-17T07:40:00,
IST,BCN,2026/3/17,186.51,JU,PT28H10M,2026-03-17T17:35:00,2026-03-17T17:15:00,
IST,BCN,2026/3/18,113.68,VF,PT8H40M,2026-03-18T05:50:00,2026-03-18T06:55:00,
IST,BCN,2026/3/18,113.68,VF,PT11H30M,2026-03-18T03:00:00,2026-03-18T04:05:00,
IST,BCN,2026/3/18,147.33,AF,PT8H20M,2026-03-18T04:50:00,2026-03-18T06:35:00,
IST,BCN,2026/3/18,147.33,AF,PT11H10M,2026-03-18T04:50:00,2026-03-18T06:35:00,
IST,BCN,2026/3/18,153,IB,PT3H40M,2026-03-18T19:20:00,2026-03-18T21:00:00,
IST,BCN,2026/3/18,153,VY,PT3H40M,2026-03-18T19:20:00,2026-03-18T21:00:00,
IST,BCN,2026/3/18,153.01,PC,PT3H40M,2026-03-18T13:05:00,2026-03-18T14:45:00,
IST,BCN,2026/3/18,161.48,LO,PT11H55M,2026-03-18T07:50:00,2026-03-18T08:25:00,
IST,BCN,2026/3/18,161.72,A3,PT7H35M,2026-03-18T11:35:00,2026-03-18T12:00:00,
IST,BCN,2026/3/18,161.72,A3,PT14H25M,2026-03-18T22:00:00,2026-03-18T22:25:00,
IST,BCN,2026/3/18,170.01,PC,PT3H40M,2026-03-18T10:05:00,2026-03-18T11:45:00,
IST,BCN,2026/3/18,180.61,RJ,PT19H5M,2026-03-18T22:10:00,2026-03-19T00:45:00,
IST,BCN,2026/3/18,180.74,LH,PT6H20M,2026-03-18T19:00:00,2026-03-18T20:10:00,
IST,BCN,2026/3/18,180.74,LH,PT7H25M,2026-03-18T06:30:00,2026-03-18T07:40:00,
IST,BCN,2026/3/18,180.74,LH,PT8H30M,2026-03-18T06:30:00,2026-03-18T07:40:00,
IST,BCN,2026/3/19,113.68,VF,PT17H15M,2026-03-19T21:15:00,2026-03-19T22:20:00,
IST,BCN,2026/3/19,113.68,VF,PT21H15M,2026-03-19T17:15:00,2026-03-19T18:20:00,
IST,BCN,2026/3/19,122,5F,PT25H10M,2026-03-19T18:20:00,2026-03-19T18:50:00,
IST,BCN,2026/3/19,131.34,AF,PT7H10M,2026-03-19T17:55:00,2026-03-19T19:35:00,
IST,BCN,2026/3/19,131.34,AF,PT18H30M,2026-03-19T17:55:00,2026-03-19T19:35:00,
IST,BCN,2026/3/19,147.33,AF,PT8H20M,2026-03-19T04:50:00,2026-03-19T06:35:00,
IST,BCN,2026/3/19,147.33,AF,PT11H10M,2026-03-19T04:50:00,2026-03-19T06:35:00,
IST,BCN,2026/3/19,153,IB,PT3H40M,2026-03-19T19:20:00,2026-03-19T21:00:00,
IST,BCN,2026/3/19,153,VY,PT3H40M,2026-03-19T19:20:00,2026-03-19T21:00:00,
IST,BCN,2026/3/19,161.48,LO,PT25H15M,2026-03-19T18:30:00,2026-03-19T19:05:00,
IST,BCN,2026/3/19,161.51,JU,PT28H10M,2026-03-19T17:35:00,2026-03-19T17:15:00,
IST,BCN,2026/3/19,161.72,A3,PT7H35M,2026-03-19T11:35:00,2026-03-19T12:00:00,
IST,BCN,2026/3/19,161.72,A3,PT14H25M,2026-03-19T22:00:00,2026-03-19T22:25:00,
IST,BCN,2026/3/19,180.74,LH,PT6H20M,2026-03-19T19:00:00,2026-03-19T20:10:00,
IST,BCN,2026/3/19,180.74,LH,PT7H30M,2026-03-19T06:30:00,2026-03-19T07:40:00,
,,,,,,,,
,,,,,,,,
,,,,,,,,
,,,,,,,,
,,,,,,,,
,,,,,,,,
,,,,,,,,
,,,,,,,,
,,,,,,,,
,,,,,,,,
,,,,,,,,
,,,,,,,,
,,,,,,,,
,,,,,,,,
,,,,,,,,
,,,,,,,,
,,,,,,,,
,,,,,,,,
,,,,,,,,
,,,,,,,,
,,,,,,,,
,,,,,,,,
,,,,,,,,
,,,,,,,,
,,,,,,,,
,,,,,,,,
,,,,,,,,
,,,,,,,,
,,,,,,,,
,,,,,,,,
,,,,,,,,
,,,,,,,,
,,,,,,,,
,,,,,,,,
,,,,,,,,
,,,,,,,,
,,,,,,,,
,,,,,,,,
,,,,,,,,
,,,,,,,,
,,,,,,,,
,,,,,,,,
,,,,,,,,
,,,,,,,,
,,,,,,,,
,,,,,,,,
,,,,,,,,
,,,,,,,,
,,,,,,,,
,,,,,,,,
,,,,,,,,
,,,,,,,,
,,,,,,,,
,,,,,,,,
,,,,,,,,
,,,,,,,,
,,,,,,,,
,,,,,,,,
,,,,,,,,
,,,,,,,,
,,,,,,,,
,,,,,,,,
,,,,,,,,
,,,,,,,,
,,,,,,,,
,,,,,,,,
,,,,,,,,
,,,,,,,,
,,,,,,,,
,,,,,,,,
,,,,,,,,
,,,,,,,,
,,,,,,,,
,,,,,,,,
,,,,,,,,
,,,,,,,,
,,,,,,,,
,,,,,,,,
,,,,,,,,
,,,,,,,,
,,,,,,,,
,,,,,,,,
,,,,,,,,
,,,,,,,,
,,,,,,,,
,,,,,,,,
,,,,,,,,
,,,,,,,,
,,,,,,,,
,,,,,,,,
,,,,,,,,
,,,,,,,,
,,,,,,,,
,,,,,,,,
,,,,,,,,
,,,,,,,,
,,,,,,,,
,,,,,,,,
,,,,,,,,
,,,,,,,,
,,,,,,,,
,,,,,,,,
,,,,,,,,
,,,,,,,,
,,,,,,,,
,,,,,,,,
,,,,,,,,
,,,,,,,,
,,,,,,,,
,,,,,,,,
,,,,,,,,
,,,,,,,,
,,,,,,,,
,,,,,,,,
,,,,,,,,
,,,,,,,,
,,,,,,,,
,,,,,,,,
,,,,,,,,
,,,,,,,,
,,,,,,,,
,,,,,,,,
,,,,,,,,
,,,,,,,,
,,,,,,,,
,,,,,,,,
,,,,,,,,
,,,,,,,,
,,,,,,,,
,,,,,,,,
,,,,,,,,
,,,,,,,,
,,,,,,,,
,,,,,,,,
,,,,,,,,
,,,,,,,,
,,,,,,,,
,,,,,,,,
,,,,,,,,
,,,,,,,,
,,,,,,,,
,,,,,,,,
,,,,,,,,
,,,,,,,,
,,,,,,,,
,,,,,,,,
,,,,,,,,
,,,,,,,,
,,,,,,,,
,,,,,,,,
,,,,,,,,
,,,,,,,,
,,,,,,,,
,,,,,,,,
,,,,,,,,
,,,,,,,,
,,,,,,,,
,,,,,,,,
,,,,,,,,
,,,,,,,,
,,,,,,,,
,,,,,,,,
,,,,,,,,
,,,,,,,,
,,,,,,,,
,,,,,,,,
,,,,,,,,
,,,,,,,,
,,,,,,,,
,,,,,,,,
,,,,,,,,
,,,,,,,,
,,,,,,,,
,,,,,,,,
,,,,,,,,
,,,,,,,,
,,,,,,,,
,,,,,,,,
,,,,,,,,
,,,,,,,,
,,,,,,,,
,,,,,,,,
,,,,,,,,
,,,,,,,,
,,,,,,,,
,,,,,,,,
,,,,,,,,
,,,,,,,,
,,,,,,,,
,,,,,,,,
,,,,,,,,
,,,,,,,,
,,,,,,,,
,,,,,,,,
,,,,,,,,
,,,,,,,,
,,,,,,,,
,,,,,,,,
,,,,,,,,
,,,,,,,,
,,,,,,,,
,,,,,,,,
,,,,,,,,
,,,,,,,,
,,,,,,,,
,,,,,,,,
,,,,,,,,
,,,,,,,,
,,,,,,,,
,,,,,,,,
,,,,,,,,
,,,,,,,,
,,,,,,,,
,,,,,,,,
,,,,,,,,
,,,,,,,,
,,,,,,,,
,,,,,,,,
,,,,,,,,
,,,,,,,,
,,,,,,,,
,,,,,,,,
,,,,,,,,
,,,,,,,,
,,,,,,,,
,,,,,,,,
,,,,,,,,
,,,,,,,,
,,,,,,,,
,,,,,,,,
,,,,,,,,
,,,,,,,,
,,,,,,,,
,,,,,,,,
,,,,,,,,
,,,,,,,,
,,,,,,,,
,,,,,,,,
,,,,,,,,
,,,,,,,,
