origin,destination,date,price,airline,duration,departure,arrival,error
LIS,BCN,2026/2/18,60.96,IB,PT1H49M,2026-02-18T22:10:00,2026-02-19T00:59:00,
LIS,BCN,2026/2/18,60.96,IB,PT1H54M,2026-02-18T21:05:00,2026-02-18T23:59:00,
LIS,BCN,2026/2/18,60.96,IB,PT2H,2026-02-18T09:05:00,2026-02-18T12:05:00,
LIS,BCN,2026/2/18,60.96,IB,PT2H,2026-02-18T14:00:00,2026-02-18T17:00:00,
LIS,BCN,2026/2/18,60.96,VY,PT1H49M,2026-02-18T22:10:00,2026-02-19T00:59:00,
LIS,BCN,2026/2/18,60.96,VY,PT1H54M,2026-02-18T21:05:00,2026-02-18T23:59:00,
LIS,BCN,2026/2/18,60.96,VY,PT2H,2026-02-18T09:05:00,2026-02-18T12:05:00,
LIS,BCN,2026/2/18,60.96,VY,PT2H,2026-02-18T14:00:00,2026-02-18T17:00:00,
LIS,BCN,2026/2/18,75.81,UX,PT7H35M,2026-02-18T08:00:00,2026-02-18T10:15:00,
LIS,BCN,2026/2/18,99.68,A3,PT21H25M,2026-02-18T12:00:00,2026-02-18T17:55:00,
LIS,BCN,2026/2/18,99.68,A3,PT28H10M,2026-02-18T12:00:00,2026-02-18T17:55:00,
LIS,BCN,2026/2/18,99.96,TP,PT1H55M,2026-02-18T07:10:00,2026-02-18T10:05:00,
LIS,BCN,2026/2/18,99.96,TP,PT1H55M,2026-02-18T08:50:00,2026-02-18T11:45:00,
LIS,BCN,2026/2/18,99.96,TP,PT1H55M,2026-02-18T10:50:00,2026-02-18T13:45:00,
LIS,BCN,2026/2/18,99.96,TP,PT1H55M,2026-02-18T14:20:00,2026-02-18T17:15:00,
LIS,BCN,2026/2/19,60.96,IB,PT1H49M,2026-02-19T22:10:00,2026-02-20T00:59:00,
LIS,BCN,2026/2/19,60.96,IB,PT1H54M,2026-02-19T21:05:00,2026-02-19T23:59:00,
LIS,BCN,2026/2/19,60.96,IB,PT2H,2026-02-19T09:05:00,2026-02-19T12:05:00,
LIS,BCN,2026/2/19,60.96,IB,PT2H,2026-02-19T14:00:00,2026-02-19T17:00:00,
LIS,BCN,2026/2/19,60.96,VY,PT1H54M,2026-02-19T21:05:00,2026-02-19T23:59:00,
LIS,BCN,2026/2/19,60.96,VY,PT1H55M,2026-02-19T17:25:00,2026-02-19T20:20:00,
LIS,BCN,2026/2/19,60.96,VY,PT2H,2026-02-19T13:55:00,2026-02-19T16:55:00,
LIS,BCN,2026/2/19,90.81,UX,PT4H,2026-02-19T11:35:00,2026-02-19T13:50:00,
LIS,BCN,2026/2/19,90.81,UX,PT7H55M,2026-02-19T07:40:00,2026-02-19T09:55:00,
LIS,BCN,2026/2/19,93.96,VY,PT2H,2026-02-19T09:05:00,2026-02-19T12:05:00,
LIS,BCN,2026/2/19,99.96,TP,PT1H55M,2026-02-19T07:10:00,2026-02-19T10:05:00,
LIS,BCN,2026/2/19,99.96,TP,PT1H55M,2026-02-19T08:50:00,2026-02-19T11:45:00,
LIS,BCN,2026/2/19,99.96,TP,PT1H55M,2026-02-19T10:50:00,2026-02-19T13:45:00,
LIS,BCN,2026/2/19,99.96,TP,PT1H55M,2026-02-19T14:20:00,2026-02-19T17:15:00,
LIS,BCN,2026/2/19,99.96,TP,PT1H55M,2026-02-19T17:25:00,2026-02-19T20:20:00,
LIS,BCN,2026/2/20,45.96,VY,PT1H49M,2026-02-20T22:10:00,2026-02-21T00:59:00,
LIS,BCN,2026/2/20,45.96,VY,PT1H54M,2026-02-20T21:05:00,2026-02-20T23:59:00,
LIS,BCN,2026/2/20,60.96,IB,PT1H49M,2026-02-20T22:10:00,2026-02-21T00:59:00,
LIS,BCN,2026/2/20,60.96,IB,PT1H54M,2026-02-20T21:05:00,2026-02-20T23:59:00,
LIS,BCN,2026/2/20,60.96,IB,PT2H,2026-02-20T09:05:00,2026-02-20T12:05:00,
LIS,BCN,2026/2/20,60.96,IB,PT2H,2026-02-20T14:00:00,2026-02-20T17:00:00,
LIS,BCN,2026/2/20,60.96,VY,PT2H,2026-02-20T14:00:00,2026-02-20T17:00:00,
LIS,BCN,2026/2/20,75.81,UX,PT4H,2026-02-20T11:35:00,2026-02-20T13:50:00,
LIS,BCN,2026/2/20,75.81,UX,PT7H35M,2026-02-20T08:00:00,2026-02-20T10:15:00,
LIS,BCN,2026/2/20,93.96,VY,PT2H,2026-02-20T09:05:00,2026-02-20T12:05:00,
LIS,BCN,2026/2/20,99.68,A3,PT21H25M,2026-02-20T12:00:00,2026-02-20T17:55:00,
LIS,BCN,2026/2/20,99.96,TP,PT1H55M,2026-02-20T07:10:00,2026-02-20T10:05:00,
LIS,BCN,2026/2/20,99.96,TP,PT1H55M,2026-02-20T10:50:00,2026-02-20T13:45:00,
LIS,BCN,2026/2/20,99.96,TP,PT1H55M,2026-02-20T14:20:00,2026-02-20T17:15:00,
LIS,BCN,2026/2/20,99.96,TP,PT1H55M,2026-02-20T17:25:00,2026-02-20T20:20:00,
LIS,BCN,2026/2/21,60.96,IB,PT1H54M,2026-02-21T21:05:00,2026-02-21T23:59:00,
LIS,BCN,2026/2/21,60.96,IB,PT2H,2026-02-21T09:05:00,2026-02-21T12:05:00,
LIS,BCN,2026/2/21,60.96,IB,PT2H,2026-02-21T14:00:00,2026-02-21T17:00:00,
LIS,BCN,2026/2/21,60.96,IB,PT2H,2026-02-21T15:40:00,2026-02-21T18:40:00,
LIS,BCN,2026/2/21,60.96,VY,PT1H54M,2026-02-21T21:05:00,2026-02-21T23:59:00,
LIS,BCN,2026/2/21,60.96,VY,PT2H,2026-02-21T13:55:00,2026-02-21T16:55:00,
LIS,BCN,2026/2/21,60.96,VY,PT2H,2026-02-21T15:40:00,2026-02-21T18:40:00,
LIS,BCN,2026/2/21,90.81,UX,PT4H,2026-02-21T11:35:00,2026-02-21T13:50:00,
LIS,BCN,2026/2/21,90.81,UX,PT7H55M,2026-02-21T07:40:00,2026-02-21T09:55:00,
LIS,BCN,2026/2/21,93.96,VY,PT2H,2026-02-21T09:05:00,2026-02-21T12:05:00,
LIS,BCN,2026/2/21,99.68,A3,PT21H25M,2026-02-21T12:00:00,2026-02-21T17:55:00,
LIS,BCN,2026/2/21,99.68,A3,PT28H10M,2026-02-21T12:00:00,2026-02-21T17:55:00,
LIS,BCN,2026/2/21,99.96,TP,PT1H55M,2026-02-21T07:10:00,2026-02-21T10:05:00,
LIS,BCN,2026/2/21,99.96,TP,PT1H55M,2026-02-21T08:50:00,2026-02-21T11:45:00,
LIS,BCN,2026/2/21,99.96,TP,PT1H55M,2026-02-21T10:50:00,2026-02-21T13:45:00,
LIS,BCN,2026/2/22,58.96,TP,PT1H55M,2026-02-22T07:10:00,2026-02-22T10:05:00,
LIS,BCN,2026/2/22,60.96,IB,PT1H49M,2026-02-22T22:10:00,2026-02-23T00:59:00,
LIS,BCN,2026/2/22,60.96,IB,PT1H54M,2026-02-22T21:05:00,2026-02-22T23:59:00,
LIS,BCN,2026/2/22,60.96,IB,PT2H,2026-02-22T09:05:00,2026-02-22T12:05:00,
LIS,BCN,2026/2/22,60.96,IB,PT2H,2026-02-22T14:00:00,2026-02-22T17:00:00,
LIS,BCN,2026/2/22,60.96,VY,PT1H49M,2026-02-22T22:10:00,2026-02-23T00:59:00,
LIS,BCN,2026/2/22,60.96,VY,PT1H54M,2026-02-22T21:05:00,2026-02-22T23:59:00,
LIS,BCN,2026/2/22,60.96,VY,PT2H,2026-02-22T14:00:00,2026-02-22T17:00:00,
LIS,BCN,2026/2/22,70.96,TP,PT1H55M,2026-02-22T08:50:00,2026-02-22T11:45:00,
LIS,BCN,2026/2/22,70.96,TP,PT1H55M,2026-02-22T10:50:00,2026-02-22T13:45:00,
LIS,BCN,2026/2/22,90.81,UX,PT4H,2026-02-22T11:35:00,2026-02-22T13:50:00,
LIS,BCN,2026/2/22,90.81,UX,PT7H35M,2026-02-22T08:00:00,2026-02-22T10:15:00,
LIS,BCN,2026/2/22,90.81,UX,PT11H50M,2026-02-22T20:05:00,2026-02-22T22:20:00,
LIS,BCN,2026/2/22,93.96,VY,PT2H,2026-02-22T09:05:00,2026-02-22T12:05:00,
LIS,BCN,2026/2/22,99.68,A3,PT21H25M,2026-02-22T12:00:00,2026-02-22T17:55:00,
LIS,BCN,2026/2/23,60.96,IB,PT1H49M,2026-02-23T22:10:00,2026-02-24T00:59:00,
LIS,BCN,2026/2/23,60.96,IB,PT1H54M,2026-02-23T21:05:00,2026-02-23T23:59:00,
LIS,BCN,2026/2/23,60.96,IB,PT2H,2026-02-23T09:05:00,2026-02-23T12:05:00,
LIS,BCN,2026/2/23,60.96,IB,PT2H,2026-02-23T14:00:00,2026-02-23T17:00:00,
LIS,BCN,2026/2/23,60.96,VY,PT1H49M,2026-02-23T22:10:00,2026-02-24T00:59:00,
LIS,BCN,2026/2/23,60.96,VY,PT1H54M,2026-02-23T21:05:00,2026-02-23T23:59:00,
LIS,BCN,2026/2/23,60.96,VY,PT2H,2026-02-23T09:05:00,2026-02-23T12:05:00,
LIS,BCN,2026/2/23,60.96,VY,PT2H,2026-02-23T14:00:00,2026-02-23T17:00:00,
LIS,BCN,2026/2/23,75.81,UX,PT7H55M,2026-02-23T07:40:00,2026-02-23T09:55:00,
LIS,BCN,2026/2/23,83.33,UX,PT15H50M,2026-02-23T16:05:00,2026-02-23T18:20:00,
LIS,BCN,2026/2/23,90.81,UX,PT11H50M,2026-02-23T20:05:00,2026-02-23T22:20:00,
LIS,BCN,2026/2/23,99.68,A3,PT16H15M,2026-02-23T17:10:00,2026-02-23T23:05:00,
LIS,BCN,2026/2/23,99.68,A3,PT23H,2026-02-23T17:10:00,2026-02-23T23:05:00,
LIS,BCN,2026/2/23,99.68,A3,PT21H25M,2026-02-23T12:00:00,2026-02-23T17:55:00,
LIS,BCN,2026/2/23,99.68,A3,PT28H10M,2026-02-23T12:00:00,2026-02-23T17:55:00,
LIS,BCN,2026/2/24,58.96,TP,PT1H55M,2026-02-24T08:50:00,2026-02-24T11:45:00,
LIS,BCN,2026/2/24,58.96,TP,PT1H55M,2026-02-24T10:50:00,2026-02-24T13:45:00,
LIS,BCN,2026/2/24,60.96,IB,PT1H49M,2026-02-24T22:10:00,2026-02-25T00:59:00,
LIS,BCN,2026/2/24,60.96,IB,PT1H54M,2026-02-24T21:05:00,2026-02-24T23:59:00,
LIS,BCN,2026/2/24,60.96,IB,PT2H,2026-02-24T09:05:00,2026-02-24T12:05:00,
LIS,BCN,2026/2/24,60.96,IB,PT2H,2026-02-24T14:00:00,2026-02-24T17:00:00,
LIS,BCN,2026/2/24,60.96,VY,PT1H49M,2026-02-24T22:10:00,2026-02-25T00:59:00,
LIS,BCN,2026/2/24,60.96,VY,PT1H54M,2026-02-24T21:05:00,2026-02-24T23:59:00,
LIS,BCN,2026/2/24,60.96,VY,PT2H,2026-02-24T09:05:00,2026-02-24T12:05:00,
LIS,BCN,2026/2/24,60.96,VY,PT2H,2026-02-24T14:00:00,2026-02-24T17:00:00,
LIS,BCN,2026/2/24,83.96,TP,PT1H55M,2026-02-24T17:25:00,2026-02-24T20:20:00,
LIS,BCN,2026/2/24,83.96,TP,PT1H55M,2026-02-24T20:50:00,2026-02-24T23:45:00,
LIS,BCN,2026/2/24,90.81,UX,PT7H55M,2026-02-24T07:40:00,2026-02-24T09:55:00,
LIS,BCN,2026/2/24,90.81,UX,PT11H50M,2026-02-24T20:05:00,2026-02-24T22:20:00,
LIS,BCN,2026/2/24,98.33,UX,PT15H50M,2026-02-24T16:05:00,2026-02-24T18:20:00,
LIS,BCN,2026/2/25,45.96,VY,PT1H49M,2026-02-25T22:10:00,2026-02-26T00:59:00,
LIS,BCN,2026/2/25,45.96,VY,PT1H54M,2026-02-25T21:05:00,2026-02-25T23:59:00,
LIS,BCN,2026/2/25,58.96,TP,PT1H55M,2026-02-25T08:50:00,2026-02-25T11:45:00,
LIS,BCN,2026/2/25,58.96,TP,PT1H55M,2026-02-25T10:50:00,2026-02-25T13:45:00,
LIS,BCN,2026/2/25,60.96,IB,PT1H49M,2026-02-25T22:10:00,2026-02-26T00:59:00,
LIS,BCN,2026/2/25,60.96,IB,PT1H54M,2026-02-25T21:05:00,2026-02-25T23:59:00,
LIS,BCN,2026/2/25,60.96,IB,PT2H,2026-02-25T09:05:00,2026-02-25T12:05:00,
LIS,BCN,2026/2/25,60.96,IB,PT2H,2026-02-25T14:00:00,2026-02-25T17:00:00,
LIS,BCN,2026/2/25,60.96,VY,PT2H,2026-02-25T09:05:00,2026-02-25T12:05:00,
LIS,BCN,2026/2/25,60.96,VY,PT2H,2026-02-25T14:00:00,2026-02-25T17:00:00,
LIS,BCN,2026/2/25,90.81,UX,PT7H35M,2026-02-25T08:00:00,2026-02-25T10:15:00,
LIS,BCN,2026/2/25,99.68,A3,PT28H10M,2026-02-25T12:00:00,2026-02-25T17:55:00,
LIS,BCN,2026/2/25,113.33,UX,PT15H50M,2026-02-25T16:05:00,2026-02-25T18:20:00,
LIS,BCN,2026/2/25,135.81,UX,PT4H,2026-02-25T11:35:00,2026-02-25T13:50:00,
LIS,BCN,2026/2/25,135.81,UX,PT11H50M,2026-02-25T20:05:00,2026-02-25T22:20:00,
LIS,BCN,2026/2/26,45.96,VY,PT1H54M,2026-02-26T21:05:00,2026-02-26T23:59:00,
LIS,BCN,2026/2/26,45.96,VY,PT1H55M,2026-02-26T17:25:00,2026-02-26T20:20:00,
LIS,BCN,2026/2/26,53.96,VY,PT2H,2026-02-26T09:05:00,2026-02-26T12:05:00,
LIS,BCN,2026/2/26,60.96,IB,PT1H49M,2026-02-26T22:10:00,2026-02-27T00:59:00,
LIS,BCN,2026/2/26,60.96,IB,PT1H54M,2026-02-26T21:05:00,2026-02-26T23:59:00,
LIS,BCN,2026/2/26,60.96,IB,PT2H,2026-02-26T09:05:00,2026-02-26T12:05:00,
LIS,BCN,2026/2/26,60.96,IB,PT2H,2026-02-26T14:00:00,2026-02-26T17:00:00,
LIS,BCN,2026/2/26,60.96,VY,PT2H,2026-02-26T13:55:00,2026-02-26T16:55:00,
LIS,BCN,2026/2/26,99.68,A3,PT16H15M,2026-02-26T17:10:00,2026-02-26T23:05:00,
LIS,BCN,2026/2/26,99.68,A3,PT23H,2026-02-26T17:10:00,2026-02-26T23:05:00,
LIS,BCN,2026/2/26,99.68,A3,PT21H25M,2026-02-26T12:00:00,2026-02-26T17:55:00,
LIS,BCN,2026/2/26,105.81,UX,PT11H50M,2026-02-26T20:05:00,2026-02-26T22:20:00,
LIS,BCN,2026/2/26,113.33,UX,PT15H50M,2026-02-26T16:05:00,2026-02-26T18:20:00,
LIS,BCN,2026/2/26,118.96,TP,PT1H55M,2026-02-26T08:50:00,2026-02-26T11:45:00,
LIS,BCN,2026/2/26,118.96,TP,PT1H55M,2026-02-26T10:50:00,2026-02-26T13:45:00,
LIS,BCN,2026/2/27,45.96,VY,PT1H49M,2026-02-27T22:10:00,2026-02-28T00:59:00,
LIS,BCN,2026/2/27,45.96,VY,PT2H,2026-02-27T09:05:00,2026-02-27T12:05:00,
LIS,BCN,2026/2/27,60.96,IB,PT1H49M,2026-02-27T22:10:00,2026-02-28T00:59:00,
LIS,BCN,2026/2/27,60.96,IB,PT1H54M,2026-02-27T21:05:00,2026-02-27T23:59:00,
LIS,BCN,2026/2/27,60.96,IB,PT2H,2026-02-27T09:05:00,2026-02-27T12:05:00,
LIS,BCN,2026/2/27,60.96,IB,PT2H,2026-02-27T14:00:00,2026-02-27T17:00:00,
LIS,BCN,2026/2/27,60.96,VY,PT1H54M,2026-02-27T21:05:00,2026-02-27T23:59:00,
LIS,BCN,2026/2/27,60.96,VY,PT2H,2026-02-27T14:00:00,2026-02-27T17:00:00,
LIS,BCN,2026/2/27,70.96,TP,PT1H55M,2026-02-27T07:10:00,2026-02-27T10:05:00,
LIS,BCN,2026/2/27,70.96,TP,PT1H55M,2026-02-27T08:50:00,2026-02-27T11:45:00,
LIS,BCN,2026/2/27,70.96,TP,PT1H55M,2026-02-27T10:50:00,2026-02-27T13:45:00,
LIS,BCN,2026/2/27,75.81,UX,PT4H,2026-02-27T11:35:00,2026-02-27T13:50:00,
LIS,BCN,2026/2/27,83.96,TP,PT1H55M,2026-02-27T14:20:00,2026-02-27T17:15:00,
LIS,BCN,2026/2/27,99.68,A3,PT21H25M,2026-02-27T12:00:00,2026-02-27T17:55:00,
LIS,BCN,2026/2/27,105.81,UX,PT11H50M,2026-02-27T20:05:00,2026-02-27T22:20:00,
LIS,BCN,2026/2/28,45.96,VY,PT2H,2026-02-28T15:40:00,2026-02-28T18:40:00,
LIS,BCN,2026/2/28,60.96,IB,PT1H54M,2026-02-28T21:05:00,2026-02-28T23:59:00,
LIS,BCN,2026/2/28,60.96,IB,PT2H,2026-02-28T09:05:00,2026-02-28T12:05:00,
LIS,BCN,2026/2/28,60.96,IB,PT2H,2026-02-28T14:00:00,2026-02-28T17:00:00,
LIS,BCN,2026/2/28,60.96,IB,PT2H,2026-02-28T15:40:00,2026-02-28T18:40:00,
LIS,BCN,2026/2/28,60.96,VY,PT1H54M,2026-02-28T21:05:00,2026-02-28T23:59:00,
LIS,BCN,2026/2/28,60.96,VY,PT2H,2026-02-28T13:55:00,2026-02-28T16:55:00,
LIS,BCN,2026/2/28,70.96,TP,PT1H55M,2026-02-28T07:10:00,2026-02-28T10:05:00,
LIS,BCN,2026/2/28,70.96,TP,PT1H55M,2026-02-28T17:25:00,2026-02-28T20:20:00,
LIS,BCN,2026/2/28,70.96,TP,PT1H55M,2026-02-28T20:50:00,2026-02-28T23:45:00,
LIS,BCN,2026/2/28,90.81,UX,PT4H,2026-02-28T11:35:00,2026-02-28T13:50:00,
LIS,BCN,2026/2/28,90.81,UX,PT7H55M,2026-02-28T07:40:00,2026-02-28T09:55:00,
LIS,BCN,2026/2/28,91.53,UX,PT11H50M,2026-02-28T20:05:00,2026-02-28T22:20:00,
LIS,BCN,2026/2/28,93.96,VY,PT2H,2026-02-28T09:05:00,2026-02-28T12:05:00,
LIS,BCN,2026/2/28,99.49,UX,PT15H50M,2026-02-28T16:05:00,2026-02-28T18:20:00,
LIS,BCN,2026/3/1,60.96,IB,PT1H49M,2026-03-01T22:10:00,2026-03-02T00:59:00,
LIS,BCN,2026/3/1,60.96,IB,PT1H54M,2026-03-01T21:05:00,2026-03-01T23:59:00,
LIS,BCN,2026/3/1,60.96,IB,PT2H,2026-03-01T09:05:00,2026-03-01T12:05:00,
LIS,BCN,2026/3/1,60.96,IB,PT2H,2026-03-01T14:00:00,2026-03-01T17:00:00,
LIS,BCN,2026/3/1,60.96,VY,PT1H49M,2026-03-01T22:10:00,2026-03-02T00:59:00,
LIS,BCN,2026/3/1,60.96,VY,PT1H54M,2026-03-01T21:05:00,2026-03-01T23:59:00,
LIS,BCN,2026/3/1,60.96,VY,PT2H,2026-03-01T14:00:00,2026-03-01T17:00:00,
LIS,BCN,2026/3/1,65.96,VY,PT2H,2026-03-01T09:05:00,2026-03-01T12:05:00,
LIS,BCN,2026/3/1,70.96,TP,PT1H55M,2026-03-01T07:10:00,2026-03-01T10:05:00,
LIS,BCN,2026/3/1,70.96,TP,PT1H55M,2026-03-01T08:50:00,2026-03-01T11:45:00,
LIS,BCN,2026/3/1,70.96,TP,PT1H55M,2026-03-01T10:50:00,2026-03-01T13:45:00,
LIS,BCN,2026/3/1,111.68,A3,PT16H15M,2026-03-01T17:10:00,2026-03-01T23:05:00,
LIS,BCN,2026/3/1,111.68,A3,PT21H25M,2026-03-01T12:00:00,2026-03-01T17:55:00,
LIS,BCN,2026/3/1,111.68,A3,PT23H,2026-03-01T17:10:00,2026-03-01T23:05:00,
LIS,BCN,2026/3/1,118.96,TP,PT1H55M,2026-03-01T14:20:00,2026-03-01T17:15:00,
LIS,BCN,2026/3/2,60.96,IB,PT1H49M,2026-03-02T22:10:00,2026-03-03T00:59:00,
LIS,BCN,2026/3/2,60.96,IB,PT1H54M,2026-03-02T21:05:00,2026-03-02T23:59:00,
LIS,BCN,2026/3/2,60.96,IB,PT2H,2026-03-02T09:05:00,2026-03-02T12:05:00,
LIS,BCN,2026/3/2,60.96,IB,PT2H,2026-03-02T14:00:00,2026-03-02T17:00:00,
LIS,BCN,2026/3/2,60.96,VY,PT1H49M,2026-03-02T22:10:00,2026-03-03T00:59:00,
LIS,BCN,2026/3/2,60.96,VY,PT1H54M,2026-03-02T21:05:00,2026-03-02T23:59:00,
LIS,BCN,2026/3/2,70.96,TP,PT1H55M,2026-03-02T17:25:00,2026-03-02T20:20:00,
LIS,BCN,2026/3/2,70.96,TP,PT1H55M,2026-03-02T20:50:00,2026-03-02T23:45:00,
LIS,BCN,2026/3/2,91.53,UX,PT4H,2026-03-02T11:35:00,2026-03-02T13:50:00,
LIS,BCN,2026/3/2,91.53,UX,PT11H50M,2026-03-02T20:05:00,2026-03-02T22:20:00,
LIS,BCN,2026/3/2,93.96,VY,PT2H,2026-03-02T09:05:00,2026-03-02T12:05:00,
LIS,BCN,2026/3/2,93.96,VY,PT2H,2026-03-02T14:00:00,2026-03-02T17:00:00,
LIS,BCN,2026/3/2,99.49,UX,PT15H50M,2026-03-02T16:05:00,2026-03-02T18:20:00,
LIS,BCN,2026/3/2,111.68,A3,PT16H15M,2026-03-02T17:10:00,2026-03-02T23:05:00,
LIS,BCN,2026/3/2,111.68,A3,PT21H25M,2026-03-02T12:00:00,2026-03-02T17:55:00,
LIS,BCN,2026/3/3,45.96,VY,PT2H,2026-03-03T09:05:00,2026-03-03T12:05:00,
LIS,BCN,2026/3/3,53.96,VY,PT1H49M,2026-03-03T22:10:00,2026-03-04T00:59:00,
LIS,BCN,2026/3/3,58.96,TP,PT1H55M,2026-03-03T08:50:00,2026-03-03T11:45:00,
LIS,BCN,2026/3/3,58.96,TP,PT1H55M,2026-03-03T10:50:00,2026-03-03T13:45:00,
LIS,BCN,2026/3/3,58.96,TP,PT1H55M,2026-03-03T17:25:00,2026-03-03T20:20:00,
LIS,BCN,2026/3/3,58.96,TP,PT1H55M,2026-03-03T20:50:00,2026-03-03T23:45:00,
LIS,BCN,2026/3/3,60.96,IB,PT1H49M,2026-03-03T22:10:00,2026-03-04T00:59:00,
LIS,BCN,2026/3/3,60.96,IB,PT1H54M,2026-03-03T21:05:00,2026-03-03T23:59:00,
LIS,BCN,2026/3/3,60.96,IB,PT2H,2026-03-03T09:05:00,2026-03-03T12:05:00,
LIS,BCN,2026/3/3,60.96,IB,PT2H,2026-03-03T14:00:00,2026-03-03T17:00:00,
LIS,BCN,2026/3/3,60.96,VY,PT1H54M,2026-03-03T21:05:00,2026-03-03T23:59:00,
LIS,BCN,2026/3/3,60.96,VY,PT2H,2026-03-03T14:00:00,2026-03-03T17:00:00,
LIS,BCN,2026/3/3,70.96,TP,PT1H55M,2026-03-03T14:20:00,2026-03-03T17:15:00,
LIS,BCN,2026/3/3,76.53,UX,PT4H,2026-03-03T11:35:00,2026-03-03T13:50:00,
LIS,BCN,2026/3/3,76.53,UX,PT7H55M,2026-03-03T07:40:00,2026-03-03T09:55:00,
LIS,BCN,2026/3/4,53.96,VY,PT2H,2026-03-04T09:05:00,2026-03-04T12:05:00,
LIS,BCN,2026/3/4,58.96,TP,PT1H55M,2026-03-04T08:50:00,2026-03-04T11:45:00,
LIS,BCN,2026/3/4,58.96,TP,PT1H55M,2026-03-04T10:50:00,2026-03-04T13:45:00,
LIS,BCN,2026/3/4,60.96,IB,PT1H49M,2026-03-04T22:10:00,2026-03-05T00:59:00,
LIS,BCN,2026/3/4,60.96,IB,PT1H54M,2026-03-04T21:05:00,2026-03-04T23:59:00,
LIS,BCN,2026/3/4,60.96,IB,PT2H,2026-03-04T09:05:00,2026-03-04T12:05:00,
LIS,BCN,2026/3/4,60.96,IB,PT2H,2026-03-04T14:00:00,2026-03-04T17:00:00,
LIS,BCN,2026/3/4,60.96,VY,PT1H49M,2026-03-04T22:10:00,2026-03-05T00:59:00,
LIS,BCN,2026/3/4,60.96,VY,PT1H54M,2026-03-04T21:05:00,2026-03-04T23:59:00,
LIS,BCN,2026/3/4,60.96,VY,PT2H,2026-03-04T14:00:00,2026-03-04T17:00:00,
LIS,BCN,2026/3/4,83.96,TP,PT1H55M,2026-03-04T17:25:00,2026-03-04T20:20:00,
LIS,BCN,2026/3/4,83.96,TP,PT1H55M,2026-03-04T20:50:00,2026-03-04T23:45:00,
LIS,BCN,2026/3/4,99.68,A3,PT9H55M,2026-03-04T23:30:00,2026-03-05T05:25:00,
LIS,BCN,2026/3/4,99.68,A3,PT16H40M,2026-03-04T23:30:00,2026-03-05T05:25:00,
LIS,BCN,2026/3/4,99.68,A3,PT21H25M,2026-03-04T12:00:00,2026-03-04T17:55:00,
LIS,BCN,2026/3/5,58.96,TP,PT1H55M,2026-03-05T08:50:00,2026-03-05T11:45:00,
LIS,BCN,2026/3/5,58.96,TP,PT1H55M,2026-03-05T10:50:00,2026-03-05T13:45:00,
LIS,BCN,2026/3/5,60.96,IB,PT1H49M,2026-03-05T22:10:00,2026-03-06T00:59:00,
LIS,BCN,2026/3/5,60.96,IB,PT1H54M,2026-03-05T21:05:00,2026-03-05T23:59:00,
LIS,BCN,2026/3/5,60.96,IB,PT2H,2026-03-05T09:05:00,2026-03-05T12:05:00,
LIS,BCN,2026/3/5,60.96,IB,PT2H,2026-03-05T14:00:00,2026-03-05T17:00:00,
LIS,BCN,2026/3/5,60.96,VY,PT1H54M,2026-03-05T21:05:00,2026-03-05T23:59:00,
LIS,BCN,2026/3/5,60.96,VY,PT1H55M,2026-03-05T17:25:00,2026-03-05T20:20:00,
LIS,BCN,2026/3/5,60.96,VY,PT2H,2026-03-05T09:05:00,2026-03-05T12:05:00,
LIS,BCN,2026/3/5,60.96,VY,PT2H,2026-03-05T13:55:00,2026-03-05T16:55:00,
LIS,BCN,2026/3/5,83.96,TP,PT1H55M,2026-03-05T17:25:00,2026-03-05T20:20:00,
LIS,BCN,2026/3/5,83.96,TP,PT1H55M,2026-03-05T20:50:00,2026-03-05T23:45:00,
LIS,BCN,2026/3/5,91.53,UX,PT4H,2026-03-05T11:35:00,2026-03-05T13:50:00,
LIS,BCN,2026/3/5,91.53,UX,PT7H55M,2026-03-05T07:40:00,2026-03-05T09:55:00,
LIS,BCN,2026/3/5,99.68,A3,PT16H15M,2026-03-05T17:10:00,2026-03-05T23:05:00,
LIS,BCN,2026/3/6,45.96,VY,PT2H,2026-03-06T09:05:00,2026-03-06T12:05:00,
LIS,BCN,2026/3/6,58.96,TP,PT1H55M,2026-03-06T08:50:00,2026-03-06T11:45:00,
LIS,BCN,2026/3/6,58.96,TP,PT1H55M,2026-03-06T10:50:00,2026-03-06T13:45:00,
LIS,BCN,2026/3/6,60.96,IB,PT1H49M,2026-03-06T22:10:00,2026-03-07T00:59:00,
LIS,BCN,2026/3/6,60.96,IB,PT1H54M,2026-03-06T21:05:00,2026-03-06T23:59:00,
LIS,BCN,2026/3/6,60.96,IB,PT2H,2026-03-06T09:05:00,2026-03-06T12:05:00,
LIS,BCN,2026/3/6,60.96,IB,PT2H,2026-03-06T14:00:00,2026-03-06T17:00:00,
LIS,BCN,2026/3/6,60.96,VY,PT1H49M,2026-03-06T22:10:00,2026-03-07T00:59:00,
LIS,BCN,2026/3/6,60.96,VY,PT1H54M,2026-03-06T21:05:00,2026-03-06T23:59:00,
LIS,BCN,2026/3/6,60.96,VY,PT2H,2026-03-06T14:00:00,2026-03-06T17:00:00,
LIS,BCN,2026/3/6,70.96,TP,PT1H55M,2026-03-06T07:10:00,2026-03-06T10:05:00,
LIS,BCN,2026/3/6,76.53,UX,PT7H35M,2026-03-06T08:00:00,2026-03-06T10:15:00,
LIS,BCN,2026/3/6,83.96,TP,PT1H55M,2026-03-06T14:20:00,2026-03-06T17:15:00,
LIS,BCN,2026/3/6,99.68,A3,PT16H15M,2026-03-06T17:10:00,2026-03-06T23:05:00,
LIS,BCN,2026/3/6,99.68,A3,PT21H25M,2026-03-06T12:00:00,2026-03-06T17:55:00,
LIS,BCN,2026/3/7,58.96,TP,PT1H55M,2026-03-07T07:10:00,2026-03-07T10:05:00,
LIS,BCN,2026/3/7,58.96,TP,PT1H55M,2026-03-07T17:25:00,2026-03-07T20:20:00,
LIS,BCN,2026/3/7,58.96,TP,PT1H55M,2026-03-07T20:50:00,2026-03-07T23:45:00,
LIS,BCN,2026/3/7,60.96,IB,PT1H54M,2026-03-07T21:05:00,2026-03-07T23:59:00,
LIS,BCN,2026/3/7,60.96,IB,PT2H,2026-03-07T09:05:00,2026-03-07T12:05:00,
LIS,BCN,2026/3/7,60.96,IB,PT2H,2026-03-07T14:00:00,2026-03-07T17:00:00,
LIS,BCN,2026/3/7,60.96,IB,PT2H,2026-03-07T15:40:00,2026-03-07T18:40:00,
LIS,BCN,2026/3/7,60.96,VY,PT1H54M,2026-03-07T21:05:00,2026-03-07T23:59:00,
LIS,BCN,2026/3/7,60.96,VY,PT2H,2026-03-07T09:05:00,2026-03-07T12:05:00,
LIS,BCN,2026/3/7,60.96,VY,PT2H,2026-03-07T13:55:00,2026-03-07T16:55:00,
LIS,BCN,2026/3/7,60.96,VY,PT2H,2026-03-07T15:40:00,2026-03-07T18:40:00,
LIS,BCN,2026/3/7,70.96,TP,PT1H55M,2026-03-07T08:50:00,2026-03-07T11:45:00,
LIS,BCN,2026/3/7,70.96,TP,PT1H55M,2026-03-07T10:50:00,2026-03-07T13:45:00,
LIS,BCN,2026/3/7,83.96,TP,PT1H55M,2026-03-07T14:20:00,2026-03-07T17:15:00,
LIS,BCN,2026/3/7,91.53,UX,PT7H55M,2026-03-07T07:40:00,2026-03-07T09:55:00,
LIS,BCN,2026/3/8,45.96,VY,PT1H54M,2026-03-08T21:05:00,2026-03-08T23:59:00,
LIS,BCN,2026/3/8,45.96,VY,PT2H,2026-03-08T09:05:00,2026-03-08T12:05:00,
LIS,BCN,2026/3/8,58.96,TP,PT1H55M,2026-03-08T07:10:00,2026-03-08T10:05:00,
LIS,BCN,2026/3/8,60.96,IB,PT1H49M,2026-03-08T22:10:00,2026-03-09T00:59:00,
LIS,BCN,2026/3/8,60.96,IB,PT1H54M,2026-03-08T21:05:00,2026-03-08T23:59:00,
LIS,BCN,2026/3/8,60.96,IB,PT2H,2026-03-08T09:05:00,2026-03-08T12:05:00,
LIS,BCN,2026/3/8,60.96,IB,PT2H,2026-03-08T14:00:00,2026-03-08T17:00:00,
LIS,BCN,2026/3/8,60.96,VY,PT1H49M,2026-03-08T22:10:00,2026-03-09T00:59:00,
LIS,BCN,2026/3/8,60.96,VY,PT2H,2026-03-08T14:00:00,2026-03-08T17:00:00,
LIS,BCN,2026/3/8,83.96,TP,PT1H55M,2026-03-08T08:50:00,2026-03-08T11:45:00,
LIS,BCN,2026/3/8,83.96,TP,PT1H55M,2026-03-08T10:50:00,2026-03-08T13:45:00,
LIS,BCN,2026/3/8,99.68,A3,PT16H15M,2026-03-08T17:10:00,2026-03-08T23:05:00,
LIS,BCN,2026/3/8,99.68,A3,PT21H25M,2026-03-08T12:00:00,2026-03-08T17:55:00,
LIS,BCN,2026/3/8,118.96,TP,PT1H55M,2026-03-08T14:20:00,2026-03-08T17:15:00,
LIS,BCN,2026/3/8,133.7,AF,PT6H15M,2026-03-08T05:00:00,2026-03-08T09:05:00,
LIS,BCN,2026/3/9,53.96,VY,PT2H,2026-03-09T09:05:00,2026-03-09T12:05:00,
LIS,BCN,2026/3/9,58.96,TP,PT1H55M,2026-03-09T17:25:00,2026-03-09T20:20:00,
LIS,BCN,2026/3/9,58.96,TP,PT1H55M,2026-03-09T20:50:00,2026-03-09T23:45:00,
LIS,BCN,2026/3/9,60.96,IB,PT1H49M,2026-03-09T22:10:00,2026-03-10T00:59:00,
LIS,BCN,2026/3/9,60.96,IB,PT1H54M,2026-03-09T21:05:00,2026-03-09T23:59:00,
LIS,BCN,2026/3/9,60.96,IB,PT2H,2026-03-09T09:05:00,2026-03-09T12:05:00,
LIS,BCN,2026/3/9,60.96,IB,PT2H,2026-03-09T14:00:00,2026-03-09T17:00:00,
LIS,BCN,2026/3/9,60.96,VY,PT1H49M,2026-03-09T22:10:00,2026-03-10T00:59:00,
LIS,BCN,2026/3/9,60.96,VY,PT1H54M,2026-03-09T21:05:00,2026-03-09T23:59:00,
LIS,BCN,2026/3/9,60.96,VY,PT2H,2026-03-09T14:00:00,2026-03-09T17:00:00,
LIS,BCN,2026/3/9,91.53,UX,PT4H,2026-03-09T11:35:00,2026-03-09T13:50:00,
LIS,BCN,2026/3/9,91.53,UX,PT7H55M,2026-03-09T07:40:00,2026-03-09T09:55:00,
LIS,BCN,2026/3/9,118.96,TP,PT1H55M,2026-03-09T08:50:00,2026-03-09T11:45:00,
LIS,BCN,2026/3/9,118.96,TP,PT1H55M,2026-03-09T10:50:00,2026-03-09T13:45:00,
LIS,BCN,2026/3/9,118.96,TP,PT1H55M,2026-03-09T14:20:00,2026-03-09T17:15:00,
LIS,BCN,2026/3/10,45.96,VY,PT2H,2026-03-10T14:00:00,2026-03-10T17:00:00,
LIS,BCN,2026/3/10,58.96,TP,PT1H55M,2026-03-10T08:50:00,2026-03-10T11:45:00,
LIS,BCN,2026/3/10,58.96,TP,PT1H55M,2026-03-10T10:50:00,2026-03-10T13:45:00,
LIS,BCN,2026/3/10,58.96,TP,PT1H55M,2026-03-10T14:20:00,2026-03-10T17:15:00,
LIS,BCN,2026/3/10,58.96,TP,PT1H55M,2026-03-10T17:25:00,2026-03-10T20:20:00,
LIS,BCN,2026/3/10,58.96,TP,PT1H55M,2026-03-10T20:50:00,2026-03-10T23:45:00,
LIS,BCN,2026/3/10,60.96,IB,PT1H49M,2026-03-10T22:10:00,2026-03-11T00:59:00,
LIS,BCN,2026/3/10,60.96,IB,PT1H54M,2026-03-10T21:05:00,2026-03-10T23:59:00,
LIS,BCN,2026/3/10,60.96,IB,PT2H,2026-03-10T09:05:00,2026-03-10T12:05:00,
LIS,BCN,2026/3/10,60.96,IB,PT2H,2026-03-10T14:00:00,2026-03-10T17:00:00,
LIS,BCN,2026/3/10,60.96,VY,PT1H49M,2026-03-10T22:10:00,2026-03-11T00:59:00,
LIS,BCN,2026/3/10,60.96,VY,PT1H54M,2026-03-10T21:05:00,2026-03-10T23:59:00,
LIS,BCN,2026/3/10,76.53,UX,PT4H,2026-03-10T11:35:00,2026-03-10T13:50:00,
LIS,BCN,2026/3/10,93.96,VY,PT2H,2026-03-10T09:05:00,2026-03-10T12:05:00,
LIS,BCN,2026/3/10,99.68,A3,PT28H10M,2026-03-10T12:00:00,2026-03-10T17:55:00,
LIS,BCN,2026/3/11,58.96,TP,PT1H55M,2026-03-11T08:50:00,2026-03-11T11:45:00,
LIS,BCN,2026/3/11,58.96,TP,PT1H55M,2026-03-11T10:50:00,2026-03-11T13:45:00,
LIS,BCN,2026/3/11,58.96,TP,PT1H55M,2026-03-11T17:25:00,2026-03-11T20:20:00,
LIS,BCN,2026/3/11,58.96,TP,PT1H55M,2026-03-11T20:50:00,2026-03-11T23:45:00,
LIS,BCN,2026/3/11,60.96,IB,PT1H49M,2026-03-11T22:10:00,2026-03-12T00:59:00,
LIS,BCN,2026/3/11,60.96,IB,PT1H54M,2026-03-11T21:05:00,2026-03-11T23:59:00,
LIS,BCN,2026/3/11,60.96,IB,PT2H,2026-03-11T09:05:00,2026-03-11T12:05:00,
LIS,BCN,2026/3/11,60.96,IB,PT2H,2026-03-11T14:00:00,2026-03-11T17:00:00,
LIS,BCN,2026/3/11,60.96,VY,PT1H49M,2026-03-11T22:10:00,2026-03-12T00:59:00,
LIS,BCN,2026/3/11,60.96,VY,PT1H54M,2026-03-11T21:05:00,2026-03-11T23:59:00,
LIS,BCN,2026/3/11,60.96,VY,PT2H,2026-03-11T09:05:00,2026-03-11T12:05:00,
LIS,BCN,2026/3/11,60.96,VY,PT2H,2026-03-11T14:00:00,2026-03-11T17:00:00,
LIS,BCN,2026/3/11,76.53,UX,PT4H,2026-03-11T11:35:00,2026-03-11T13:50:00,
LIS,BCN,2026/3/11,76.53,UX,PT7H35M,2026-03-11T08:00:00,2026-03-11T10:15:00,
LIS,BCN,2026/3/11,99.49,UX,PT15H50M,2026-03-11T16:05:00,2026-03-11T18:20:00,
LIS,BCN,2026/3/12,58.96,TP,PT1H55M,2026-03-12T08:50:00,2026-03-12T11:45:00,
LIS,BCN,2026/3/12,58.96,TP,PT1H55M,2026-03-12T10:50:00,2026-03-12T13:45:00,
LIS,BCN,2026/3/12,60.96,IB,PT1H49M,2026-03-12T22:10:00,2026-03-13T00:59:00,
LIS,BCN,2026/3/12,60.96,IB,PT1H54M,2026-03-12T21:05:00,2026-03-12T23:59:00,
LIS,BCN,2026/3/12,60.96,IB,PT2H,2026-03-12T09:05:00,2026-03-12T12:05:00,
LIS,BCN,2026/3/12,60.96,IB,PT2H,2026-03-12T14:00:00,2026-03-12T17:00:00,
LIS,BCN,2026/3/12,60.96,VY,PT1H54M,2026-03-12T21:05:00,2026-03-12T23:59:00,
LIS,BCN,2026/3/12,60.96,VY,PT1H55M,2026-03-12T17:25:00,2026-03-12T20:20:00,
LIS,BCN,2026/3/12,60.96,VY,PT2H,2026-03-12T09:05:00,2026-03-12T12:05:00,
LIS,BCN,2026/3/12,60.96,VY,PT2H,2026-03-12T13:55:00,2026-03-12T16:55:00,
LIS,BCN,2026/3/12,70.96,TP,PT1H55M,2026-03-12T17:25:00,2026-03-12T20:20:00,
LIS,BCN,2026/3/12,70.96,TP,PT1H55M,2026-03-12T20:50:00,2026-03-12T23:45:00,
LIS,BCN,2026/3/12,83.96,TP,PT1H55M,2026-03-12T07:10:00,2026-03-12T10:05:00,
LIS,BCN,2026/3/12,83.96,TP,PT1H55M,2026-03-12T14:20:00,2026-03-12T17:15:00,
LIS,BCN,2026/3/12,91.53,UX,PT4H,2026-03-12T11:35:00,2026-03-12T13:50:00,
LIS,BCN,2026/3/13,45.96,VY,PT2H,2026-03-13T14:00:00,2026-03-13T17:00:00,
LIS,BCN,2026/3/13,58.96,TP,PT1H55M,2026-03-13T07:10:00,2026-03-13T10:05:00,
LIS,BCN,2026/3/13,58.96,TP,PT1H55M,2026-03-13T08:50:00,2026-03-13T11:45:00,
LIS,BCN,2026/3/13,58.96,TP,PT1H55M,2026-03-13T10:50:00,2026-03-13T13:45:00,
LIS,BCN,2026/3/13,60.96,IB,PT1H49M,2026-03-13T22:10:00,2026-03-14T00:59:00,
LIS,BCN,2026/3/13,60.96,IB,PT1H54M,2026-03-13T21:05:00,2026-03-13T23:59:00,
LIS,BCN,2026/3/13,60.96,IB,PT2H,2026-03-13T09:05:00,2026-03-13T12:05:00,
LIS,BCN,2026/3/13,60.96,IB,PT2H,2026-03-13T14:00:00,2026-03-13T17:00:00,
LIS,BCN,2026/3/13,60.96,VY,PT1H49M,2026-03-13T22:10:00,2026-03-14T00:59:00,
LIS,BCN,2026/3/13,60.96,VY,PT1H54M,2026-03-13T21:05:00,2026-03-13T23:59:00,
LIS,BCN,2026/3/13,60.96,VY,PT2H,2026-03-13T09:05:00,2026-03-13T12:05:00,
LIS,BCN,2026/3/13,70.96,TP,PT1H55M,2026-03-13T14:20:00,2026-03-13T17:15:00,
LIS,BCN,2026/3/13,70.96,TP,PT1H55M,2026-03-13T17:25:00,2026-03-13T20:20:00,
LIS,BCN,2026/3/13,70.96,TP,PT1H55M,2026-03-13T20:50:00,2026-03-13T23:45:00,
LIS,BCN,2026/3/13,76.53,UX,PT7H35M,2026-03-13T08:00:00,2026-03-13T10:15:00,
LIS,BCN,2026/3/14,58.96,TP,PT1H55M,2026-03-14T07:10:00,2026-03-14T10:05:00,
LIS,BCN,2026/3/14,58.96,TP,PT1H55M,2026-03-14T17:25:00,2026-03-14T20:20:00,
LIS,BCN,2026/3/14,58.96,TP,PT1H55M,2026-03-14T20:50:00,2026-03-14T23:45:00,
LIS,BCN,2026/3/14,60.96,IB,PT1H54M,2026-03-14T21:05:00,2026-03-14T23:59:00,
LIS,BCN,2026/3/14,60.96,IB,PT2H,2026-03-14T09:05:00,2026-03-14T12:05:00,
LIS,BCN,2026/3/14,60.96,IB,PT2H,2026-03-14T14:00:00,2026-03-14T17:00:00,
LIS,BCN,2026/3/14,60.96,IB,PT2H,2026-03-14T15:40:00,2026-03-14T18:40:00,
LIS,BCN,2026/3/14,60.96,VY,PT1H54M,2026-03-14T21:05:00,2026-03-14T23:59:00,
LIS,BCN,2026/3/14,60.96,VY,PT2H,2026-03-14T09:05:00,2026-03-14T12:05:00,
LIS,BCN,2026/3/14,60.96,VY,PT2H,2026-03-14T13:55:00,2026-03-14T16:55:00,
LIS,BCN,2026/3/14,60.96,VY,PT2H,2026-03-14T15:40:00,2026-03-14T18:40:00,
LIS,BCN,2026/3/14,70.96,TP,PT1H55M,2026-03-14T08:50:00,2026-03-14T11:45:00,
LIS,BCN,2026/3/14,70.96,TP,PT1H55M,2026-03-14T10:50:00,2026-03-14T13:45:00,
LIS,BCN,2026/3/14,70.96,TP,PT1H55M,2026-03-14T14:20:00,2026-03-14T17:15:00,
LIS,BCN,2026/3/14,91.53,UX,PT4H,2026-03-14T11:35:00,2026-03-14T13:50:00,
LIS,BCN,2026/3/15,45.96,VY,PT1H49M,2026-03-15T22:10:00,2026-03-16T00:59:00,
LIS,BCN,2026/3/15,58.96,TP,PT1H55M,2026-03-15T07:10:00,2026-03-15T10:05:00,
LIS,BCN,2026/3/15,60.96,IB,PT1H49M,2026-03-15T22:10:00,2026-03-16T00:59:00,
LIS,BCN,2026/3/15,60.96,IB,PT1H54M,2026-03-15T21:05:00,2026-03-15T23:59:00,
LIS,BCN,2026/3/15,60.96,IB,PT2H,2026-03-15T09:05:00,2026-03-15T12:05:00,
LIS,BCN,2026/3/15,60.96,IB,PT2H,2026-03-15T14:00:00,2026-03-15T17:00:00,
LIS,BCN,2026/3/15,60.96,VY,PT1H54M,2026-03-15T21:05:00,2026-03-15T23:59:00,
LIS,BCN,2026/3/15,60.96,VY,PT2H,2026-03-15T09:05:00,2026-03-15T12:05:00,
LIS,BCN,2026/3/15,60.96,VY,PT2H,2026-03-15T14:00:00,2026-03-15T17:00:00,
LIS,BCN,2026/3/15,70.96,TP,PT1H55M,2026-03-15T08:50:00,2026-03-15T11:45:00,
LIS,BCN,2026/3/15,70.96,TP,PT1H55M,2026-03-15T10:50:00,2026-03-15T13:45:00,
LIS,BCN,2026/3/15,83.96,TP,PT1H55M,2026-03-15T14:20:00,2026-03-15T17:15:00,
LIS,BCN,2026/3/15,91.53,UX,PT4H,2026-03-15T11:35:00,2026-03-15T13:50:00,
LIS,BCN,2026/3/15,91.53,UX,PT7H35M,2026-03-15T08:00:00,2026-03-15T10:15:00,
LIS,BCN,2026/3/15,99.68,A3,PT16H15M,2026-03-15T17:10:00,2026-03-15T23:05:00,
LIS,BCN,2026/3/16,45.96,VY,PT2H,2026-03-16T14:00:00,2026-03-16T17:00:00,
LIS,BCN,2026/3/16,58.96,TP,PT1H55M,2026-03-16T17:25:00,2026-03-16T20:20:00,
LIS,BCN,2026/3/16,58.96,TP,PT1H55M,2026-03-16T20:50:00,2026-03-16T23:45:00,
LIS,BCN,2026/3/16,60.96,IB,PT1H49M,2026-03-16T22:10:00,2026-03-17T00:59:00,
LIS,BCN,2026/3/16,60.96,IB,PT1H54M,2026-03-16T21:05:00,2026-03-16T23:59:00,
LIS,BCN,2026/3/16,60.96,IB,PT2H,2026-03-16T09:05:00,2026-03-16T12:05:00,
LIS,BCN,2026/3/16,60.96,IB,PT2H,2026-03-16T14:00:00,2026-03-16T17:00:00,
LIS,BCN,2026/3/16,60.96,VY,PT1H49M,2026-03-16T22:10:00,2026-03-17T00:59:00,
LIS,BCN,2026/3/16,60.96,VY,PT1H54M,2026-03-16T21:05:00,2026-03-16T23:59:00,
LIS,BCN,2026/3/16,70.96,TP,PT1H55M,2026-03-16T08:50:00,2026-03-16T11:45:00,
LIS,BCN,2026/3/16,70.96,TP,PT1H55M,2026-03-16T10:50:00,2026-03-16T13:45:00,
LIS,BCN,2026/3/16,91.53,UX,PT4H,2026-03-16T11:35:00,2026-03-16T13:50:00,
LIS,BCN,2026/3/16,91.53,UX,PT7H55M,2026-03-16T07:40:00,2026-03-16T09:55:00,
LIS,BCN,2026/3/16,93.96,VY,PT2H,2026-03-16T09:05:00,2026-03-16T12:05:00,
LIS,BCN,2026/3/16,99.68,A3,PT16H15M,2026-03-16T17:10:00,2026-03-16T23:05:00,
LIS,BCN,2026/3/17,53.96,VY,PT2H,2026-03-17T09:05:00,2026-03-17T12:05:00,
LIS,BCN,2026/3/17,58.96,TP,PT1H55M,2026-03-17T08:50:00,2026-03-17T11:45:00,
LIS,BCN,2026/3/17,58.96,TP,PT1H55M,2026-03-17T10:50:00,2026-03-17T13:45:00,
LIS,BCN,2026/3/17,58.96,TP,PT1H55M,2026-03-17T14:20:00,2026-03-17T17:15:00,
LIS,BCN,2026/3/17,58.96,TP,PT1H55M,2026-03-17T17:25:00,2026-03-17T20:20:00,
LIS,BCN,2026/3/17,58.96,TP,PT1H55M,2026-03-17T20:50:00,2026-03-17T23:45:00,
LIS,BCN,2026/3/17,60.96,IB,PT1H49M,2026-03-17T22:10:00,2026-03-18T00:59:00,
LIS,BCN,2026/3/17,60.96,IB,PT1H54M,2026-03-17T21:05:00,2026-03-17T23:59:00,
LIS,BCN,2026/3/17,60.96,IB,PT2H,2026-03-17T09:05:00,2026-03-17T12:05:00,
LIS,BCN,2026/3/17,60.96,IB,PT2H,2026-03-17T14:00:00,2026-03-17T17:00:00,
LIS,BCN,2026/3/17,60.96,VY,PT1H49M,2026-03-17T22:10:00,2026-03-18T00:59:00,
LIS,BCN,2026/3/17,60.96,VY,PT1H54M,2026-03-17T21:05:00,2026-03-17T23:59:00,
LIS,BCN,2026/3/17,60.96,VY,PT2H,2026-03-17T14:00:00,2026-03-17T17:00:00,
LIS,BCN,2026/3/17,99.68,A3,PT21H25M,2026-03-17T12:00:00,2026-03-17T17:55:00,
LIS,BCN,2026/3/17,118.96,TP,PT1H55M,2026-03-17T07:10:00,2026-03-17T10:05:00,
LIS,BCN,2026/3/18,58.96,TP,PT1H55M,2026-03-18T08:50:00,2026-03-18T11:45:00,
LIS,BCN,2026/3/18,58.96,TP,PT1H55M,2026-03-18T10:50:00,2026-03-18T13:45:00,
LIS,BCN,2026/3/18,58.96,TP,PT1H55M,2026-03-18T17:25:00,2026-03-18T20:20:00,
LIS,BCN,2026/3/18,58.96,TP,PT1H55M,2026-03-18T20:50:00,2026-03-18T23:45:00,
LIS,BCN,2026/3/18,60.96,IB,PT1H49M,2026-03-18T22:10:00,2026-03-19T00:59:00,
LIS,BCN,2026/3/18,60.96,IB,PT1H54M,2026-03-18T21:05:00,2026-03-18T23:59:00,
LIS,BCN,2026/3/18,60.96,IB,PT2H,2026-03-18T09:05:00,2026-03-18T12:05:00,
LIS,BCN,2026/3/18,60.96,IB,PT2H,2026-03-18T14:00:00,2026-03-18T17:00:00,
LIS,BCN,2026/3/18,60.96,VY,PT1H49M,2026-03-18T22:10:00,2026-03-19T00:59:00,
LIS,BCN,2026/3/18,60.96,VY,PT1H54M,2026-03-18T21:05:00,2026-03-18T23:59:00,
LIS,BCN,2026/3/18,60.96,VY,PT2H,2026-03-18T09:05:00,2026-03-18T12:05:00,
LIS,BCN,2026/3/18,60.96,VY,PT2H,2026-03-18T14:00:00,2026-03-18T17:00:00,
LIS,BCN,2026/3/18,70.96,TP,PT1H55M,2026-03-18T07:10:00,2026-03-18T10:05:00,
LIS,BCN,2026/3/18,91.53,UX,PT4H,2026-03-18T11:35:00,2026-03-18T13:50:00,
LIS,BCN,2026/3/18,91.53,UX,PT7H35M,2026-03-18T08:00:00,2026-03-18T10:15:00,
LIS,BCN,2026/3/19,58.96,TP,PT1H55M,2026-03-19T08:50:00,2026-03-19T11:45:00,
LIS,BCN,2026/3/19,58.96,TP,PT1H55M,2026-03-19T10:50:00,2026-03-19T13:45:00,
LIS,BCN,2026/3/19,58.96,TP,PT1H55M,2026-03-19T17:25:00,2026-03-19T20:20:00,
LIS,BCN,2026/3/19,58.96,TP,PT1H55M,2026-03-19T20:50:00,2026-03-19T23:45:00,
LIS,BCN,2026/3/19,60.96,IB,PT1H49M,2026-03-19T22:10:00,2026-03-20T00:59:00,
LIS,BCN,2026/3/19,60.96,IB,PT1H54M,2026-03-19T21:05:00,2026-03-19T23:59:00,
LIS,BCN,2026/3/19,60.96,IB,PT2H,2026-03-19T09:05:00,2026-03-19T12:05:00,
LIS,BCN,2026/3/19,60.96,IB,PT2H,2026-03-19T14:00:00,2026-03-19T17:00:00,
LIS,BCN,2026/3/19,60.96,VY,PT1H54M,2026-03-19T21:05:00,2026-03-19T23:59:00,
LIS,BCN,2026/3/19,60.96,VY,PT1H55M,2026-03-19T17:25:00,2026-03-19T20:20:00,
LIS,BCN,2026/3/19,60.96,VY,PT2H,2026-03-19T09:05:00,2026-03-19T12:05:00,
LIS,BCN,2026/3/19,60.96,VY,PT2H,2026-03-19T13:55:00,2026-03-19T16:55:00,
LIS,BCN,2026/3/19,70.96,TP,PT1H55M,2026-03-19T14:20:00,2026-03-19T17:15:00,
LIS,BCN,2026/3/19,83.96,TP,PT1H55M,2026-03-19T07:10:00,2026-03-19T10:05:00,
LIS,BCN,2026/3/19,91.53,UX,PT4H,2026-03-19T11:35:00,2026-03-19T13:50:00,
CMN,BCN,2026/2/18,106.87,IB,PT4H25M,2026-02-18T13:45:00,2026-02-18T15:30:00,
CMN,BCN,2026/2/18,114.66,AT,PT1H10M,2026-02-18T16:00:00,2026-02-18T18:10:00,
CMN,BCN,2026/2/18,114.66,AT,PT2H10M,2026-02-18T09:35:00,2026-02-18T11:45:00,
CMN,BCN,2026/2/18,140.46,TP,PT4H,2026-02-18T12:15:00,2026-02-18T12:45:00,
CMN,BCN,2026/2/18,140.46,TP,PT7H5M,2026-02-18T12:15:00,2026-02-18T12:45:00,
CMN,BCN,2026/2/18,148.02,IB,PT1H10M,2026-02-18T16:00:00,2026-02-18T18:10:00,
CMN,BCN,2026/2/18,158.87,IB,PT15H55M,2026-02-18T16:40:00,2026-02-18T18:20:00,
CMN,BCN,2026/2/18,160.87,IB,PT6H30M,2026-02-18T16:20:00,2026-02-18T18:05:00,
CMN,BCN,2026/2/18,160.87,IB,PT7H55M,2026-02-18T10:15:00,2026-02-18T12:00:00,
CMN,BCN,2026/2/18,203.75,AF,PT6H15M,2026-02-18T16:40:00,2026-02-18T19:55:00,
CMN,BCN,2026/2/18,203.75,AF,PT7H55M,2026-02-18T11:25:00,2026-02-18T14:35:00,
CMN,BCN,2026/2/18,203.75,AF,PT8H5M,2026-02-18T05:55:00,2026-02-18T09:10:00,
CMN,BCN,2026/2/18,203.75,AF,PT11H30M,2026-02-18T11:25:00,2026-02-18T14:35:00,
CMN,BCN,2026/2/18,203.75,AF,PT13H15M,2026-02-18T19:35:00,2026-02-18T22:50:00,
CMN,BCN,2026/2/18,203.75,AF,PT15H35M,2026-02-18T19:35:00,2026-02-18T22:50:00,
CMN,BCN,2026/2/19,106.87,IB,PT3H55M,2026-02-19T18:55:00,2026-02-19T20:40:00,
CMN,BCN,2026/2/19,114.66,AT,PT1H10M,2026-02-19T09:35:00,2026-02-19T11:45:00,
CMN,BCN,2026/2/19,114.66,AT,PT1H10M,2026-02-19T16:00:00,2026-02-19T18:10:00,
CMN,BCN,2026/2/19,140.46,TP,PT5H55M,2026-02-19T16:50:00,2026-02-19T17:15:00,
CMN,BCN,2026/2/19,140.46,TP,PT16H15M,2026-02-19T16:50:00,2026-02-19T17:15:00,
CMN,BCN,2026/2/19,148.02,IB,PT1H10M,2026-02-19T16:00:00,2026-02-19T18:10:00,
CMN,BCN,2026/2/19,158.87,IB,PT15H55M,2026-02-19T16:40:00,2026-02-19T18:20:00,
CMN,BCN,2026/2/19,160.87,IB,PT6H30M,2026-02-19T16:20:00,2026-02-19T18:05:00,
CMN,BCN,2026/2/19,203.75,AF,PT6H15M,2026-02-19T16:40:00,2026-02-19T19:55:00,
CMN,BCN,2026/2/19,203.75,AF,PT7H55M,2026-02-19T11:25:00,2026-02-19T14:35:00,
CMN,BCN,2026/2/19,203.75,AF,PT8H5M,2026-02-19T05:55:00,2026-02-19T09:10:00,
CMN,BCN,2026/2/19,203.75,AF,PT11H30M,2026-02-19T11:25:00,2026-02-19T14:35:00,
CMN,BCN,2026/2/19,203.75,AF,PT13H15M,2026-02-19T19:35:00,2026-02-19T22:50:00,
CMN,BCN,2026/2/19,207.58,PC,PT10H35M,2026-02-19T01:10:00,2026-02-19T07:50:00,
CMN,BCN,2026/2/19,211.87,VY,PT5H30M,2026-02-19T13:45:00,2026-02-19T15:30:00,
CMN,BCN,2026/2/20,89.87,IB,PT13H30M,2026-02-20T18:55:00,2026-02-20T20:40:00,
CMN,BCN,2026/2/20,106.87,IB,PT4H25M,2026-02-20T13:45:00,2026-02-20T15:30:00,
CMN,BCN,2026/2/20,106.87,IB,PT6H40M,2026-02-20T13:45:00,2026-02-20T15:30:00,
CMN,BCN,2026/2/20,114.02,3O,PT2H10M,2026-02-20T05:40:00,2026-02-20T08:50:00,
CMN,BCN,2026/2/20,114.66,AT,PT1H10M,2026-02-20T09:35:00,2026-02-20T11:45:00,
CMN,BCN,2026/2/20,114.66,AT,PT2H10M,2026-02-20T16:00:00,2026-02-20T18:10:00,
CMN,BCN,2026/2/20,140.46,TP,PT4H25M,2026-02-20T11:50:00,2026-02-20T12:20:00,
CMN,BCN,2026/2/20,140.46,TP,PT7H30M,2026-02-20T11:50:00,2026-02-20T12:20:00,
CMN,BCN,2026/2/20,148.02,IB,PT2H10M,2026-02-20T16:00:00,2026-02-20T18:10:00,
CMN,BCN,2026/2/20,160.87,IB,PT6H30M,2026-02-20T16:20:00,2026-02-20T18:05:00,
CMN,BCN,2026/2/20,168.39,IB,PT16H5M,2026-02-20T16:20:00,2026-02-20T18:05:00,
CMN,BCN,2026/2/20,203.75,AF,PT7H55M,2026-02-20T11:25:00,2026-02-20T14:35:00,
CMN,BCN,2026/2/20,203.75,AF,PT8H5M,2026-02-20T05:55:00,2026-02-20T09:10:00,
CMN,BCN,2026/2/20,203.75,AF,PT11H10M,2026-02-20T05:55:00,2026-02-20T09:10:00,
CMN,BCN,2026/2/20,211.87,VY,PT6H40M,2026-02-20T13:45:00,2026-02-20T15:30:00,
CMN,BCN,2026/2/21,114.66,AT,PT2H10M,2026-02-21T09:35:00,2026-02-21T11:45:00,
CMN,BCN,2026/2/21,114.66,AT,PT2H10M,2026-02-21T16:00:00,2026-02-21T18:10:00,
CMN,BCN,2026/2/21,140.46,TP,PT4H,2026-02-21T12:15:00,2026-02-21T12:45:00,
CMN,BCN,2026/2/21,140.46,TP,PT5H55M,2026-02-21T16:50:00,2026-02-21T17:15:00,
CMN,BCN,2026/2/21,140.46,TP,PT7H5M,2026-02-21T12:15:00,2026-02-21T12:45:00,
CMN,BCN,2026/2/21,140.46,TP,PT16H15M,2026-02-21T16:50:00,2026-02-21T17:15:00,
CMN,BCN,2026/2/21,148.02,IB,PT2H10M,2026-02-21T09:35:00,2026-02-21T11:45:00,
CMN,BCN,2026/2/21,148.02,IB,PT2H10M,2026-02-21T16:00:00,2026-02-21T18:10:00,
CMN,BCN,2026/2/21,160.87,IB,PT6H30M,2026-02-21T16:20:00,2026-02-21T18:05:00,
CMN,BCN,2026/2/21,160.87,IB,PT6H55M,2026-02-21T10:15:00,2026-02-21T12:00:00,
CMN,BCN,2026/2/21,190.76,AF,PT14H50M,2026-02-21T18:35:00,2026-02-21T23:20:00,
CMN,BCN,2026/2/21,190.76,AF,PT16H40M,2026-02-21T18:35:00,2026-02-21T23:20:00,
CMN,BCN,2026/2/21,203.75,AF,PT13H15M,2026-02-21T19:35:00,2026-02-21T22:50:00,
CMN,BCN,2026/2/21,203.75,AF,PT15H35M,2026-02-21T19:35:00,2026-02-21T22:50:00,
CMN,BCN,2026/2/21,203.75,AF,PT16H10M,2026-02-21T16:40:00,2026-02-21T19:55:00,
CMN,BCN,2026/2/22,106.87,IB,PT3H55M,2026-02-22T18:55:00,2026-02-22T20:40:00,
CMN,BCN,2026/2/22,106.87,IB,PT4H25M,2026-02-22T13:45:00,2026-02-22T15:30:00,
CMN,BCN,2026/2/22,106.87,IB,PT5H30M,2026-02-22T13:45:00,2026-02-22T15:30:00,
CMN,BCN,2026/2/22,114.02,3O,PT2H10M,2026-02-22T12:35:00,2026-02-22T15:45:00,
CMN,BCN,2026/2/22,114.66,AT,PT1H10M,2026-02-22T09:35:00,2026-02-22T11:45:00,
CMN,BCN,2026/2/22,114.66,AT,PT1H10M,2026-02-22T16:00:00,2026-02-22T18:10:00,
CMN,BCN,2026/2/22,140.46,TP,PT4H,2026-02-22T12:15:00,2026-02-22T12:40:00,
CMN,BCN,2026/2/22,140.46,TP,PT5H55M,2026-02-22T16:50:00,2026-02-22T17:15:00,
CMN,BCN,2026/2/22,140.46,TP,PT7H5M,2026-02-22T12:15:00,2026-02-22T12:40:00,
CMN,BCN,2026/2/22,140.46,TP,PT16H15M,2026-02-22T16:50:00,2026-02-22T17:15:00,
CMN,BCN,2026/2/22,148.02,IB,PT1H10M,2026-02-22T16:00:00,2026-02-22T18:10:00,
CMN,BCN,2026/2/22,148.02,IB,PT2H10M,2026-02-22T09:35:00,2026-02-22T11:45:00,
CMN,BCN,2026/2/22,158.87,IB,PT15H55M,2026-02-22T16:40:00,2026-02-22T18:20:00,
CMN,BCN,2026/2/22,160.87,IB,PT6H30M,2026-02-22T16:20:00,2026-02-22T18:05:00,
CMN,BCN,2026/2/22,160.87,IB,PT7H55M,2026-02-22T10:15:00,2026-02-22T12:00:00,
CMN,BCN,2026/2/23,106.87,IB,PT3H55M,2026-02-23T18:55:00,2026-02-23T20:40:00,
CMN,BCN,2026/2/23,114.66,AT,PT1H10M,2026-02-23T16:00:00,2026-02-23T18:10:00,
CMN,BCN,2026/2/23,114.66,AT,PT2H10M,2026-02-23T09:35:00,2026-02-23T11:45:00,
CMN,BCN,2026/2/23,140.46,TP,PT4H,2026-02-23T12:15:00,2026-02-23T12:45:00,
CMN,BCN,2026/2/23,140.46,TP,PT5H55M,2026-02-23T16:50:00,2026-02-23T17:15:00,
CMN,BCN,2026/2/23,140.46,TP,PT7H5M,2026-02-23T12:15:00,2026-02-23T12:45:00,
CMN,BCN,2026/2/23,140.46,TP,PT16H15M,2026-02-23T16:50:00,2026-02-23T17:15:00,
CMN,BCN,2026/2/23,148.02,IB,PT1H10M,2026-02-23T16:00:00,2026-02-23T18:10:00,
CMN,BCN,2026/2/23,158.87,IB,PT22H40M,2026-02-23T09:55:00,2026-02-23T11:35:00,
CMN,BCN,2026/2/23,160.87,IB,PT6H30M,2026-02-23T16:20:00,2026-02-23T18:05:00,
CMN,BCN,2026/2/23,203.75,AF,PT6H15M,2026-02-23T16:40:00,2026-02-23T19:55:00,
CMN,BCN,2026/2/23,203.75,AF,PT7H55M,2026-02-23T11:25:00,2026-02-23T14:35:00,
CMN,BCN,2026/2/23,203.75,AF,PT8H5M,2026-02-23T05:55:00,2026-02-23T09:10:00,
CMN,BCN,2026/2/23,203.75,AF,PT9H5M,2026-02-23T05:55:00,2026-02-23T09:10:00,
CMN,BCN,2026/2/23,203.75,AF,PT11H30M,2026-02-23T11:25:00,2026-02-23T14:35:00,
CMN,BCN,2026/2/24,114.66,AT,PT1H10M,2026-02-24T16:00:00,2026-02-24T18:10:00,
CMN,BCN,2026/2/24,140.46,TP,PT5H55M,2026-02-24T16:50:00,2026-02-24T17:15:00,
CMN,BCN,2026/2/24,140.46,TP,PT16H15M,2026-02-24T16:50:00,2026-02-24T17:15:00,
CMN,BCN,2026/2/24,148.02,IB,PT1H10M,2026-02-24T16:00:00,2026-02-24T18:10:00,
CMN,BCN,2026/2/24,158.87,IB,PT15H55M,2026-02-24T16:40:00,2026-02-24T18:20:00,
CMN,BCN,2026/2/24,160.87,IB,PT6H30M,2026-02-24T16:20:00,2026-02-24T18:05:00,
CMN,BCN,2026/2/24,203.75,AF,PT6H15M,2026-02-24T16:40:00,2026-02-24T19:55:00,
CMN,BCN,2026/2/24,203.75,AF,PT7H55M,2026-02-24T11:25:00,2026-02-24T14:35:00,
CMN,BCN,2026/2/24,203.75,AF,PT8H5M,2026-02-24T05:55:00,2026-02-24T09:10:00,
CMN,BCN,2026/2/24,203.75,AF,PT9H5M,2026-02-24T05:55:00,2026-02-24T09:10:00,
CMN,BCN,2026/2/24,203.75,AF,PT11H30M,2026-02-24T11:25:00,2026-02-24T14:35:00,
CMN,BCN,2026/2/24,203.75,AF,PT13H15M,2026-02-24T19:35:00,2026-02-24T22:50:00,
CMN,BCN,2026/2/24,203.75,AF,PT15H35M,2026-02-24T19:35:00,2026-02-24T22:50:00,
CMN,BCN,2026/2/24,203.75,AF,PT16H10M,2026-02-24T16:40:00,2026-02-24T19:55:00,
CMN,BCN,2026/2/24,211.87,VY,PT5H30M,2026-02-24T13:45:00,2026-02-24T15:30:00,
CMN,BCN,2026/2/25,106.87,IB,PT4H25M,2026-02-25T13:45:00,2026-02-25T15:30:00,
CMN,BCN,2026/2/25,114.66,AT,PT1H10M,2026-02-25T16:00:00,2026-02-25T18:10:00,
CMN,BCN,2026/2/25,114.66,AT,PT2H10M,2026-02-25T09:35:00,2026-02-25T11:45:00,
CMN,BCN,2026/2/25,140.46,TP,PT4H,2026-02-25T12:15:00,2026-02-25T12:45:00,
CMN,BCN,2026/2/25,140.46,TP,PT7H5M,2026-02-25T12:15:00,2026-02-25T12:45:00,
CMN,BCN,2026/2/25,148.02,IB,PT1H10M,2026-02-25T16:00:00,2026-02-25T18:10:00,
CMN,BCN,2026/2/25,158.87,IB,PT15H55M,2026-02-25T16:40:00,2026-02-25T18:20:00,
CMN,BCN,2026/2/25,160.87,IB,PT6H30M,2026-02-25T16:20:00,2026-02-25T18:05:00,
CMN,BCN,2026/2/25,203.75,AF,PT6H15M,2026-02-25T16:40:00,2026-02-25T19:55:00,
CMN,BCN,2026/2/25,203.75,AF,PT7H55M,2026-02-25T11:25:00,2026-02-25T14:35:00,
CMN,BCN,2026/2/25,203.75,AF,PT8H5M,2026-02-25T05:55:00,2026-02-25T09:10:00,
CMN,BCN,2026/2/25,203.75,AF,PT9H5M,2026-02-25T05:55:00,2026-02-25T09:10:00,
CMN,BCN,2026/2/25,203.75,AF,PT11H30M,2026-02-25T11:25:00,2026-02-25T14:35:00,
CMN,BCN,2026/2/25,203.75,AF,PT13H15M,2026-02-25T19:35:00,2026-02-25T22:50:00,
CMN,BCN,2026/2/25,203.75,AF,PT15H35M,2026-02-25T19:35:00,2026-02-25T22:50:00,
CMN,BCN,2026/2/26,106.87,IB,PT3H55M,2026-02-26T18:55:00,2026-02-26T20:40:00,
CMN,BCN,2026/2/26,106.87,IB,PT4H25M,2026-02-26T13:45:00,2026-02-26T15:30:00,
CMN,BCN,2026/2/26,114.66,AT,PT1H10M,2026-02-26T09:35:00,2026-02-26T11:45:00,
CMN,BCN,2026/2/26,114.66,AT,PT1H10M,2026-02-26T16:00:00,2026-02-26T18:10:00,
CMN,BCN,2026/2/26,140.46,TP,PT5H55M,2026-02-26T16:50:00,2026-02-26T17:15:00,
CMN,BCN,2026/2/26,140.46,TP,PT16H15M,2026-02-26T16:50:00,2026-02-26T17:15:00,
CMN,BCN,2026/2/26,148.02,IB,PT1H10M,2026-02-26T16:00:00,2026-02-26T18:10:00,
CMN,BCN,2026/2/26,158.87,IB,PT15H55M,2026-02-26T16:40:00,2026-02-26T18:20:00,
CMN,BCN,2026/2/26,160.87,IB,PT6H30M,2026-02-26T16:20:00,2026-02-26T18:05:00,
CMN,BCN,2026/2/26,203.75,AF,PT15H35M,2026-02-26T19:35:00,2026-02-26T22:50:00,
CMN,BCN,2026/2/26,205.87,VY,PT13H5M,2026-02-26T18:55:00,2026-02-26T20:40:00,
CMN,BCN,2026/2/26,211.87,VY,PT5H30M,2026-02-26T13:45:00,2026-02-26T15:30:00,
CMN,BCN,2026/2/26,211.87,VY,PT13H30M,2026-02-26T18:55:00,2026-02-26T20:40:00,
CMN,BCN,2026/2/26,221.03,HC,PT1H10M,2026-02-26T09:35:00,2026-02-26T11:45:00,
CMN,BCN,2026/2/26,228.75,AF,PT7H55M,2026-02-26T11:25:00,2026-02-26T14:35:00,
CMN,BCN,2026/2/27,106.87,IB,PT3H55M,2026-02-27T18:55:00,2026-02-27T20:40:00,
CMN,BCN,2026/2/27,106.87,IB,PT4H25M,2026-02-27T13:45:00,2026-02-27T15:30:00,
CMN,BCN,2026/2/27,114.02,3O,PT2H10M,2026-02-27T05:40:00,2026-02-27T08:50:00,
CMN,BCN,2026/2/27,114.66,AT,PT1H10M,2026-02-27T09:35:00,2026-02-27T11:45:00,
CMN,BCN,2026/2/27,114.66,AT,PT2H10M,2026-02-27T16:00:00,2026-02-27T18:10:00,
CMN,BCN,2026/2/27,140.46,TP,PT4H25M,2026-02-27T11:50:00,2026-02-27T12:20:00,
CMN,BCN,2026/2/27,140.46,TP,PT7H30M,2026-02-27T11:50:00,2026-02-27T12:20:00,
CMN,BCN,2026/2/27,148.02,IB,PT2H10M,2026-02-27T16:00:00,2026-02-27T18:10:00,
CMN,BCN,2026/2/27,160.87,IB,PT6H30M,2026-02-27T16:20:00,2026-02-27T18:05:00,
CMN,BCN,2026/2/27,203.75,AF,PT8H5M,2026-02-27T05:55:00,2026-02-27T09:10:00,
CMN,BCN,2026/2/27,205.87,VY,PT6H40M,2026-02-27T13:45:00,2026-02-27T15:30:00,
CMN,BCN,2026/2/27,211.87,VY,PT13H30M,2026-02-27T18:55:00,2026-02-27T20:40:00,
CMN,BCN,2026/2/27,221.03,HC,PT1H10M,2026-02-27T09:35:00,2026-02-27T11:45:00,
CMN,BCN,2026/2/27,228.1,TU,PT19H55M,2026-02-27T02:00:00,2026-02-27T04:25:00,
CMN,BCN,2026/2/27,228.75,AF,PT11H10M,2026-02-27T05:55:00,2026-02-27T09:10:00,
CMN,BCN,2026/2/28,106.87,IB,PT4H25M,2026-02-28T13:45:00,2026-02-28T15:30:00,
CMN,BCN,2026/2/28,114.66,AT,PT1H10M,2026-02-28T09:35:00,2026-02-28T11:45:00,
CMN,BCN,2026/2/28,114.66,AT,PT1H10M,2026-02-28T16:00:00,2026-02-28T18:10:00,
CMN,BCN,2026/2/28,140.46,TP,PT4H,2026-02-28T12:15:00,2026-02-28T12:45:00,
CMN,BCN,2026/2/28,140.46,TP,PT5H55M,2026-02-28T16:50:00,2026-02-28T17:15:00,
CMN,BCN,2026/2/28,140.46,TP,PT7H5M,2026-02-28T12:15:00,2026-02-28T12:45:00,
CMN,BCN,2026/2/28,140.46,TP,PT16H15M,2026-02-28T16:50:00,2026-02-28T17:15:00,
CMN,BCN,2026/2/28,142.76,AF,PT14H50M,2026-02-28T18:35:00,2026-02-28T23:20:00,
CMN,BCN,2026/2/28,142.76,AF,PT16H40M,2026-02-28T18:35:00,2026-02-28T23:20:00,
CMN,BCN,2026/2/28,148.02,IB,PT1H10M,2026-02-28T09:35:00,2026-02-28T11:45:00,
CMN,BCN,2026/2/28,148.02,IB,PT1H10M,2026-02-28T16:00:00,2026-02-28T18:10:00,
CMN,BCN,2026/2/28,160.87,IB,PT6H30M,2026-02-28T16:20:00,2026-02-28T18:05:00,
CMN,BCN,2026/2/28,160.87,IB,PT6H55M,2026-02-28T10:15:00,2026-02-28T12:00:00,
CMN,BCN,2026/2/28,205.87,VY,PT7H35M,2026-02-28T13:45:00,2026-02-28T15:30:00,
CMN,BCN,2026/2/28,211.87,VY,PT6H40M,2026-02-28T13:45:00,2026-02-28T15:30:00,
CMN,BCN,2026/3/1,114.02,3O,PT2H10M,2026-03-01T12:35:00,2026-03-01T15:45:00,
CMN,BCN,2026/3/1,114.66,AT,PT1H10M,2026-03-01T09:35:00,2026-03-01T11:45:00,
CMN,BCN,2026/3/1,114.66,AT,PT1H10M,2026-03-01T16:00:00,2026-03-01T18:10:00,
CMN,BCN,2026/3/1,140.46,TP,PT4H,2026-03-01T12:15:00,2026-03-01T12:40:00,
CMN,BCN,2026/3/1,140.46,TP,PT5H55M,2026-03-01T16:50:00,2026-03-01T17:15:00,
CMN,BCN,2026/3/1,140.46,TP,PT7H5M,2026-03-01T12:15:00,2026-03-01T12:40:00,
CMN,BCN,2026/3/1,140.46,TP,PT16H15M,2026-03-01T16:50:00,2026-03-01T17:15:00,
CMN,BCN,2026/3/1,148.02,IB,PT1H10M,2026-03-01T16:00:00,2026-03-01T18:10:00,
CMN,BCN,2026/3/1,159.55,IB,PT15H55M,2026-03-01T16:40:00,2026-03-01T18:20:00,
CMN,BCN,2026/3/1,161.59,IB,PT6H30M,2026-03-01T16:20:00,2026-03-01T18:05:00,
CMN,BCN,2026/3/1,206.59,VY,PT6H40M,2026-03-01T13:45:00,2026-03-01T15:30:00,
CMN,BCN,2026/3/1,206.59,VY,PT13H5M,2026-03-01T18:55:00,2026-03-01T20:40:00,
CMN,BCN,2026/3/1,206.59,VY,PT13H30M,2026-03-01T18:55:00,2026-03-01T20:40:00,
CMN,BCN,2026/3/1,212.59,VY,PT5H30M,2026-03-01T13:45:00,2026-03-01T15:30:00,
CMN,BCN,2026/3/1,221.03,HC,PT1H10M,2026-03-01T09:35:00,2026-03-01T11:45:00,
CMN,BCN,2026/3/2,107.59,IB,PT3H55M,2026-03-02T18:55:00,2026-03-02T20:40:00,
CMN,BCN,2026/3/2,114.66,AT,PT1H10M,2026-03-02T16:00:00,2026-03-02T18:10:00,
CMN,BCN,2026/3/2,114.66,AT,PT2H10M,2026-03-02T09:35:00,2026-03-02T11:45:00,
CMN,BCN,2026/3/2,140.46,TP,PT4H,2026-03-02T12:15:00,2026-03-02T12:45:00,
CMN,BCN,2026/3/2,140.46,TP,PT5H55M,2026-03-02T16:50:00,2026-03-02T17:15:00,
CMN,BCN,2026/3/2,140.46,TP,PT7H5M,2026-03-02T12:15:00,2026-03-02T12:45:00,
CMN,BCN,2026/3/2,140.46,TP,PT16H15M,2026-03-02T16:50:00,2026-03-02T17:15:00,
CMN,BCN,2026/3/2,148.02,IB,PT1H10M,2026-03-02T16:00:00,2026-03-02T18:10:00,
CMN,BCN,2026/3/2,148.02,IB,PT2H10M,2026-03-02T09:35:00,2026-03-02T11:45:00,
CMN,BCN,2026/3/2,159.55,IB,PT22H40M,2026-03-02T09:55:00,2026-03-02T11:35:00,
CMN,BCN,2026/3/2,161.59,IB,PT6H30M,2026-03-02T16:20:00,2026-03-02T18:05:00,
CMN,BCN,2026/3/2,206.59,VY,PT7H35M,2026-03-02T13:45:00,2026-03-02T15:30:00,
CMN,BCN,2026/3/2,207.58,PC,PT10H35M,2026-03-02T01:10:00,2026-03-02T07:50:00,
CMN,BCN,2026/3/2,207.58,PC,PT13H35M,2026-03-02T01:10:00,2026-03-02T07:50:00,
CMN,BCN,2026/3/2,212.59,VY,PT6H40M,2026-03-02T13:45:00,2026-03-02T15:30:00,
CMN,BCN,2026/3/3,107.59,IB,PT4H25M,2026-03-03T13:45:00,2026-03-03T15:30:00,
CMN,BCN,2026/3/3,114.66,AT,PT1H10M,2026-03-03T16:00:00,2026-03-03T18:10:00,
CMN,BCN,2026/3/3,115.76,PC,PT10H35M,2026-03-03T01:10:00,2026-03-03T07:50:00,
CMN,BCN,2026/3/3,140.46,TP,PT5H55M,2026-03-03T16:50:00,2026-03-03T17:15:00,
CMN,BCN,2026/3/3,140.46,TP,PT16H15M,2026-03-03T16:50:00,2026-03-03T17:15:00,
CMN,BCN,2026/3/3,148.02,IB,PT1H10M,2026-03-03T16:00:00,2026-03-03T18:10:00,
CMN,BCN,2026/3/3,159.55,IB,PT15H55M,2026-03-03T16:40:00,2026-03-03T18:20:00,
CMN,BCN,2026/3/3,161.59,IB,PT6H30M,2026-03-03T16:20:00,2026-03-03T18:05:00,
CMN,BCN,2026/3/3,175.76,AF,PT9H35M,2026-03-03T12:30:00,2026-03-03T17:15:00,
CMN,BCN,2026/3/3,175.76,AF,PT20H55M,2026-03-03T12:30:00,2026-03-03T17:15:00,
CMN,BCN,2026/3/3,203.75,AF,PT7H55M,2026-03-03T11:25:00,2026-03-03T14:35:00,
CMN,BCN,2026/3/3,203.75,AF,PT8H5M,2026-03-03T05:55:00,2026-03-03T09:10:00,
CMN,BCN,2026/3/3,203.75,AF,PT9H5M,2026-03-03T05:55:00,2026-03-03T09:10:00,
CMN,BCN,2026/3/3,203.75,AF,PT11H30M,2026-03-03T11:25:00,2026-03-03T14:35:00,
CMN,BCN,2026/3/3,203.75,AF,PT13H15M,2026-03-03T19:35:00,2026-03-03T22:50:00,
CMN,BCN,2026/3/4,107.59,IB,PT4H25M,2026-03-04T13:45:00,2026-03-04T15:30:00,
CMN,BCN,2026/3/4,107.59,IB,PT5H30M,2026-03-04T13:45:00,2026-03-04T15:30:00,
CMN,BCN,2026/3/4,114.66,AT,PT1H10M,2026-03-04T09:35:00,2026-03-04T11:45:00,
CMN,BCN,2026/3/4,114.66,AT,PT1H10M,2026-03-04T16:00:00,2026-03-04T18:10:00,
CMN,BCN,2026/3/4,132.75,AF,PT8H5M,2026-03-04T05:55:00,2026-03-04T09:10:00,
CMN,BCN,2026/3/4,132.75,AF,PT9H5M,2026-03-04T05:55:00,2026-03-04T09:10:00,
CMN,BCN,2026/3/4,140.46,TP,PT4H,2026-03-04T12:15:00,2026-03-04T12:45:00,
CMN,BCN,2026/3/4,140.46,TP,PT7H5M,2026-03-04T12:15:00,2026-03-04T12:45:00,
CMN,BCN,2026/3/4,148.02,IB,PT1H10M,2026-03-04T16:00:00,2026-03-04T18:10:00,
CMN,BCN,2026/3/4,159.55,IB,PT15H55M,2026-03-04T16:40:00,2026-03-04T18:20:00,
CMN,BCN,2026/3/4,161.59,IB,PT6H30M,2026-03-04T16:20:00,2026-03-04T18:05:00,
CMN,BCN,2026/3/4,161.59,IB,PT6H55M,2026-03-04T10:15:00,2026-03-04T12:00:00,
CMN,BCN,2026/3/4,163.75,AF,PT7H55M,2026-03-04T11:25:00,2026-03-04T14:35:00,
CMN,BCN,2026/3/4,163.75,AF,PT11H30M,2026-03-04T11:25:00,2026-03-04T14:35:00,
CMN,BCN,2026/3/4,203.75,AF,PT13H15M,2026-03-04T19:35:00,2026-03-04T22:50:00,
CMN,BCN,2026/3/5,107.59,IB,PT3H55M,2026-03-05T18:55:00,2026-03-05T20:40:00,
CMN,BCN,2026/3/5,107.59,IB,PT4H25M,2026-03-05T13:45:00,2026-03-05T15:30:00,
CMN,BCN,2026/3/5,107.59,IB,PT5H30M,2026-03-05T13:45:00,2026-03-05T15:30:00,
CMN,BCN,2026/3/5,114.66,AT,PT1H10M,2026-03-05T09:35:00,2026-03-05T11:45:00,
CMN,BCN,2026/3/5,114.66,AT,PT1H10M,2026-03-05T16:00:00,2026-03-05T18:10:00,
CMN,BCN,2026/3/5,115.76,PC,PT10H35M,2026-03-05T01:10:00,2026-03-05T07:50:00,
CMN,BCN,2026/3/5,132.75,AF,PT7H55M,2026-03-05T11:25:00,2026-03-05T14:35:00,
CMN,BCN,2026/3/5,132.75,AF,PT8H5M,2026-03-05T05:55:00,2026-03-05T09:10:00,
CMN,BCN,2026/3/5,132.75,AF,PT11H30M,2026-03-05T11:25:00,2026-03-05T14:35:00,
CMN,BCN,2026/3/5,132.75,AF,PT13H15M,2026-03-05T19:35:00,2026-03-05T22:50:00,
CMN,BCN,2026/3/5,132.75,AF,PT15H35M,2026-03-05T19:35:00,2026-03-05T22:50:00,
CMN,BCN,2026/3/5,140.46,TP,PT5H55M,2026-03-05T16:50:00,2026-03-05T17:15:00,
CMN,BCN,2026/3/5,140.46,TP,PT16H15M,2026-03-05T16:50:00,2026-03-05T17:15:00,
CMN,BCN,2026/3/5,147.75,AF,PT6H15M,2026-03-05T16:40:00,2026-03-05T19:55:00,
CMN,BCN,2026/3/5,147.75,AF,PT16H10M,2026-03-05T16:40:00,2026-03-05T19:55:00,
CMN,BCN,2026/3/6,107.59,IB,PT3H55M,2026-03-06T18:55:00,2026-03-06T20:40:00,
CMN,BCN,2026/3/6,107.59,IB,PT4H25M,2026-03-06T13:45:00,2026-03-06T15:30:00,
CMN,BCN,2026/3/6,107.59,IB,PT6H40M,2026-03-06T13:45:00,2026-03-06T15:30:00,
CMN,BCN,2026/3/6,114.02,3O,PT2H10M,2026-03-06T05:40:00,2026-03-06T08:50:00,
CMN,BCN,2026/3/6,114.66,AT,PT1H10M,2026-03-06T09:35:00,2026-03-06T11:45:00,
CMN,BCN,2026/3/6,114.66,AT,PT1H10M,2026-03-06T16:00:00,2026-03-06T18:10:00,
CMN,BCN,2026/3/6,132.75,AF,PT8H5M,2026-03-06T05:55:00,2026-03-06T09:10:00,
CMN,BCN,2026/3/6,132.75,AF,PT11H10M,2026-03-06T05:55:00,2026-03-06T09:10:00,
CMN,BCN,2026/3/6,140.46,TP,PT4H25M,2026-03-06T11:50:00,2026-03-06T12:20:00,
CMN,BCN,2026/3/6,140.46,TP,PT7H30M,2026-03-06T11:50:00,2026-03-06T12:20:00,
CMN,BCN,2026/3/6,148.02,IB,PT1H10M,2026-03-06T09:35:00,2026-03-06T11:45:00,
CMN,BCN,2026/3/6,148.02,IB,PT1H10M,2026-03-06T16:00:00,2026-03-06T18:10:00,
CMN,BCN,2026/3/6,161.59,IB,PT6H30M,2026-03-06T16:20:00,2026-03-06T18:05:00,
CMN,BCN,2026/3/6,182.75,AF,PT7H55M,2026-03-06T11:25:00,2026-03-06T14:35:00,
CMN,BCN,2026/3/6,182.75,AF,PT11H30M,2026-03-06T11:25:00,2026-03-06T14:35:00,
CMN,BCN,2026/3/7,114.66,AT,PT1H10M,2026-03-07T09:35:00,2026-03-07T11:45:00,
CMN,BCN,2026/3/7,114.66,AT,PT1H10M,2026-03-07T16:00:00,2026-03-07T18:10:00,
CMN,BCN,2026/3/7,132.75,AF,PT8H5M,2026-03-07T05:55:00,2026-03-07T09:10:00,
CMN,BCN,2026/3/7,132.75,AF,PT9H5M,2026-03-07T05:55:00,2026-03-07T09:10:00,
CMN,BCN,2026/3/7,140.46,TP,PT4H,2026-03-07T12:15:00,2026-03-07T12:45:00,
CMN,BCN,2026/3/7,140.46,TP,PT5H55M,2026-03-07T16:50:00,2026-03-07T17:15:00,
CMN,BCN,2026/3/7,140.46,TP,PT7H5M,2026-03-07T12:15:00,2026-03-07T12:45:00,
CMN,BCN,2026/3/7,140.46,TP,PT16H15M,2026-03-07T16:50:00,2026-03-07T17:15:00,
CMN,BCN,2026/3/7,142.76,AF,PT14H50M,2026-03-07T18:35:00,2026-03-07T23:20:00,
CMN,BCN,2026/3/7,142.76,AF,PT16H40M,2026-03-07T18:35:00,2026-03-07T23:20:00,
CMN,BCN,2026/3/7,148.02,IB,PT1H10M,2026-03-07T09:35:00,2026-03-07T11:45:00,
CMN,BCN,2026/3/7,148.02,IB,PT1H10M,2026-03-07T16:00:00,2026-03-07T18:10:00,
CMN,BCN,2026/3/7,161.59,IB,PT5H,2026-03-07T16:20:00,2026-03-07T18:05:00,
CMN,BCN,2026/3/7,161.59,IB,PT6H30M,2026-03-07T16:20:00,2026-03-07T18:05:00,
CMN,BCN,2026/3/7,161.59,IB,PT6H55M,2026-03-07T10:15:00,2026-03-07T12:00:00,
CMN,BCN,2026/3/8,107.59,IB,PT3H55M,2026-03-08T18:55:00,2026-03-08T20:40:00,
CMN,BCN,2026/3/8,107.59,IB,PT4H25M,2026-03-08T13:45:00,2026-03-08T15:30:00,
CMN,BCN,2026/3/8,107.59,IB,PT13H5M,2026-03-08T18:55:00,2026-03-08T20:40:00,
CMN,BCN,2026/3/8,114.02,3O,PT2H10M,2026-03-08T12:35:00,2026-03-08T15:45:00,
CMN,BCN,2026/3/8,114.66,AT,PT1H10M,2026-03-08T09:35:00,2026-03-08T11:45:00,
CMN,BCN,2026/3/8,114.66,AT,PT1H10M,2026-03-08T16:00:00,2026-03-08T18:10:00,
CMN,BCN,2026/3/8,132.75,AF,PT8H5M,2026-03-08T05:55:00,2026-03-08T09:10:00,
CMN,BCN,2026/3/8,132.75,AF,PT9H5M,2026-03-08T05:55:00,2026-03-08T09:10:00,
CMN,BCN,2026/3/8,140.46,TP,PT4H,2026-03-08T12:15:00,2026-03-08T12:40:00,
CMN,BCN,2026/3/8,140.46,TP,PT5H55M,2026-03-08T16:50:00,2026-03-08T17:15:00,
CMN,BCN,2026/3/8,140.46,TP,PT7H5M,2026-03-08T12:15:00,2026-03-08T12:40:00,
CMN,BCN,2026/3/8,140.46,TP,PT16H15M,2026-03-08T16:50:00,2026-03-08T17:15:00,
CMN,BCN,2026/3/8,148.02,IB,PT1H10M,2026-03-08T09:35:00,2026-03-08T11:45:00,
CMN,BCN,2026/3/8,148.02,IB,PT1H10M,2026-03-08T16:00:00,2026-03-08T18:10:00,
CMN,BCN,2026/3/8,159.55,IB,PT15H55M,2026-03-08T16:40:00,2026-03-08T18:20:00,
CMN,BCN,2026/3/9,107.59,IB,PT3H55M,2026-03-09T18:55:00,2026-03-09T20:40:00,
CMN,BCN,2026/3/9,114.66,AT,PT1H10M,2026-03-09T16:00:00,2026-03-09T18:10:00,
CMN,BCN,2026/3/9,114.66,AT,PT2H10M,2026-03-09T09:35:00,2026-03-09T11:45:00,
CMN,BCN,2026/3/9,132.75,AF,PT6H15M,2026-03-09T16:40:00,2026-03-09T19:55:00,
CMN,BCN,2026/3/9,132.75,AF,PT7H55M,2026-03-09T11:25:00,2026-03-09T14:35:00,
CMN,BCN,2026/3/9,132.75,AF,PT8H5M,2026-03-09T05:55:00,2026-03-09T09:10:00,
CMN,BCN,2026/3/9,132.75,AF,PT11H30M,2026-03-09T11:25:00,2026-03-09T14:35:00,
CMN,BCN,2026/3/9,132.75,AF,PT13H15M,2026-03-09T19:35:00,2026-03-09T22:50:00,
CMN,BCN,2026/3/9,132.75,AF,PT15H35M,2026-03-09T19:35:00,2026-03-09T22:50:00,
CMN,BCN,2026/3/9,132.75,AF,PT16H10M,2026-03-09T16:40:00,2026-03-09T19:55:00,
CMN,BCN,2026/3/9,140.46,TP,PT4H,2026-03-09T12:15:00,2026-03-09T12:45:00,
CMN,BCN,2026/3/9,140.46,TP,PT5H55M,2026-03-09T16:50:00,2026-03-09T17:15:00,
CMN,BCN,2026/3/9,140.46,TP,PT7H5M,2026-03-09T12:15:00,2026-03-09T12:45:00,
CMN,BCN,2026/3/9,140.46,TP,PT16H15M,2026-03-09T16:50:00,2026-03-09T17:15:00,
CMN,BCN,2026/3/9,148.02,IB,PT1H10M,2026-03-09T16:00:00,2026-03-09T18:10:00,
CMN,BCN,2026/3/10,114.66,AT,PT1H10M,2026-03-10T16:00:00,2026-03-10T18:10:00,
CMN,BCN,2026/3/10,115.76,PC,PT10H35M,2026-03-10T01:10:00,2026-03-10T07:50:00,
CMN,BCN,2026/3/10,132.75,AF,PT6H15M,2026-03-10T16:40:00,2026-03-10T19:55:00,
CMN,BCN,2026/3/10,132.75,AF,PT7H55M,2026-03-10T11:25:00,2026-03-10T14:35:00,
CMN,BCN,2026/3/10,132.75,AF,PT8H5M,2026-03-10T05:55:00,2026-03-10T09:10:00,
CMN,BCN,2026/3/10,132.75,AF,PT9H5M,2026-03-10T05:55:00,2026-03-10T09:10:00,
CMN,BCN,2026/3/10,132.75,AF,PT11H30M,2026-03-10T11:25:00,2026-03-10T14:35:00,
CMN,BCN,2026/3/10,132.75,AF,PT13H15M,2026-03-10T19:35:00,2026-03-10T22:50:00,
CMN,BCN,2026/3/10,132.75,AF,PT16H10M,2026-03-10T16:40:00,2026-03-10T19:55:00,
CMN,BCN,2026/3/10,140.46,TP,PT5H55M,2026-03-10T16:50:00,2026-03-10T17:15:00,
CMN,BCN,2026/3/10,140.46,TP,PT16H15M,2026-03-10T16:50:00,2026-03-10T17:15:00,
CMN,BCN,2026/3/10,144.76,AF,PT9H35M,2026-03-10T12:30:00,2026-03-10T17:15:00,
CMN,BCN,2026/3/10,144.76,AF,PT20H55M,2026-03-10T12:30:00,2026-03-10T17:15:00,
CMN,BCN,2026/3/10,148.02,IB,PT1H10M,2026-03-10T16:00:00,2026-03-10T18:10:00,
CMN,BCN,2026/3/10,159.55,IB,PT15H55M,2026-03-10T16:40:00,2026-03-10T18:20:00,
CMN,BCN,2026/3/11,114.66,AT,PT1H10M,2026-03-11T09:35:00,2026-03-11T11:45:00,
CMN,BCN,2026/3/11,114.66,AT,PT1H10M,2026-03-11T16:00:00,2026-03-11T18:10:00,
CMN,BCN,2026/3/11,132.75,AF,PT16H10M,2026-03-11T16:40:00,2026-03-11T19:55:00,
CMN,BCN,2026/3/11,140.46,TP,PT4H,2026-03-11T12:15:00,2026-03-11T12:45:00,
CMN,BCN,2026/3/11,140.46,TP,PT7H5M,2026-03-11T12:15:00,2026-03-11T12:45:00,
CMN,BCN,2026/3/11,148.02,IB,PT1H10M,2026-03-11T16:00:00,2026-03-11T18:10:00,
CMN,BCN,2026/3/11,159.55,IB,PT15H55M,2026-03-11T16:40:00,2026-03-11T18:20:00,
CMN,BCN,2026/3/11,161.59,IB,PT6H30M,2026-03-11T16:20:00,2026-03-11T18:05:00,
CMN,BCN,2026/3/11,163.75,AF,PT6H15M,2026-03-11T16:40:00,2026-03-11T19:55:00,
CMN,BCN,2026/3/11,163.75,AF,PT13H15M,2026-03-11T19:35:00,2026-03-11T22:50:00,
CMN,BCN,2026/3/11,163.75,AF,PT15H35M,2026-03-11T19:35:00,2026-03-11T22:50:00,
CMN,BCN,2026/3/11,195.59,VY,PT5H30M,2026-03-11T13:45:00,2026-03-11T15:30:00,
CMN,BCN,2026/3/11,203.75,AF,PT8H5M,2026-03-11T05:55:00,2026-03-11T09:10:00,
CMN,BCN,2026/3/11,221.03,HC,PT1H10M,2026-03-11T09:35:00,2026-03-11T11:45:00,
CMN,BCN,2026/3/11,223.59,VY,PT4H25M,2026-03-11T13:45:00,2026-03-11T15:30:00,
CMN,BCN,2026/3/12,107.59,IB,PT3H55M,2026-03-12T18:55:00,2026-03-12T20:40:00,
CMN,BCN,2026/3/12,107.59,IB,PT4H25M,2026-03-12T13:45:00,2026-03-12T15:30:00,
CMN,BCN,2026/3/12,114.66,AT,PT1H10M,2026-03-12T09:35:00,2026-03-12T11:45:00,
CMN,BCN,2026/3/12,114.66,AT,PT1H10M,2026-03-12T16:00:00,2026-03-12T18:10:00,
CMN,BCN,2026/3/12,140.46,TP,PT5H55M,2026-03-12T16:50:00,2026-03-12T17:15:00,
CMN,BCN,2026/3/12,140.46,TP,PT16H15M,2026-03-12T16:50:00,2026-03-12T17:15:00,
CMN,BCN,2026/3/12,147.75,AF,PT8H5M,2026-03-12T05:55:00,2026-03-12T09:10:00,
CMN,BCN,2026/3/12,148.02,IB,PT1H10M,2026-03-12T16:00:00,2026-03-12T18:10:00,
CMN,BCN,2026/3/12,159.55,IB,PT15H55M,2026-03-12T16:40:00,2026-03-12T18:20:00,
CMN,BCN,2026/3/12,161.59,IB,PT6H30M,2026-03-12T16:20:00,2026-03-12T18:05:00,
CMN,BCN,2026/3/12,161.76,AF,PT8H50M,2026-03-12T13:15:00,2026-03-12T18:00:00,
CMN,BCN,2026/3/12,161.76,AF,PT20H10M,2026-03-12T13:15:00,2026-03-12T18:00:00,
CMN,BCN,2026/3/12,182.75,AF,PT7H55M,2026-03-12T11:25:00,2026-03-12T14:35:00,
CMN,BCN,2026/3/12,198.59,IB,PT13H5M,2026-03-12T18:55:00,2026-03-12T20:40:00,
CMN,BCN,2026/3/12,203.75,AF,PT11H30M,2026-03-12T11:25:00,2026-03-12T14:35:00,
CMN,BCN,2026/3/13,107.59,IB,PT3H55M,2026-03-13T18:55:00,2026-03-13T20:40:00,
CMN,BCN,2026/3/13,107.59,IB,PT4H25M,2026-03-13T13:45:00,2026-03-13T15:30:00,
CMN,BCN,2026/3/13,114.02,3O,PT2H10M,2026-03-13T05:40:00,2026-03-13T08:50:00,
CMN,BCN,2026/3/13,114.66,AT,PT1H10M,2026-03-13T09:35:00,2026-03-13T11:45:00,
CMN,BCN,2026/3/13,114.66,AT,PT1H10M,2026-03-13T16:00:00,2026-03-13T18:10:00,
CMN,BCN,2026/3/13,132.75,AF,PT6H15M,2026-03-13T16:40:00,2026-03-13T19:55:00,
CMN,BCN,2026/3/13,140.46,TP,PT4H25M,2026-03-13T11:50:00,2026-03-13T12:20:00,
CMN,BCN,2026/3/13,140.46,TP,PT7H30M,2026-03-13T11:50:00,2026-03-13T12:20:00,
CMN,BCN,2026/3/13,148.02,IB,PT1H10M,2026-03-13T09:35:00,2026-03-13T11:45:00,
CMN,BCN,2026/3/13,148.02,IB,PT1H10M,2026-03-13T16:00:00,2026-03-13T18:10:00,
CMN,BCN,2026/3/13,161.59,IB,PT6H30M,2026-03-13T16:20:00,2026-03-13T18:05:00,
CMN,BCN,2026/3/13,163.75,AF,PT11H10M,2026-03-13T05:55:00,2026-03-13T09:10:00,
CMN,BCN,2026/3/13,182.75,AF,PT8H5M,2026-03-13T05:55:00,2026-03-13T09:10:00,
CMN,BCN,2026/3/13,198.59,IB,PT13H30M,2026-03-13T18:55:00,2026-03-13T20:40:00,
CMN,BCN,2026/3/13,203.75,AF,PT13H15M,2026-03-13T19:35:00,2026-03-13T22:50:00,
CMN,BCN,2026/3/14,107.59,IB,PT4H25M,2026-03-14T13:45:00,2026-03-14T15:30:00,
CMN,BCN,2026/3/14,114.66,AT,PT1H10M,2026-03-14T09:35:00,2026-03-14T11:45:00,
CMN,BCN,2026/3/14,114.66,AT,PT1H10M,2026-03-14T16:00:00,2026-03-14T18:10:00,
CMN,BCN,2026/3/14,129.76,AF,PT14H50M,2026-03-14T18:35:00,2026-03-14T23:20:00,
CMN,BCN,2026/3/14,129.76,AF,PT16H40M,2026-03-14T18:35:00,2026-03-14T23:20:00,
CMN,BCN,2026/3/14,132.75,AF,PT13H15M,2026-03-14T19:35:00,2026-03-14T22:50:00,
CMN,BCN,2026/3/14,132.75,AF,PT15H35M,2026-03-14T19:35:00,2026-03-14T22:50:00,
CMN,BCN,2026/3/14,132.75,AF,PT16H10M,2026-03-14T16:40:00,2026-03-14T19:55:00,
CMN,BCN,2026/3/14,140.46,TP,PT4H,2026-03-14T12:15:00,2026-03-14T12:45:00,
CMN,BCN,2026/3/14,140.46,TP,PT5H55M,2026-03-14T16:50:00,2026-03-14T17:15:00,
CMN,BCN,2026/3/14,140.46,TP,PT7H5M,2026-03-14T12:15:00,2026-03-14T12:45:00,
CMN,BCN,2026/3/14,140.46,TP,PT16H15M,2026-03-14T16:50:00,2026-03-14T17:15:00,
CMN,BCN,2026/3/14,147.75,AF,PT6H15M,2026-03-14T16:40:00,2026-03-14T19:55:00,
CMN,BCN,2026/3/14,147.75,AF,PT11H30M,2026-03-14T11:25:00,2026-03-14T14:35:00,
CMN,BCN,2026/3/14,148.02,IB,PT1H10M,2026-03-14T09:35:00,2026-03-14T11:45:00,
CMN,BCN,2026/3/15,107.59,IB,PT3H55M,2026-03-15T18:55:00,2026-03-15T20:40:00,
CMN,BCN,2026/3/15,114.02,3O,PT2H10M,2026-03-15T12:35:00,2026-03-15T15:45:00,
CMN,BCN,2026/3/15,114.66,AT,PT1H10M,2026-03-15T09:35:00,2026-03-15T11:45:00,
CMN,BCN,2026/3/15,114.66,AT,PT1H10M,2026-03-15T16:00:00,2026-03-15T18:10:00,
CMN,BCN,2026/3/15,132.75,AF,PT6H15M,2026-03-15T16:40:00,2026-03-15T19:55:00,
CMN,BCN,2026/3/15,132.75,AF,PT7H55M,2026-03-15T11:25:00,2026-03-15T14:35:00,
CMN,BCN,2026/3/15,132.75,AF,PT8H5M,2026-03-15T05:55:00,2026-03-15T09:10:00,
CMN,BCN,2026/3/15,132.75,AF,PT9H5M,2026-03-15T05:55:00,2026-03-15T09:10:00,
CMN,BCN,2026/3/15,132.75,AF,PT16H10M,2026-03-15T16:40:00,2026-03-15T19:55:00,
CMN,BCN,2026/3/15,140.46,TP,PT4H,2026-03-15T12:15:00,2026-03-15T12:40:00,
CMN,BCN,2026/3/15,140.46,TP,PT5H55M,2026-03-15T16:50:00,2026-03-15T17:15:00,
CMN,BCN,2026/3/15,140.46,TP,PT7H5M,2026-03-15T12:15:00,2026-03-15T12:40:00,
CMN,BCN,2026/3/15,140.46,TP,PT16H15M,2026-03-15T16:50:00,2026-03-15T17:15:00,
CMN,BCN,2026/3/15,147.75,AF,PT11H30M,2026-03-15T11:25:00,2026-03-15T14:35:00,
CMN,BCN,2026/3/15,148.02,IB,PT1H10M,2026-03-15T16:00:00,2026-03-15T18:10:00,
CMN,BCN,2026/3/16,107.59,IB,PT3H55M,2026-03-16T18:55:00,2026-03-16T20:40:00,
CMN,BCN,2026/3/16,107.59,IB,PT4H25M,2026-03-16T13:45:00,2026-03-16T15:30:00,
CMN,BCN,2026/3/16,107.59,IB,PT6H40M,2026-03-16T13:45:00,2026-03-16T15:30:00,
CMN,BCN,2026/3/16,114.66,AT,PT1H10M,2026-03-16T16:00:00,2026-03-16T18:10:00,
CMN,BCN,2026/3/16,114.66,AT,PT2H10M,2026-03-16T09:35:00,2026-03-16T11:45:00,
CMN,BCN,2026/3/16,128.46,TP,PT4H,2026-03-16T12:15:00,2026-03-16T12:45:00,
CMN,BCN,2026/3/16,128.46,TP,PT5H55M,2026-03-16T16:50:00,2026-03-16T17:15:00,
CMN,BCN,2026/3/16,128.46,TP,PT7H5M,2026-03-16T12:15:00,2026-03-16T12:45:00,
CMN,BCN,2026/3/16,128.46,TP,PT16H15M,2026-03-16T16:50:00,2026-03-16T17:15:00,
CMN,BCN,2026/3/16,132.75,AF,PT6H15M,2026-03-16T16:40:00,2026-03-16T19:55:00,
CMN,BCN,2026/3/16,132.75,AF,PT16H10M,2026-03-16T16:40:00,2026-03-16T19:55:00,
CMN,BCN,2026/3/16,132.75,AF,PT13H15M,2026-03-16T19:35:00,2026-03-16T22:50:00,
CMN,BCN,2026/3/16,132.75,AF,PT15H35M,2026-03-16T19:35:00,2026-03-16T22:50:00,
CMN,BCN,2026/3/16,148.02,IB,PT1H10M,2026-03-16T16:00:00,2026-03-16T18:10:00,
CMN,BCN,2026/3/16,159.55,IB,PT22H40M,2026-03-16T09:55:00,2026-03-16T11:35:00,
CMN,BCN,2026/3/17,114.66,AT,PT1H10M,2026-03-17T16:00:00,2026-03-17T18:10:00,
CMN,BCN,2026/3/17,128.46,TP,PT5H55M,2026-03-17T16:50:00,2026-03-17T17:15:00,
CMN,BCN,2026/3/17,128.46,TP,PT16H15M,2026-03-17T16:50:00,2026-03-17T17:15:00,
CMN,BCN,2026/3/17,129.76,AF,PT9H35M,2026-03-17T12:30:00,2026-03-17T17:15:00,
CMN,BCN,2026/3/17,129.76,AF,PT20H55M,2026-03-17T12:30:00,2026-03-17T17:15:00,
CMN,BCN,2026/3/17,132.75,AF,PT6H15M,2026-03-17T16:40:00,2026-03-17T19:55:00,
CMN,BCN,2026/3/17,132.75,AF,PT13H15M,2026-03-17T19:35:00,2026-03-17T22:50:00,
CMN,BCN,2026/3/17,132.75,AF,PT15H35M,2026-03-17T19:35:00,2026-03-17T22:50:00,
CMN,BCN,2026/3/17,132.75,AF,PT16H10M,2026-03-17T16:40:00,2026-03-17T19:55:00,
CMN,BCN,2026/3/17,148.02,IB,PT1H10M,2026-03-17T16:00:00,2026-03-17T18:10:00,
CMN,BCN,2026/3/17,159.55,IB,PT15H55M,2026-03-17T16:40:00,2026-03-17T18:20:00,
CMN,BCN,2026/3/17,161.59,IB,PT6H30M,2026-03-17T16:20:00,2026-03-17T18:05:00,
CMN,BCN,2026/3/17,163.75,AF,PT7H55M,2026-03-17T11:25:00,2026-03-17T14:35:00,
CMN,BCN,2026/3/17,163.75,AF,PT11H30M,2026-03-17T11:25:00,2026-03-17T14:35:00,
CMN,BCN,2026/3/17,203.75,AF,PT8H5M,2026-03-17T05:55:00,2026-03-17T09:10:00,
CMN,BCN,2026/3/18,107.59,IB,PT4H25M,2026-03-18T13:45:00,2026-03-18T15:30:00,
CMN,BCN,2026/3/18,107.59,IB,PT5H30M,2026-03-18T13:45:00,2026-03-18T15:30:00,
CMN,BCN,2026/3/18,114.66,AT,PT1H10M,2026-03-18T09:35:00,2026-03-18T11:45:00,
CMN,BCN,2026/3/18,114.66,AT,PT1H10M,2026-03-18T16:00:00,2026-03-18T18:10:00,
CMN,BCN,2026/3/18,128.46,TP,PT4H,2026-03-18T12:15:00,2026-03-18T12:45:00,
CMN,BCN,2026/3/18,128.46,TP,PT7H5M,2026-03-18T12:15:00,2026-03-18T12:45:00,
CMN,BCN,2026/3/18,132.75,AF,PT6H15M,2026-03-18T16:40:00,2026-03-18T19:55:00,
CMN,BCN,2026/3/18,132.75,AF,PT7H55M,2026-03-18T11:25:00,2026-03-18T14:35:00,
CMN,BCN,2026/3/18,132.75,AF,PT11H30M,2026-03-18T11:25:00,2026-03-18T14:35:00,
CMN,BCN,2026/3/18,132.75,AF,PT13H15M,2026-03-18T19:35:00,2026-03-18T22:50:00,
CMN,BCN,2026/3/18,132.75,AF,PT15H35M,2026-03-18T19:35:00,2026-03-18T22:50:00,
CMN,BCN,2026/3/18,132.75,AF,PT16H10M,2026-03-18T16:40:00,2026-03-18T19:55:00,
CMN,BCN,2026/3/18,132.75,AF,PT9H5M,2026-03-18T05:55:00,2026-03-18T09:10:00,
CMN,BCN,2026/3/18,148.02,IB,PT1H10M,2026-03-18T16:00:00,2026-03-18T18:10:00,
CMN,BCN,2026/3/18,159.55,IB,PT15H55M,2026-03-18T16:40:00,2026-03-18T18:20:00,
CMN,BCN,2026/3/19,107.59,IB,PT3H55M,2026-03-19T18:55:00,2026-03-19T20:40:00,
CMN,BCN,2026/3/19,107.59,IB,PT4H25M,2026-03-19T13:45:00,2026-03-19T15:30:00,
CMN,BCN,2026/3/19,107.59,IB,PT5H30M,2026-03-19T13:45:00,2026-03-19T15:30:00,
CMN,BCN,2026/3/19,114.66,AT,PT1H10M,2026-03-19T09:35:00,2026-03-19T11:45:00,
CMN,BCN,2026/3/19,114.66,AT,PT1H10M,2026-03-19T16:00:00,2026-03-19T18:10:00,
CMN,BCN,2026/3/19,128.46,TP,PT5H55M,2026-03-19T16:50:00,2026-03-19T17:15:00,
CMN,BCN,2026/3/19,128.46,TP,PT16H15M,2026-03-19T16:50:00,2026-03-19T17:15:00,
CMN,BCN,2026/3/19,132.75,AF,PT6H15M,2026-03-19T16:40:00,2026-03-19T19:55:00,
CMN,BCN,2026/3/19,132.75,AF,PT16H10M,2026-03-19T16:40:00,2026-03-19T19:55:00,
CMN,BCN,2026/3/19,132.75,AF,PT8H5M,2026-03-19T05:55:00,2026-03-19T09:10:00,
CMN,BCN,2026/3/19,132.75,AF,PT13H15M,2026-03-19T19:35:00,2026-03-19T22:50:00,
CMN,BCN,2026/3/19,147.75,AF,PT7H55M,2026-03-19T11:25:00,2026-03-19T14:35:00,
CMN,BCN,2026/3/19,147.75,AF,PT15H35M,2026-03-19T19:35:00,2026-03-19T22:50:00,
CMN,BCN,2026/3/19,148.02,IB,PT1H10M,2026-03-19T09:35:00,2026-03-19T11:45:00,
CMN,BCN,2026/3/19,148.02,IB,PT1H10M,2026-03-19T16:00:00,2026-03-19T18:10:00,
TUN,BCN,2026/2/18,75.98,TU,PT1H45M,2026-02-18T12:15:00,2026-02-18T14:00:00,
TUN,BCN,2026/2/18,89.32,A3,PT9H15M,2026-02-18T01:10:00,2026-02-18T05:05:00,
TUN,BCN,2026/2/18,101.32,A3,PT16H,2026-02-18T01:10:00,2026-02-18T05:05:00,
TUN,BCN,2026/2/18,188.23,AZ,PT4H30M,2026-02-18T11:25:00,2026-02-18T12:50:00,
TUN,BCN,2026/2/18,188.23,AZ,PT11H50M,2026-02-18T11:25:00,2026-02-18T12:50:00,
TUN,BCN,2026/2/18,198.33,AF,PT5H40M,2026-02-18T05:30:00,2026-02-18T08:10:00,
TUN,BCN,2026/2/18,198.33,AF,PT6H5M,2026-02-18T11:00:00,2026-02-18T13:40:00,
TUN,BCN,2026/2/18,198.33,AF,PT8H20M,2026-02-18T11:00:00,2026-02-18T13:40:00,
TUN,BCN,2026/2/18,222.33,AF,PT8H30M,2026-02-18T05:30:00,2026-02-18T08:10:00,
TUN,BCN,2026/2/18,226.98,AH,PT8H35M,2026-02-18T09:30:00,2026-02-18T10:50:00,
TUN,BCN,2026/2/18,226.98,AH,PT22H55M,2026-02-18T19:10:00,2026-02-18T20:30:00,
TUN,BCN,2026/2/18,250.03,AT,PT5H20M,2026-02-18T11:50:00,2026-02-18T15:00:00,
TUN,BCN,2026/2/18,250.03,AT,PT16H25M,2026-02-18T18:20:00,2026-02-18T21:30:00,
TUN,BCN,2026/2/18,250.03,AT,PT22H50M,2026-02-18T18:20:00,2026-02-18T21:30:00,
TUN,BCN,2026/2/18,250.03,AT,PT22H55M,2026-02-18T11:50:00,2026-02-18T15:00:00,
TUN,BCN,2026/2/19,89.32,A3,PT16H,2026-02-19T01:10:00,2026-02-19T05:05:00,
TUN,BCN,2026/2/19,127.32,A3,PT9H15M,2026-02-19T01:10:00,2026-02-19T05:05:00,
TUN,BCN,2026/2/19,188.23,AZ,PT4H15M,2026-02-19T19:00:00,2026-02-19T20:25:00,
TUN,BCN,2026/2/19,188.23,AZ,PT4H30M,2026-02-19T11:25:00,2026-02-19T12:50:00,
TUN,BCN,2026/2/19,188.23,AZ,PT11H50M,2026-02-19T11:25:00,2026-02-19T12:50:00,
TUN,BCN,2026/2/19,188.23,AZ,PT15H50M,2026-02-19T19:00:00,2026-02-19T20:25:00,
TUN,BCN,2026/2/19,198.33,AF,PT8H20M,2026-02-19T11:00:00,2026-02-19T13:40:00,
TUN,BCN,2026/2/19,222.33,AF,PT6H5M,2026-02-19T11:00:00,2026-02-19T13:40:00,
TUN,BCN,2026/2/19,226.98,AH,PT8H35M,2026-02-19T09:30:00,2026-02-19T10:50:00,
TUN,BCN,2026/2/19,226.98,AH,PT22H55M,2026-02-19T19:10:00,2026-02-19T20:30:00,
TUN,BCN,2026/2/19,250.03,AT,PT5H20M,2026-02-19T11:50:00,2026-02-19T15:00:00,
TUN,BCN,2026/2/19,250.03,AT,PT16H25M,2026-02-19T18:20:00,2026-02-19T21:30:00,
TUN,BCN,2026/2/19,250.03,AT,PT22H55M,2026-02-19T11:50:00,2026-02-19T15:00:00,
TUN,BCN,2026/2/19,250.03,AT,PT23H50M,2026-02-19T18:20:00,2026-02-19T21:30:00,
TUN,BCN,2026/2/19,274.33,AF,PT8H30M,2026-02-19T05:30:00,2026-02-19T08:10:00,
TUN,BCN,2026/2/20,64.1,TU,PT1H45M,2026-02-20T20:10:00,2026-02-20T21:55:00,
TUN,BCN,2026/2/20,127.32,A3,PT9H15M,2026-02-20T01:10:00,2026-02-20T05:05:00,
TUN,BCN,2026/2/20,127.32,A3,PT16H,2026-02-20T01:10:00,2026-02-20T05:05:00,
TUN,BCN,2026/2/20,188.23,AZ,PT4H15M,2026-02-20T19:00:00,2026-02-20T20:25:00,
TUN,BCN,2026/2/20,188.23,AZ,PT4H30M,2026-02-20T11:25:00,2026-02-20T12:50:00,
TUN,BCN,2026/2/20,188.23,AZ,PT11H50M,2026-02-20T11:25:00,2026-02-20T12:50:00,
TUN,BCN,2026/2/20,188.23,AZ,PT15H50M,2026-02-20T19:00:00,2026-02-20T20:25:00,
TUN,BCN,2026/2/20,226.98,AH,PT8H35M,2026-02-20T09:30:00,2026-02-20T10:50:00,
TUN,BCN,2026/2/20,226.98,AH,PT22H55M,2026-02-20T19:10:00,2026-02-20T20:30:00,
TUN,BCN,2026/2/20,250.03,AT,PT6H20M,2026-02-20T11:50:00,2026-02-20T15:00:00,
TUN,BCN,2026/2/20,250.03,AT,PT17H25M,2026-02-20T18:20:00,2026-02-20T21:30:00,
TUN,BCN,2026/2/20,250.03,AT,PT23H50M,2026-02-20T18:20:00,2026-02-20T21:30:00,
TUN,BCN,2026/2/20,250.03,AT,PT23H55M,2026-02-20T11:50:00,2026-02-20T15:00:00,
TUN,BCN,2026/2/20,274.76,TK,PT12H50M,2026-02-20T11:00:00,2026-02-20T15:55:00,
TUN,BCN,2026/2/20,274.76,TK,PT23H30M,2026-02-20T11:00:00,2026-02-20T15:55:00,
TUN,BCN,2026/2/21,89.32,A3,PT16H,2026-02-21T01:10:00,2026-02-21T05:05:00,
TUN,BCN,2026/2/21,101.32,A3,PT9H15M,2026-02-21T01:10:00,2026-02-21T05:05:00,
TUN,BCN,2026/2/21,188.23,AZ,PT4H30M,2026-02-21T11:25:00,2026-02-21T12:50:00,
TUN,BCN,2026/2/21,188.23,AZ,PT11H50M,2026-02-21T11:25:00,2026-02-21T12:50:00,
TUN,BCN,2026/2/21,202.88,AF,PT11H,2026-02-21T05:30:00,2026-02-21T08:10:00,
TUN,BCN,2026/2/21,226.98,AH,PT8H35M,2026-02-21T09:30:00,2026-02-21T10:50:00,
TUN,BCN,2026/2/21,226.98,AH,PT23H45M,2026-02-21T18:05:00,2026-02-21T19:25:00,
TUN,BCN,2026/2/21,241.43,A3,PT15H45M,2026-02-21T01:10:00,2026-02-21T05:05:00,
TUN,BCN,2026/2/21,241.43,A3,PT15H45M,2026-02-21T01:10:00,2026-02-21T05:05:00,
TUN,BCN,2026/2/21,241.43,A3,PT15H45M,2026-02-21T01:10:00,2026-02-21T05:05:00,
TUN,BCN,2026/2/21,241.43,A3,PT15H45M,2026-02-21T01:10:00,2026-02-21T05:05:00,
TUN,BCN,2026/2/21,250.03,AT,PT6H20M,2026-02-21T11:50:00,2026-02-21T15:00:00,
TUN,BCN,2026/2/21,250.03,AT,PT16H25M,2026-02-21T18:20:00,2026-02-21T21:30:00,
TUN,BCN,2026/2/21,250.03,AT,PT22H50M,2026-02-21T18:20:00,2026-02-21T21:30:00,
TUN,BCN,2026/2/21,250.03,AT,PT22H55M,2026-02-21T11:50:00,2026-02-21T15:00:00,
TUN,BCN,2026/2/22,75.98,TU,PT1H45M,2026-02-22T17:50:00,2026-02-22T19:35:00,
TUN,BCN,2026/2/22,89.32,A3,PT16H,2026-02-22T01:10:00,2026-02-22T05:05:00,
TUN,BCN,2026/2/22,127.32,A3,PT9H15M,2026-02-22T01:10:00,2026-02-22T05:05:00,
TUN,BCN,2026/2/22,188.23,AZ,PT4H15M,2026-02-22T19:00:00,2026-02-22T20:25:00,
TUN,BCN,2026/2/22,188.23,AZ,PT4H30M,2026-02-22T11:25:00,2026-02-22T12:50:00,
TUN,BCN,2026/2/22,188.23,AZ,PT11H50M,2026-02-22T11:25:00,2026-02-22T12:50:00,
TUN,BCN,2026/2/22,188.23,AZ,PT15H50M,2026-02-22T19:00:00,2026-02-22T20:25:00,
TUN,BCN,2026/2/22,198.33,AF,PT8H20M,2026-02-22T11:00:00,2026-02-22T13:40:00,
TUN,BCN,2026/2/22,198.33,AF,PT15H35M,2026-02-22T17:15:00,2026-02-22T19:55:00,
TUN,BCN,2026/2/22,222.33,AF,PT6H,2026-02-22T11:00:00,2026-02-22T13:40:00,
TUN,BCN,2026/2/22,222.33,AF,PT8H30M,2026-02-22T05:30:00,2026-02-22T08:10:00,
TUN,BCN,2026/2/22,226.98,AH,PT8H20M,2026-02-22T09:30:00,2026-02-22T10:50:00,
TUN,BCN,2026/2/22,226.98,AH,PT22H55M,2026-02-22T19:10:00,2026-02-22T20:30:00,
TUN,BCN,2026/2/22,250.03,AT,PT5H20M,2026-02-22T11:50:00,2026-02-22T15:00:00,
TUN,BCN,2026/2/22,250.03,AT,PT17H25M,2026-02-22T18:20:00,2026-02-22T21:30:00,
TUN,BCN,2026/2/23,89.32,A3,PT16H,2026-02-23T01:10:00,2026-02-23T05:05:00,
TUN,BCN,2026/2/23,101.32,A3,PT9H15M,2026-02-23T01:10:00,2026-02-23T05:05:00,
TUN,BCN,2026/2/23,188.23,AZ,PT4H15M,2026-02-23T19:00:00,2026-02-23T20:25:00,
TUN,BCN,2026/2/23,188.23,AZ,PT4H30M,2026-02-23T11:25:00,2026-02-23T12:50:00,
TUN,BCN,2026/2/23,188.23,AZ,PT11H50M,2026-02-23T11:25:00,2026-02-23T12:50:00,
TUN,BCN,2026/2/23,188.23,AZ,PT15H50M,2026-02-23T19:00:00,2026-02-23T20:25:00,
TUN,BCN,2026/2/23,198.33,AF,PT5H40M,2026-02-23T05:30:00,2026-02-23T08:10:00,
TUN,BCN,2026/2/23,198.33,AF,PT8H20M,2026-02-23T11:00:00,2026-02-23T13:40:00,
TUN,BCN,2026/2/23,222.33,AF,PT5H40M,2026-02-23T17:15:00,2026-02-23T19:55:00,
TUN,BCN,2026/2/23,226.98,AH,PT8H35M,2026-02-23T09:30:00,2026-02-23T10:50:00,
TUN,BCN,2026/2/23,226.98,AH,PT22H55M,2026-02-23T19:10:00,2026-02-23T20:30:00,
TUN,BCN,2026/2/23,241.43,A3,PT39H55M,2026-02-23T01:10:00,2026-02-23T05:05:00,
TUN,BCN,2026/2/23,241.43,A3,PT39H55M,2026-02-23T01:10:00,2026-02-23T05:05:00,
TUN,BCN,2026/2/23,241.43,A3,PT39H55M,2026-02-23T01:10:00,2026-02-23T05:05:00,
TUN,BCN,2026/2/23,241.43,A3,PT39H55M,2026-02-23T01:10:00,2026-02-23T05:05:00,
TUN,BCN,2026/2/24,168.32,A3,PT9H15M,2026-02-24T01:10:00,2026-02-24T05:05:00,
TUN,BCN,2026/2/24,168.32,A3,PT16H,2026-02-24T01:10:00,2026-02-24T05:05:00,
TUN,BCN,2026/2/24,188.23,AZ,PT4H15M,2026-02-24T19:00:00,2026-02-24T20:25:00,
TUN,BCN,2026/2/24,188.23,AZ,PT4H30M,2026-02-24T11:25:00,2026-02-24T12:50:00,
TUN,BCN,2026/2/24,188.23,AZ,PT11H50M,2026-02-24T11:25:00,2026-02-24T12:50:00,
TUN,BCN,2026/2/24,188.23,AZ,PT15H50M,2026-02-24T19:00:00,2026-02-24T20:25:00,
TUN,BCN,2026/2/24,198.33,AF,PT6H5M,2026-02-24T11:00:00,2026-02-24T13:40:00,
TUN,BCN,2026/2/24,198.33,AF,PT8H20M,2026-02-24T11:00:00,2026-02-24T13:40:00,
TUN,BCN,2026/2/24,198.33,AF,PT8H30M,2026-02-24T05:30:00,2026-02-24T08:10:00,
TUN,BCN,2026/2/24,222.33,AF,PT15H35M,2026-02-24T17:15:00,2026-02-24T19:55:00,
TUN,BCN,2026/2/24,226.98,AH,PT8H35M,2026-02-24T09:30:00,2026-02-24T10:50:00,
TUN,BCN,2026/2/24,226.98,AH,PT22H55M,2026-02-24T19:10:00,2026-02-24T20:30:00,
TUN,BCN,2026/2/24,241.43,A3,PT15H55M,2026-02-24T01:10:00,2026-02-24T05:05:00,
TUN,BCN,2026/2/24,250.03,AT,PT5H20M,2026-02-24T11:50:00,2026-02-24T15:00:00,
TUN,BCN,2026/2/24,250.03,AT,PT17H25M,2026-02-24T18:20:00,2026-02-24T21:30:00,
TUN,BCN,2026/2/25,75.98,TU,PT1H45M,2026-02-25T12:15:00,2026-02-25T14:00:00,
TUN,BCN,2026/2/25,89.32,A3,PT9H15M,2026-02-25T01:10:00,2026-02-25T05:05:00,
TUN,BCN,2026/2/25,101.32,A3,PT16H,2026-02-25T01:10:00,2026-02-25T05:05:00,
TUN,BCN,2026/2/25,188.23,AZ,PT4H30M,2026-02-25T11:25:00,2026-02-25T12:50:00,
TUN,BCN,2026/2/25,188.23,AZ,PT11H50M,2026-02-25T11:25:00,2026-02-25T12:50:00,
TUN,BCN,2026/2/25,198.33,AF,PT6H5M,2026-02-25T11:00:00,2026-02-25T13:40:00,
TUN,BCN,2026/2/25,198.33,AF,PT8H20M,2026-02-25T11:00:00,2026-02-25T13:40:00,
TUN,BCN,2026/2/25,222.33,AF,PT5H40M,2026-02-25T05:30:00,2026-02-25T08:10:00,
TUN,BCN,2026/2/25,222.33,AF,PT8H30M,2026-02-25T05:30:00,2026-02-25T08:10:00,
TUN,BCN,2026/2/25,226.98,AH,PT8H35M,2026-02-25T09:30:00,2026-02-25T10:50:00,
TUN,BCN,2026/2/25,226.98,AH,PT22H55M,2026-02-25T19:10:00,2026-02-25T20:30:00,
TUN,BCN,2026/2/25,250.03,AT,PT5H20M,2026-02-25T11:50:00,2026-02-25T15:00:00,
TUN,BCN,2026/2/25,250.03,AT,PT16H25M,2026-02-25T18:20:00,2026-02-25T21:30:00,
TUN,BCN,2026/2/25,250.03,AT,PT22H50M,2026-02-25T18:20:00,2026-02-25T21:30:00,
TUN,BCN,2026/2/25,250.03,AT,PT22H55M,2026-02-25T11:50:00,2026-02-25T15:00:00,
TUN,BCN,2026/2/26,89.32,A3,PT16H,2026-02-26T01:10:00,2026-02-26T05:05:00,
TUN,BCN,2026/2/26,127.32,A3,PT9H15M,2026-02-26T01:10:00,2026-02-26T05:05:00,
TUN,BCN,2026/2/26,188.23,AZ,PT4H15M,2026-02-26T19:00:00,2026-02-26T20:25:00,
TUN,BCN,2026/2/26,188.23,AZ,PT4H30M,2026-02-26T11:25:00,2026-02-26T12:50:00,
TUN,BCN,2026/2/26,188.23,AZ,PT11H50M,2026-02-26T11:25:00,2026-02-26T12:50:00,
TUN,BCN,2026/2/26,188.23,AZ,PT15H50M,2026-02-26T19:00:00,2026-02-26T20:25:00,
TUN,BCN,2026/2/26,222.33,AF,PT6H5M,2026-02-26T11:00:00,2026-02-26T13:40:00,
TUN,BCN,2026/2/26,222.33,AF,PT8H20M,2026-02-26T11:00:00,2026-02-26T13:40:00,
TUN,BCN,2026/2/26,226.98,AH,PT8H35M,2026-02-26T09:30:00,2026-02-26T10:50:00,
TUN,BCN,2026/2/26,226.98,AH,PT22H55M,2026-02-26T19:10:00,2026-02-26T20:30:00,
TUN,BCN,2026/2/26,250.03,AT,PT5H20M,2026-02-26T11:50:00,2026-02-26T15:00:00,
TUN,BCN,2026/2/26,250.03,AT,PT16H25M,2026-02-26T18:20:00,2026-02-26T21:30:00,
TUN,BCN,2026/2/26,250.03,AT,PT22H55M,2026-02-26T11:50:00,2026-02-26T15:00:00,
TUN,BCN,2026/2/26,250.03,AT,PT23H50M,2026-02-26T18:20:00,2026-02-26T21:30:00,
TUN,BCN,2026/2/26,263.33,AF,PT8H30M,2026-02-26T05:30:00,2026-02-26T08:10:00,
TUN,BCN,2026/2/27,64.1,TU,PT1H45M,2026-02-27T20:10:00,2026-02-27T21:55:00,
TUN,BCN,2026/2/27,89.32,A3,PT9H15M,2026-02-27T01:10:00,2026-02-27T05:05:00,
TUN,BCN,2026/2/27,89.32,A3,PT16H,2026-02-27T01:10:00,2026-02-27T05:05:00,
TUN,BCN,2026/2/27,180.43,A3,PT39H45M,2026-02-27T01:10:00,2026-02-27T05:05:00,
TUN,BCN,2026/2/27,180.43,A3,PT39H45M,2026-02-27T01:10:00,2026-02-27T05:05:00,
TUN,BCN,2026/2/27,180.43,A3,PT39H45M,2026-02-27T01:10:00,2026-02-27T05:05:00,
TUN,BCN,2026/2/27,180.43,A3,PT39H45M,2026-02-27T01:10:00,2026-02-27T05:05:00,
TUN,BCN,2026/2/27,188.23,AZ,PT4H30M,2026-02-27T11:25:00,2026-02-27T12:50:00,
TUN,BCN,2026/2/27,226.98,AH,PT8H35M,2026-02-27T09:30:00,2026-02-27T10:50:00,
TUN,BCN,2026/2/27,226.98,AH,PT22H55M,2026-02-27T19:10:00,2026-02-27T20:30:00,
TUN,BCN,2026/2/27,250.03,AT,PT6H20M,2026-02-27T11:50:00,2026-02-27T15:00:00,
TUN,BCN,2026/2/27,250.03,AT,PT16H25M,2026-02-27T18:20:00,2026-02-27T21:30:00,
TUN,BCN,2026/2/27,250.03,AT,PT22H50M,2026-02-27T18:20:00,2026-02-27T21:30:00,
TUN,BCN,2026/2/27,250.03,AT,PT22H55M,2026-02-27T11:50:00,2026-02-27T15:00:00,
TUN,BCN,2026/2/27,274.76,TK,PT12H50M,2026-02-27T11:00:00,2026-02-27T15:55:00,
TUN,BCN,2026/2/28,89.32,A3,PT9H15M,2026-02-28T01:10:00,2026-02-28T05:05:00,
TUN,BCN,2026/2/28,89.32,A3,PT16H,2026-02-28T01:10:00,2026-02-28T05:05:00,
TUN,BCN,2026/2/28,180.43,A3,PT15H45M,2026-02-28T01:10:00,2026-02-28T05:05:00,
TUN,BCN,2026/2/28,188.23,AZ,PT4H30M,2026-02-28T11:25:00,2026-02-28T12:50:00,
TUN,BCN,2026/2/28,188.23,AZ,PT11H50M,2026-02-28T11:25:00,2026-02-28T12:50:00,
TUN,BCN,2026/2/28,209.43,A3,PT15H45M,2026-02-28T01:10:00,2026-02-28T05:05:00,
TUN,BCN,2026/2/28,209.43,A3,PT15H45M,2026-02-28T01:10:00,2026-02-28T05:05:00,
TUN,BCN,2026/2/28,226.98,AH,PT8H35M,2026-02-28T09:30:00,2026-02-28T10:50:00,
TUN,BCN,2026/2/28,226.98,AH,PT23H45M,2026-02-28T18:05:00,2026-02-28T19:25:00,
TUN,BCN,2026/2/28,241.43,A3,PT15H45M,2026-02-28T01:10:00,2026-02-28T05:05:00,
TUN,BCN,2026/2/28,250.03,AT,PT5H20M,2026-02-28T11:50:00,2026-02-28T15:00:00,
TUN,BCN,2026/2/28,250.03,AT,PT16H25M,2026-02-28T18:20:00,2026-02-28T21:30:00,
TUN,BCN,2026/2/28,250.03,AT,PT22H50M,2026-02-28T18:20:00,2026-02-28T21:30:00,
TUN,BCN,2026/2/28,250.03,AT,PT22H55M,2026-02-28T11:50:00,2026-02-28T15:00:00,
TUN,BCN,2026/2/28,266.57,AF,PT11H,2026-02-28T05:30:00,2026-02-28T08:10:00,
TUN,BCN,2026/3/1,75.98,TU,PT1H45M,2026-03-01T17:50:00,2026-03-01T19:35:00,
TUN,BCN,2026/3/1,89.32,A3,PT16H,2026-03-01T01:10:00,2026-03-01T05:05:00,
TUN,BCN,2026/3/1,101.32,A3,PT9H15M,2026-03-01T01:10:00,2026-03-01T05:05:00,
TUN,BCN,2026/3/1,188.23,AZ,PT4H15M,2026-03-01T19:00:00,2026-03-01T20:25:00,
TUN,BCN,2026/3/1,188.23,AZ,PT4H30M,2026-03-01T11:25:00,2026-03-01T12:50:00,
TUN,BCN,2026/3/1,188.23,AZ,PT11H50M,2026-03-01T11:25:00,2026-03-01T12:50:00,
TUN,BCN,2026/3/1,188.23,AZ,PT15H50M,2026-03-01T19:00:00,2026-03-01T20:25:00,
TUN,BCN,2026/3/1,226.98,AH,PT8H20M,2026-03-01T09:30:00,2026-03-01T10:50:00,
TUN,BCN,2026/3/1,226.98,AH,PT22H55M,2026-03-01T19:10:00,2026-03-01T20:30:00,
TUN,BCN,2026/3/1,250.03,AT,PT5H20M,2026-03-01T11:50:00,2026-03-01T15:00:00,
TUN,BCN,2026/3/1,250.03,AT,PT17H25M,2026-03-01T18:20:00,2026-03-01T21:30:00,
TUN,BCN,2026/3/1,250.03,AT,PT22H50M,2026-03-01T18:20:00,2026-03-01T21:30:00,
TUN,BCN,2026/3/1,250.03,AT,PT23H55M,2026-03-01T11:50:00,2026-03-01T15:00:00,
TUN,BCN,2026/3/1,274.76,TK,PT12H50M,2026-03-01T11:00:00,2026-03-01T15:55:00,
TUN,BCN,2026/3/1,274.76,TK,PT16H25M,2026-03-01T18:20:00,2026-03-01T23:15:00,
TUN,BCN,2026/3/2,89.32,A3,PT16H,2026-03-02T01:10:00,2026-03-02T05:05:00,
TUN,BCN,2026/3/2,168.32,A3,PT9H15M,2026-03-02T01:10:00,2026-03-02T05:05:00,
TUN,BCN,2026/3/2,180.43,A3,PT39H55M,2026-03-02T01:10:00,2026-03-02T05:05:00,
TUN,BCN,2026/3/2,180.43,A3,PT39H55M,2026-03-02T01:10:00,2026-03-02T05:05:00,
TUN,BCN,2026/3/2,180.43,A3,PT39H55M,2026-03-02T01:10:00,2026-03-02T05:05:00,
TUN,BCN,2026/3/2,180.43,A3,PT39H55M,2026-03-02T01:10:00,2026-03-02T05:05:00,
TUN,BCN,2026/3/2,188.23,AZ,PT4H15M,2026-03-02T19:00:00,2026-03-02T20:25:00,
TUN,BCN,2026/3/2,188.23,AZ,PT11H50M,2026-03-02T11:25:00,2026-03-02T12:50:00,
TUN,BCN,2026/3/2,188.23,AZ,PT15H50M,2026-03-02T19:00:00,2026-03-02T20:25:00,
TUN,BCN,2026/3/2,206.23,AZ,PT4H30M,2026-03-02T11:25:00,2026-03-02T12:50:00,
TUN,BCN,2026/3/2,226.98,AH,PT8H35M,2026-03-02T09:30:00,2026-03-02T10:50:00,
TUN,BCN,2026/3/2,226.98,AH,PT22H55M,2026-03-02T19:10:00,2026-03-02T20:30:00,
TUN,BCN,2026/3/2,250.03,AT,PT5H20M,2026-03-02T11:50:00,2026-03-02T15:00:00,
TUN,BCN,2026/3/2,250.03,AT,PT22H50M,2026-03-02T18:20:00,2026-03-02T21:30:00,
TUN,BCN,2026/3/2,264.57,AF,PT11H,2026-03-02T05:30:00,2026-03-02T08:10:00,
TUN,BCN,2026/3/3,89.32,A3,PT16H,2026-03-03T01:10:00,2026-03-03T05:05:00,
TUN,BCN,2026/3/3,168.32,A3,PT9H15M,2026-03-03T01:10:00,2026-03-03T05:05:00,
TUN,BCN,2026/3/3,188.23,AZ,PT15H50M,2026-03-03T19:00:00,2026-03-03T20:25:00,
TUN,BCN,2026/3/3,206.23,AZ,PT4H15M,2026-03-03T19:00:00,2026-03-03T20:25:00,
TUN,BCN,2026/3/3,206.23,AZ,PT4H30M,2026-03-03T11:25:00,2026-03-03T12:50:00,
TUN,BCN,2026/3/3,206.23,AZ,PT11H50M,2026-03-03T11:25:00,2026-03-03T12:50:00,
TUN,BCN,2026/3/3,209.43,A3,PT15H55M,2026-03-03T01:10:00,2026-03-03T05:05:00,
TUN,BCN,2026/3/3,209.43,A3,PT15H55M,2026-03-03T01:10:00,2026-03-03T05:05:00,
TUN,BCN,2026/3/3,226.98,AH,PT8H35M,2026-03-03T09:30:00,2026-03-03T10:50:00,
TUN,BCN,2026/3/3,226.98,AH,PT22H55M,2026-03-03T19:10:00,2026-03-03T20:30:00,
TUN,BCN,2026/3/3,241.43,A3,PT15H55M,2026-03-03T01:10:00,2026-03-03T05:05:00,
TUN,BCN,2026/3/3,250.03,AT,PT5H20M,2026-03-03T11:50:00,2026-03-03T15:00:00,
TUN,BCN,2026/3/3,250.03,AT,PT16H25M,2026-03-03T18:20:00,2026-03-03T21:30:00,
TUN,BCN,2026/3/3,250.03,AT,PT22H50M,2026-03-03T18:20:00,2026-03-03T21:30:00,
TUN,BCN,2026/3/3,250.03,AT,PT22H55M,2026-03-03T11:50:00,2026-03-03T15:00:00,
TUN,BCN,2026/3/4,75.98,TU,PT1H45M,2026-03-04T12:15:00,2026-03-04T14:00:00,
TUN,BCN,2026/3/4,89.32,A3,PT9H15M,2026-03-04T01:10:00,2026-03-04T05:05:00,
TUN,BCN,2026/3/4,89.32,A3,PT16H,2026-03-04T01:10:00,2026-03-04T05:05:00,
TUN,BCN,2026/3/4,188.23,AZ,PT4H30M,2026-03-04T11:25:00,2026-03-04T12:50:00,
TUN,BCN,2026/3/4,188.23,AZ,PT11H50M,2026-03-04T11:25:00,2026-03-04T12:50:00,
TUN,BCN,2026/3/4,222.33,AF,PT6H5M,2026-03-04T11:00:00,2026-03-04T13:40:00,
TUN,BCN,2026/3/4,222.33,AF,PT8H20M,2026-03-04T11:00:00,2026-03-04T13:40:00,
TUN,BCN,2026/3/4,226.98,AH,PT8H35M,2026-03-04T09:30:00,2026-03-04T10:50:00,
TUN,BCN,2026/3/4,226.98,AH,PT22H55M,2026-03-04T19:10:00,2026-03-04T20:30:00,
TUN,BCN,2026/3/4,250.03,AT,PT5H20M,2026-03-04T11:50:00,2026-03-04T15:00:00,
TUN,BCN,2026/3/4,250.03,AT,PT16H25M,2026-03-04T18:20:00,2026-03-04T21:30:00,
TUN,BCN,2026/3/4,250.03,AT,PT22H50M,2026-03-04T18:20:00,2026-03-04T21:30:00,
TUN,BCN,2026/3/4,250.03,AT,PT22H55M,2026-03-04T11:50:00,2026-03-04T15:00:00,
TUN,BCN,2026/3/4,263.33,AF,PT8H30M,2026-03-04T05:30:00,2026-03-04T08:10:00,
TUN,BCN,2026/3/4,264.88,AF,PT11H,2026-03-04T05:30:00,2026-03-04T08:10:00,
TUN,BCN,2026/3/5,89.32,A3,PT16H,2026-03-05T01:10:00,2026-03-05T05:05:00,
TUN,BCN,2026/3/5,101.32,A3,PT9H15M,2026-03-05T01:10:00,2026-03-05T05:05:00,
TUN,BCN,2026/3/5,188.23,AZ,PT4H30M,2026-03-05T11:25:00,2026-03-05T12:50:00,
TUN,BCN,2026/3/5,188.23,AZ,PT15H50M,2026-03-05T19:00:00,2026-03-05T20:25:00,
TUN,BCN,2026/3/5,206.23,AZ,PT4H15M,2026-03-05T19:00:00,2026-03-05T20:25:00,
TUN,BCN,2026/3/5,206.23,AZ,PT11H50M,2026-03-05T11:25:00,2026-03-05T12:50:00,
TUN,BCN,2026/3/5,222.33,AF,PT6H5M,2026-03-05T11:00:00,2026-03-05T13:40:00,
TUN,BCN,2026/3/5,222.33,AF,PT8H20M,2026-03-05T11:00:00,2026-03-05T13:40:00,
TUN,BCN,2026/3/5,226.98,AH,PT8H35M,2026-03-05T09:30:00,2026-03-05T10:50:00,
TUN,BCN,2026/3/5,226.98,AH,PT22H55M,2026-03-05T19:10:00,2026-03-05T20:30:00,
TUN,BCN,2026/3/5,250.03,AT,PT5H20M,2026-03-05T11:50:00,2026-03-05T15:00:00,
TUN,BCN,2026/3/5,250.03,AT,PT16H25M,2026-03-05T18:20:00,2026-03-05T21:30:00,
TUN,BCN,2026/3/5,250.03,AT,PT22H50M,2026-03-05T18:20:00,2026-03-05T21:30:00,
TUN,BCN,2026/3/5,250.03,AT,PT22H55M,2026-03-05T11:50:00,2026-03-05T15:00:00,
TUN,BCN,2026/3/5,263.33,AF,PT5H40M,2026-03-05T05:30:00,2026-03-05T08:10:00,
TUN,BCN,2026/3/6,75.98,TU,PT1H45M,2026-03-06T20:10:00,2026-03-06T21:55:00,
TUN,BCN,2026/3/6,89.32,A3,PT9H15M,2026-03-06T01:10:00,2026-03-06T05:05:00,
TUN,BCN,2026/3/6,89.32,A3,PT16H,2026-03-06T01:10:00,2026-03-06T05:05:00,
TUN,BCN,2026/3/6,180.43,A3,PT39H45M,2026-03-06T01:10:00,2026-03-06T05:05:00,
TUN,BCN,2026/3/6,180.43,A3,PT39H45M,2026-03-06T01:10:00,2026-03-06T05:05:00,
TUN,BCN,2026/3/6,180.43,A3,PT39H45M,2026-03-06T01:10:00,2026-03-06T05:05:00,
TUN,BCN,2026/3/6,188.23,AZ,PT4H15M,2026-03-06T19:00:00,2026-03-06T20:25:00,
TUN,BCN,2026/3/6,188.23,AZ,PT4H30M,2026-03-06T11:25:00,2026-03-06T12:50:00,
TUN,BCN,2026/3/6,188.23,AZ,PT11H50M,2026-03-06T11:25:00,2026-03-06T12:50:00,
TUN,BCN,2026/3/6,188.23,AZ,PT15H50M,2026-03-06T19:00:00,2026-03-06T20:25:00,
TUN,BCN,2026/3/6,226.98,AH,PT8H35M,2026-03-06T09:30:00,2026-03-06T10:50:00,
TUN,BCN,2026/3/6,226.98,AH,PT22H55M,2026-03-06T19:10:00,2026-03-06T20:30:00,
TUN,BCN,2026/3/6,241.43,A3,PT39H45M,2026-03-06T01:10:00,2026-03-06T05:05:00,
TUN,BCN,2026/3/6,250.03,AT,PT5H20M,2026-03-06T11:50:00,2026-03-06T15:00:00,
TUN,BCN,2026/3/6,250.03,AT,PT16H25M,2026-03-06T18:20:00,2026-03-06T21:30:00,
TUN,BCN,2026/3/7,127.32,A3,PT9H15M,2026-03-07T01:10:00,2026-03-07T05:05:00,
TUN,BCN,2026/3/7,127.32,A3,PT16H,2026-03-07T01:10:00,2026-03-07T05:05:00,
TUN,BCN,2026/3/7,180.43,A3,PT15H45M,2026-03-07T01:10:00,2026-03-07T05:05:00,
TUN,BCN,2026/3/7,188.23,AZ,PT4H30M,2026-03-07T11:25:00,2026-03-07T12:50:00,
TUN,BCN,2026/3/7,188.23,AZ,PT11H50M,2026-03-07T11:25:00,2026-03-07T12:50:00,
TUN,BCN,2026/3/7,209.43,A3,PT15H45M,2026-03-07T01:10:00,2026-03-07T05:05:00,
TUN,BCN,2026/3/7,209.43,A3,PT15H45M,2026-03-07T01:10:00,2026-03-07T05:05:00,
TUN,BCN,2026/3/7,209.43,A3,PT15H45M,2026-03-07T01:10:00,2026-03-07T05:05:00,
TUN,BCN,2026/3/7,226.98,AH,PT8H35M,2026-03-07T09:30:00,2026-03-07T10:50:00,
TUN,BCN,2026/3/7,226.98,AH,PT23H45M,2026-03-07T18:05:00,2026-03-07T19:25:00,
TUN,BCN,2026/3/7,236.04,LH,PT14H25M,2026-03-07T18:00:00,2026-03-07T20:15:00,
TUN,BCN,2026/3/7,241.43,A3,PT15H45M,2026-03-07T01:10:00,2026-03-07T05:05:00,
TUN,BCN,2026/3/7,249.57,LH,PT5H5M,2026-03-07T18:00:00,2026-03-07T20:15:00,
TUN,BCN,2026/3/7,250.03,AT,PT5H20M,2026-03-07T11:50:00,2026-03-07T15:00:00,
TUN,BCN,2026/3/7,250.03,AT,PT16H25M,2026-03-07T18:20:00,2026-03-07T21:30:00,
TUN,BCN,2026/3/8,75.98,TU,PT1H45M,2026-03-08T17:50:00,2026-03-08T19:35:00,
TUN,BCN,2026/3/8,89.32,A3,PT9H15M,2026-03-08T01:10:00,2026-03-08T05:05:00,
TUN,BCN,2026/3/8,89.32,A3,PT16H,2026-03-08T01:10:00,2026-03-08T05:05:00,
TUN,BCN,2026/3/8,188.23,AZ,PT4H15M,2026-03-08T19:00:00,2026-03-08T20:25:00,
TUN,BCN,2026/3/8,188.23,AZ,PT15H50M,2026-03-08T19:00:00,2026-03-08T20:25:00,
TUN,BCN,2026/3/8,188.23,AZ,PT4H30M,2026-03-08T11:25:00,2026-03-08T12:50:00,
TUN,BCN,2026/3/8,188.23,AZ,PT11H50M,2026-03-08T11:25:00,2026-03-08T12:50:00,
TUN,BCN,2026/3/8,226.98,AH,PT8H20M,2026-03-08T09:30:00,2026-03-08T10:50:00,
TUN,BCN,2026/3/8,226.98,AH,PT22H55M,2026-03-08T19:10:00,2026-03-08T20:30:00,
TUN,BCN,2026/3/8,250.03,AT,PT5H20M,2026-03-08T11:50:00,2026-03-08T15:00:00,
TUN,BCN,2026/3/8,250.03,AT,PT17H25M,2026-03-08T18:20:00,2026-03-08T21:30:00,
TUN,BCN,2026/3/8,250.03,AT,PT22H50M,2026-03-08T18:20:00,2026-03-08T21:30:00,
TUN,BCN,2026/3/8,250.03,AT,PT23H55M,2026-03-08T11:50:00,2026-03-08T15:00:00,
TUN,BCN,2026/3/8,274.33,AF,PT8H20M,2026-03-08T11:00:00,2026-03-08T13:40:00,
TUN,BCN,2026/3/8,274.76,TK,PT12H50M,2026-03-08T11:00:00,2026-03-08T15:55:00,
TUN,BCN,2026/3/9,127.32,A3,PT9H15M,2026-03-09T01:10:00,2026-03-09T05:05:00,
TUN,BCN,2026/3/9,127.32,A3,PT16H,2026-03-09T01:10:00,2026-03-09T05:05:00,
TUN,BCN,2026/3/9,158.33,AF,PT6H5M,2026-03-09T11:00:00,2026-03-09T13:40:00,
TUN,BCN,2026/3/9,158.33,AF,PT8H20M,2026-03-09T11:00:00,2026-03-09T13:40:00,
TUN,BCN,2026/3/9,158.33,AF,PT8H30M,2026-03-09T05:30:00,2026-03-09T08:10:00,
TUN,BCN,2026/3/9,176.33,AF,PT5H40M,2026-03-09T05:30:00,2026-03-09T08:10:00,
TUN,BCN,2026/3/9,180.43,A3,PT39H55M,2026-03-09T01:10:00,2026-03-09T05:05:00,
TUN,BCN,2026/3/9,180.43,A3,PT39H55M,2026-03-09T01:10:00,2026-03-09T05:05:00,
TUN,BCN,2026/3/9,180.43,A3,PT39H55M,2026-03-09T01:10:00,2026-03-09T05:05:00,
TUN,BCN,2026/3/9,180.43,A3,PT39H55M,2026-03-09T01:10:00,2026-03-09T05:05:00,
TUN,BCN,2026/3/9,180.43,A3,PT39H55M,2026-03-09T01:10:00,2026-03-09T05:05:00,
TUN,BCN,2026/3/9,180.43,A3,PT39H55M,2026-03-09T01:10:00,2026-03-09T05:05:00,
TUN,BCN,2026/3/9,188.23,AZ,PT4H15M,2026-03-09T19:00:00,2026-03-09T20:25:00,
TUN,BCN,2026/3/9,188.23,AZ,PT4H30M,2026-03-09T11:25:00,2026-03-09T12:50:00,
TUN,BCN,2026/3/9,188.23,AZ,PT11H50M,2026-03-09T11:25:00,2026-03-09T12:50:00,
TUN,BCN,2026/3/10,89.32,A3,PT9H15M,2026-03-10T01:10:00,2026-03-10T05:05:00,
TUN,BCN,2026/3/10,89.32,A3,PT16H,2026-03-10T01:10:00,2026-03-10T05:05:00,
TUN,BCN,2026/3/10,128.33,AF,PT5H40M,2026-03-10T05:30:00,2026-03-10T08:10:00,
TUN,BCN,2026/3/10,128.33,AF,PT6H5M,2026-03-10T11:00:00,2026-03-10T13:40:00,
TUN,BCN,2026/3/10,128.33,AF,PT8H20M,2026-03-10T11:00:00,2026-03-10T13:40:00,
TUN,BCN,2026/3/10,128.33,AF,PT8H30M,2026-03-10T05:30:00,2026-03-10T08:10:00,
TUN,BCN,2026/3/10,142.33,AF,PT5H40M,2026-03-10T17:15:00,2026-03-10T19:55:00,
TUN,BCN,2026/3/10,176.33,AF,PT15H35M,2026-03-10T17:15:00,2026-03-10T19:55:00,
TUN,BCN,2026/3/10,188.23,AZ,PT4H15M,2026-03-10T19:00:00,2026-03-10T20:25:00,
TUN,BCN,2026/3/10,188.23,AZ,PT4H30M,2026-03-10T11:25:00,2026-03-10T12:50:00,
TUN,BCN,2026/3/10,188.23,AZ,PT11H50M,2026-03-10T11:25:00,2026-03-10T12:50:00,
TUN,BCN,2026/3/10,188.23,AZ,PT15H50M,2026-03-10T19:00:00,2026-03-10T20:25:00,
TUN,BCN,2026/3/10,197.57,AF,PT11H,2026-03-10T05:30:00,2026-03-10T08:10:00,
TUN,BCN,2026/3/10,197.57,AF,PT11H,2026-03-10T05:30:00,2026-03-10T08:10:00,
TUN,BCN,2026/3/10,197.57,AF,PT12H5M,2026-03-10T11:00:00,2026-03-10T13:40:00,
TUN,BCN,2026/3/11,75.98,TU,PT1H45M,2026-03-11T12:15:00,2026-03-11T14:00:00,
TUN,BCN,2026/3/11,127.32,A3,PT16H,2026-03-11T01:10:00,2026-03-11T05:05:00,
TUN,BCN,2026/3/11,188.23,AZ,PT4H30M,2026-03-11T11:25:00,2026-03-11T12:50:00,
TUN,BCN,2026/3/11,188.23,AZ,PT11H50M,2026-03-11T11:25:00,2026-03-11T12:50:00,
TUN,BCN,2026/3/11,197.33,AF,PT8H20M,2026-03-11T11:00:00,2026-03-11T13:40:00,
TUN,BCN,2026/3/11,216.57,AF,PT12H5M,2026-03-11T11:00:00,2026-03-11T13:40:00,
TUN,BCN,2026/3/11,216.57,AF,PT12H5M,2026-03-11T11:00:00,2026-03-11T13:40:00,
TUN,BCN,2026/3/11,216.88,AF,PT11H,2026-03-11T05:30:00,2026-03-11T08:10:00,
TUN,BCN,2026/3/11,222.33,AF,PT6H5M,2026-03-11T11:00:00,2026-03-11T13:40:00,
TUN,BCN,2026/3/11,226.98,AH,PT8H35M,2026-03-11T09:30:00,2026-03-11T10:50:00,
TUN,BCN,2026/3/11,226.98,AH,PT22H55M,2026-03-11T19:10:00,2026-03-11T20:30:00,
TUN,BCN,2026/3/11,234.33,AF,PT15H35M,2026-03-11T17:15:00,2026-03-11T19:55:00,
TUN,BCN,2026/3/11,250.03,AT,PT5H20M,2026-03-11T11:50:00,2026-03-11T15:00:00,
TUN,BCN,2026/3/11,250.03,AT,PT16H25M,2026-03-11T18:20:00,2026-03-11T21:30:00,
TUN,BCN,2026/3/11,250.03,AT,PT22H50M,2026-03-11T18:20:00,2026-03-11T21:30:00,
TUN,BCN,2026/3/12,89.32,A3,PT16H,2026-03-12T01:10:00,2026-03-12T05:05:00,
TUN,BCN,2026/3/12,127.32,A3,PT9H15M,2026-03-12T01:10:00,2026-03-12T05:05:00,
TUN,BCN,2026/3/12,128.33,AF,PT5H40M,2026-03-12T05:30:00,2026-03-12T08:10:00,
TUN,BCN,2026/3/12,128.33,AF,PT6H5M,2026-03-12T11:00:00,2026-03-12T13:40:00,
TUN,BCN,2026/3/12,128.33,AF,PT8H20M,2026-03-12T11:00:00,2026-03-12T13:40:00,
TUN,BCN,2026/3/12,128.33,AF,PT8H30M,2026-03-12T05:30:00,2026-03-12T08:10:00,
TUN,BCN,2026/3/12,142.33,AF,PT5H40M,2026-03-12T17:15:00,2026-03-12T19:55:00,
TUN,BCN,2026/3/12,176.33,AF,PT15H35M,2026-03-12T17:15:00,2026-03-12T19:55:00,
TUN,BCN,2026/3/12,188.23,AZ,PT4H15M,2026-03-12T19:00:00,2026-03-12T20:25:00,
TUN,BCN,2026/3/12,188.23,AZ,PT4H30M,2026-03-12T11:25:00,2026-03-12T12:50:00,
TUN,BCN,2026/3/12,188.23,AZ,PT11H50M,2026-03-12T11:25:00,2026-03-12T12:50:00,
TUN,BCN,2026/3/12,188.23,AZ,PT15H50M,2026-03-12T19:00:00,2026-03-12T20:25:00,
TUN,BCN,2026/3/12,197.57,AF,PT11H,2026-03-12T05:30:00,2026-03-12T08:10:00,
TUN,BCN,2026/3/12,197.57,AF,PT11H,2026-03-12T05:30:00,2026-03-12T08:10:00,
TUN,BCN,2026/3/12,197.57,AF,PT12H5M,2026-03-12T11:00:00,2026-03-12T13:40:00,
TUN,BCN,2026/3/13,75.98,TU,PT1H45M,2026-03-13T20:10:00,2026-03-13T21:55:00,
TUN,BCN,2026/3/13,89.32,A3,PT9H15M,2026-03-13T01:10:00,2026-03-13T05:05:00,
TUN,BCN,2026/3/13,89.32,A3,PT16H,2026-03-13T01:10:00,2026-03-13T05:05:00,
TUN,BCN,2026/3/13,180.43,A3,PT39H45M,2026-03-13T01:10:00,2026-03-13T05:05:00,
TUN,BCN,2026/3/13,180.43,A3,PT39H45M,2026-03-13T01:10:00,2026-03-13T05:05:00,
TUN,BCN,2026/3/13,180.43,A3,PT39H45M,2026-03-13T01:10:00,2026-03-13T05:05:00,
TUN,BCN,2026/3/13,180.43,A3,PT39H45M,2026-03-13T01:10:00,2026-03-13T05:05:00,
TUN,BCN,2026/3/13,188.23,AZ,PT4H15M,2026-03-13T19:00:00,2026-03-13T20:25:00,
TUN,BCN,2026/3/13,188.23,AZ,PT4H30M,2026-03-13T11:25:00,2026-03-13T12:50:00,
TUN,BCN,2026/3/13,188.23,AZ,PT11H50M,2026-03-13T11:25:00,2026-03-13T12:50:00,
TUN,BCN,2026/3/13,188.23,AZ,PT15H50M,2026-03-13T19:00:00,2026-03-13T20:25:00,
TUN,BCN,2026/3/13,224.34,LH,PT5H40M,2026-03-13T03:00:00,2026-03-13T05:35:00,
TUN,BCN,2026/3/13,224.34,LH,PT5H40M,2026-03-13T13:20:00,2026-03-13T15:55:00,
TUN,BCN,2026/3/13,224.34,LH,PT6H30M,2026-03-13T13:20:00,2026-03-13T15:55:00,
TUN,BCN,2026/3/13,226.98,AH,PT8H35M,2026-03-13T09:30:00,2026-03-13T10:50:00,
TUN,BCN,2026/3/14,89.32,A3,PT9H15M,2026-03-14T01:10:00,2026-03-14T05:05:00,
TUN,BCN,2026/3/14,89.32,A3,PT16H,2026-03-14T01:10:00,2026-03-14T05:05:00,
TUN,BCN,2026/3/14,128.33,AF,PT15H35M,2026-03-14T17:15:00,2026-03-14T19:55:00,
TUN,BCN,2026/3/14,150.88,AF,PT11H,2026-03-14T05:30:00,2026-03-14T08:10:00,
TUN,BCN,2026/3/14,159.57,AF,PT11H,2026-03-14T05:30:00,2026-03-14T08:10:00,
TUN,BCN,2026/3/14,180.43,A3,PT15H45M,2026-03-14T01:10:00,2026-03-14T05:05:00,
TUN,BCN,2026/3/14,188.23,AZ,PT11H50M,2026-03-14T11:25:00,2026-03-14T12:50:00,
TUN,BCN,2026/3/14,197.33,AF,PT5H40M,2026-03-14T17:15:00,2026-03-14T19:55:00,
TUN,BCN,2026/3/14,197.57,AF,PT11H,2026-03-14T05:30:00,2026-03-14T08:10:00,
TUN,BCN,2026/3/14,206.23,AZ,PT4H30M,2026-03-14T11:25:00,2026-03-14T12:50:00,
TUN,BCN,2026/3/14,209.43,A3,PT15H45M,2026-03-14T01:10:00,2026-03-14T05:05:00,
TUN,BCN,2026/3/14,209.43,A3,PT15H45M,2026-03-14T01:10:00,2026-03-14T05:05:00,
TUN,BCN,2026/3/14,209.43,A3,PT15H45M,2026-03-14T01:10:00,2026-03-14T05:05:00,
TUN,BCN,2026/3/14,214.57,LH,PT5H5M,2026-03-14T18:00:00,2026-03-14T20:15:00,
TUN,BCN,2026/3/14,222.33,AF,PT8H30M,2026-03-14T05:30:00,2026-03-14T08:10:00,
TUN,BCN,2026/3/15,75.98,TU,PT1H45M,2026-03-15T17:50:00,2026-03-15T19:35:00,
TUN,BCN,2026/3/15,127.32,A3,PT9H15M,2026-03-15T01:10:00,2026-03-15T05:05:00,
TUN,BCN,2026/3/15,127.32,A3,PT16H,2026-03-15T01:10:00,2026-03-15T05:05:00,
TUN,BCN,2026/3/15,128.33,AF,PT5H40M,2026-03-15T05:30:00,2026-03-15T08:10:00,
TUN,BCN,2026/3/15,128.33,AF,PT6H,2026-03-15T11:00:00,2026-03-15T13:40:00,
TUN,BCN,2026/3/15,128.33,AF,PT8H20M,2026-03-15T11:00:00,2026-03-15T13:40:00,
TUN,BCN,2026/3/15,128.33,AF,PT8H30M,2026-03-15T05:30:00,2026-03-15T08:10:00,
TUN,BCN,2026/3/15,142.33,AF,PT5H40M,2026-03-15T17:15:00,2026-03-15T19:55:00,
TUN,BCN,2026/3/15,142.33,AF,PT15H35M,2026-03-15T17:15:00,2026-03-15T19:55:00,
TUN,BCN,2026/3/15,188.23,AZ,PT4H15M,2026-03-15T19:00:00,2026-03-15T20:25:00,
TUN,BCN,2026/3/15,188.23,AZ,PT4H30M,2026-03-15T11:25:00,2026-03-15T12:50:00,
TUN,BCN,2026/3/15,188.23,AZ,PT11H50M,2026-03-15T11:25:00,2026-03-15T12:50:00,
TUN,BCN,2026/3/15,188.23,AZ,PT15H50M,2026-03-15T19:00:00,2026-03-15T20:25:00,
TUN,BCN,2026/3/15,214.57,LH,PT5H15M,2026-03-15T12:20:00,2026-03-15T14:35:00,
TUN,BCN,2026/3/15,214.57,LH,PT10H45M,2026-03-15T12:20:00,2026-03-15T14:35:00,
TUN,BCN,2026/3/16,89.32,A3,PT9H15M,2026-03-16T01:10:00,2026-03-16T05:05:00,
TUN,BCN,2026/3/16,89.32,A3,PT16H,2026-03-16T01:10:00,2026-03-16T05:05:00,
TUN,BCN,2026/3/16,128.33,AF,PT5H40M,2026-03-16T17:15:00,2026-03-16T19:55:00,
TUN,BCN,2026/3/16,128.33,AF,PT6H5M,2026-03-16T11:00:00,2026-03-16T13:40:00,
TUN,BCN,2026/3/16,128.33,AF,PT8H20M,2026-03-16T11:00:00,2026-03-16T13:40:00,
TUN,BCN,2026/3/16,128.33,AF,PT15H35M,2026-03-16T17:15:00,2026-03-16T19:55:00,
TUN,BCN,2026/3/16,128.33,AF,PT8H30M,2026-03-16T05:30:00,2026-03-16T08:10:00,
TUN,BCN,2026/3/16,158.33,AF,PT5H40M,2026-03-16T05:30:00,2026-03-16T08:10:00,
TUN,BCN,2026/3/16,180.43,A3,PT39H55M,2026-03-16T01:10:00,2026-03-16T05:05:00,
TUN,BCN,2026/3/16,180.43,A3,PT39H55M,2026-03-16T01:10:00,2026-03-16T05:05:00,
TUN,BCN,2026/3/16,180.43,A3,PT39H55M,2026-03-16T01:10:00,2026-03-16T05:05:00,
TUN,BCN,2026/3/16,180.43,A3,PT39H55M,2026-03-16T01:10:00,2026-03-16T05:05:00,
TUN,BCN,2026/3/16,180.43,A3,PT39H55M,2026-03-16T01:10:00,2026-03-16T05:05:00,
TUN,BCN,2026/3/16,181.57,AF,PT11H,2026-03-16T05:30:00,2026-03-16T08:10:00,
TUN,BCN,2026/3/16,181.57,AF,PT12H5M,2026-03-16T11:00:00,2026-03-16T13:40:00,
TUN,BCN,2026/3/17,89.32,A3,PT9H15M,2026-03-17T01:10:00,2026-03-17T05:05:00,
TUN,BCN,2026/3/17,89.32,A3,PT16H,2026-03-17T01:10:00,2026-03-17T05:05:00,
TUN,BCN,2026/3/17,128.33,AF,PT6H5M,2026-03-17T11:00:00,2026-03-17T13:40:00,
TUN,BCN,2026/3/17,128.33,AF,PT8H20M,2026-03-17T11:00:00,2026-03-17T13:40:00,
TUN,BCN,2026/3/17,158.33,AF,PT8H30M,2026-03-17T05:30:00,2026-03-17T08:10:00,
TUN,BCN,2026/3/17,176.33,AF,PT5H40M,2026-03-17T05:30:00,2026-03-17T08:10:00,
TUN,BCN,2026/3/17,180.43,A3,PT15H55M,2026-03-17T01:10:00,2026-03-17T05:05:00,
TUN,BCN,2026/3/17,181.57,AF,PT12H5M,2026-03-17T11:00:00,2026-03-17T13:40:00,
TUN,BCN,2026/3/17,181.57,AF,PT12H5M,2026-03-17T11:00:00,2026-03-17T13:40:00,
TUN,BCN,2026/3/17,188.23,AZ,PT4H15M,2026-03-17T19:00:00,2026-03-17T20:25:00,
TUN,BCN,2026/3/17,188.23,AZ,PT4H30M,2026-03-17T11:25:00,2026-03-17T12:50:00,
TUN,BCN,2026/3/17,188.23,AZ,PT11H50M,2026-03-17T11:25:00,2026-03-17T12:50:00,
TUN,BCN,2026/3/17,188.23,AZ,PT15H50M,2026-03-17T19:00:00,2026-03-17T20:25:00,
TUN,BCN,2026/3/17,197.33,AF,PT5H40M,2026-03-17T17:15:00,2026-03-17T19:55:00,
TUN,BCN,2026/3/17,197.33,AF,PT15H35M,2026-03-17T17:15:00,2026-03-17T19:55:00,
TUN,BCN,2026/3/18,72.98,TU,PT1H45M,2026-03-18T12:15:00,2026-03-18T14:00:00,
TUN,BCN,2026/3/18,89.32,A3,PT9H15M,2026-03-18T01:10:00,2026-03-18T05:05:00,
TUN,BCN,2026/3/18,89.32,A3,PT16H,2026-03-18T01:10:00,2026-03-18T05:05:00,
TUN,BCN,2026/3/18,128.33,AF,PT6H5M,2026-03-18T11:00:00,2026-03-18T13:40:00,
TUN,BCN,2026/3/18,128.33,AF,PT8H20M,2026-03-18T11:00:00,2026-03-18T13:40:00,
TUN,BCN,2026/3/18,176.33,AF,PT5H40M,2026-03-18T05:30:00,2026-03-18T08:10:00,
TUN,BCN,2026/3/18,176.33,AF,PT5H40M,2026-03-18T17:15:00,2026-03-18T19:55:00,
TUN,BCN,2026/3/18,181.57,AF,PT12H5M,2026-03-18T11:00:00,2026-03-18T13:40:00,
TUN,BCN,2026/3/18,181.57,AF,PT12H5M,2026-03-18T11:00:00,2026-03-18T13:40:00,
TUN,BCN,2026/3/18,188.23,AZ,PT11H50M,2026-03-18T11:25:00,2026-03-18T12:50:00,
TUN,BCN,2026/3/18,197.88,AF,PT11H,2026-03-18T05:30:00,2026-03-18T08:10:00,
TUN,BCN,2026/3/18,206.23,AZ,PT4H30M,2026-03-18T11:25:00,2026-03-18T12:50:00,
TUN,BCN,2026/3/18,216.57,AF,PT11H,2026-03-18T05:30:00,2026-03-18T08:10:00,
TUN,BCN,2026/3/18,224.34,LH,PT6H15M,2026-03-18T12:45:00,2026-03-18T15:20:00,
TUN,BCN,2026/3/18,224.34,LH,PT7H5M,2026-03-18T12:45:00,2026-03-18T15:20:00,
TUN,BCN,2026/3/19,89.32,A3,PT9H15M,2026-03-19T01:10:00,2026-03-19T05:05:00,
TUN,BCN,2026/3/19,89.32,A3,PT16H,2026-03-19T01:10:00,2026-03-19T05:05:00,
TUN,BCN,2026/3/19,128.33,AF,PT6H5M,2026-03-19T11:00:00,2026-03-19T13:40:00,
TUN,BCN,2026/3/19,128.33,AF,PT8H20M,2026-03-19T11:00:00,2026-03-19T13:40:00,
TUN,BCN,2026/3/19,158.33,AF,PT15H35M,2026-03-19T17:15:00,2026-03-19T19:55:00,
TUN,BCN,2026/3/19,166.57,AF,PT12H5M,2026-03-19T11:00:00,2026-03-19T13:40:00,
TUN,BCN,2026/3/19,166.57,AF,PT12H5M,2026-03-19T11:00:00,2026-03-19T13:40:00,
TUN,BCN,2026/3/19,176.33,AF,PT5H40M,2026-03-19T17:15:00,2026-03-19T19:55:00,
TUN,BCN,2026/3/19,188.23,AZ,PT15H50M,2026-03-19T19:00:00,2026-03-19T20:25:00,
TUN,BCN,2026/3/19,197.33,AF,PT5H40M,2026-03-19T05:30:00,2026-03-19T08:10:00,
TUN,BCN,2026/3/19,197.33,AF,PT8H30M,2026-03-19T05:30:00,2026-03-19T08:10:00,
TUN,BCN,2026/3/19,197.57,AF,PT11H,2026-03-19T05:30:00,2026-03-19T08:10:00,
TUN,BCN,2026/3/19,197.88,AF,PT11H,2026-03-19T05:30:00,2026-03-19T08:10:00,
TUN,BCN,2026/3/19,206.23,AZ,PT4H15M,2026-03-19T19:00:00,2026-03-19T20:25:00,
TUN,BCN,2026/3/19,206.23,AZ,PT4H30M,2026-03-19T11:25:00,2026-03-19T12:50:00,
CDG,BCN,2026/2/18,105.54,IB,PT1H45M,2026-02-18T15:25:00,2026-02-18T17:10:00,
CDG,BCN,2026/2/18,105.54,IB,PT1H50M,2026-02-18T09:50:00,2026-02-18T11:40:00,
CDG,BCN,2026/2/18,105.54,IB,PT1H50M,2026-02-18T20:55:00,2026-02-18T22:45:00,
CDG,BCN,2026/2/18,105.54,IB,PT1H50M,2026-02-18T22:05:00,2026-02-18T23:55:00,
CDG,BCN,2026/2/18,105.54,VY,PT1H45M,2026-02-18T15:25:00,2026-02-18T17:10:00,
CDG,BCN,2026/2/18,105.54,VY,PT1H50M,2026-02-18T09:50:00,2026-02-18T11:40:00,
CDG,BCN,2026/2/18,105.54,VY,PT1H50M,2026-02-18T20:55:00,2026-02-18T22:45:00,
CDG,BCN,2026/2/18,105.54,VY,PT1H50M,2026-02-18T22:05:00,2026-02-18T23:55:00,
CDG,BCN,2026/2/18,133.71,UX,PT9H35M,2026-02-18T07:00:00,2026-02-18T09:10:00,
CDG,BCN,2026/2/18,153.36,AF,PT1H45M,2026-02-18T07:05:00,2026-02-18T08:50:00,
CDG,BCN,2026/2/18,153.36,AF,PT1H45M,2026-02-18T15:20:00,2026-02-18T17:05:00,
CDG,BCN,2026/2/18,153.36,AF,PT1H45M,2026-02-18T17:35:00,2026-02-18T19:20:00,
CDG,BCN,2026/2/18,153.36,AF,PT1H50M,2026-02-18T09:20:00,2026-02-18T11:10:00,
CDG,BCN,2026/2/18,153.36,AF,PT1H50M,2026-02-18T21:05:00,2026-02-18T22:55:00,
CDG,BCN,2026/2/18,190.36,AF,PT1H45M,2026-02-18T12:15:00,2026-02-18T14:00:00,
CDG,BCN,2026/2/19,90.54,VY,PT1H50M,2026-02-19T22:05:00,2026-02-19T23:55:00,
CDG,BCN,2026/2/19,98.54,VY,PT1H45M,2026-02-19T15:25:00,2026-02-19T17:10:00,
CDG,BCN,2026/2/19,105.54,IB,PT1H45M,2026-02-19T15:25:00,2026-02-19T17:10:00,
CDG,BCN,2026/2/19,105.54,IB,PT1H50M,2026-02-19T09:50:00,2026-02-19T11:40:00,
CDG,BCN,2026/2/19,105.54,IB,PT1H50M,2026-02-19T22:05:00,2026-02-19T23:55:00,
CDG,BCN,2026/2/19,105.54,VY,PT1H50M,2026-02-19T09:50:00,2026-02-19T11:40:00,
CDG,BCN,2026/2/19,112.14,DY,PT26H35M,2026-02-19T20:50:00,2026-02-19T22:40:00,
CDG,BCN,2026/2/19,131.14,DY,PT14H55M,2026-02-19T20:50:00,2026-02-19T22:40:00,
CDG,BCN,2026/2/19,140.88,DY,PT11H30M,2026-02-19T11:50:00,2026-02-19T14:20:00,
CDG,BCN,2026/2/19,152.39,IB,PT5H25M,2026-02-19T12:45:00,2026-02-19T14:55:00,
CDG,BCN,2026/2/19,153.36,AF,PT1H45M,2026-02-19T07:05:00,2026-02-19T08:50:00,
CDG,BCN,2026/2/19,153.36,AF,PT1H45M,2026-02-19T12:15:00,2026-02-19T14:00:00,
CDG,BCN,2026/2/19,153.36,AF,PT1H45M,2026-02-19T15:20:00,2026-02-19T17:05:00,
CDG,BCN,2026/2/19,153.36,AF,PT1H45M,2026-02-19T17:35:00,2026-02-19T19:20:00,
CDG,BCN,2026/2/19,153.36,AF,PT1H50M,2026-02-19T21:05:00,2026-02-19T22:55:00,
CDG,BCN,2026/2/20,98.54,VY,PT1H45M,2026-02-20T15:35:00,2026-02-20T17:20:00,
CDG,BCN,2026/2/20,105.54,IB,PT1H45M,2026-02-20T15:35:00,2026-02-20T17:20:00,
CDG,BCN,2026/2/20,105.54,IB,PT1H50M,2026-02-20T09:50:00,2026-02-20T11:40:00,
CDG,BCN,2026/2/20,105.54,IB,PT1H50M,2026-02-20T20:55:00,2026-02-20T22:45:00,
CDG,BCN,2026/2/20,105.54,IB,PT1H50M,2026-02-20T22:05:00,2026-02-20T23:55:00,
CDG,BCN,2026/2/20,105.54,VY,PT1H50M,2026-02-20T20:55:00,2026-02-20T22:45:00,
CDG,BCN,2026/2/20,112.14,DY,PT8H20M,2026-02-20T15:05:00,2026-02-20T16:55:00,
CDG,BCN,2026/2/20,120.54,VY,PT1H50M,2026-02-20T09:50:00,2026-02-20T11:40:00,
CDG,BCN,2026/2/20,133.54,VY,PT1H50M,2026-02-20T22:05:00,2026-02-20T23:55:00,
CDG,BCN,2026/2/20,155.22,QS,PT5H25M,2026-02-20T08:45:00,2026-02-20T10:30:00,
CDG,BCN,2026/2/20,161.91,AF,PT13H50M,2026-02-20T20:35:00,2026-02-20T21:50:00,
CDG,BCN,2026/2/20,161.91,AF,PT15H40M,2026-02-20T20:35:00,2026-02-20T21:50:00,
CDG,BCN,2026/2/20,183.95,AZ,PT4H45M,2026-02-20T06:05:00,2026-02-20T08:10:00,
CDG,BCN,2026/2/20,183.95,AZ,PT5H,2026-02-20T18:15:00,2026-02-20T20:20:00,
CDG,BCN,2026/2/20,183.95,AZ,PT9H50M,2026-02-20T06:05:00,2026-02-20T08:10:00,
CDG,BCN,2026/2/21,98.54,IB,PT1H50M,2026-02-21T09:50:00,2026-02-21T11:40:00,
CDG,BCN,2026/2/21,105.54,IB,PT1H45M,2026-02-21T15:25:00,2026-02-21T17:10:00,
CDG,BCN,2026/2/21,105.54,IB,PT1H50M,2026-02-21T20:55:00,2026-02-21T22:45:00,
CDG,BCN,2026/2/21,105.54,IB,PT1H50M,2026-02-21T22:05:00,2026-02-21T23:55:00,
CDG,BCN,2026/2/21,105.54,VY,PT1H45M,2026-02-21T15:25:00,2026-02-21T17:10:00,
CDG,BCN,2026/2/21,105.54,VY,PT1H50M,2026-02-21T09:50:00,2026-02-21T11:40:00,
CDG,BCN,2026/2/21,105.54,VY,PT1H50M,2026-02-21T20:55:00,2026-02-21T22:45:00,
CDG,BCN,2026/2/21,105.54,VY,PT1H50M,2026-02-21T22:05:00,2026-02-21T23:55:00,
CDG,BCN,2026/2/21,155.22,QS,PT17H55M,2026-02-21T20:15:00,2026-02-21T21:55:00,
CDG,BCN,2026/2/21,155.22,QS,PT23H10M,2026-02-21T15:00:00,2026-02-21T16:45:00,
CDG,BCN,2026/2/21,183.95,AZ,PT4H45M,2026-02-21T06:05:00,2026-02-21T08:10:00,
CDG,BCN,2026/2/21,183.95,AZ,PT5H,2026-02-21T18:15:00,2026-02-21T20:20:00,
CDG,BCN,2026/2/21,183.95,AZ,PT9H50M,2026-02-21T06:05:00,2026-02-21T08:10:00,
CDG,BCN,2026/2/21,183.95,AZ,PT11H30M,2026-02-21T11:45:00,2026-02-21T13:50:00,
CDG,BCN,2026/2/21,208.39,VY,PT13H40M,2026-02-21T18:45:00,2026-02-21T20:55:00,
CDG,BCN,2026/2/22,105.54,IB,PT1H45M,2026-02-22T15:25:00,2026-02-22T17:10:00,
CDG,BCN,2026/2/22,105.54,IB,PT1H50M,2026-02-22T09:50:00,2026-02-22T11:40:00,
CDG,BCN,2026/2/22,105.54,IB,PT1H50M,2026-02-22T22:05:00,2026-02-22T23:55:00,
CDG,BCN,2026/2/22,105.54,VY,PT1H45M,2026-02-22T15:25:00,2026-02-22T17:10:00,
CDG,BCN,2026/2/22,105.54,VY,PT1H50M,2026-02-22T22:05:00,2026-02-22T23:55:00,
CDG,BCN,2026/2/22,133.54,VY,PT1H50M,2026-02-22T09:50:00,2026-02-22T11:40:00,
CDG,BCN,2026/2/22,139.14,DY,PT14H55M,2026-02-22T20:50:00,2026-02-22T22:40:00,
CDG,BCN,2026/2/22,139.14,DY,PT17H35M,2026-02-22T20:50:00,2026-02-22T22:40:00,
CDG,BCN,2026/2/22,153.36,AF,PT1H40M,2026-02-22T13:20:00,2026-02-22T15:00:00,
CDG,BCN,2026/2/22,153.36,AF,PT1H45M,2026-02-22T12:15:00,2026-02-22T14:00:00,
CDG,BCN,2026/2/22,153.36,AF,PT1H50M,2026-02-22T21:05:00,2026-02-22T22:55:00,
CDG,BCN,2026/2/22,153.36,AF,PT1H45M,2026-02-22T07:05:00,2026-02-22T08:50:00,
CDG,BCN,2026/2/22,153.36,AF,PT1H45M,2026-02-22T17:35:00,2026-02-22T19:20:00,
CDG,BCN,2026/2/22,155.22,QS,PT5H25M,2026-02-22T08:45:00,2026-02-22T10:30:00,
CDG,BCN,2026/2/22,155.22,QS,PT17H55M,2026-02-22T20:15:00,2026-02-22T21:55:00,
CDG,BCN,2026/2/23,92.14,DY,PT14H55M,2026-02-23T20:50:00,2026-02-23T22:40:00,
CDG,BCN,2026/2/23,98.54,VY,PT1H50M,2026-02-23T22:05:00,2026-02-23T23:55:00,
CDG,BCN,2026/2/23,105.54,IB,PT1H45M,2026-02-23T15:25:00,2026-02-23T17:10:00,
CDG,BCN,2026/2/23,105.54,IB,PT1H50M,2026-02-23T09:50:00,2026-02-23T11:40:00,
CDG,BCN,2026/2/23,105.54,IB,PT1H50M,2026-02-23T20:55:00,2026-02-23T22:45:00,
CDG,BCN,2026/2/23,105.54,IB,PT1H50M,2026-02-23T22:05:00,2026-02-23T23:55:00,
CDG,BCN,2026/2/23,105.54,VY,PT1H45M,2026-02-23T15:25:00,2026-02-23T17:10:00,
CDG,BCN,2026/2/23,105.54,VY,PT1H50M,2026-02-23T20:55:00,2026-02-23T22:45:00,
CDG,BCN,2026/2/23,105.54,VY,PT1H50M,2026-02-23T09:50:00,2026-02-23T11:40:00,
CDG,BCN,2026/2/23,153.36,AF,PT1H40M,2026-02-23T13:20:00,2026-02-23T15:00:00,
CDG,BCN,2026/2/23,153.36,AF,PT1H45M,2026-02-23T07:05:00,2026-02-23T08:50:00,
CDG,BCN,2026/2/23,153.36,AF,PT1H45M,2026-02-23T12:15:00,2026-02-23T14:00:00,
CDG,BCN,2026/2/23,153.36,AF,PT1H45M,2026-02-23T15:20:00,2026-02-23T17:05:00,
CDG,BCN,2026/2/23,153.36,AF,PT1H45M,2026-02-23T17:35:00,2026-02-23T19:20:00,
CDG,BCN,2026/2/23,153.36,AF,PT1H50M,2026-02-23T09:20:00,2026-02-23T11:10:00,
CDG,BCN,2026/2/24,105.54,IB,PT1H45M,2026-02-24T15:25:00,2026-02-24T17:10:00,
CDG,BCN,2026/2/24,105.54,IB,PT1H50M,2026-02-24T09:50:00,2026-02-24T11:40:00,
CDG,BCN,2026/2/24,105.54,IB,PT1H50M,2026-02-24T22:05:00,2026-02-24T23:55:00,
CDG,BCN,2026/2/24,105.54,VY,PT1H45M,2026-02-24T15:25:00,2026-02-24T17:10:00,
CDG,BCN,2026/2/24,105.54,VY,PT1H50M,2026-02-24T09:50:00,2026-02-24T11:40:00,
CDG,BCN,2026/2/24,105.54,VY,PT1H50M,2026-02-24T22:05:00,2026-02-24T23:55:00,
CDG,BCN,2026/2/24,144.95,AZ,PT4H45M,2026-02-24T06:05:00,2026-02-24T08:10:00,
CDG,BCN,2026/2/24,144.95,AZ,PT5H,2026-02-24T18:15:00,2026-02-24T20:20:00,
CDG,BCN,2026/2/24,144.95,AZ,PT9H50M,2026-02-24T06:05:00,2026-02-24T08:10:00,
CDG,BCN,2026/2/24,144.95,AZ,PT11H30M,2026-02-24T11:45:00,2026-02-24T13:50:00,
CDG,BCN,2026/2/24,144.95,AZ,PT16H35M,2026-02-24T18:15:00,2026-02-24T20:20:00,
CDG,BCN,2026/2/24,153.36,AF,PT1H40M,2026-02-24T13:20:00,2026-02-24T15:00:00,
CDG,BCN,2026/2/24,153.36,AF,PT1H45M,2026-02-24T07:05:00,2026-02-24T08:50:00,
CDG,BCN,2026/2/24,153.36,AF,PT1H45M,2026-02-24T12:15:00,2026-02-24T14:00:00,
CDG,BCN,2026/2/24,153.36,AF,PT1H45M,2026-02-24T15:20:00,2026-02-24T17:05:00,
CDG,BCN,2026/2/25,90.54,VY,PT1H50M,2026-02-25T09:50:00,2026-02-25T11:40:00,
CDG,BCN,2026/2/25,105.54,IB,PT1H45M,2026-02-25T15:25:00,2026-02-25T17:10:00,
CDG,BCN,2026/2/25,105.54,IB,PT1H50M,2026-02-25T09:50:00,2026-02-25T11:40:00,
CDG,BCN,2026/2/25,105.54,IB,PT1H50M,2026-02-25T20:55:00,2026-02-25T22:45:00,
CDG,BCN,2026/2/25,105.54,IB,PT1H50M,2026-02-25T22:05:00,2026-02-25T23:55:00,
CDG,BCN,2026/2/25,105.54,VY,PT1H45M,2026-02-25T15:25:00,2026-02-25T17:10:00,
CDG,BCN,2026/2/25,105.54,VY,PT1H50M,2026-02-25T20:55:00,2026-02-25T22:45:00,
CDG,BCN,2026/2/25,105.54,VY,PT1H50M,2026-02-25T22:05:00,2026-02-25T23:55:00,
CDG,BCN,2026/2/25,144.95,AZ,PT4H45M,2026-02-25T06:05:00,2026-02-25T08:10:00,
CDG,BCN,2026/2/25,144.95,AZ,PT5H,2026-02-25T18:15:00,2026-02-25T20:20:00,
CDG,BCN,2026/2/25,144.95,AZ,PT9H50M,2026-02-25T06:05:00,2026-02-25T08:10:00,
CDG,BCN,2026/2/25,144.95,AZ,PT11H30M,2026-02-25T11:45:00,2026-02-25T13:50:00,
CDG,BCN,2026/2/25,144.95,AZ,PT16H35M,2026-02-25T18:15:00,2026-02-25T20:20:00,
CDG,BCN,2026/2/25,153.36,AF,PT1H40M,2026-02-25T13:20:00,2026-02-25T15:00:00,
CDG,BCN,2026/2/25,153.36,AF,PT1H45M,2026-02-25T07:05:00,2026-02-25T08:50:00,
CDG,BCN,2026/2/26,90.54,VY,PT1H50M,2026-02-26T22:05:00,2026-02-26T23:55:00,
CDG,BCN,2026/2/26,92.14,DY,PT14H55M,2026-02-26T20:50:00,2026-02-26T22:40:00,
CDG,BCN,2026/2/26,105.54,IB,PT1H45M,2026-02-26T15:25:00,2026-02-26T17:10:00,
CDG,BCN,2026/2/26,105.54,IB,PT1H50M,2026-02-26T09:50:00,2026-02-26T11:40:00,
CDG,BCN,2026/2/26,105.54,IB,PT1H50M,2026-02-26T22:05:00,2026-02-26T23:55:00,
CDG,BCN,2026/2/26,105.54,VY,PT1H45M,2026-02-26T15:25:00,2026-02-26T17:10:00,
CDG,BCN,2026/2/26,105.54,VY,PT1H50M,2026-02-26T09:50:00,2026-02-26T11:40:00,
CDG,BCN,2026/2/26,137.14,DY,PT26H35M,2026-02-26T20:50:00,2026-02-26T22:40:00,
CDG,BCN,2026/2/26,144.95,AZ,PT4H45M,2026-02-26T06:05:00,2026-02-26T08:10:00,
CDG,BCN,2026/2/26,144.95,AZ,PT5H,2026-02-26T18:15:00,2026-02-26T20:20:00,
CDG,BCN,2026/2/26,144.95,AZ,PT9H50M,2026-02-26T06:05:00,2026-02-26T08:10:00,
CDG,BCN,2026/2/26,144.95,AZ,PT11H30M,2026-02-26T11:45:00,2026-02-26T13:50:00,
CDG,BCN,2026/2/26,153.36,AF,PT1H45M,2026-02-26T07:05:00,2026-02-26T08:50:00,
CDG,BCN,2026/2/26,153.36,AF,PT1H45M,2026-02-26T15:20:00,2026-02-26T17:05:00,
CDG,BCN,2026/2/26,153.36,AF,PT1H45M,2026-02-26T17:35:00,2026-02-26T19:20:00,
CDG,BCN,2026/2/27,90.54,VY,PT1H50M,2026-02-27T22:05:00,2026-02-27T23:55:00,
CDG,BCN,2026/2/27,98.54,VY,PT1H45M,2026-02-27T15:35:00,2026-02-27T17:20:00,
CDG,BCN,2026/2/27,105.54,IB,PT1H45M,2026-02-27T15:35:00,2026-02-27T17:20:00,
CDG,BCN,2026/2/27,105.54,IB,PT1H50M,2026-02-27T09:50:00,2026-02-27T11:40:00,
CDG,BCN,2026/2/27,105.54,IB,PT1H50M,2026-02-27T20:55:00,2026-02-27T22:45:00,
CDG,BCN,2026/2/27,105.54,IB,PT1H50M,2026-02-27T22:05:00,2026-02-27T23:55:00,
CDG,BCN,2026/2/27,105.54,VY,PT1H50M,2026-02-27T09:50:00,2026-02-27T11:40:00,
CDG,BCN,2026/2/27,105.54,VY,PT1H50M,2026-02-27T20:55:00,2026-02-27T22:45:00,
CDG,BCN,2026/2/27,123.91,AF,PT13H50M,2026-02-27T20:35:00,2026-02-27T21:50:00,
CDG,BCN,2026/2/27,123.91,AF,PT15H40M,2026-02-27T20:35:00,2026-02-27T21:50:00,
CDG,BCN,2026/2/27,144.95,AZ,PT5H,2026-02-27T18:15:00,2026-02-27T20:20:00,
CDG,BCN,2026/2/27,144.95,AZ,PT11H30M,2026-02-27T11:45:00,2026-02-27T13:50:00,
CDG,BCN,2026/2/27,151.36,AF,PT1H45M,2026-02-27T07:05:00,2026-02-27T08:50:00,
CDG,BCN,2026/2/27,151.36,AF,PT1H45M,2026-02-27T12:15:00,2026-02-27T14:00:00,
CDG,BCN,2026/2/27,151.36,AF,PT1H45M,2026-02-27T15:20:00,2026-02-27T17:05:00,
CDG,BCN,2026/2/28,105.54,IB,PT1H45M,2026-02-28T15:25:00,2026-02-28T17:10:00,
CDG,BCN,2026/2/28,105.54,IB,PT1H50M,2026-02-28T09:50:00,2026-02-28T11:40:00,
CDG,BCN,2026/2/28,105.54,IB,PT1H50M,2026-02-28T20:55:00,2026-02-28T22:45:00,
CDG,BCN,2026/2/28,105.54,IB,PT1H50M,2026-02-28T22:05:00,2026-02-28T23:55:00,
CDG,BCN,2026/2/28,105.54,VY,PT1H45M,2026-02-28T15:25:00,2026-02-28T17:10:00,
CDG,BCN,2026/2/28,105.54,VY,PT1H50M,2026-02-28T22:05:00,2026-02-28T23:55:00,
CDG,BCN,2026/2/28,105.54,VY,PT1H50M,2026-02-28T20:55:00,2026-02-28T22:45:00,
CDG,BCN,2026/2/28,113.54,VY,PT1H50M,2026-02-28T09:50:00,2026-02-28T11:40:00,
CDG,BCN,2026/2/28,123.6,AF,PT5H40M,2026-02-28T13:25:00,2026-02-28T14:50:00,
CDG,BCN,2026/2/28,123.91,AF,PT13H50M,2026-02-28T20:35:00,2026-02-28T21:50:00,
CDG,BCN,2026/2/28,123.91,AF,PT15H40M,2026-02-28T20:35:00,2026-02-28T21:50:00,
CDG,BCN,2026/2/28,144.95,AZ,PT5H,2026-02-28T18:15:00,2026-02-28T20:20:00,
CDG,BCN,2026/2/28,144.95,AZ,PT9H50M,2026-02-28T06:05:00,2026-02-28T08:10:00,
CDG,BCN,2026/2/28,144.95,AZ,PT11H30M,2026-02-28T11:45:00,2026-02-28T13:50:00,
CDG,BCN,2026/2/28,144.95,AZ,PT16H35M,2026-02-28T18:15:00,2026-02-28T20:20:00,
CDG,BCN,2026/3/1,98.54,IB,PT1H50M,2026-03-01T22:05:00,2026-03-01T23:55:00,
CDG,BCN,2026/3/1,98.54,VY,PT1H50M,2026-03-01T22:05:00,2026-03-01T23:55:00,
CDG,BCN,2026/3/1,105.54,IB,PT1H45M,2026-03-01T15:25:00,2026-03-01T17:10:00,
CDG,BCN,2026/3/1,105.54,IB,PT1H50M,2026-03-01T09:50:00,2026-03-01T11:40:00,
CDG,BCN,2026/3/1,105.54,VY,PT1H45M,2026-03-01T15:25:00,2026-03-01T17:10:00,
CDG,BCN,2026/3/1,105.54,VY,PT1H50M,2026-03-01T09:50:00,2026-03-01T11:40:00,
CDG,BCN,2026/3/1,124.14,DY,PT14H55M,2026-03-01T20:50:00,2026-03-01T22:40:00,
CDG,BCN,2026/3/1,144.95,AZ,PT4H45M,2026-03-01T06:05:00,2026-03-01T08:10:00,
CDG,BCN,2026/3/1,144.95,AZ,PT5H,2026-03-01T18:15:00,2026-03-01T20:20:00,
CDG,BCN,2026/3/1,144.95,AZ,PT9H50M,2026-03-01T06:05:00,2026-03-01T08:10:00,
CDG,BCN,2026/3/1,144.95,AZ,PT11H30M,2026-03-01T11:45:00,2026-03-01T13:50:00,
CDG,BCN,2026/3/1,144.95,AZ,PT16H35M,2026-03-01T18:15:00,2026-03-01T20:20:00,
CDG,BCN,2026/3/1,151.14,DY,PT17H35M,2026-03-01T20:50:00,2026-03-01T22:40:00,
CDG,BCN,2026/3/1,155.22,QS,PT5H25M,2026-03-01T08:45:00,2026-03-01T10:30:00,
CDG,BCN,2026/3/1,155.22,QS,PT17H55M,2026-03-01T20:15:00,2026-03-01T21:55:00,
CDG,BCN,2026/3/2,92.14,DY,PT14H55M,2026-03-02T20:50:00,2026-03-02T22:40:00,
CDG,BCN,2026/3/2,105.54,IB,PT1H45M,2026-03-02T15:25:00,2026-03-02T17:10:00,
CDG,BCN,2026/3/2,105.54,IB,PT1H50M,2026-03-02T09:50:00,2026-03-02T11:40:00,
CDG,BCN,2026/3/2,105.54,IB,PT1H50M,2026-03-02T20:55:00,2026-03-02T22:45:00,
CDG,BCN,2026/3/2,105.54,IB,PT1H50M,2026-03-02T22:05:00,2026-03-02T23:55:00,
CDG,BCN,2026/3/2,105.54,VY,PT1H45M,2026-03-02T15:25:00,2026-03-02T17:10:00,
CDG,BCN,2026/3/2,105.54,VY,PT1H50M,2026-03-02T09:50:00,2026-03-02T11:40:00,
CDG,BCN,2026/3/2,105.54,VY,PT1H50M,2026-03-02T20:55:00,2026-03-02T22:45:00,
CDG,BCN,2026/3/2,105.54,VY,PT1H50M,2026-03-02T22:05:00,2026-03-02T23:55:00,
CDG,BCN,2026/3/2,144.95,AZ,PT4H45M,2026-03-02T06:05:00,2026-03-02T08:10:00,
CDG,BCN,2026/3/2,144.95,AZ,PT5H,2026-03-02T18:15:00,2026-03-02T20:20:00,
CDG,BCN,2026/3/2,144.95,AZ,PT9H50M,2026-03-02T06:05:00,2026-03-02T08:10:00,
CDG,BCN,2026/3/2,144.95,AZ,PT11H30M,2026-03-02T11:45:00,2026-03-02T13:50:00,
CDG,BCN,2026/3/2,144.95,AZ,PT16H35M,2026-03-02T18:15:00,2026-03-02T20:20:00,
CDG,BCN,2026/3/2,155.22,QS,PT5H25M,2026-03-02T08:45:00,2026-03-02T10:30:00,
CDG,BCN,2026/3/3,98.54,VY,PT1H50M,2026-03-03T22:05:00,2026-03-03T23:55:00,
CDG,BCN,2026/3/3,105.54,IB,PT1H45M,2026-03-03T15:25:00,2026-03-03T17:10:00,
CDG,BCN,2026/3/3,105.54,IB,PT1H50M,2026-03-03T09:50:00,2026-03-03T11:40:00,
CDG,BCN,2026/3/3,105.54,IB,PT1H50M,2026-03-03T22:05:00,2026-03-03T23:55:00,
CDG,BCN,2026/3/3,105.54,VY,PT1H45M,2026-03-03T15:25:00,2026-03-03T17:10:00,
CDG,BCN,2026/3/3,105.54,VY,PT1H50M,2026-03-03T09:50:00,2026-03-03T11:40:00,
CDG,BCN,2026/3/3,144.95,AZ,PT4H45M,2026-03-03T06:05:00,2026-03-03T08:10:00,
CDG,BCN,2026/3/3,144.95,AZ,PT5H,2026-03-03T18:15:00,2026-03-03T20:20:00,
CDG,BCN,2026/3/3,144.95,AZ,PT11H30M,2026-03-03T11:45:00,2026-03-03T13:50:00,
CDG,BCN,2026/3/3,144.95,AZ,PT16H35M,2026-03-03T18:15:00,2026-03-03T20:20:00,
CDG,BCN,2026/3/3,151.36,AF,PT1H40M,2026-03-03T13:20:00,2026-03-03T15:00:00,
CDG,BCN,2026/3/3,151.36,AF,PT1H45M,2026-03-03T15:20:00,2026-03-03T17:05:00,
CDG,BCN,2026/3/3,151.36,AF,PT1H45M,2026-03-03T17:35:00,2026-03-03T19:20:00,
CDG,BCN,2026/3/3,151.36,AF,PT1H45M,2026-03-03T12:15:00,2026-03-03T14:00:00,
CDG,BCN,2026/3/3,171.36,AF,PT1H50M,2026-03-03T21:05:00,2026-03-03T22:55:00,
CDG,BCN,2026/3/4,105.54,IB,PT1H45M,2026-03-04T15:25:00,2026-03-04T17:10:00,
CDG,BCN,2026/3/4,105.54,IB,PT1H50M,2026-03-04T09:50:00,2026-03-04T11:40:00,
CDG,BCN,2026/3/4,105.54,IB,PT1H50M,2026-03-04T20:55:00,2026-03-04T22:45:00,
CDG,BCN,2026/3/4,105.54,IB,PT1H50M,2026-03-04T22:05:00,2026-03-04T23:55:00,
CDG,BCN,2026/3/4,105.54,VY,PT1H45M,2026-03-04T15:25:00,2026-03-04T17:10:00,
CDG,BCN,2026/3/4,105.54,VY,PT1H50M,2026-03-04T09:50:00,2026-03-04T11:40:00,
CDG,BCN,2026/3/4,105.54,VY,PT1H50M,2026-03-04T20:55:00,2026-03-04T22:45:00,
CDG,BCN,2026/3/4,105.54,VY,PT1H50M,2026-03-04T22:05:00,2026-03-04T23:55:00,
CDG,BCN,2026/3/4,135.36,AF,PT1H40M,2026-03-04T13:20:00,2026-03-04T15:00:00,
CDG,BCN,2026/3/4,135.36,AF,PT1H45M,2026-03-04T07:05:00,2026-03-04T08:50:00,
CDG,BCN,2026/3/4,135.36,AF,PT1H45M,2026-03-04T12:15:00,2026-03-04T14:00:00,
CDG,BCN,2026/3/4,135.36,AF,PT1H45M,2026-03-04T15:20:00,2026-03-04T17:05:00,
CDG,BCN,2026/3/4,135.36,AF,PT1H45M,2026-03-04T17:35:00,2026-03-04T19:20:00,
CDG,BCN,2026/3/4,135.36,AF,PT1H50M,2026-03-04T09:20:00,2026-03-04T11:10:00,
CDG,BCN,2026/3/4,135.36,AF,PT1H50M,2026-03-04T21:05:00,2026-03-04T22:55:00,
CDG,BCN,2026/3/5,98.54,VY,PT1H45M,2026-03-05T15:25:00,2026-03-05T17:10:00,
CDG,BCN,2026/3/5,105.54,IB,PT1H45M,2026-03-05T15:25:00,2026-03-05T17:10:00,
CDG,BCN,2026/3/5,105.54,IB,PT1H50M,2026-03-05T09:50:00,2026-03-05T11:40:00,
CDG,BCN,2026/3/5,105.54,IB,PT1H50M,2026-03-05T22:05:00,2026-03-05T23:55:00,
CDG,BCN,2026/3/5,105.54,VY,PT1H50M,2026-03-05T22:05:00,2026-03-05T23:55:00,
CDG,BCN,2026/3/5,112.14,DY,PT26H35M,2026-03-05T20:50:00,2026-03-05T22:40:00,
CDG,BCN,2026/3/5,120.54,VY,PT1H50M,2026-03-05T09:50:00,2026-03-05T11:40:00,
CDG,BCN,2026/3/5,131.88,DY,PT11H30M,2026-03-05T11:50:00,2026-03-05T14:20:00,
CDG,BCN,2026/3/5,131.88,DY,PT28H15M,2026-03-05T11:50:00,2026-03-05T14:20:00,
CDG,BCN,2026/3/5,135.36,AF,PT1H45M,2026-03-05T07:05:00,2026-03-05T08:50:00,
CDG,BCN,2026/3/5,135.36,AF,PT1H45M,2026-03-05T12:15:00,2026-03-05T14:00:00,
CDG,BCN,2026/3/5,135.36,AF,PT1H45M,2026-03-05T15:20:00,2026-03-05T17:05:00,
CDG,BCN,2026/3/5,135.36,AF,PT1H45M,2026-03-05T17:35:00,2026-03-05T19:20:00,
CDG,BCN,2026/3/5,135.36,AF,PT1H50M,2026-03-05T09:20:00,2026-03-05T11:10:00,
CDG,BCN,2026/3/5,135.36,AF,PT1H50M,2026-03-05T21:05:00,2026-03-05T22:55:00,
CDG,BCN,2026/3/6,90.54,VY,PT1H50M,2026-03-06T09:50:00,2026-03-06T11:40:00,
CDG,BCN,2026/3/6,105.54,IB,PT1H45M,2026-03-06T15:35:00,2026-03-06T17:20:00,
CDG,BCN,2026/3/6,105.54,IB,PT1H50M,2026-03-06T09:50:00,2026-03-06T11:40:00,
CDG,BCN,2026/3/6,105.54,IB,PT1H50M,2026-03-06T20:55:00,2026-03-06T22:45:00,
CDG,BCN,2026/3/6,105.54,IB,PT1H50M,2026-03-06T22:05:00,2026-03-06T23:55:00,
CDG,BCN,2026/3/6,105.54,VY,PT1H45M,2026-03-06T15:35:00,2026-03-06T17:20:00,
CDG,BCN,2026/3/6,105.54,VY,PT1H50M,2026-03-06T20:55:00,2026-03-06T22:45:00,
CDG,BCN,2026/3/6,105.54,VY,PT1H50M,2026-03-06T22:05:00,2026-03-06T23:55:00,
CDG,BCN,2026/3/6,133.91,AF,PT13H50M,2026-03-06T20:35:00,2026-03-06T21:50:00,
CDG,BCN,2026/3/6,133.91,AF,PT15H40M,2026-03-06T20:35:00,2026-03-06T21:50:00,
CDG,BCN,2026/3/6,135.36,AF,PT1H45M,2026-03-06T07:05:00,2026-03-06T08:50:00,
CDG,BCN,2026/3/6,135.36,AF,PT1H45M,2026-03-06T12:15:00,2026-03-06T14:00:00,
CDG,BCN,2026/3/6,135.36,AF,PT1H45M,2026-03-06T17:35:00,2026-03-06T19:20:00,
CDG,BCN,2026/3/6,135.36,AF,PT1H50M,2026-03-06T09:20:00,2026-03-06T11:10:00,
CDG,BCN,2026/3/6,139.14,DY,PT8H20M,2026-03-06T15:05:00,2026-03-06T16:55:00,
CDG,BCN,2026/3/7,90.54,VY,PT1H50M,2026-03-07T22:05:00,2026-03-07T23:55:00,
CDG,BCN,2026/3/7,105.54,IB,PT1H45M,2026-03-07T15:25:00,2026-03-07T17:10:00,
CDG,BCN,2026/3/7,105.54,IB,PT1H50M,2026-03-07T09:50:00,2026-03-07T11:40:00,
CDG,BCN,2026/3/7,105.54,IB,PT1H50M,2026-03-07T20:55:00,2026-03-07T22:45:00,
CDG,BCN,2026/3/7,105.54,IB,PT1H50M,2026-03-07T22:05:00,2026-03-07T23:55:00,
CDG,BCN,2026/3/7,105.54,VY,PT1H45M,2026-03-07T15:25:00,2026-03-07T17:10:00,
CDG,BCN,2026/3/7,105.54,VY,PT1H50M,2026-03-07T09:50:00,2026-03-07T11:40:00,
CDG,BCN,2026/3/7,105.54,VY,PT1H50M,2026-03-07T20:55:00,2026-03-07T22:45:00,
CDG,BCN,2026/3/7,123.6,AF,PT5H40M,2026-03-07T13:25:00,2026-03-07T14:50:00,
CDG,BCN,2026/3/7,123.6,AF,PT6H15M,2026-03-07T10:15:00,2026-03-07T11:40:00,
CDG,BCN,2026/3/7,123.6,AF,PT16H15M,2026-03-07T18:10:00,2026-03-07T19:35:00,
CDG,BCN,2026/3/7,123.91,AF,PT13H50M,2026-03-07T20:35:00,2026-03-07T21:50:00,
CDG,BCN,2026/3/7,123.91,AF,PT15H40M,2026-03-07T20:35:00,2026-03-07T21:50:00,
CDG,BCN,2026/3/7,134.43,UX,PT9H35M,2026-03-07T07:00:00,2026-03-07T09:10:00,
CDG,BCN,2026/3/7,135.36,AF,PT1H40M,2026-03-07T13:20:00,2026-03-07T15:00:00,
CDG,BCN,2026/3/8,90.54,VY,PT1H50M,2026-03-08T22:05:00,2026-03-08T23:55:00,
CDG,BCN,2026/3/8,105.54,IB,PT1H45M,2026-03-08T15:25:00,2026-03-08T17:10:00,
CDG,BCN,2026/3/8,105.54,IB,PT1H50M,2026-03-08T09:50:00,2026-03-08T11:40:00,
CDG,BCN,2026/3/8,105.54,IB,PT1H50M,2026-03-08T22:05:00,2026-03-08T23:55:00,
CDG,BCN,2026/3/8,105.54,VY,PT1H45M,2026-03-08T15:25:00,2026-03-08T17:10:00,
CDG,BCN,2026/3/8,133.54,VY,PT1H50M,2026-03-08T09:50:00,2026-03-08T11:40:00,
CDG,BCN,2026/3/8,135.36,AF,PT1H40M,2026-03-08T13:20:00,2026-03-08T15:00:00,
CDG,BCN,2026/3/8,135.36,AF,PT1H45M,2026-03-08T07:05:00,2026-03-08T08:50:00,
CDG,BCN,2026/3/8,135.36,AF,PT1H45M,2026-03-08T12:15:00,2026-03-08T14:00:00,
CDG,BCN,2026/3/8,135.36,AF,PT1H45M,2026-03-08T15:15:00,2026-03-08T17:00:00,
CDG,BCN,2026/3/8,135.36,AF,PT1H45M,2026-03-08T17:35:00,2026-03-08T19:20:00,
CDG,BCN,2026/3/8,135.36,AF,PT1H50M,2026-03-08T21:05:00,2026-03-08T22:55:00,
CDG,BCN,2026/3/8,135.36,AF,PT1H50M,2026-03-08T09:20:00,2026-03-08T11:10:00,
CDG,BCN,2026/3/8,144.95,AZ,PT4H45M,2026-03-08T06:05:00,2026-03-08T08:10:00,
CDG,BCN,2026/3/8,144.95,AZ,PT9H50M,2026-03-08T06:05:00,2026-03-08T08:10:00,
CDG,BCN,2026/3/9,105.54,IB,PT1H45M,2026-03-09T15:25:00,2026-03-09T17:10:00,
CDG,BCN,2026/3/9,105.54,IB,PT1H50M,2026-03-09T20:55:00,2026-03-09T22:45:00,
CDG,BCN,2026/3/9,105.54,IB,PT1H50M,2026-03-09T22:05:00,2026-03-09T23:55:00,
CDG,BCN,2026/3/9,105.54,VY,PT1H45M,2026-03-09T15:25:00,2026-03-09T17:10:00,
CDG,BCN,2026/3/9,105.54,VY,PT1H50M,2026-03-09T20:55:00,2026-03-09T22:45:00,
CDG,BCN,2026/3/9,105.54,VY,PT1H50M,2026-03-09T22:05:00,2026-03-09T23:55:00,
CDG,BCN,2026/3/9,112.14,DY,PT14H55M,2026-03-09T20:50:00,2026-03-09T22:40:00,
CDG,BCN,2026/3/9,113.54,IB,PT1H50M,2026-03-09T09:50:00,2026-03-09T11:40:00,
CDG,BCN,2026/3/9,113.54,VY,PT1H50M,2026-03-09T09:50:00,2026-03-09T11:40:00,
CDG,BCN,2026/3/9,122.36,AF,PT1H45M,2026-03-09T07:05:00,2026-03-09T08:50:00,
CDG,BCN,2026/3/9,122.36,AF,PT1H45M,2026-03-09T12:15:00,2026-03-09T14:00:00,
CDG,BCN,2026/3/9,122.36,AF,PT1H45M,2026-03-09T15:20:00,2026-03-09T17:05:00,
CDG,BCN,2026/3/9,122.36,AF,PT1H45M,2026-03-09T17:35:00,2026-03-09T19:20:00,
CDG,BCN,2026/3/9,122.36,AF,PT1H50M,2026-03-09T09:20:00,2026-03-09T11:10:00,
CDG,BCN,2026/3/9,122.36,AF,PT1H50M,2026-03-09T21:05:00,2026-03-09T22:55:00,
CDG,BCN,2026/3/10,90.54,VY,PT1H45M,2026-03-10T15:25:00,2026-03-10T17:10:00,
CDG,BCN,2026/3/10,90.54,VY,PT1H50M,2026-03-10T22:05:00,2026-03-10T23:55:00,
CDG,BCN,2026/3/10,105.54,IB,PT1H45M,2026-03-10T15:25:00,2026-03-10T17:10:00,
CDG,BCN,2026/3/10,105.54,IB,PT1H50M,2026-03-10T09:50:00,2026-03-10T11:40:00,
CDG,BCN,2026/3/10,105.54,IB,PT1H50M,2026-03-10T22:05:00,2026-03-10T23:55:00,
CDG,BCN,2026/3/10,105.54,VY,PT1H50M,2026-03-10T09:50:00,2026-03-10T11:40:00,
CDG,BCN,2026/3/10,122.36,AF,PT1H40M,2026-03-10T13:20:00,2026-03-10T15:00:00,
CDG,BCN,2026/3/10,122.36,AF,PT1H45M,2026-03-10T07:05:00,2026-03-10T08:50:00,
CDG,BCN,2026/3/10,122.36,AF,PT1H45M,2026-03-10T12:15:00,2026-03-10T14:00:00,
CDG,BCN,2026/3/10,122.36,AF,PT1H45M,2026-03-10T15:20:00,2026-03-10T17:05:00,
CDG,BCN,2026/3/10,122.36,AF,PT1H45M,2026-03-10T17:35:00,2026-03-10T19:20:00,
CDG,BCN,2026/3/10,122.36,AF,PT1H50M,2026-03-10T09:20:00,2026-03-10T11:10:00,
CDG,BCN,2026/3/10,122.36,AF,PT1H50M,2026-03-10T21:05:00,2026-03-10T22:55:00,
CDG,BCN,2026/3/10,144.95,AZ,PT4H45M,2026-03-10T06:05:00,2026-03-10T08:10:00,
CDG,BCN,2026/3/10,144.95,AZ,PT5H,2026-03-10T18:15:00,2026-03-10T20:20:00,
CDG,BCN,2026/3/11,105.54,IB,PT1H45M,2026-03-11T15:25:00,2026-03-11T17:10:00,
CDG,BCN,2026/3/11,105.54,IB,PT1H50M,2026-03-11T09:50:00,2026-03-11T11:40:00,
CDG,BCN,2026/3/11,105.54,IB,PT1H50M,2026-03-11T20:55:00,2026-03-11T22:45:00,
CDG,BCN,2026/3/11,105.54,VY,PT1H45M,2026-03-11T15:25:00,2026-03-11T17:10:00,
CDG,BCN,2026/3/11,105.54,VY,PT1H50M,2026-03-11T09:50:00,2026-03-11T11:40:00,
CDG,BCN,2026/3/11,105.54,VY,PT1H50M,2026-03-11T20:55:00,2026-03-11T22:45:00,
CDG,BCN,2026/3/11,122.36,AF,PT1H45M,2026-03-11T07:05:00,2026-03-11T08:50:00,
CDG,BCN,2026/3/11,122.36,AF,PT1H45M,2026-03-11T15:20:00,2026-03-11T17:05:00,
CDG,BCN,2026/3/11,122.36,AF,PT1H45M,2026-03-11T17:35:00,2026-03-11T19:20:00,
CDG,BCN,2026/3/11,144.95,AZ,PT4H45M,2026-03-11T06:05:00,2026-03-11T08:10:00,
CDG,BCN,2026/3/11,144.95,AZ,PT5H,2026-03-11T18:15:00,2026-03-11T20:20:00,
CDG,BCN,2026/3/11,144.95,AZ,PT9H50M,2026-03-11T06:05:00,2026-03-11T08:10:00,
CDG,BCN,2026/3/11,144.95,AZ,PT11H30M,2026-03-11T11:45:00,2026-03-11T13:50:00,
CDG,BCN,2026/3/11,144.95,AZ,PT16H35M,2026-03-11T18:15:00,2026-03-11T20:20:00,
CDG,BCN,2026/3/11,148.83,DY,PT25H5M,2026-03-11T11:35:00,2026-03-11T13:55:00,
CDG,BCN,2026/3/12,105.54,IB,PT1H45M,2026-03-12T15:25:00,2026-03-12T17:10:00,
CDG,BCN,2026/3/12,105.54,IB,PT1H50M,2026-03-12T09:50:00,2026-03-12T11:40:00,
CDG,BCN,2026/3/12,105.54,VY,PT1H45M,2026-03-12T15:25:00,2026-03-12T17:10:00,
CDG,BCN,2026/3/12,120.54,VY,PT1H50M,2026-03-12T09:50:00,2026-03-12T11:40:00,
CDG,BCN,2026/3/12,122.36,AF,PT1H45M,2026-03-12T07:05:00,2026-03-12T08:50:00,
CDG,BCN,2026/3/12,122.36,AF,PT1H45M,2026-03-12T12:15:00,2026-03-12T14:00:00,
CDG,BCN,2026/3/12,122.36,AF,PT1H45M,2026-03-12T15:20:00,2026-03-12T17:05:00,
CDG,BCN,2026/3/12,122.36,AF,PT1H45M,2026-03-12T17:35:00,2026-03-12T19:20:00,
CDG,BCN,2026/3/12,122.36,AF,PT1H50M,2026-03-12T09:20:00,2026-03-12T11:10:00,
CDG,BCN,2026/3/12,122.36,AF,PT1H50M,2026-03-12T21:05:00,2026-03-12T22:55:00,
CDG,BCN,2026/3/12,125.14,DY,PT26H35M,2026-03-12T20:50:00,2026-03-12T22:40:00,
CDG,BCN,2026/3/12,131.88,DY,PT28H15M,2026-03-12T11:50:00,2026-03-12T14:20:00,
CDG,BCN,2026/3/12,141.88,DY,PT11H30M,2026-03-12T11:50:00,2026-03-12T14:20:00,
CDG,BCN,2026/3/12,144.95,AZ,PT4H45M,2026-03-12T06:05:00,2026-03-12T08:10:00,
CDG,BCN,2026/3/12,144.95,AZ,PT5H,2026-03-12T18:15:00,2026-03-12T20:20:00,
CDG,BCN,2026/3/13,105.54,IB,PT1H45M,2026-03-13T15:35:00,2026-03-13T17:20:00,
CDG,BCN,2026/3/13,105.54,IB,PT1H50M,2026-03-13T09:50:00,2026-03-13T11:40:00,
CDG,BCN,2026/3/13,105.54,IB,PT1H50M,2026-03-13T20:55:00,2026-03-13T22:45:00,
CDG,BCN,2026/3/13,105.54,IB,PT1H50M,2026-03-13T22:05:00,2026-03-13T23:55:00,
CDG,BCN,2026/3/13,105.54,VY,PT1H45M,2026-03-13T15:35:00,2026-03-13T17:20:00,
CDG,BCN,2026/3/13,105.54,VY,PT1H50M,2026-03-13T09:50:00,2026-03-13T11:40:00,
CDG,BCN,2026/3/13,105.54,VY,PT1H50M,2026-03-13T20:55:00,2026-03-13T22:45:00,
CDG,BCN,2026/3/13,105.54,VY,PT1H50M,2026-03-13T22:05:00,2026-03-13T23:55:00,
CDG,BCN,2026/3/13,122.36,AF,PT1H45M,2026-03-13T07:05:00,2026-03-13T08:50:00,
CDG,BCN,2026/3/13,122.36,AF,PT1H45M,2026-03-13T17:35:00,2026-03-13T19:20:00,
CDG,BCN,2026/3/13,122.36,AF,PT1H50M,2026-03-13T21:05:00,2026-03-13T22:55:00,
CDG,BCN,2026/3/13,122.36,AF,PT1H45M,2026-03-13T15:20:00,2026-03-13T17:05:00,
CDG,BCN,2026/3/13,123.91,AF,PT13H50M,2026-03-13T20:35:00,2026-03-13T21:50:00,
CDG,BCN,2026/3/13,123.91,AF,PT15H40M,2026-03-13T20:35:00,2026-03-13T21:50:00,
CDG,BCN,2026/3/13,125.14,DY,PT8H20M,2026-03-13T15:05:00,2026-03-13T16:55:00,
CDG,BCN,2026/3/14,105.54,IB,PT1H45M,2026-03-14T15:25:00,2026-03-14T17:10:00,
CDG,BCN,2026/3/14,105.54,IB,PT1H50M,2026-03-14T09:50:00,2026-03-14T11:40:00,
CDG,BCN,2026/3/14,105.54,IB,PT1H50M,2026-03-14T20:55:00,2026-03-14T22:45:00,
CDG,BCN,2026/3/14,105.54,VY,PT1H45M,2026-03-14T15:25:00,2026-03-14T17:10:00,
CDG,BCN,2026/3/14,105.54,VY,PT1H50M,2026-03-14T20:55:00,2026-03-14T22:45:00,
CDG,BCN,2026/3/14,123.91,AF,PT13H50M,2026-03-14T20:35:00,2026-03-14T21:50:00,
CDG,BCN,2026/3/14,123.91,AF,PT15H40M,2026-03-14T20:35:00,2026-03-14T21:50:00,
CDG,BCN,2026/3/14,133.6,AF,PT5H40M,2026-03-14T13:25:00,2026-03-14T14:50:00,
CDG,BCN,2026/3/14,133.6,AF,PT6H15M,2026-03-14T10:15:00,2026-03-14T11:40:00,
CDG,BCN,2026/3/14,133.6,AF,PT16H15M,2026-03-14T18:10:00,2026-03-14T19:35:00,
CDG,BCN,2026/3/14,134.43,UX,PT9H35M,2026-03-14T07:00:00,2026-03-14T09:10:00,
CDG,BCN,2026/3/14,135.36,AF,PT1H50M,2026-03-14T21:05:00,2026-03-14T22:55:00,
CDG,BCN,2026/3/14,139.54,VY,PT1H50M,2026-03-14T09:50:00,2026-03-14T11:40:00,
CDG,BCN,2026/3/14,144.95,AZ,PT4H45M,2026-03-14T06:05:00,2026-03-14T08:10:00,
CDG,BCN,2026/3/14,144.95,AZ,PT5H,2026-03-14T18:15:00,2026-03-14T20:20:00,
CDG,BCN,2026/3/15,105.54,IB,PT1H45M,2026-03-15T15:25:00,2026-03-15T17:10:00,
CDG,BCN,2026/3/15,105.54,IB,PT1H50M,2026-03-15T09:50:00,2026-03-15T11:40:00,
CDG,BCN,2026/3/15,105.54,IB,PT1H50M,2026-03-15T22:05:00,2026-03-15T23:55:00,
CDG,BCN,2026/3/15,105.54,VY,PT1H45M,2026-03-15T15:25:00,2026-03-15T17:10:00,
CDG,BCN,2026/3/15,105.54,VY,PT1H50M,2026-03-15T22:05:00,2026-03-15T23:55:00,
CDG,BCN,2026/3/15,120.54,VY,PT1H50M,2026-03-15T09:50:00,2026-03-15T11:40:00,
CDG,BCN,2026/3/15,122.36,AF,PT1H40M,2026-03-15T13:20:00,2026-03-15T15:00:00,
CDG,BCN,2026/3/15,122.36,AF,PT1H45M,2026-03-15T07:05:00,2026-03-15T08:50:00,
CDG,BCN,2026/3/15,122.36,AF,PT1H45M,2026-03-15T12:15:00,2026-03-15T14:00:00,
CDG,BCN,2026/3/15,122.36,AF,PT1H45M,2026-03-15T15:15:00,2026-03-15T17:00:00,
CDG,BCN,2026/3/15,122.36,AF,PT1H45M,2026-03-15T17:35:00,2026-03-15T19:20:00,
CDG,BCN,2026/3/15,122.36,AF,PT1H50M,2026-03-15T09:20:00,2026-03-15T11:10:00,
CDG,BCN,2026/3/15,122.36,AF,PT1H50M,2026-03-15T21:05:00,2026-03-15T22:55:00,
CDG,BCN,2026/3/15,134.43,UX,PT9H35M,2026-03-15T07:00:00,2026-03-15T09:10:00,
CDG,BCN,2026/3/15,144.95,AZ,PT4H45M,2026-03-15T06:05:00,2026-03-15T08:10:00,
CDG,BCN,2026/3/16,90.54,VY,PT1H50M,2026-03-16T09:50:00,2026-03-16T11:40:00,
CDG,BCN,2026/3/16,105.54,IB,PT1H45M,2026-03-16T15:25:00,2026-03-16T17:10:00,
CDG,BCN,2026/3/16,105.54,IB,PT1H50M,2026-03-16T09:50:00,2026-03-16T11:40:00,
CDG,BCN,2026/3/16,105.54,IB,PT1H50M,2026-03-16T20:55:00,2026-03-16T22:45:00,
CDG,BCN,2026/3/16,105.54,IB,PT1H50M,2026-03-16T22:05:00,2026-03-16T23:55:00,
CDG,BCN,2026/3/16,105.54,VY,PT1H45M,2026-03-16T15:25:00,2026-03-16T17:10:00,
CDG,BCN,2026/3/16,105.54,VY,PT1H50M,2026-03-16T20:55:00,2026-03-16T22:45:00,
CDG,BCN,2026/3/16,105.54,VY,PT1H50M,2026-03-16T22:05:00,2026-03-16T23:55:00,
CDG,BCN,2026/3/16,105.83,DY,PT24H20M,2026-03-16T12:20:00,2026-03-16T14:40:00,
CDG,BCN,2026/3/16,122.36,AF,PT1H45M,2026-03-16T07:05:00,2026-03-16T08:50:00,
CDG,BCN,2026/3/16,122.36,AF,PT1H45M,2026-03-16T12:15:00,2026-03-16T14:00:00,
CDG,BCN,2026/3/16,122.36,AF,PT1H45M,2026-03-16T15:20:00,2026-03-16T17:05:00,
CDG,BCN,2026/3/16,122.36,AF,PT1H45M,2026-03-16T17:35:00,2026-03-16T19:20:00,
CDG,BCN,2026/3/16,122.36,AF,PT1H50M,2026-03-16T21:05:00,2026-03-16T22:55:00,
CDG,BCN,2026/3/16,131.14,DY,PT14H55M,2026-03-16T20:50:00,2026-03-16T22:40:00,
CDG,BCN,2026/3/17,105.54,IB,PT1H45M,2026-03-17T15:25:00,2026-03-17T17:10:00,
CDG,BCN,2026/3/17,105.54,IB,PT1H50M,2026-03-17T09:50:00,2026-03-17T11:40:00,
CDG,BCN,2026/3/17,105.54,IB,PT1H50M,2026-03-17T22:05:00,2026-03-17T23:55:00,
CDG,BCN,2026/3/17,105.54,VY,PT1H45M,2026-03-17T15:25:00,2026-03-17T17:10:00,
CDG,BCN,2026/3/17,105.54,VY,PT1H50M,2026-03-17T22:05:00,2026-03-17T23:55:00,
CDG,BCN,2026/3/17,122.36,AF,PT1H40M,2026-03-17T13:20:00,2026-03-17T15:00:00,
CDG,BCN,2026/3/17,122.36,AF,PT1H45M,2026-03-17T07:05:00,2026-03-17T08:50:00,
CDG,BCN,2026/3/17,122.36,AF,PT1H45M,2026-03-17T12:15:00,2026-03-17T14:00:00,
CDG,BCN,2026/3/17,122.36,AF,PT1H45M,2026-03-17T15:20:00,2026-03-17T17:05:00,
CDG,BCN,2026/3/17,122.36,AF,PT1H45M,2026-03-17T17:35:00,2026-03-17T19:20:00,
CDG,BCN,2026/3/17,122.36,AF,PT1H50M,2026-03-17T09:20:00,2026-03-17T11:10:00,
CDG,BCN,2026/3/17,122.36,AF,PT1H50M,2026-03-17T21:05:00,2026-03-17T22:55:00,
CDG,BCN,2026/3/17,127.54,VY,PT1H50M,2026-03-17T09:50:00,2026-03-17T11:40:00,
CDG,BCN,2026/3/17,144.95,AZ,PT4H45M,2026-03-17T06:05:00,2026-03-17T08:10:00,
CDG,BCN,2026/3/17,144.95,AZ,PT5H,2026-03-17T18:15:00,2026-03-17T20:20:00,
CDG,BCN,2026/3/18,105.54,IB,PT1H45M,2026-03-18T15:25:00,2026-03-18T17:10:00,
CDG,BCN,2026/3/18,105.54,IB,PT1H50M,2026-03-18T09:50:00,2026-03-18T11:40:00,
CDG,BCN,2026/3/18,105.54,IB,PT1H50M,2026-03-18T20:55:00,2026-03-18T22:45:00,
CDG,BCN,2026/3/18,105.54,VY,PT1H45M,2026-03-18T15:25:00,2026-03-18T17:10:00,
CDG,BCN,2026/3/18,105.54,VY,PT1H50M,2026-03-18T20:55:00,2026-03-18T22:45:00,
CDG,BCN,2026/3/18,113.54,VY,PT1H50M,2026-03-18T09:50:00,2026-03-18T11:40:00,
CDG,BCN,2026/3/18,122.36,AF,PT1H40M,2026-03-18T13:20:00,2026-03-18T15:00:00,
CDG,BCN,2026/3/18,122.36,AF,PT1H45M,2026-03-18T07:05:00,2026-03-18T08:50:00,
CDG,BCN,2026/3/18,122.36,AF,PT1H45M,2026-03-18T12:15:00,2026-03-18T14:00:00,
CDG,BCN,2026/3/18,122.36,AF,PT1H45M,2026-03-18T15:20:00,2026-03-18T17:05:00,
CDG,BCN,2026/3/18,122.36,AF,PT1H45M,2026-03-18T17:35:00,2026-03-18T19:20:00,
CDG,BCN,2026/3/18,122.36,AF,PT1H50M,2026-03-18T09:20:00,2026-03-18T11:10:00,
CDG,BCN,2026/3/18,122.36,AF,PT1H50M,2026-03-18T21:05:00,2026-03-18T22:55:00,
CDG,BCN,2026/3/18,144.95,AZ,PT5H,2026-03-18T18:15:00,2026-03-18T20:20:00,
CDG,BCN,2026/3/18,144.95,AZ,PT11H30M,2026-03-18T11:45:00,2026-03-18T13:50:00,
CDG,BCN,2026/3/19,105.54,IB,PT1H45M,2026-03-19T15:25:00,2026-03-19T17:10:00,
CDG,BCN,2026/3/19,105.54,IB,PT1H50M,2026-03-19T09:50:00,2026-03-19T11:40:00,
CDG,BCN,2026/3/19,105.54,VY,PT1H45M,2026-03-19T15:25:00,2026-03-19T17:10:00,
CDG,BCN,2026/3/19,111.14,DY,PT26H35M,2026-03-19T20:50:00,2026-03-19T22:40:00,
CDG,BCN,2026/3/19,111.36,AF,PT1H45M,2026-03-19T07:05:00,2026-03-19T08:50:00,
CDG,BCN,2026/3/19,111.36,AF,PT1H45M,2026-03-19T15:20:00,2026-03-19T17:05:00,
CDG,BCN,2026/3/19,111.36,AF,PT1H45M,2026-03-19T17:35:00,2026-03-19T19:20:00,
CDG,BCN,2026/3/19,111.36,AF,PT1H50M,2026-03-19T09:20:00,2026-03-19T11:10:00,
CDG,BCN,2026/3/19,111.36,AF,PT1H50M,2026-03-19T21:05:00,2026-03-19T22:55:00,
CDG,BCN,2026/3/19,111.36,AF,PT1H45M,2026-03-19T12:15:00,2026-03-19T14:00:00,
CDG,BCN,2026/3/19,131.88,DY,PT28H15M,2026-03-19T11:50:00,2026-03-19T14:20:00,
CDG,BCN,2026/3/19,133.54,VY,PT1H50M,2026-03-19T09:50:00,2026-03-19T11:40:00,
CDG,BCN,2026/3/19,144.95,AZ,PT4H45M,2026-03-19T06:05:00,2026-03-19T08:10:00,
CDG,BCN,2026/3/19,144.95,AZ,PT5H,2026-03-19T18:15:00,2026-03-19T20:20:00,
CDG,BCN,2026/3/19,144.95,AZ,PT9H50M,2026-03-19T06:05:00,2026-03-19T08:10:00,
LON,BCN,2026/2/18,89.29,IB,PT2H5M,2026-02-18T13:10:00,2026-02-18T16:15:00,
LON,BCN,2026/2/18,89.29,IB,PT2H5M,2026-02-18T17:50:00,2026-02-18T20:55:00,
LON,BCN,2026/2/18,89.29,IB,PT2H5M,2026-02-18T21:05:00,2026-02-19T00:10:00,
LON,BCN,2026/2/18,89.29,IB,PT2H10M,2026-02-18T08:30:00,2026-02-18T11:40:00,
LON,BCN,2026/2/18,89.29,VY,PT2H5M,2026-02-18T17:50:00,2026-02-18T20:55:00,
LON,BCN,2026/2/18,89.29,VY,PT2H5M,2026-02-18T21:05:00,2026-02-19T00:10:00,
LON,BCN,2026/2/18,89.29,VY,PT2H10M,2026-02-18T08:30:00,2026-02-18T11:40:00,
LON,BCN,2026/2/18,102.5,VY,PT2H10M,2026-02-18T09:55:00,2026-02-18T13:05:00,
LON,BCN,2026/2/18,103.29,VY,PT2H5M,2026-02-18T13:10:00,2026-02-18T16:15:00,
LON,BCN,2026/2/18,105.14,UX,PT5H35M,2026-02-18T10:00:00,2026-02-18T13:30:00,
LON,BCN,2026/2/18,105.5,IB,PT2H5M,2026-02-18T07:20:00,2026-02-18T10:25:00,
LON,BCN,2026/2/18,105.5,IB,PT2H5M,2026-02-18T08:15:00,2026-02-18T11:20:00,
LON,BCN,2026/2/18,105.5,IB,PT2H10M,2026-02-18T10:30:00,2026-02-18T13:40:00,
LON,BCN,2026/2/18,105.5,IB,PT2H10M,2026-02-18T11:35:00,2026-02-18T14:45:00,
LON,BCN,2026/2/18,105.5,IB,PT2H10M,2026-02-18T15:15:00,2026-02-18T18:25:00,
LON,BCN,2026/2/19,82.29,VY,PT2H5M,2026-02-19T16:05:00,2026-02-19T19:10:00,
LON,BCN,2026/2/19,82.29,IB,PT2H5M,2026-02-19T20:50:00,2026-02-19T23:55:00,
LON,BCN,2026/2/19,89.29,IB,PT2H5M,2026-02-19T07:00:00,2026-02-19T10:05:00,
LON,BCN,2026/2/19,89.29,IB,PT2H5M,2026-02-19T14:55:00,2026-02-19T18:00:00,
LON,BCN,2026/2/19,89.29,IB,PT2H5M,2026-02-19T15:50:00,2026-02-19T18:55:00,
LON,BCN,2026/2/19,89.29,IB,PT2H5M,2026-02-19T16:05:00,2026-02-19T19:10:00,
LON,BCN,2026/2/19,89.29,IB,PT2H5M,2026-02-19T17:10:00,2026-02-19T20:15:00,
LON,BCN,2026/2/19,89.29,IB,PT2H10M,2026-02-19T12:45:00,2026-02-19T15:55:00,
LON,BCN,2026/2/19,89.29,VY,PT2H5M,2026-02-19T07:00:00,2026-02-19T10:05:00,
LON,BCN,2026/2/19,89.29,VY,PT2H5M,2026-02-19T17:10:00,2026-02-19T20:15:00,
LON,BCN,2026/2/19,89.29,VY,PT2H10M,2026-02-19T12:45:00,2026-02-19T15:55:00,
LON,BCN,2026/2/19,89.29,VY,PT2H5M,2026-02-19T15:50:00,2026-02-19T18:55:00,
LON,BCN,2026/2/19,89.29,VY,PT2H5M,2026-02-19T20:50:00,2026-02-19T23:55:00,
LON,BCN,2026/2/19,96.29,VY,PT2H5M,2026-02-19T14:55:00,2026-02-19T18:00:00,
LON,BCN,2026/2/19,105.14,UX,PT5H35M,2026-02-19T10:00:00,2026-02-19T13:30:00,
LON,BCN,2026/2/20,74.29,VY,PT2H5M,2026-02-20T14:35:00,2026-02-20T17:40:00,
LON,BCN,2026/2/20,82.29,VY,PT2H5M,2026-02-20T06:50:00,2026-02-20T09:55:00,
LON,BCN,2026/2/20,82.29,VY,PT2H5M,2026-02-20T14:00:00,2026-02-20T17:05:00,
LON,BCN,2026/2/20,82.29,VY,PT2H10M,2026-02-20T09:10:00,2026-02-20T12:20:00,
LON,BCN,2026/2/20,89.29,IB,PT2H5M,2026-02-20T06:50:00,2026-02-20T09:55:00,
LON,BCN,2026/2/20,89.29,IB,PT2H5M,2026-02-20T13:00:00,2026-02-20T16:05:00,
LON,BCN,2026/2/20,89.29,IB,PT2H5M,2026-02-20T14:00:00,2026-02-20T17:05:00,
LON,BCN,2026/2/20,89.29,IB,PT2H5M,2026-02-20T14:35:00,2026-02-20T17:40:00,
LON,BCN,2026/2/20,89.29,IB,PT2H5M,2026-02-20T16:25:00,2026-02-20T19:30:00,
LON,BCN,2026/2/20,89.29,IB,PT2H5M,2026-02-20T20:05:00,2026-02-20T23:10:00,
LON,BCN,2026/2/20,89.29,IB,PT2H5M,2026-02-20T21:45:00,2026-02-21T00:50:00,
LON,BCN,2026/2/20,89.29,IB,PT2H10M,2026-02-20T09:10:00,2026-02-20T12:20:00,
LON,BCN,2026/2/20,89.29,IB,PT2H10M,2026-02-20T09:50:00,2026-02-20T13:00:00,
LON,BCN,2026/2/20,89.29,VY,PT2H5M,2026-02-20T13:00:00,2026-02-20T16:05:00,
LON,BCN,2026/2/20,89.29,VY,PT2H5M,2026-02-20T21:45:00,2026-02-21T00:50:00,
LON,BCN,2026/2/21,82.29,VY,PT2H5M,2026-02-21T14:35:00,2026-02-21T17:40:00,
LON,BCN,2026/2/21,82.29,VY,PT2H5M,2026-02-21T19:35:00,2026-02-21T22:40:00,
LON,BCN,2026/2/21,89.29,IB,PT2H5M,2026-02-21T06:45:00,2026-02-21T09:50:00,
LON,BCN,2026/2/21,89.29,IB,PT2H5M,2026-02-21T13:10:00,2026-02-21T16:15:00,
LON,BCN,2026/2/21,89.29,IB,PT2H5M,2026-02-21T14:35:00,2026-02-21T17:40:00,
LON,BCN,2026/2/21,89.29,IB,PT2H5M,2026-02-21T16:55:00,2026-02-21T20:00:00,
LON,BCN,2026/2/21,89.29,IB,PT2H5M,2026-02-21T19:35:00,2026-02-21T22:40:00,
LON,BCN,2026/2/21,89.29,IB,PT2H5M,2026-02-21T21:05:00,2026-02-22T00:10:00,
LON,BCN,2026/2/21,89.29,IB,PT2H10M,2026-02-21T09:50:00,2026-02-21T13:00:00,
LON,BCN,2026/2/21,89.29,VY,PT2H5M,2026-02-21T06:45:00,2026-02-21T09:50:00,
LON,BCN,2026/2/21,89.29,VY,PT2H5M,2026-02-21T13:10:00,2026-02-21T16:15:00,
LON,BCN,2026/2/21,89.29,VY,PT2H5M,2026-02-21T21:05:00,2026-02-22T00:10:00,
LON,BCN,2026/2/21,89.29,VY,PT2H5M,2026-02-21T16:55:00,2026-02-21T20:00:00,
LON,BCN,2026/2/21,89.29,VY,PT2H10M,2026-02-21T09:50:00,2026-02-21T13:00:00,
LON,BCN,2026/2/21,105.14,UX,PT5H35M,2026-02-21T10:00:00,2026-02-21T13:30:00,
LON,BCN,2026/2/22,74.29,VY,PT2H5M,2026-02-22T21:05:00,2026-02-23T00:10:00,
LON,BCN,2026/2/22,82.29,VY,PT2H5M,2026-02-22T17:25:00,2026-02-22T20:30:00,
LON,BCN,2026/2/22,82.29,VY,PT2H5M,2026-02-22T19:30:00,2026-02-22T22:35:00,
LON,BCN,2026/2/22,82.29,VY,PT2H10M,2026-02-22T09:10:00,2026-02-22T12:20:00,
LON,BCN,2026/2/22,89.29,IB,PT2H5M,2026-02-22T16:10:00,2026-02-22T19:15:00,
LON,BCN,2026/2/22,89.29,IB,PT2H5M,2026-02-22T17:25:00,2026-02-22T20:30:00,
LON,BCN,2026/2/22,89.29,IB,PT2H5M,2026-02-22T19:30:00,2026-02-22T22:35:00,
LON,BCN,2026/2/22,89.29,IB,PT2H5M,2026-02-22T20:50:00,2026-02-22T23:55:00,
LON,BCN,2026/2/22,89.29,IB,PT2H5M,2026-02-22T21:05:00,2026-02-23T00:10:00,
LON,BCN,2026/2/22,89.29,IB,PT2H10M,2026-02-22T09:10:00,2026-02-22T12:20:00,
LON,BCN,2026/2/22,89.29,IB,PT2H10M,2026-02-22T09:50:00,2026-02-22T13:00:00,
LON,BCN,2026/2/22,89.29,VY,PT2H5M,2026-02-22T16:10:00,2026-02-22T19:15:00,
LON,BCN,2026/2/22,89.29,VY,PT2H10M,2026-02-22T09:50:00,2026-02-22T13:00:00,
LON,BCN,2026/2/22,89.29,VY,PT2H5M,2026-02-22T20:50:00,2026-02-22T23:55:00,
LON,BCN,2026/2/22,96.29,IB,PT2H5M,2026-02-22T13:10:00,2026-02-22T16:15:00,
LON,BCN,2026/2/23,74.29,VY,PT2H5M,2026-02-23T19:30:00,2026-02-23T22:35:00,
LON,BCN,2026/2/23,82.29,VY,PT2H5M,2026-02-23T16:25:00,2026-02-23T19:30:00,
LON,BCN,2026/2/23,89.29,IB,PT2H5M,2026-02-23T14:05:00,2026-02-23T17:10:00,
LON,BCN,2026/2/23,89.29,IB,PT2H5M,2026-02-23T15:20:00,2026-02-23T18:25:00,
LON,BCN,2026/2/23,89.29,IB,PT2H5M,2026-02-23T16:25:00,2026-02-23T19:30:00,
LON,BCN,2026/2/23,89.29,IB,PT2H5M,2026-02-23T17:20:00,2026-02-23T20:25:00,
LON,BCN,2026/2/23,89.29,IB,PT2H5M,2026-02-23T19:30:00,2026-02-23T22:35:00,
LON,BCN,2026/2/23,89.29,IB,PT2H10M,2026-02-23T09:00:00,2026-02-23T12:10:00,
LON,BCN,2026/2/23,89.29,IB,PT2H10M,2026-02-23T10:10:00,2026-02-23T13:20:00,
LON,BCN,2026/2/23,89.29,IB,PT2H10M,2026-02-23T12:50:00,2026-02-23T16:00:00,
LON,BCN,2026/2/23,89.29,VY,PT2H5M,2026-02-23T14:05:00,2026-02-23T17:10:00,
LON,BCN,2026/2/23,89.29,VY,PT2H5M,2026-02-23T15:20:00,2026-02-23T18:25:00,
LON,BCN,2026/2/23,89.29,VY,PT2H10M,2026-02-23T09:00:00,2026-02-23T12:10:00,
LON,BCN,2026/2/23,89.29,VY,PT2H5M,2026-02-23T17:20:00,2026-02-23T20:25:00,
LON,BCN,2026/2/23,89.29,VY,PT2H10M,2026-02-23T10:10:00,2026-02-23T13:20:00,
LON,BCN,2026/2/24,74.29,VY,PT2H5M,2026-02-24T14:35:00,2026-02-24T17:40:00,
LON,BCN,2026/2/24,74.29,VY,PT2H5M,2026-02-24T17:20:00,2026-02-24T20:25:00,
LON,BCN,2026/2/24,82.29,IB,PT2H5M,2026-02-24T14:35:00,2026-02-24T17:40:00,
LON,BCN,2026/2/24,89.29,IB,PT2H5M,2026-02-24T13:10:00,2026-02-24T16:15:00,
LON,BCN,2026/2/24,89.29,IB,PT2H5M,2026-02-24T16:10:00,2026-02-24T19:15:00,
LON,BCN,2026/2/24,89.29,IB,PT2H5M,2026-02-24T17:20:00,2026-02-24T20:25:00,
LON,BCN,2026/2/24,89.29,IB,PT2H10M,2026-02-24T09:50:00,2026-02-24T13:00:00,
LON,BCN,2026/2/24,89.29,VY,PT2H5M,2026-02-24T13:10:00,2026-02-24T16:15:00,
LON,BCN,2026/2/24,89.29,VY,PT2H10M,2026-02-24T09:50:00,2026-02-24T13:00:00,
LON,BCN,2026/2/24,89.29,VY,PT2H5M,2026-02-24T16:10:00,2026-02-24T19:15:00,
LON,BCN,2026/2/24,102.5,VY,PT2H10M,2026-02-24T09:55:00,2026-02-24T13:05:00,
LON,BCN,2026/2/24,105.14,UX,PT5H35M,2026-02-24T10:00:00,2026-02-24T13:30:00,
LON,BCN,2026/2/24,105.14,UX,PT14H30M,2026-02-24T17:25:00,2026-02-24T20:55:00,
LON,BCN,2026/2/24,105.5,IB,PT2H5M,2026-02-24T06:00:00,2026-02-24T09:05:00,
LON,BCN,2026/2/24,105.5,IB,PT2H5M,2026-02-24T07:20:00,2026-02-24T10:25:00,
LON,BCN,2026/2/25,74.29,VY,PT2H5M,2026-02-25T14:35:00,2026-02-25T17:40:00,
LON,BCN,2026/2/25,89.29,IB,PT2H5M,2026-02-25T13:10:00,2026-02-25T16:15:00,
LON,BCN,2026/2/25,89.29,IB,PT2H5M,2026-02-25T14:35:00,2026-02-25T17:40:00,
LON,BCN,2026/2/25,89.29,IB,PT2H5M,2026-02-25T17:50:00,2026-02-25T20:55:00,
LON,BCN,2026/2/25,89.29,IB,PT2H5M,2026-02-25T21:05:00,2026-02-26T00:10:00,
LON,BCN,2026/2/25,89.29,IB,PT2H10M,2026-02-25T08:30:00,2026-02-25T11:40:00,
LON,BCN,2026/2/25,89.29,IB,PT2H10M,2026-02-25T09:50:00,2026-02-25T13:00:00,
LON,BCN,2026/2/25,89.29,VY,PT2H5M,2026-02-25T13:10:00,2026-02-25T16:15:00,
LON,BCN,2026/2/25,89.29,VY,PT2H5M,2026-02-25T17:50:00,2026-02-25T20:55:00,
LON,BCN,2026/2/25,89.29,VY,PT2H5M,2026-02-25T21:05:00,2026-02-26T00:10:00,
LON,BCN,2026/2/25,89.29,VY,PT2H10M,2026-02-25T08:30:00,2026-02-25T11:40:00,
LON,BCN,2026/2/25,89.29,VY,PT2H10M,2026-02-25T09:50:00,2026-02-25T13:00:00,
LON,BCN,2026/2/25,102.5,VY,PT2H10M,2026-02-25T09:55:00,2026-02-25T13:05:00,
LON,BCN,2026/2/25,105.14,UX,PT5H35M,2026-02-25T10:00:00,2026-02-25T13:30:00,
LON,BCN,2026/2/25,105.5,IB,PT2H5M,2026-02-25T07:20:00,2026-02-25T10:25:00,
LON,BCN,2026/2/26,82.29,VY,PT2H5M,2026-02-26T15:50:00,2026-02-26T18:55:00,
LON,BCN,2026/2/26,89.29,IB,PT2H5M,2026-02-26T07:00:00,2026-02-26T10:05:00,
LON,BCN,2026/2/26,89.29,IB,PT2H5M,2026-02-26T14:55:00,2026-02-26T18:00:00,
LON,BCN,2026/2/26,89.29,IB,PT2H5M,2026-02-26T15:50:00,2026-02-26T18:55:00,
LON,BCN,2026/2/26,89.29,IB,PT2H5M,2026-02-26T16:05:00,2026-02-26T19:10:00,
LON,BCN,2026/2/26,89.29,IB,PT2H5M,2026-02-26T17:10:00,2026-02-26T20:15:00,
LON,BCN,2026/2/26,89.29,IB,PT2H5M,2026-02-26T20:50:00,2026-02-26T23:55:00,
LON,BCN,2026/2/26,89.29,IB,PT2H10M,2026-02-26T09:10:00,2026-02-26T12:20:00,
LON,BCN,2026/2/26,89.29,IB,PT2H10M,2026-02-26T12:45:00,2026-02-26T15:55:00,
LON,BCN,2026/2/26,89.29,VY,PT2H5M,2026-02-26T07:00:00,2026-02-26T10:05:00,
LON,BCN,2026/2/26,89.29,VY,PT2H5M,2026-02-26T16:05:00,2026-02-26T19:10:00,
LON,BCN,2026/2/26,89.29,VY,PT2H5M,2026-02-26T17:10:00,2026-02-26T20:15:00,
LON,BCN,2026/2/26,89.29,VY,PT2H5M,2026-02-26T20:50:00,2026-02-26T23:55:00,
LON,BCN,2026/2/26,89.29,VY,PT2H10M,2026-02-26T12:45:00,2026-02-26T15:55:00,
LON,BCN,2026/2/26,89.29,VY,PT2H5M,2026-02-26T14:55:00,2026-02-26T18:00:00,
LON,BCN,2026/2/27,74.29,VY,PT2H5M,2026-02-27T16:25:00,2026-02-27T19:30:00,
LON,BCN,2026/2/27,89.29,IB,PT2H5M,2026-02-27T06:50:00,2026-02-27T09:55:00,
LON,BCN,2026/2/27,89.29,IB,PT2H5M,2026-02-27T13:00:00,2026-02-27T16:05:00,
LON,BCN,2026/2/27,89.29,IB,PT2H5M,2026-02-27T14:00:00,2026-02-27T17:05:00,
LON,BCN,2026/2/27,89.29,IB,PT2H5M,2026-02-27T14:35:00,2026-02-27T17:40:00,
LON,BCN,2026/2/27,89.29,IB,PT2H5M,2026-02-27T16:25:00,2026-02-27T19:30:00,
LON,BCN,2026/2/27,89.29,IB,PT2H5M,2026-02-27T20:05:00,2026-02-27T23:10:00,
LON,BCN,2026/2/27,89.29,IB,PT2H5M,2026-02-27T21:45:00,2026-02-28T00:50:00,
LON,BCN,2026/2/27,89.29,IB,PT2H10M,2026-02-27T09:10:00,2026-02-27T12:20:00,
LON,BCN,2026/2/27,89.29,IB,PT2H10M,2026-02-27T09:50:00,2026-02-27T13:00:00,
LON,BCN,2026/2/27,89.29,VY,PT2H5M,2026-02-27T06:50:00,2026-02-27T09:55:00,
LON,BCN,2026/2/27,89.29,VY,PT2H5M,2026-02-27T14:00:00,2026-02-27T17:05:00,
LON,BCN,2026/2/27,89.29,VY,PT2H5M,2026-02-27T14:35:00,2026-02-27T17:40:00,
LON,BCN,2026/2/27,89.29,VY,PT2H5M,2026-02-27T20:05:00,2026-02-27T23:10:00,
LON,BCN,2026/2/27,89.29,VY,PT2H5M,2026-02-27T21:45:00,2026-02-28T00:50:00,
LON,BCN,2026/2/28,82.29,VY,PT2H5M,2026-02-28T14:35:00,2026-02-28T17:40:00,
LON,BCN,2026/2/28,82.29,VY,PT2H5M,2026-02-28T21:05:00,2026-03-01T00:10:00,
LON,BCN,2026/2/28,89.29,IB,PT2H5M,2026-02-28T06:45:00,2026-02-28T09:50:00,
LON,BCN,2026/2/28,89.29,IB,PT2H5M,2026-02-28T13:10:00,2026-02-28T16:15:00,
LON,BCN,2026/2/28,89.29,IB,PT2H5M,2026-02-28T14:35:00,2026-02-28T17:40:00,
LON,BCN,2026/2/28,89.29,IB,PT2H5M,2026-02-28T16:55:00,2026-02-28T20:00:00,
LON,BCN,2026/2/28,89.29,IB,PT2H5M,2026-02-28T19:35:00,2026-02-28T22:40:00,
LON,BCN,2026/2/28,89.29,IB,PT2H5M,2026-02-28T21:05:00,2026-03-01T00:10:00,
LON,BCN,2026/2/28,89.29,IB,PT2H10M,2026-02-28T09:50:00,2026-02-28T13:00:00,
LON,BCN,2026/2/28,89.29,VY,PT2H5M,2026-02-28T06:45:00,2026-02-28T09:50:00,
LON,BCN,2026/2/28,89.29,VY,PT2H5M,2026-02-28T19:35:00,2026-02-28T22:40:00,
LON,BCN,2026/2/28,89.29,VY,PT2H10M,2026-02-28T09:50:00,2026-02-28T13:00:00,
LON,BCN,2026/2/28,89.29,VY,PT2H5M,2026-02-28T13:10:00,2026-02-28T16:15:00,
LON,BCN,2026/2/28,89.29,VY,PT2H5M,2026-02-28T16:55:00,2026-02-28T20:00:00,
LON,BCN,2026/2/28,105.14,UX,PT5H35M,2026-02-28T10:00:00,2026-02-28T13:30:00,
LON,BCN,2026/3/1,74.29,VY,PT2H5M,2026-03-01T17:25:00,2026-03-01T20:30:00,
LON,BCN,2026/3/1,74.29,VY,PT2H5M,2026-03-01T21:05:00,2026-03-02T00:10:00,
LON,BCN,2026/3/1,82.29,VY,PT2H5M,2026-03-01T19:30:00,2026-03-01T22:35:00,
LON,BCN,2026/3/1,89.29,IB,PT2H5M,2026-03-01T13:10:00,2026-03-01T16:15:00,
LON,BCN,2026/3/1,89.29,IB,PT2H5M,2026-03-01T16:10:00,2026-03-01T19:15:00,
LON,BCN,2026/3/1,89.29,IB,PT2H5M,2026-03-01T17:25:00,2026-03-01T20:30:00,
LON,BCN,2026/3/1,89.29,IB,PT2H5M,2026-03-01T19:30:00,2026-03-01T22:35:00,
LON,BCN,2026/3/1,89.29,IB,PT2H5M,2026-03-01T20:50:00,2026-03-01T23:55:00,
LON,BCN,2026/3/1,89.29,IB,PT2H5M,2026-03-01T21:05:00,2026-03-02T00:10:00,
LON,BCN,2026/3/1,89.29,IB,PT2H10M,2026-03-01T09:10:00,2026-03-01T12:20:00,
LON,BCN,2026/3/1,89.29,IB,PT2H10M,2026-03-01T09:50:00,2026-03-01T13:00:00,
LON,BCN,2026/3/1,89.29,VY,PT2H5M,2026-03-01T13:10:00,2026-03-01T16:15:00,
LON,BCN,2026/3/1,89.29,VY,PT2H5M,2026-03-01T16:10:00,2026-03-01T19:15:00,
LON,BCN,2026/3/1,89.29,VY,PT2H5M,2026-03-01T20:50:00,2026-03-01T23:55:00,
LON,BCN,2026/3/1,89.29,VY,PT2H10M,2026-03-01T09:10:00,2026-03-01T12:20:00,
LON,BCN,2026/3/2,74.29,VY,PT2H5M,2026-03-02T15:20:00,2026-03-02T18:25:00,
LON,BCN,2026/3/2,89.29,IB,PT2H5M,2026-03-02T14:05:00,2026-03-02T17:10:00,
LON,BCN,2026/3/2,89.29,IB,PT2H5M,2026-03-02T15:20:00,2026-03-02T18:25:00,
LON,BCN,2026/3/2,89.29,IB,PT2H5M,2026-03-02T16:25:00,2026-03-02T19:30:00,
LON,BCN,2026/3/2,89.29,IB,PT2H5M,2026-03-02T17:20:00,2026-03-02T20:25:00,
LON,BCN,2026/3/2,89.29,IB,PT2H5M,2026-03-02T19:30:00,2026-03-02T22:35:00,
LON,BCN,2026/3/2,89.29,IB,PT2H10M,2026-03-02T09:00:00,2026-03-02T12:10:00,
LON,BCN,2026/3/2,89.29,IB,PT2H10M,2026-03-02T10:10:00,2026-03-02T13:20:00,
LON,BCN,2026/3/2,89.29,IB,PT2H10M,2026-03-02T12:50:00,2026-03-02T16:00:00,
LON,BCN,2026/3/2,89.29,VY,PT2H5M,2026-03-02T14:05:00,2026-03-02T17:10:00,
LON,BCN,2026/3/2,89.29,VY,PT2H10M,2026-03-02T09:00:00,2026-03-02T12:10:00,
LON,BCN,2026/3/2,89.29,VY,PT2H10M,2026-03-02T10:10:00,2026-03-02T13:20:00,
LON,BCN,2026/3/2,89.29,VY,PT2H10M,2026-03-02T12:50:00,2026-03-02T16:00:00,
LON,BCN,2026/3/2,89.29,VY,PT2H5M,2026-03-02T16:25:00,2026-03-02T19:30:00,
LON,BCN,2026/3/2,89.29,VY,PT2H5M,2026-03-02T17:20:00,2026-03-02T20:25:00,
LON,BCN,2026/3/3,82.29,VY,PT2H10M,2026-03-03T09:50:00,2026-03-03T13:00:00,
LON,BCN,2026/3/3,89.29,IB,PT2H5M,2026-03-03T13:10:00,2026-03-03T16:15:00,
LON,BCN,2026/3/3,89.29,IB,PT2H5M,2026-03-03T14:35:00,2026-03-03T17:40:00,
LON,BCN,2026/3/3,89.29,IB,PT2H5M,2026-03-03T16:10:00,2026-03-03T19:15:00,
LON,BCN,2026/3/3,89.29,IB,PT2H5M,2026-03-03T17:20:00,2026-03-03T20:25:00,
LON,BCN,2026/3/3,89.29,IB,PT2H10M,2026-03-03T09:50:00,2026-03-03T13:00:00,
LON,BCN,2026/3/3,89.29,VY,PT2H5M,2026-03-03T13:10:00,2026-03-03T16:15:00,
LON,BCN,2026/3/3,89.29,VY,PT2H5M,2026-03-03T14:35:00,2026-03-03T17:40:00,
LON,BCN,2026/3/3,89.29,VY,PT2H5M,2026-03-03T16:10:00,2026-03-03T19:15:00,
LON,BCN,2026/3/3,89.29,VY,PT2H5M,2026-03-03T17:20:00,2026-03-03T20:25:00,
LON,BCN,2026/3/3,105.5,IB,PT2H5M,2026-03-03T06:00:00,2026-03-03T09:05:00,
LON,BCN,2026/3/3,105.5,IB,PT2H5M,2026-03-03T07:20:00,2026-03-03T10:25:00,
LON,BCN,2026/3/3,105.5,IB,PT2H5M,2026-03-03T08:15:00,2026-03-03T11:20:00,
LON,BCN,2026/3/3,105.5,IB,PT2H10M,2026-03-03T10:30:00,2026-03-03T13:40:00,
LON,BCN,2026/3/3,105.5,IB,PT2H10M,2026-03-03T14:45:00,2026-03-03T17:55:00,
LON,BCN,2026/3/4,74.29,VY,PT2H5M,2026-03-04T21:05:00,2026-03-05T00:10:00,
LON,BCN,2026/3/4,89.29,IB,PT2H5M,2026-03-04T13:10:00,2026-03-04T16:15:00,
LON,BCN,2026/3/4,89.29,IB,PT2H5M,2026-03-04T14:35:00,2026-03-04T17:40:00,
LON,BCN,2026/3/4,89.29,IB,PT2H5M,2026-03-04T17:50:00,2026-03-04T20:55:00,
LON,BCN,2026/3/4,89.29,IB,PT2H5M,2026-03-04T21:05:00,2026-03-05T00:10:00,
LON,BCN,2026/3/4,89.29,IB,PT2H10M,2026-03-04T08:30:00,2026-03-04T11:40:00,
LON,BCN,2026/3/4,89.29,IB,PT2H10M,2026-03-04T09:50:00,2026-03-04T13:00:00,
LON,BCN,2026/3/4,89.29,VY,PT2H5M,2026-03-04T13:10:00,2026-03-04T16:15:00,
LON,BCN,2026/3/4,89.29,VY,PT2H5M,2026-03-04T17:50:00,2026-03-04T20:55:00,
LON,BCN,2026/3/4,89.29,VY,PT2H5M,2026-03-04T14:35:00,2026-03-04T17:40:00,
LON,BCN,2026/3/4,89.29,VY,PT2H10M,2026-03-04T08:30:00,2026-03-04T11:40:00,
LON,BCN,2026/3/4,89.29,VY,PT2H10M,2026-03-04T09:50:00,2026-03-04T13:00:00,
LON,BCN,2026/3/4,105.5,IB,PT2H5M,2026-03-04T07:20:00,2026-03-04T10:25:00,
LON,BCN,2026/3/4,105.5,IB,PT2H5M,2026-03-04T08:15:00,2026-03-04T11:20:00,
LON,BCN,2026/3/4,105.5,IB,PT2H10M,2026-03-04T10:30:00,2026-03-04T13:40:00,
LON,BCN,2026/3/5,74.29,VY,PT2H5M,2026-03-05T17:10:00,2026-03-05T20:15:00,
LON,BCN,2026/3/5,89.29,IB,PT2H5M,2026-03-05T07:00:00,2026-03-05T10:05:00,
LON,BCN,2026/3/5,89.29,IB,PT2H5M,2026-03-05T14:55:00,2026-03-05T18:00:00,
LON,BCN,2026/3/5,89.29,IB,PT2H5M,2026-03-05T15:50:00,2026-03-05T18:55:00,
LON,BCN,2026/3/5,89.29,IB,PT2H5M,2026-03-05T16:05:00,2026-03-05T19:10:00,
LON,BCN,2026/3/5,89.29,IB,PT2H5M,2026-03-05T17:10:00,2026-03-05T20:15:00,
LON,BCN,2026/3/5,89.29,IB,PT2H5M,2026-03-05T20:50:00,2026-03-05T23:55:00,
LON,BCN,2026/3/5,89.29,IB,PT2H10M,2026-03-05T09:10:00,2026-03-05T12:20:00,
LON,BCN,2026/3/5,89.29,IB,PT2H10M,2026-03-05T12:45:00,2026-03-05T15:55:00,
LON,BCN,2026/3/5,89.29,VY,PT2H5M,2026-03-05T14:55:00,2026-03-05T18:00:00,
LON,BCN,2026/3/5,89.29,VY,PT2H5M,2026-03-05T15:50:00,2026-03-05T18:55:00,
LON,BCN,2026/3/5,89.29,VY,PT2H5M,2026-03-05T20:50:00,2026-03-05T23:55:00,
LON,BCN,2026/3/5,89.29,VY,PT2H10M,2026-03-05T09:10:00,2026-03-05T12:20:00,
LON,BCN,2026/3/5,89.29,VY,PT2H10M,2026-03-05T12:45:00,2026-03-05T15:55:00,
LON,BCN,2026/3/5,89.29,VY,PT2H5M,2026-03-05T16:05:00,2026-03-05T19:10:00,
LON,BCN,2026/3/6,74.29,VY,PT2H5M,2026-03-06T06:50:00,2026-03-06T09:55:00,
LON,BCN,2026/3/6,74.29,VY,PT2H5M,2026-03-06T14:00:00,2026-03-06T17:05:00,
LON,BCN,2026/3/6,82.29,VY,PT2H5M,2026-03-06T16:25:00,2026-03-06T19:30:00,
LON,BCN,2026/3/6,89.29,IB,PT2H5M,2026-03-06T06:50:00,2026-03-06T09:55:00,
LON,BCN,2026/3/6,89.29,IB,PT2H5M,2026-03-06T13:00:00,2026-03-06T16:05:00,
LON,BCN,2026/3/6,89.29,IB,PT2H5M,2026-03-06T14:00:00,2026-03-06T17:05:00,
LON,BCN,2026/3/6,89.29,IB,PT2H5M,2026-03-06T14:35:00,2026-03-06T17:40:00,
LON,BCN,2026/3/6,89.29,IB,PT2H5M,2026-03-06T16:25:00,2026-03-06T19:30:00,
LON,BCN,2026/3/6,89.29,IB,PT2H5M,2026-03-06T20:05:00,2026-03-06T23:10:00,
LON,BCN,2026/3/6,89.29,IB,PT2H5M,2026-03-06T21:45:00,2026-03-07T00:50:00,
LON,BCN,2026/3/6,89.29,IB,PT2H10M,2026-03-06T09:10:00,2026-03-06T12:20:00,
LON,BCN,2026/3/6,89.29,IB,PT2H10M,2026-03-06T09:50:00,2026-03-06T13:00:00,
LON,BCN,2026/3/6,89.29,VY,PT2H5M,2026-03-06T13:00:00,2026-03-06T16:05:00,
LON,BCN,2026/3/6,89.29,VY,PT2H5M,2026-03-06T14:35:00,2026-03-06T17:40:00,
LON,BCN,2026/3/6,89.29,VY,PT2H5M,2026-03-06T20:05:00,2026-03-06T23:10:00,
LON,BCN,2026/3/7,74.29,VY,PT2H5M,2026-03-07T19:35:00,2026-03-07T22:40:00,
LON,BCN,2026/3/7,82.29,VY,PT2H5M,2026-03-07T06:45:00,2026-03-07T09:50:00,
LON,BCN,2026/3/7,82.29,VY,PT2H5M,2026-03-07T14:35:00,2026-03-07T17:40:00,
LON,BCN,2026/3/7,89.29,IB,PT2H5M,2026-03-07T06:45:00,2026-03-07T09:50:00,
LON,BCN,2026/3/7,89.29,IB,PT2H5M,2026-03-07T13:10:00,2026-03-07T16:15:00,
LON,BCN,2026/3/7,89.29,IB,PT2H5M,2026-03-07T14:35:00,2026-03-07T17:40:00,
LON,BCN,2026/3/7,89.29,IB,PT2H5M,2026-03-07T16:55:00,2026-03-07T20:00:00,
LON,BCN,2026/3/7,89.29,IB,PT2H5M,2026-03-07T19:35:00,2026-03-07T22:40:00,
LON,BCN,2026/3/7,89.29,IB,PT2H5M,2026-03-07T21:05:00,2026-03-08T00:10:00,
LON,BCN,2026/3/7,89.29,IB,PT2H10M,2026-03-07T09:50:00,2026-03-07T13:00:00,
LON,BCN,2026/3/7,89.29,VY,PT2H5M,2026-03-07T13:10:00,2026-03-07T16:15:00,
LON,BCN,2026/3/7,89.29,VY,PT2H5M,2026-03-07T16:55:00,2026-03-07T20:00:00,
LON,BCN,2026/3/7,89.29,VY,PT2H5M,2026-03-07T21:05:00,2026-03-08T00:10:00,
LON,BCN,2026/3/7,89.29,VY,PT2H10M,2026-03-07T09:50:00,2026-03-07T13:00:00,
LON,BCN,2026/3/7,105.5,IB,PT2H5M,2026-03-07T06:05:00,2026-03-07T09:10:00,
LON,BCN,2026/3/8,74.29,VY,PT2H5M,2026-03-08T17:25:00,2026-03-08T20:30:00,
LON,BCN,2026/3/8,74.29,VY,PT2H5M,2026-03-08T21:05:00,2026-03-09T00:10:00,
LON,BCN,2026/3/8,89.29,IB,PT2H5M,2026-03-08T13:10:00,2026-03-08T16:15:00,
LON,BCN,2026/3/8,89.29,IB,PT2H5M,2026-03-08T16:10:00,2026-03-08T19:15:00,
LON,BCN,2026/3/8,89.29,IB,PT2H5M,2026-03-08T17:25:00,2026-03-08T20:30:00,
LON,BCN,2026/3/8,89.29,IB,PT2H5M,2026-03-08T19:30:00,2026-03-08T22:35:00,
LON,BCN,2026/3/8,89.29,IB,PT2H5M,2026-03-08T20:50:00,2026-03-08T23:55:00,
LON,BCN,2026/3/8,89.29,IB,PT2H5M,2026-03-08T21:05:00,2026-03-09T00:10:00,
LON,BCN,2026/3/8,89.29,IB,PT2H10M,2026-03-08T09:50:00,2026-03-08T13:00:00,
LON,BCN,2026/3/8,89.29,VY,PT2H5M,2026-03-08T16:10:00,2026-03-08T19:15:00,
LON,BCN,2026/3/8,89.29,VY,PT2H5M,2026-03-08T19:30:00,2026-03-08T22:35:00,
LON,BCN,2026/3/8,89.29,VY,PT2H10M,2026-03-08T09:50:00,2026-03-08T13:00:00,
LON,BCN,2026/3/8,89.29,VY,PT2H5M,2026-03-08T20:50:00,2026-03-08T23:55:00,
LON,BCN,2026/3/8,105.5,IB,PT2H5M,2026-03-08T06:05:00,2026-03-08T09:10:00,
LON,BCN,2026/3/8,105.5,IB,PT2H5M,2026-03-08T07:25:00,2026-03-08T10:30:00,
LON,BCN,2026/3/9,74.29,VY,PT2H5M,2026-03-09T16:25:00,2026-03-09T19:30:00,
LON,BCN,2026/3/9,82.29,VY,PT2H5M,2026-03-09T15:20:00,2026-03-09T18:25:00,
LON,BCN,2026/3/9,89.29,IB,PT2H5M,2026-03-09T14:05:00,2026-03-09T17:10:00,
LON,BCN,2026/3/9,89.29,IB,PT2H5M,2026-03-09T15:20:00,2026-03-09T18:25:00,
LON,BCN,2026/3/9,89.29,IB,PT2H5M,2026-03-09T16:25:00,2026-03-09T19:30:00,
LON,BCN,2026/3/9,89.29,IB,PT2H5M,2026-03-09T17:20:00,2026-03-09T20:25:00,
LON,BCN,2026/3/9,89.29,IB,PT2H5M,2026-03-09T19:30:00,2026-03-09T22:35:00,
LON,BCN,2026/3/9,89.29,IB,PT2H10M,2026-03-09T09:00:00,2026-03-09T12:10:00,
LON,BCN,2026/3/9,89.29,IB,PT2H10M,2026-03-09T10:10:00,2026-03-09T13:20:00,
LON,BCN,2026/3/9,89.29,IB,PT2H10M,2026-03-09T12:50:00,2026-03-09T16:00:00,
LON,BCN,2026/3/9,89.29,VY,PT2H5M,2026-03-09T14:05:00,2026-03-09T17:10:00,
LON,BCN,2026/3/9,89.29,VY,PT2H10M,2026-03-09T10:10:00,2026-03-09T13:20:00,
LON,BCN,2026/3/9,89.29,VY,PT2H10M,2026-03-09T12:50:00,2026-03-09T16:00:00,
LON,BCN,2026/3/9,89.29,VY,PT2H5M,2026-03-09T17:20:00,2026-03-09T20:25:00,
LON,BCN,2026/3/9,89.29,VY,PT2H5M,2026-03-09T19:30:00,2026-03-09T22:35:00,
LON,BCN,2026/3/10,82.29,VY,PT2H5M,2026-03-10T17:20:00,2026-03-10T20:25:00,
LON,BCN,2026/3/10,89.29,IB,PT2H5M,2026-03-10T13:10:00,2026-03-10T16:15:00,
LON,BCN,2026/3/10,89.29,IB,PT2H5M,2026-03-10T14:35:00,2026-03-10T17:40:00,
LON,BCN,2026/3/10,89.29,IB,PT2H5M,2026-03-10T16:10:00,2026-03-10T19:15:00,
LON,BCN,2026/3/10,89.29,IB,PT2H5M,2026-03-10T17:20:00,2026-03-10T20:25:00,
LON,BCN,2026/3/10,89.29,VY,PT2H5M,2026-03-10T14:35:00,2026-03-10T17:40:00,
LON,BCN,2026/3/10,89.29,VY,PT2H5M,2026-03-10T16:10:00,2026-03-10T19:15:00,
LON,BCN,2026/3/10,102.5,VY,PT2H10M,2026-03-10T09:55:00,2026-03-10T13:05:00,
LON,BCN,2026/3/10,105.5,IB,PT2H5M,2026-03-10T07:20:00,2026-03-10T10:25:00,
LON,BCN,2026/3/10,105.5,IB,PT2H5M,2026-03-10T08:15:00,2026-03-10T11:20:00,
LON,BCN,2026/3/10,105.5,IB,PT2H10M,2026-03-10T10:30:00,2026-03-10T13:40:00,
LON,BCN,2026/3/10,105.5,IB,PT2H10M,2026-03-10T14:45:00,2026-03-10T17:55:00,
LON,BCN,2026/3/10,105.5,IB,PT2H10M,2026-03-10T16:35:00,2026-03-10T19:45:00,
LON,BCN,2026/3/10,105.5,IB,PT2H15M,2026-03-10T19:15:00,2026-03-10T22:30:00,
LON,BCN,2026/3/10,105.86,UX,PT5H35M,2026-03-10T10:00:00,2026-03-10T13:30:00,
LON,BCN,2026/3/11,82.29,VY,PT2H5M,2026-03-11T14:35:00,2026-03-11T17:40:00,
LON,BCN,2026/3/11,89.29,IB,PT2H5M,2026-03-11T13:10:00,2026-03-11T16:15:00,
LON,BCN,2026/3/11,89.29,IB,PT2H5M,2026-03-11T14:35:00,2026-03-11T17:40:00,
LON,BCN,2026/3/11,89.29,IB,PT2H5M,2026-03-11T21:05:00,2026-03-12T00:10:00,
LON,BCN,2026/3/11,89.29,IB,PT2H10M,2026-03-11T08:30:00,2026-03-11T11:40:00,
LON,BCN,2026/3/11,89.29,IB,PT2H10M,2026-03-11T09:50:00,2026-03-11T13:00:00,
LON,BCN,2026/3/11,89.29,VY,PT2H5M,2026-03-11T13:10:00,2026-03-11T16:15:00,
LON,BCN,2026/3/11,89.29,VY,PT2H10M,2026-03-11T08:30:00,2026-03-11T11:40:00,
LON,BCN,2026/3/11,89.29,VY,PT2H5M,2026-03-11T21:05:00,2026-03-12T00:10:00,
LON,BCN,2026/3/11,89.29,VY,PT2H10M,2026-03-11T09:50:00,2026-03-11T13:00:00,
LON,BCN,2026/3/11,105.5,IB,PT2H5M,2026-03-11T07:20:00,2026-03-11T10:25:00,
LON,BCN,2026/3/11,105.5,IB,PT2H5M,2026-03-11T08:15:00,2026-03-11T11:20:00,
LON,BCN,2026/3/11,105.5,IB,PT2H10M,2026-03-11T10:30:00,2026-03-11T13:40:00,
LON,BCN,2026/3/11,105.5,IB,PT2H10M,2026-03-11T11:35:00,2026-03-11T14:45:00,
LON,BCN,2026/3/11,105.5,IB,PT2H10M,2026-03-11T15:15:00,2026-03-11T18:25:00,
LON,BCN,2026/3/12,74.29,VY,PT2H5M,2026-03-12T07:00:00,2026-03-12T10:05:00,
LON,BCN,2026/3/12,74.29,VY,PT2H5M,2026-03-12T16:05:00,2026-03-12T19:10:00,
LON,BCN,2026/3/12,82.29,IB,PT2H5M,2026-03-12T07:00:00,2026-03-12T10:05:00,
LON,BCN,2026/3/12,82.29,IB,PT2H5M,2026-03-12T15:50:00,2026-03-12T18:55:00,
LON,BCN,2026/3/12,82.29,IB,PT2H5M,2026-03-12T16:05:00,2026-03-12T19:10:00,
LON,BCN,2026/3/12,82.29,IB,PT2H5M,2026-03-12T17:10:00,2026-03-12T20:15:00,
LON,BCN,2026/3/12,82.29,IB,PT2H5M,2026-03-12T20:50:00,2026-03-12T23:55:00,
LON,BCN,2026/3/12,82.29,IB,PT2H10M,2026-03-12T09:10:00,2026-03-12T12:20:00,
LON,BCN,2026/3/12,82.29,IB,PT2H10M,2026-03-12T12:45:00,2026-03-12T15:55:00,
LON,BCN,2026/3/12,82.29,VY,PT2H5M,2026-03-12T20:50:00,2026-03-12T23:55:00,
LON,BCN,2026/3/12,89.29,VY,PT2H5M,2026-03-12T15:50:00,2026-03-12T18:55:00,
LON,BCN,2026/3/12,89.29,VY,PT2H5M,2026-03-12T17:10:00,2026-03-12T20:15:00,
LON,BCN,2026/3/12,89.29,VY,PT2H10M,2026-03-12T09:10:00,2026-03-12T12:20:00,
LON,BCN,2026/3/12,89.29,VY,PT2H10M,2026-03-12T12:45:00,2026-03-12T15:55:00,
LON,BCN,2026/3/12,102.5,VY,PT2H10M,2026-03-12T09:55:00,2026-03-12T13:05:00,
LON,BCN,2026/3/13,74.29,VY,PT2H5M,2026-03-13T14:35:00,2026-03-13T17:40:00,
LON,BCN,2026/3/13,74.29,VY,PT2H5M,2026-03-13T21:45:00,2026-03-14T00:50:00,
LON,BCN,2026/3/13,82.29,IB,PT2H5M,2026-03-13T06:50:00,2026-03-13T09:55:00,
LON,BCN,2026/3/13,82.29,IB,PT2H5M,2026-03-13T13:00:00,2026-03-13T16:05:00,
LON,BCN,2026/3/13,82.29,IB,PT2H5M,2026-03-13T14:00:00,2026-03-13T17:05:00,
LON,BCN,2026/3/13,82.29,IB,PT2H5M,2026-03-13T14:35:00,2026-03-13T17:40:00,
LON,BCN,2026/3/13,82.29,IB,PT2H5M,2026-03-13T16:25:00,2026-03-13T19:30:00,
LON,BCN,2026/3/13,82.29,IB,PT2H5M,2026-03-13T20:05:00,2026-03-13T23:10:00,
LON,BCN,2026/3/13,82.29,IB,PT2H5M,2026-03-13T21:45:00,2026-03-14T00:50:00,
LON,BCN,2026/3/13,82.29,IB,PT2H10M,2026-03-13T09:10:00,2026-03-13T12:20:00,
LON,BCN,2026/3/13,82.29,IB,PT2H10M,2026-03-13T09:50:00,2026-03-13T13:00:00,
LON,BCN,2026/3/13,89.29,VY,PT2H5M,2026-03-13T06:50:00,2026-03-13T09:55:00,
LON,BCN,2026/3/13,89.29,VY,PT2H5M,2026-03-13T14:00:00,2026-03-13T17:05:00,
LON,BCN,2026/3/13,89.29,VY,PT2H5M,2026-03-13T20:05:00,2026-03-13T23:10:00,
LON,BCN,2026/3/13,89.29,VY,PT2H10M,2026-03-13T09:10:00,2026-03-13T12:20:00,
LON,BCN,2026/3/14,74.29,VY,PT2H5M,2026-03-14T14:35:00,2026-03-14T17:40:00,
LON,BCN,2026/3/14,74.29,VY,PT2H5M,2026-03-14T19:35:00,2026-03-14T22:40:00,
LON,BCN,2026/3/14,89.29,IB,PT2H5M,2026-03-14T06:45:00,2026-03-14T09:50:00,
LON,BCN,2026/3/14,89.29,IB,PT2H5M,2026-03-14T13:10:00,2026-03-14T16:15:00,
LON,BCN,2026/3/14,89.29,IB,PT2H5M,2026-03-14T14:35:00,2026-03-14T17:40:00,
LON,BCN,2026/3/14,89.29,IB,PT2H5M,2026-03-14T16:55:00,2026-03-14T20:00:00,
LON,BCN,2026/3/14,89.29,IB,PT2H5M,2026-03-14T19:35:00,2026-03-14T22:40:00,
LON,BCN,2026/3/14,89.29,IB,PT2H5M,2026-03-14T21:05:00,2026-03-15T00:10:00,
LON,BCN,2026/3/14,89.29,IB,PT2H10M,2026-03-14T09:50:00,2026-03-14T13:00:00,
LON,BCN,2026/3/14,89.29,VY,PT2H5M,2026-03-14T06:45:00,2026-03-14T09:50:00,
LON,BCN,2026/3/14,89.29,VY,PT2H5M,2026-03-14T13:10:00,2026-03-14T16:15:00,
LON,BCN,2026/3/14,89.29,VY,PT2H5M,2026-03-14T21:05:00,2026-03-15T00:10:00,
LON,BCN,2026/3/14,105.5,IB,PT2H5M,2026-03-14T06:05:00,2026-03-14T09:10:00,
LON,BCN,2026/3/14,105.5,IB,PT2H5M,2026-03-14T07:20:00,2026-03-14T10:25:00,
LON,BCN,2026/3/14,105.5,IB,PT2H5M,2026-03-14T08:30:00,2026-03-14T11:35:00,
LON,BCN,2026/3/15,74.29,VY,PT2H5M,2026-03-15T17:25:00,2026-03-15T20:30:00,
LON,BCN,2026/3/15,82.29,IB,PT2H5M,2026-03-15T19:30:00,2026-03-15T22:35:00,
LON,BCN,2026/3/15,82.29,VY,PT2H5M,2026-03-15T19:30:00,2026-03-15T22:35:00,
LON,BCN,2026/3/15,89.29,IB,PT2H5M,2026-03-15T13:10:00,2026-03-15T16:15:00,
LON,BCN,2026/3/15,89.29,IB,PT2H5M,2026-03-15T16:10:00,2026-03-15T19:15:00,
LON,BCN,2026/3/15,89.29,IB,PT2H5M,2026-03-15T17:25:00,2026-03-15T20:30:00,
LON,BCN,2026/3/15,89.29,IB,PT2H5M,2026-03-15T20:50:00,2026-03-15T23:55:00,
LON,BCN,2026/3/15,89.29,IB,PT2H5M,2026-03-15T21:05:00,2026-03-16T00:10:00,
LON,BCN,2026/3/15,89.29,IB,PT2H10M,2026-03-15T09:50:00,2026-03-15T13:00:00,
LON,BCN,2026/3/15,89.29,VY,PT2H5M,2026-03-15T13:10:00,2026-03-15T16:15:00,
LON,BCN,2026/3/15,89.29,VY,PT2H5M,2026-03-15T16:10:00,2026-03-15T19:15:00,
LON,BCN,2026/3/15,89.29,VY,PT2H5M,2026-03-15T20:50:00,2026-03-15T23:55:00,
LON,BCN,2026/3/15,89.29,VY,PT2H10M,2026-03-15T09:50:00,2026-03-15T13:00:00,
LON,BCN,2026/3/15,89.29,VY,PT2H5M,2026-03-15T21:05:00,2026-03-16T00:10:00,
LON,BCN,2026/3/15,102.5,VY,PT2H10M,2026-03-15T09:55:00,2026-03-15T13:05:00,
LON,BCN,2026/3/16,82.29,VY,PT2H5M,2026-03-16T16:25:00,2026-03-16T19:30:00,
LON,BCN,2026/3/16,89.29,IB,PT2H5M,2026-03-16T14:05:00,2026-03-16T17:10:00,
LON,BCN,2026/3/16,89.29,IB,PT2H5M,2026-03-16T15:20:00,2026-03-16T18:25:00,
LON,BCN,2026/3/16,89.29,IB,PT2H5M,2026-03-16T16:25:00,2026-03-16T19:30:00,
LON,BCN,2026/3/16,89.29,IB,PT2H5M,2026-03-16T17:20:00,2026-03-16T20:25:00,
LON,BCN,2026/3/16,89.29,IB,PT2H5M,2026-03-16T19:30:00,2026-03-16T22:35:00,
LON,BCN,2026/3/16,89.29,IB,PT2H10M,2026-03-16T09:00:00,2026-03-16T12:10:00,
LON,BCN,2026/3/16,89.29,IB,PT2H10M,2026-03-16T10:10:00,2026-03-16T13:20:00,
LON,BCN,2026/3/16,89.29,IB,PT2H10M,2026-03-16T12:50:00,2026-03-16T16:00:00,
LON,BCN,2026/3/16,89.29,VY,PT2H5M,2026-03-16T14:05:00,2026-03-16T17:10:00,
LON,BCN,2026/3/16,89.29,VY,PT2H5M,2026-03-16T15:20:00,2026-03-16T18:25:00,
LON,BCN,2026/3/16,89.29,VY,PT2H10M,2026-03-16T09:00:00,2026-03-16T12:10:00,
LON,BCN,2026/3/16,89.29,VY,PT2H10M,2026-03-16T12:50:00,2026-03-16T16:00:00,
LON,BCN,2026/3/16,89.29,VY,PT2H5M,2026-03-16T17:20:00,2026-03-16T20:25:00,
LON,BCN,2026/3/16,89.29,VY,PT2H5M,2026-03-16T19:30:00,2026-03-16T22:35:00,
LON,BCN,2026/3/17,82.29,IB,PT2H5M,2026-03-17T14:35:00,2026-03-17T17:40:00,
LON,BCN,2026/3/17,82.29,VY,PT2H5M,2026-03-17T17:20:00,2026-03-17T20:25:00,
LON,BCN,2026/3/17,89.29,IB,PT2H5M,2026-03-17T13:10:00,2026-03-17T16:15:00,
LON,BCN,2026/3/17,89.29,IB,PT2H5M,2026-03-17T16:10:00,2026-03-17T19:15:00,
LON,BCN,2026/3/17,89.29,IB,PT2H5M,2026-03-17T17:20:00,2026-03-17T20:25:00,
LON,BCN,2026/3/17,89.29,VY,PT2H5M,2026-03-17T13:10:00,2026-03-17T16:15:00,
LON,BCN,2026/3/17,89.29,VY,PT2H5M,2026-03-17T16:10:00,2026-03-17T19:15:00,
LON,BCN,2026/3/17,96.29,VY,PT2H5M,2026-03-17T14:35:00,2026-03-17T17:40:00,
LON,BCN,2026/3/17,105.5,IB,PT2H5M,2026-03-17T06:00:00,2026-03-17T09:05:00,
LON,BCN,2026/3/17,105.5,IB,PT2H5M,2026-03-17T07:20:00,2026-03-17T10:25:00,
LON,BCN,2026/3/17,105.5,IB,PT2H5M,2026-03-17T08:15:00,2026-03-17T11:20:00,
LON,BCN,2026/3/17,105.5,IB,PT2H10M,2026-03-17T10:30:00,2026-03-17T13:40:00,
LON,BCN,2026/3/17,105.5,IB,PT2H10M,2026-03-17T14:45:00,2026-03-17T17:55:00,
LON,BCN,2026/3/17,105.5,IB,PT2H10M,2026-03-17T16:35:00,2026-03-17T19:45:00,
LON,BCN,2026/3/17,105.5,IB,PT2H15M,2026-03-17T19:15:00,2026-03-17T22:30:00,
LON,BCN,2026/3/18,82.29,IB,PT2H5M,2026-03-18T14:35:00,2026-03-18T17:40:00,
LON,BCN,2026/3/18,89.29,IB,PT2H5M,2026-03-18T13:10:00,2026-03-18T16:15:00,
LON,BCN,2026/3/18,89.29,IB,PT2H5M,2026-03-18T21:05:00,2026-03-19T00:10:00,
LON,BCN,2026/3/18,89.29,IB,PT2H10M,2026-03-18T08:30:00,2026-03-18T11:40:00,
LON,BCN,2026/3/18,89.29,IB,PT2H10M,2026-03-18T09:50:00,2026-03-18T13:00:00,
LON,BCN,2026/3/18,89.29,VY,PT2H5M,2026-03-18T13:10:00,2026-03-18T16:15:00,
LON,BCN,2026/3/18,89.29,VY,PT2H10M,2026-03-18T09:50:00,2026-03-18T13:00:00,
LON,BCN,2026/3/18,89.29,VY,PT2H5M,2026-03-18T14:35:00,2026-03-18T17:40:00,
LON,BCN,2026/3/18,89.29,VY,PT2H5M,2026-03-18T21:05:00,2026-03-19T00:10:00,
LON,BCN,2026/3/18,89.29,VY,PT2H10M,2026-03-18T08:30:00,2026-03-18T11:40:00,
LON,BCN,2026/3/18,102.5,VY,PT2H10M,2026-03-18T09:55:00,2026-03-18T13:05:00,
LON,BCN,2026/3/18,105.5,IB,PT2H5M,2026-03-18T07:20:00,2026-03-18T10:25:00,
LON,BCN,2026/3/18,105.5,IB,PT2H5M,2026-03-18T08:15:00,2026-03-18T11:20:00,
LON,BCN,2026/3/18,105.5,IB,PT2H10M,2026-03-18T10:30:00,2026-03-18T13:40:00,
LON,BCN,2026/3/18,105.5,IB,PT2H10M,2026-03-18T11:35:00,2026-03-18T14:45:00,
LON,BCN,2026/3/19,82.29,VY,PT2H5M,2026-03-19T16:05:00,2026-03-19T19:10:00,
LON,BCN,2026/3/19,82.29,IB,PT2H5M,2026-03-19T20:50:00,2026-03-19T23:55:00,
LON,BCN,2026/3/19,89.29,IB,PT2H5M,2026-03-19T07:00:00,2026-03-19T10:05:00,
LON,BCN,2026/3/19,89.29,IB,PT2H5M,2026-03-19T15:50:00,2026-03-19T18:55:00,
LON,BCN,2026/3/19,89.29,IB,PT2H5M,2026-03-19T16:05:00,2026-03-19T19:10:00,
LON,BCN,2026/3/19,89.29,IB,PT2H5M,2026-03-19T17:10:00,2026-03-19T20:15:00,
LON,BCN,2026/3/19,89.29,IB,PT2H10M,2026-03-19T09:10:00,2026-03-19T12:20:00,
LON,BCN,2026/3/19,89.29,IB,PT2H10M,2026-03-19T12:45:00,2026-03-19T15:55:00,
LON,BCN,2026/3/19,89.29,VY,PT2H5M,2026-03-19T15:50:00,2026-03-19T18:55:00,
LON,BCN,2026/3/19,89.29,VY,PT2H5M,2026-03-19T17:10:00,2026-03-19T20:15:00,
LON,BCN,2026/3/19,89.29,VY,PT2H5M,2026-03-19T20:50:00,2026-03-19T23:55:00,
LON,BCN,2026/3/19,89.29,VY,PT2H10M,2026-03-19T09:10:00,2026-03-19T12:20:00,
LON,BCN,2026/3/19,89.29,VY,PT2H10M,2026-03-19T12:45:00,2026-03-19T15:55:00,
LON,BCN,2026/3/19,102.5,VY,PT2H10M,2026-03-19T09:55:00,2026-03-19T13:05:00,
LON,BCN,2026/3/19,102.5,VY,PT2H15M,2026-03-19T18:50:00,2026-03-19T22:05:00,
ZRH,BCN,2026/2/18,115.27,UX,PT5H30M,2026-02-18T11:05:00,2026-02-18T13:30:00,
ZRH,BCN,2026/2/18,139.42,IB,PT1H50M,2026-02-18T09:40:00,2026-02-18T11:30:00,
ZRH,BCN,2026/2/18,139.42,IB,PT1H50M,2026-02-18T21:35:00,2026-02-18T23:25:00,
ZRH,BCN,2026/2/18,139.42,VY,PT1H50M,2026-02-18T09:40:00,2026-02-18T11:30:00,
ZRH,BCN,2026/2/18,139.42,VY,PT1H50M,2026-02-18T21:35:00,2026-02-18T23:25:00,
ZRH,BCN,2026/2/18,146.93,JU,PT12H25M,2026-02-18T20:40:00,2026-02-18T22:20:00,
ZRH,BCN,2026/2/18,168.93,JU,PT10H15M,2026-02-18T09:30:00,2026-02-18T11:10:00,
ZRH,BCN,2026/2/18,168.93,JU,PT23H35M,2026-02-18T09:30:00,2026-02-18T11:10:00,
ZRH,BCN,2026/2/18,169.14,A3,PT21H50M,2026-02-18T19:20:00,2026-02-18T22:50:00,
ZRH,BCN,2026/2/18,169.51,TP,PT16H5M,2026-02-18T18:00:00,2026-02-18T20:00:00,
ZRH,BCN,2026/2/18,169.51,TP,PT17H45M,2026-02-18T18:00:00,2026-02-18T20:00:00,
ZRH,BCN,2026/2/18,177.27,UX,PT14H25M,2026-02-18T18:30:00,2026-02-18T20:55:00,
ZRH,BCN,2026/2/18,184.79,UX,PT22H5M,2026-02-18T18:30:00,2026-02-18T20:55:00,
ZRH,BCN,2026/2/18,195.15,AZ,PT5H10M,2026-02-18T10:45:00,2026-02-18T12:15:00,
ZRH,BCN,2026/2/18,203.79,UX,PT21H50M,2026-02-18T11:05:00,2026-02-18T13:30:00,
ZRH,BCN,2026/2/19,115.27,UX,PT5H30M,2026-02-19T11:05:00,2026-02-19T13:30:00,
ZRH,BCN,2026/2/19,132.42,VY,PT1H50M,2026-02-19T09:40:00,2026-02-19T11:30:00,
ZRH,BCN,2026/2/19,139.42,IB,PT1H50M,2026-02-19T09:40:00,2026-02-19T11:30:00,
ZRH,BCN,2026/2/19,139.42,IB,PT1H50M,2026-02-19T21:35:00,2026-02-19T23:25:00,
ZRH,BCN,2026/2/19,139.42,VY,PT1H50M,2026-02-19T21:35:00,2026-02-19T23:25:00,
ZRH,BCN,2026/2/19,146.93,JU,PT12H25M,2026-02-19T20:40:00,2026-02-19T22:20:00,
ZRH,BCN,2026/2/19,146.93,JU,PT23H35M,2026-02-19T09:30:00,2026-02-19T11:10:00,
ZRH,BCN,2026/2/19,166.27,IB,PT12H45M,2026-02-19T19:40:00,2026-02-19T22:05:00,
ZRH,BCN,2026/2/19,169.51,TP,PT16H5M,2026-02-19T18:00:00,2026-02-19T19:55:00,
ZRH,BCN,2026/2/19,169.51,TP,PT19H45M,2026-02-19T18:00:00,2026-02-19T19:55:00,
ZRH,BCN,2026/2/19,195.15,AZ,PT5H10M,2026-02-19T10:45:00,2026-02-19T12:15:00,
ZRH,BCN,2026/2/19,195.15,AZ,PT15H35M,2026-02-19T19:15:00,2026-02-19T20:45:00,
ZRH,BCN,2026/2/19,195.15,AZ,PT20H40M,2026-02-19T19:15:00,2026-02-19T20:45:00,
ZRH,BCN,2026/2/19,196.27,UX,PT14H25M,2026-02-19T18:30:00,2026-02-19T20:55:00,
ZRH,BCN,2026/2/19,203.79,UX,PT21H50M,2026-02-19T11:05:00,2026-02-19T13:30:00,
ZRH,BCN,2026/2/20,117.42,VY,PT1H50M,2026-02-20T09:35:00,2026-02-20T11:25:00,
ZRH,BCN,2026/2/20,139.42,IB,PT1H50M,2026-02-20T09:35:00,2026-02-20T11:25:00,
ZRH,BCN,2026/2/20,139.42,IB,PT1H50M,2026-02-20T21:35:00,2026-02-20T23:25:00,
ZRH,BCN,2026/2/20,139.42,VY,PT1H50M,2026-02-20T18:10:00,2026-02-20T20:00:00,
ZRH,BCN,2026/2/20,139.42,VY,PT1H50M,2026-02-20T21:35:00,2026-02-20T23:25:00,
ZRH,BCN,2026/2/20,146.93,JU,PT10H15M,2026-02-20T09:30:00,2026-02-20T11:10:00,
ZRH,BCN,2026/2/20,146.93,JU,PT12H25M,2026-02-20T20:40:00,2026-02-20T22:20:00,
ZRH,BCN,2026/2/20,161.37,AZ,PT5H10M,2026-02-20T10:45:00,2026-02-20T12:15:00,
ZRH,BCN,2026/2/20,161.37,AZ,PT15H35M,2026-02-20T19:15:00,2026-02-20T20:45:00,
ZRH,BCN,2026/2/20,168.93,JU,PT18H,2026-02-20T15:05:00,2026-02-20T16:45:00,
ZRH,BCN,2026/2/20,169.51,TP,PT6H50M,2026-02-20T13:30:00,2026-02-20T15:30:00,
ZRH,BCN,2026/2/20,169.51,TP,PT7H35M,2026-02-20T06:10:00,2026-02-20T08:10:00,
ZRH,BCN,2026/2/20,169.51,TP,PT10H15M,2026-02-20T13:30:00,2026-02-20T15:30:00,
ZRH,BCN,2026/2/20,169.51,TP,PT11H5M,2026-02-20T06:10:00,2026-02-20T08:10:00,
ZRH,BCN,2026/2/20,169.51,TP,PT16H5M,2026-02-20T18:00:00,2026-02-20T19:55:00,
ZRH,BCN,2026/2/21,139.42,IB,PT1H50M,2026-02-21T09:40:00,2026-02-21T11:30:00,
ZRH,BCN,2026/2/21,139.42,IB,PT1H50M,2026-02-21T21:35:00,2026-02-21T23:25:00,
ZRH,BCN,2026/2/21,139.42,VY,PT1H50M,2026-02-21T09:40:00,2026-02-21T11:30:00,
ZRH,BCN,2026/2/21,139.42,VY,PT1H50M,2026-02-21T21:35:00,2026-02-21T23:25:00,
ZRH,BCN,2026/2/21,146.93,JU,PT23H5M,2026-02-21T20:40:00,2026-02-21T22:20:00,
ZRH,BCN,2026/2/21,161.37,AZ,PT5H10M,2026-02-21T10:45:00,2026-02-21T12:15:00,
ZRH,BCN,2026/2/21,166.27,IB,PT6H50M,2026-02-21T07:30:00,2026-02-21T09:55:00,
ZRH,BCN,2026/2/21,169.51,TP,PT6H50M,2026-02-21T13:30:00,2026-02-21T15:30:00,
ZRH,BCN,2026/2/21,169.51,TP,PT7H35M,2026-02-21T06:10:00,2026-02-21T08:10:00,
ZRH,BCN,2026/2/21,169.51,TP,PT10H15M,2026-02-21T13:30:00,2026-02-21T15:30:00,
ZRH,BCN,2026/2/21,169.51,TP,PT11H5M,2026-02-21T06:10:00,2026-02-21T08:10:00,
ZRH,BCN,2026/2/21,169.51,TP,PT16H5M,2026-02-21T18:00:00,2026-02-21T19:55:00,
ZRH,BCN,2026/2/21,169.51,TP,PT17H45M,2026-02-21T18:00:00,2026-02-21T19:55:00,
ZRH,BCN,2026/2/21,191.41,AF,PT7H30M,2026-02-21T09:00:00,2026-02-21T10:45:00,
ZRH,BCN,2026/2/21,191.41,AF,PT16H55M,2026-02-21T17:30:00,2026-02-21T19:15:00,
ZRH,BCN,2026/2/22,115.27,UX,PT5H30M,2026-02-22T11:05:00,2026-02-22T13:30:00,
ZRH,BCN,2026/2/22,118.93,JU,PT23H5M,2026-02-22T20:40:00,2026-02-22T22:20:00,
ZRH,BCN,2026/2/22,122.79,UX,PT21H50M,2026-02-22T11:05:00,2026-02-22T13:30:00,
ZRH,BCN,2026/2/22,139.42,IB,PT1H50M,2026-02-22T09:40:00,2026-02-22T11:30:00,
ZRH,BCN,2026/2/22,139.42,IB,PT1H50M,2026-02-22T21:35:00,2026-02-22T23:25:00,
ZRH,BCN,2026/2/22,139.42,VY,PT1H50M,2026-02-22T09:40:00,2026-02-22T11:30:00,
ZRH,BCN,2026/2/22,139.42,VY,PT1H50M,2026-02-22T21:35:00,2026-02-22T23:25:00,
ZRH,BCN,2026/2/22,139.59,AZ,PT5H10M,2026-02-22T10:45:00,2026-02-22T12:15:00,
ZRH,BCN,2026/2/22,139.59,AZ,PT15H35M,2026-02-22T19:15:00,2026-02-22T20:45:00,
ZRH,BCN,2026/2/22,139.59,AZ,PT20H40M,2026-02-22T19:15:00,2026-02-22T20:45:00,
ZRH,BCN,2026/2/22,146.93,JU,PT10H15M,2026-02-22T09:30:00,2026-02-22T11:10:00,
ZRH,BCN,2026/2/22,146.93,JU,PT18H,2026-02-22T15:05:00,2026-02-22T16:45:00,
ZRH,BCN,2026/2/22,168.93,JU,PT12H25M,2026-02-22T20:40:00,2026-02-22T22:20:00,
ZRH,BCN,2026/2/22,169.51,TP,PT6H50M,2026-02-22T13:30:00,2026-02-22T15:30:00,
ZRH,BCN,2026/2/22,169.51,TP,PT10H15M,2026-02-22T13:30:00,2026-02-22T15:30:00,
ZRH,BCN,2026/2/23,115.27,UX,PT5H30M,2026-02-23T11:05:00,2026-02-23T13:30:00,
ZRH,BCN,2026/2/23,122.79,UX,PT21H50M,2026-02-23T11:05:00,2026-02-23T13:30:00,
ZRH,BCN,2026/2/23,139.42,IB,PT1H50M,2026-02-23T09:40:00,2026-02-23T11:30:00,
ZRH,BCN,2026/2/23,139.42,IB,PT1H50M,2026-02-23T21:35:00,2026-02-23T23:25:00,
ZRH,BCN,2026/2/23,139.42,VY,PT1H50M,2026-02-23T09:40:00,2026-02-23T11:30:00,
ZRH,BCN,2026/2/23,139.42,VY,PT1H50M,2026-02-23T21:35:00,2026-02-23T23:25:00,
ZRH,BCN,2026/2/23,139.59,AZ,PT5H10M,2026-02-23T10:45:00,2026-02-23T12:15:00,
ZRH,BCN,2026/2/23,139.59,AZ,PT15H35M,2026-02-23T19:15:00,2026-02-23T20:45:00,
ZRH,BCN,2026/2/23,168.93,JU,PT10H15M,2026-02-23T09:30:00,2026-02-23T11:10:00,
ZRH,BCN,2026/2/23,185.51,TP,PT17H45M,2026-02-23T18:00:00,2026-02-23T19:55:00,
ZRH,BCN,2026/2/23,211.51,TP,PT16H5M,2026-02-23T18:00:00,2026-02-23T19:55:00,
ZRH,BCN,2026/2/23,216.41,AF,PT4H35M,2026-02-23T11:55:00,2026-02-23T13:35:00,
ZRH,BCN,2026/2/23,216.41,AF,PT4H50M,2026-02-23T14:15:00,2026-02-23T15:55:00,
ZRH,BCN,2026/2/23,216.41,AF,PT5H25M,2026-02-23T06:50:00,2026-02-23T08:25:00,
ZRH,BCN,2026/2/23,216.41,AF,PT5H30M,2026-02-23T17:35:00,2026-02-23T19:15:00,
ZRH,BCN,2026/2/24,115.27,UX,PT5H30M,2026-02-24T11:05:00,2026-02-24T13:30:00,
ZRH,BCN,2026/2/24,115.27,UX,PT14H25M,2026-02-24T18:30:00,2026-02-24T20:55:00,
ZRH,BCN,2026/2/24,118.81,AZ,PT5H10M,2026-02-24T10:45:00,2026-02-24T12:15:00,
ZRH,BCN,2026/2/24,118.81,AZ,PT15H35M,2026-02-24T19:15:00,2026-02-24T20:45:00,
ZRH,BCN,2026/2/24,122.79,UX,PT21H50M,2026-02-24T11:05:00,2026-02-24T13:30:00,
ZRH,BCN,2026/2/24,122.79,UX,PT22H5M,2026-02-24T18:30:00,2026-02-24T20:55:00,
ZRH,BCN,2026/2/24,139.42,IB,PT1H50M,2026-02-24T09:40:00,2026-02-24T11:30:00,
ZRH,BCN,2026/2/24,139.42,IB,PT1H50M,2026-02-24T21:35:00,2026-02-24T23:25:00,
ZRH,BCN,2026/2/24,139.42,VY,PT1H50M,2026-02-24T09:40:00,2026-02-24T11:30:00,
ZRH,BCN,2026/2/24,139.42,VY,PT1H50M,2026-02-24T21:35:00,2026-02-24T23:25:00,
ZRH,BCN,2026/2/24,166.27,IB,PT6H15M,2026-02-24T11:55:00,2026-02-24T14:20:00,
ZRH,BCN,2026/2/24,185.51,TP,PT7H35M,2026-02-24T06:10:00,2026-02-24T08:10:00,
ZRH,BCN,2026/2/24,210.52,SK,PT21H55M,2026-02-24T20:25:00,2026-02-24T22:15:00,
ZRH,BCN,2026/2/24,211.51,TP,PT16H5M,2026-02-24T18:00:00,2026-02-24T19:55:00,
ZRH,BCN,2026/2/24,211.51,TP,PT17H45M,2026-02-24T18:00:00,2026-02-24T19:55:00,
ZRH,BCN,2026/2/25,115.27,UX,PT5H30M,2026-02-25T11:05:00,2026-02-25T13:30:00,
ZRH,BCN,2026/2/25,118.81,AZ,PT5H10M,2026-02-25T10:45:00,2026-02-25T12:15:00,
ZRH,BCN,2026/2/25,122.79,UX,PT22H5M,2026-02-25T18:30:00,2026-02-25T20:55:00,
ZRH,BCN,2026/2/25,139.42,IB,PT1H50M,2026-02-25T09:40:00,2026-02-25T11:30:00,
ZRH,BCN,2026/2/25,139.42,IB,PT1H50M,2026-02-25T21:35:00,2026-02-25T23:25:00,
ZRH,BCN,2026/2/25,139.42,VY,PT1H50M,2026-02-25T09:40:00,2026-02-25T11:30:00,
ZRH,BCN,2026/2/25,139.42,VY,PT1H50M,2026-02-25T21:35:00,2026-02-25T23:25:00,
ZRH,BCN,2026/2/25,139.59,AZ,PT15H35M,2026-02-25T19:15:00,2026-02-25T20:45:00,
ZRH,BCN,2026/2/25,145.27,UX,PT14H25M,2026-02-25T18:30:00,2026-02-25T20:55:00,
ZRH,BCN,2026/2/25,146.93,JU,PT12H25M,2026-02-25T20:40:00,2026-02-25T22:20:00,
ZRH,BCN,2026/2/25,166.27,IB,PT12H45M,2026-02-25T19:40:00,2026-02-25T22:05:00,
ZRH,BCN,2026/2/25,168.93,JU,PT10H15M,2026-02-25T09:30:00,2026-02-25T11:10:00,
ZRH,BCN,2026/2/25,168.93,JU,PT23H35M,2026-02-25T09:30:00,2026-02-25T11:10:00,
ZRH,BCN,2026/2/25,169.14,A3,PT15H5M,2026-02-25T19:20:00,2026-02-25T22:50:00,
ZRH,BCN,2026/2/25,185.51,TP,PT17H45M,2026-02-25T18:00:00,2026-02-25T20:00:00,
ZRH,BCN,2026/2/26,110.93,JU,PT12H25M,2026-02-26T20:40:00,2026-02-26T22:20:00,
ZRH,BCN,2026/2/26,115.27,UX,PT5H30M,2026-02-26T11:05:00,2026-02-26T13:30:00,
ZRH,BCN,2026/2/26,118.81,AZ,PT5H10M,2026-02-26T10:45:00,2026-02-26T12:15:00,
ZRH,BCN,2026/2/26,139.42,IB,PT1H50M,2026-02-26T09:40:00,2026-02-26T11:30:00,
ZRH,BCN,2026/2/26,139.42,IB,PT1H50M,2026-02-26T21:35:00,2026-02-26T23:25:00,
ZRH,BCN,2026/2/26,139.42,VY,PT1H50M,2026-02-26T09:40:00,2026-02-26T11:30:00,
ZRH,BCN,2026/2/26,139.42,VY,PT1H50M,2026-02-26T21:35:00,2026-02-26T23:25:00,
ZRH,BCN,2026/2/26,146.93,JU,PT23H5M,2026-02-26T20:40:00,2026-02-26T22:20:00,
ZRH,BCN,2026/2/26,146.93,JU,PT23H35M,2026-02-26T09:30:00,2026-02-26T11:10:00,
ZRH,BCN,2026/2/26,166.27,IB,PT12H45M,2026-02-26T19:40:00,2026-02-26T22:05:00,
ZRH,BCN,2026/2/26,185.51,TP,PT7H35M,2026-02-26T06:10:00,2026-02-26T08:10:00,
ZRH,BCN,2026/2/26,196.27,UX,PT14H25M,2026-02-26T18:30:00,2026-02-26T20:55:00,
ZRH,BCN,2026/2/26,203.79,UX,PT21H50M,2026-02-26T11:05:00,2026-02-26T13:30:00,
ZRH,BCN,2026/2/26,203.79,UX,PT22H5M,2026-02-26T18:30:00,2026-02-26T20:55:00,
ZRH,BCN,2026/2/26,211.51,TP,PT11H5M,2026-02-26T06:10:00,2026-02-26T08:10:00,
ZRH,BCN,2026/2/27,115.27,UX,PT5H30M,2026-02-27T11:05:00,2026-02-27T13:30:00,
ZRH,BCN,2026/2/27,118.81,AZ,PT5H10M,2026-02-27T10:45:00,2026-02-27T12:15:00,
ZRH,BCN,2026/2/27,139.42,IB,PT1H50M,2026-02-27T09:35:00,2026-02-27T11:25:00,
ZRH,BCN,2026/2/27,139.42,IB,PT1H50M,2026-02-27T21:35:00,2026-02-27T23:25:00,
ZRH,BCN,2026/2/27,139.42,VY,PT1H50M,2026-02-27T09:35:00,2026-02-27T11:25:00,
ZRH,BCN,2026/2/27,139.42,VY,PT1H50M,2026-02-27T18:10:00,2026-02-27T20:00:00,
ZRH,BCN,2026/2/27,139.42,VY,PT1H50M,2026-02-27T21:35:00,2026-02-27T23:25:00,
ZRH,BCN,2026/2/27,146.93,JU,PT10H15M,2026-02-27T09:30:00,2026-02-27T11:10:00,
ZRH,BCN,2026/2/27,146.93,JU,PT12H25M,2026-02-27T20:40:00,2026-02-27T22:20:00,
ZRH,BCN,2026/2/27,152.51,TP,PT16H5M,2026-02-27T18:00:00,2026-02-27T19:55:00,
ZRH,BCN,2026/2/27,152.79,UX,PT21H50M,2026-02-27T11:05:00,2026-02-27T13:30:00,
ZRH,BCN,2026/2/27,168.93,JU,PT18H,2026-02-27T15:05:00,2026-02-27T16:45:00,
ZRH,BCN,2026/2/27,185.51,TP,PT6H50M,2026-02-27T13:30:00,2026-02-27T15:30:00,
ZRH,BCN,2026/2/27,185.51,TP,PT10H15M,2026-02-27T13:30:00,2026-02-27T15:30:00,
ZRH,BCN,2026/2/27,185.51,TP,PT17H45M,2026-02-27T18:00:00,2026-02-27T19:55:00,
ZRH,BCN,2026/2/28,118.81,AZ,PT5H10M,2026-02-28T10:45:00,2026-02-28T12:15:00,
ZRH,BCN,2026/2/28,118.81,AZ,PT15H35M,2026-02-28T19:15:00,2026-02-28T20:45:00,
ZRH,BCN,2026/2/28,139.42,IB,PT1H50M,2026-02-28T09:40:00,2026-02-28T11:30:00,
ZRH,BCN,2026/2/28,139.42,IB,PT1H50M,2026-02-28T21:35:00,2026-02-28T23:25:00,
ZRH,BCN,2026/2/28,139.42,VY,PT1H50M,2026-02-28T09:40:00,2026-02-28T11:30:00,
ZRH,BCN,2026/2/28,139.42,VY,PT1H50M,2026-02-28T21:35:00,2026-02-28T23:25:00,
ZRH,BCN,2026/2/28,146.93,JU,PT23H5M,2026-02-28T20:40:00,2026-02-28T22:20:00,
ZRH,BCN,2026/2/28,155.41,AF,PT7H30M,2026-02-28T09:00:00,2026-02-28T10:45:00,
ZRH,BCN,2026/2/28,155.41,AF,PT16H55M,2026-02-28T17:30:00,2026-02-28T19:15:00,
ZRH,BCN,2026/2/28,155.41,AF,PT18H45M,2026-02-28T17:30:00,2026-02-28T19:15:00,
ZRH,BCN,2026/2/28,160.51,TP,PT6H50M,2026-02-28T13:30:00,2026-02-28T15:30:00,
ZRH,BCN,2026/2/28,160.51,TP,PT10H15M,2026-02-28T13:30:00,2026-02-28T15:30:00,
ZRH,BCN,2026/2/28,160.51,TP,PT16H5M,2026-02-28T18:00:00,2026-02-28T19:55:00,
ZRH,BCN,2026/2/28,160.51,TP,PT17H45M,2026-02-28T18:00:00,2026-02-28T19:55:00,
ZRH,BCN,2026/2/28,185.51,TP,PT7H35M,2026-02-28T06:10:00,2026-02-28T08:10:00,
ZRH,BCN,2026/3/1,110.93,JU,PT12H25M,2026-03-01T20:40:00,2026-03-01T22:20:00,
ZRH,BCN,2026/3/1,110.93,JU,PT18H,2026-03-01T15:05:00,2026-03-01T16:45:00,
ZRH,BCN,2026/3/1,118.81,AZ,PT5H10M,2026-03-01T10:45:00,2026-03-01T12:15:00,
ZRH,BCN,2026/3/1,118.81,AZ,PT15H35M,2026-03-01T19:15:00,2026-03-01T20:45:00,
ZRH,BCN,2026/3/1,123.95,UX,PT21H50M,2026-03-01T11:05:00,2026-03-01T13:30:00,
ZRH,BCN,2026/3/1,139.42,IB,PT1H50M,2026-03-01T09:40:00,2026-03-01T11:30:00,
ZRH,BCN,2026/3/1,139.42,IB,PT1H50M,2026-03-01T21:35:00,2026-03-01T23:25:00,
ZRH,BCN,2026/3/1,139.42,VY,PT1H50M,2026-03-01T09:40:00,2026-03-01T11:30:00,
ZRH,BCN,2026/3/1,139.42,VY,PT1H50M,2026-03-01T21:35:00,2026-03-01T23:25:00,
ZRH,BCN,2026/3/1,146.93,JU,PT10H15M,2026-03-01T09:30:00,2026-03-01T11:10:00,
ZRH,BCN,2026/3/1,146.93,JU,PT23H5M,2026-03-01T20:40:00,2026-03-01T22:20:00,
ZRH,BCN,2026/3/1,160.51,TP,PT7H35M,2026-03-01T06:10:00,2026-03-01T08:10:00,
ZRH,BCN,2026/3/1,185.51,TP,PT11H5M,2026-03-01T06:10:00,2026-03-01T08:10:00,
ZRH,BCN,2026/3/1,185.51,TP,PT17H45M,2026-03-01T18:00:00,2026-03-01T19:55:00,
ZRH,BCN,2026/3/1,188.41,AF,PT4H35M,2026-03-01T11:55:00,2026-03-01T13:35:00,
ZRH,BCN,2026/3/2,115.99,UX,PT5H30M,2026-03-02T11:05:00,2026-03-02T13:30:00,
ZRH,BCN,2026/3/2,115.99,UX,PT14H25M,2026-03-02T18:30:00,2026-03-02T20:55:00,
ZRH,BCN,2026/3/2,118.81,AZ,PT5H10M,2026-03-02T10:45:00,2026-03-02T12:15:00,
ZRH,BCN,2026/3/2,123.95,UX,PT21H50M,2026-03-02T11:05:00,2026-03-02T13:30:00,
ZRH,BCN,2026/3/2,123.95,UX,PT22H5M,2026-03-02T18:30:00,2026-03-02T20:55:00,
ZRH,BCN,2026/3/2,139.42,IB,PT1H50M,2026-03-02T09:40:00,2026-03-02T11:30:00,
ZRH,BCN,2026/3/2,139.42,IB,PT1H50M,2026-03-02T21:35:00,2026-03-02T23:25:00,
ZRH,BCN,2026/3/2,139.42,VY,PT1H50M,2026-03-02T09:40:00,2026-03-02T11:30:00,
ZRH,BCN,2026/3/2,139.42,VY,PT1H50M,2026-03-02T21:35:00,2026-03-02T23:25:00,
ZRH,BCN,2026/3/2,146.93,JU,PT10H15M,2026-03-02T09:30:00,2026-03-02T11:10:00,
ZRH,BCN,2026/3/2,152.51,TP,PT6H50M,2026-03-02T13:30:00,2026-03-02T15:30:00,
ZRH,BCN,2026/3/2,152.51,TP,PT10H15M,2026-03-02T13:30:00,2026-03-02T15:30:00,
ZRH,BCN,2026/3/2,152.51,TP,PT17H45M,2026-03-02T18:00:00,2026-03-02T19:55:00,
ZRH,BCN,2026/3/2,209.57,LH,PT10H10M,2026-03-02T08:40:00,2026-03-02T09:55:00,
ZRH,BCN,2026/3/2,211.51,TP,PT16H5M,2026-03-02T18:00:00,2026-03-02T19:55:00,
ZRH,BCN,2026/3/3,115.99,UX,PT5H30M,2026-03-03T11:05:00,2026-03-03T13:30:00,
ZRH,BCN,2026/3/3,118.81,AZ,PT5H10M,2026-03-03T10:45:00,2026-03-03T12:15:00,
ZRH,BCN,2026/3/3,139.42,IB,PT1H50M,2026-03-03T09:40:00,2026-03-03T11:30:00,
ZRH,BCN,2026/3/3,139.42,IB,PT1H50M,2026-03-03T21:35:00,2026-03-03T23:25:00,
ZRH,BCN,2026/3/3,139.42,VY,PT1H50M,2026-03-03T09:40:00,2026-03-03T11:30:00,
ZRH,BCN,2026/3/3,139.42,VY,PT1H50M,2026-03-03T21:35:00,2026-03-03T23:25:00,
ZRH,BCN,2026/3/3,152.51,TP,PT7H35M,2026-03-03T06:10:00,2026-03-03T08:10:00,
ZRH,BCN,2026/3/3,153.95,UX,PT21H50M,2026-03-03T11:05:00,2026-03-03T13:30:00,
ZRH,BCN,2026/3/3,166.99,IB,PT12H20M,2026-03-03T19:40:00,2026-03-03T22:05:00,
ZRH,BCN,2026/3/3,185.51,TP,PT6H50M,2026-03-03T13:30:00,2026-03-03T15:30:00,
ZRH,BCN,2026/3/3,185.51,TP,PT10H15M,2026-03-03T13:30:00,2026-03-03T15:30:00,
ZRH,BCN,2026/3/3,185.51,TP,PT11H5M,2026-03-03T06:10:00,2026-03-03T08:10:00,
ZRH,BCN,2026/3/3,185.51,TP,PT17H45M,2026-03-03T18:00:00,2026-03-03T19:55:00,
ZRH,BCN,2026/3/3,188.41,AF,PT4H35M,2026-03-03T11:55:00,2026-03-03T13:35:00,
ZRH,BCN,2026/3/3,188.41,AF,PT4H50M,2026-03-03T14:15:00,2026-03-03T15:55:00,
ZRH,BCN,2026/3/4,115.99,UX,PT5H30M,2026-03-04T11:05:00,2026-03-04T13:30:00,
ZRH,BCN,2026/3/4,118.81,AZ,PT5H10M,2026-03-04T10:45:00,2026-03-04T12:15:00,
ZRH,BCN,2026/3/4,118.81,AZ,PT15H35M,2026-03-04T19:15:00,2026-03-04T20:45:00,
ZRH,BCN,2026/3/4,123.95,UX,PT22H5M,2026-03-04T18:30:00,2026-03-04T20:55:00,
ZRH,BCN,2026/3/4,139.42,IB,PT1H50M,2026-03-04T09:40:00,2026-03-04T11:30:00,
ZRH,BCN,2026/3/4,139.42,IB,PT1H50M,2026-03-04T21:35:00,2026-03-04T23:25:00,
ZRH,BCN,2026/3/4,139.42,VY,PT1H50M,2026-03-04T09:40:00,2026-03-04T11:30:00,
ZRH,BCN,2026/3/4,139.42,VY,PT1H50M,2026-03-04T21:35:00,2026-03-04T23:25:00,
ZRH,BCN,2026/3/4,140.4,AF,PT4H5M,2026-03-04T18:50:00,2026-03-04T20:15:00,
ZRH,BCN,2026/3/4,140.4,AF,PT4H15M,2026-03-04T10:45:00,2026-03-04T12:10:00,
ZRH,BCN,2026/3/4,140.4,AF,PT4H40M,2026-03-04T06:30:00,2026-03-04T07:55:00,
ZRH,BCN,2026/3/4,140.4,AF,PT6H20M,2026-03-04T10:45:00,2026-03-04T12:10:00,
ZRH,BCN,2026/3/4,140.4,AF,PT7H30M,2026-03-04T06:30:00,2026-03-04T07:55:00,
ZRH,BCN,2026/3/4,140.4,AF,PT14H,2026-03-04T18:50:00,2026-03-04T20:15:00,
ZRH,BCN,2026/3/4,152.51,TP,PT17H45M,2026-03-04T18:00:00,2026-03-04T20:00:00,
ZRH,BCN,2026/3/5,115.99,UX,PT5H30M,2026-03-05T11:05:00,2026-03-05T13:30:00,
ZRH,BCN,2026/3/5,118.81,AZ,PT5H10M,2026-03-05T10:45:00,2026-03-05T12:15:00,
ZRH,BCN,2026/3/5,118.81,AZ,PT15H35M,2026-03-05T19:15:00,2026-03-05T20:45:00,
ZRH,BCN,2026/3/5,139.42,IB,PT1H50M,2026-03-05T09:40:00,2026-03-05T11:30:00,
ZRH,BCN,2026/3/5,139.42,IB,PT1H50M,2026-03-05T21:35:00,2026-03-05T23:25:00,
ZRH,BCN,2026/3/5,139.42,VY,PT1H50M,2026-03-05T09:40:00,2026-03-05T11:30:00,
ZRH,BCN,2026/3/5,139.42,VY,PT1H50M,2026-03-05T21:35:00,2026-03-05T23:25:00,
ZRH,BCN,2026/3/5,140.4,AF,PT4H5M,2026-03-05T18:50:00,2026-03-05T20:15:00,
ZRH,BCN,2026/3/5,140.4,AF,PT4H40M,2026-03-05T06:30:00,2026-03-05T07:55:00,
ZRH,BCN,2026/3/5,140.4,AF,PT6H20M,2026-03-05T10:45:00,2026-03-05T12:10:00,
ZRH,BCN,2026/3/5,140.4,AF,PT7H30M,2026-03-05T06:30:00,2026-03-05T07:55:00,
ZRH,BCN,2026/3/5,140.4,AF,PT14H,2026-03-05T18:50:00,2026-03-05T20:15:00,
ZRH,BCN,2026/3/5,146.93,JU,PT12H25M,2026-03-05T20:40:00,2026-03-05T22:20:00,
ZRH,BCN,2026/3/5,146.93,JU,PT23H5M,2026-03-05T20:40:00,2026-03-05T22:20:00,
ZRH,BCN,2026/3/5,152.51,TP,PT7H35M,2026-03-05T06:10:00,2026-03-05T08:10:00,
ZRH,BCN,2026/3/6,115.99,UX,PT5H30M,2026-03-06T11:05:00,2026-03-06T13:30:00,
ZRH,BCN,2026/3/6,118.81,AZ,PT5H10M,2026-03-06T10:45:00,2026-03-06T12:15:00,
ZRH,BCN,2026/3/6,118.81,AZ,PT15H35M,2026-03-06T19:15:00,2026-03-06T20:45:00,
ZRH,BCN,2026/3/6,139.42,IB,PT1H50M,2026-03-06T09:35:00,2026-03-06T11:25:00,
ZRH,BCN,2026/3/6,139.42,IB,PT1H50M,2026-03-06T21:35:00,2026-03-06T23:25:00,
ZRH,BCN,2026/3/6,139.42,VY,PT1H50M,2026-03-06T09:35:00,2026-03-06T11:25:00,
ZRH,BCN,2026/3/6,139.42,VY,PT1H50M,2026-03-06T18:10:00,2026-03-06T20:00:00,
ZRH,BCN,2026/3/6,139.42,VY,PT1H50M,2026-03-06T21:35:00,2026-03-06T23:25:00,
ZRH,BCN,2026/3/6,145.62,A3,PT20H30M,2026-03-06T20:25:00,2026-03-06T23:40:00,
ZRH,BCN,2026/3/6,146.93,JU,PT10H15M,2026-03-06T09:30:00,2026-03-06T11:10:00,
ZRH,BCN,2026/3/6,146.93,JU,PT12H25M,2026-03-06T20:40:00,2026-03-06T22:20:00,
ZRH,BCN,2026/3/6,148.51,TP,PT16H5M,2026-03-06T18:00:00,2026-03-06T19:55:00,
ZRH,BCN,2026/3/6,168.93,JU,PT18H,2026-03-06T15:05:00,2026-03-06T16:45:00,
ZRH,BCN,2026/3/6,169.14,A3,PT15H5M,2026-03-06T19:20:00,2026-03-06T22:50:00,
ZRH,BCN,2026/3/6,170.41,AF,PT4H35M,2026-03-06T11:55:00,2026-03-06T13:35:00,
ZRH,BCN,2026/3/7,115.99,UX,PT5H30M,2026-03-07T11:05:00,2026-03-07T13:30:00,
ZRH,BCN,2026/3/7,118.81,AZ,PT5H10M,2026-03-07T10:45:00,2026-03-07T12:15:00,
ZRH,BCN,2026/3/7,118.81,AZ,PT15H35M,2026-03-07T19:15:00,2026-03-07T20:45:00,
ZRH,BCN,2026/3/7,139.42,IB,PT1H50M,2026-03-07T09:40:00,2026-03-07T11:30:00,
ZRH,BCN,2026/3/7,139.42,IB,PT1H50M,2026-03-07T21:35:00,2026-03-07T23:25:00,
ZRH,BCN,2026/3/7,139.42,VY,PT1H50M,2026-03-07T09:40:00,2026-03-07T11:30:00,
ZRH,BCN,2026/3/7,139.42,VY,PT1H50M,2026-03-07T21:35:00,2026-03-07T23:25:00,
ZRH,BCN,2026/3/7,146.93,JU,PT23H5M,2026-03-07T20:40:00,2026-03-07T22:20:00,
ZRH,BCN,2026/3/7,160.51,TP,PT17H45M,2026-03-07T18:00:00,2026-03-07T19:55:00,
ZRH,BCN,2026/3/7,163.41,AF,PT7H30M,2026-03-07T09:00:00,2026-03-07T10:45:00,
ZRH,BCN,2026/3/7,166.99,IB,PT5H30M,2026-03-07T14:55:00,2026-03-07T17:20:00,
ZRH,BCN,2026/3/7,170.41,AF,PT4H35M,2026-03-07T11:55:00,2026-03-07T13:35:00,
ZRH,BCN,2026/3/7,185.51,TP,PT16H5M,2026-03-07T18:00:00,2026-03-07T19:55:00,
ZRH,BCN,2026/3/7,185.95,UX,PT21H50M,2026-03-07T11:05:00,2026-03-07T13:30:00,
ZRH,BCN,2026/3/7,188.41,AF,PT4H50M,2026-03-07T14:15:00,2026-03-07T15:55:00,
ZRH,BCN,2026/3/8,115.99,UX,PT5H30M,2026-03-08T11:05:00,2026-03-08T13:30:00,
ZRH,BCN,2026/3/8,118.81,AZ,PT5H10M,2026-03-08T10:45:00,2026-03-08T12:15:00,
ZRH,BCN,2026/3/8,118.81,AZ,PT15H35M,2026-03-08T19:15:00,2026-03-08T20:45:00,
ZRH,BCN,2026/3/8,138.14,A3,PT15H5M,2026-03-08T19:20:00,2026-03-08T22:50:00,
ZRH,BCN,2026/3/8,139.42,IB,PT1H50M,2026-03-08T09:40:00,2026-03-08T11:30:00,
ZRH,BCN,2026/3/8,139.42,IB,PT1H50M,2026-03-08T21:35:00,2026-03-08T23:25:00,
ZRH,BCN,2026/3/8,139.42,VY,PT1H50M,2026-03-08T09:40:00,2026-03-08T11:30:00,
ZRH,BCN,2026/3/8,139.42,VY,PT1H50M,2026-03-08T21:35:00,2026-03-08T23:25:00,
ZRH,BCN,2026/3/8,146.93,JU,PT10H15M,2026-03-08T09:30:00,2026-03-08T11:10:00,
ZRH,BCN,2026/3/8,146.93,JU,PT18H,2026-03-08T15:05:00,2026-03-08T16:45:00,
ZRH,BCN,2026/3/8,146.93,JU,PT23H5M,2026-03-08T20:40:00,2026-03-08T22:20:00,
ZRH,BCN,2026/3/8,146.93,JU,PT12H25M,2026-03-08T20:40:00,2026-03-08T22:20:00,
ZRH,BCN,2026/3/8,160.51,TP,PT7H35M,2026-03-08T06:10:00,2026-03-08T08:10:00,
ZRH,BCN,2026/3/8,166.99,IB,PT12H20M,2026-03-08T19:40:00,2026-03-08T22:05:00,
ZRH,BCN,2026/3/8,170.41,AF,PT4H35M,2026-03-08T11:55:00,2026-03-08T13:35:00,
ZRH,BCN,2026/3/9,115.99,UX,PT5H30M,2026-03-09T11:05:00,2026-03-09T13:30:00,
ZRH,BCN,2026/3/9,118.81,AZ,PT5H10M,2026-03-09T10:45:00,2026-03-09T12:15:00,
ZRH,BCN,2026/3/9,118.81,AZ,PT15H35M,2026-03-09T19:15:00,2026-03-09T20:45:00,
ZRH,BCN,2026/3/9,123.95,UX,PT22H5M,2026-03-09T18:30:00,2026-03-09T20:55:00,
ZRH,BCN,2026/3/9,139.42,IB,PT1H50M,2026-03-09T09:40:00,2026-03-09T11:30:00,
ZRH,BCN,2026/3/9,139.42,IB,PT1H50M,2026-03-09T21:35:00,2026-03-09T23:25:00,
ZRH,BCN,2026/3/9,139.42,VY,PT1H50M,2026-03-09T09:40:00,2026-03-09T11:30:00,
ZRH,BCN,2026/3/9,139.42,VY,PT1H50M,2026-03-09T21:35:00,2026-03-09T23:25:00,
ZRH,BCN,2026/3/9,140.4,AF,PT4H5M,2026-03-09T18:50:00,2026-03-09T20:15:00,
ZRH,BCN,2026/3/9,140.4,AF,PT4H30M,2026-03-09T14:50:00,2026-03-09T16:10:00,
ZRH,BCN,2026/3/9,140.4,AF,PT4H40M,2026-03-09T06:30:00,2026-03-09T07:55:00,
ZRH,BCN,2026/3/9,140.4,AF,PT6H20M,2026-03-09T10:45:00,2026-03-09T12:10:00,
ZRH,BCN,2026/3/9,140.4,AF,PT7H30M,2026-03-09T06:30:00,2026-03-09T07:55:00,
ZRH,BCN,2026/3/9,140.4,AF,PT8H5M,2026-03-09T14:50:00,2026-03-09T16:10:00,
ZRH,BCN,2026/3/9,140.4,AF,PT14H,2026-03-09T18:50:00,2026-03-09T20:15:00,
ZRH,BCN,2026/3/10,115.99,UX,PT5H30M,2026-03-10T11:05:00,2026-03-10T13:30:00,
ZRH,BCN,2026/3/10,118.81,AZ,PT5H10M,2026-03-10T10:45:00,2026-03-10T12:15:00,
ZRH,BCN,2026/3/10,118.81,AZ,PT15H35M,2026-03-10T19:15:00,2026-03-10T20:45:00,
ZRH,BCN,2026/3/10,123.95,UX,PT22H5M,2026-03-10T18:30:00,2026-03-10T20:55:00,
ZRH,BCN,2026/3/10,139.42,IB,PT1H50M,2026-03-10T09:40:00,2026-03-10T11:30:00,
ZRH,BCN,2026/3/10,139.42,IB,PT1H50M,2026-03-10T21:35:00,2026-03-10T23:25:00,
ZRH,BCN,2026/3/10,139.42,VY,PT1H50M,2026-03-10T09:40:00,2026-03-10T11:30:00,
ZRH,BCN,2026/3/10,139.42,VY,PT1H50M,2026-03-10T21:35:00,2026-03-10T23:25:00,
ZRH,BCN,2026/3/10,140.4,AF,PT4H5M,2026-03-10T18:50:00,2026-03-10T20:15:00,
ZRH,BCN,2026/3/10,140.4,AF,PT4H15M,2026-03-10T10:45:00,2026-03-10T12:10:00,
ZRH,BCN,2026/3/10,140.4,AF,PT4H40M,2026-03-10T06:30:00,2026-03-10T07:55:00,
ZRH,BCN,2026/3/10,140.4,AF,PT6H20M,2026-03-10T10:45:00,2026-03-10T12:10:00,
ZRH,BCN,2026/3/10,140.4,AF,PT7H30M,2026-03-10T06:30:00,2026-03-10T07:55:00,
ZRH,BCN,2026/3/10,140.4,AF,PT14H,2026-03-10T18:50:00,2026-03-10T20:15:00,
ZRH,BCN,2026/3/10,152.41,AF,PT4H35M,2026-03-10T11:55:00,2026-03-10T13:35:00,
ZRH,BCN,2026/3/11,115.99,UX,PT5H30M,2026-03-11T11:05:00,2026-03-11T13:30:00,
ZRH,BCN,2026/3/11,115.99,UX,PT14H25M,2026-03-11T18:30:00,2026-03-11T20:55:00,
ZRH,BCN,2026/3/11,117.42,VY,PT1H50M,2026-03-11T09:40:00,2026-03-11T11:30:00,
ZRH,BCN,2026/3/11,118.81,AZ,PT5H10M,2026-03-11T10:45:00,2026-03-11T12:15:00,
ZRH,BCN,2026/3/11,118.81,AZ,PT15H35M,2026-03-11T19:15:00,2026-03-11T20:45:00,
ZRH,BCN,2026/3/11,123.95,UX,PT21H50M,2026-03-11T11:05:00,2026-03-11T13:30:00,
ZRH,BCN,2026/3/11,123.95,UX,PT22H5M,2026-03-11T18:30:00,2026-03-11T20:55:00,
ZRH,BCN,2026/3/11,139.42,IB,PT1H50M,2026-03-11T09:40:00,2026-03-11T11:30:00,
ZRH,BCN,2026/3/11,139.42,IB,PT1H50M,2026-03-11T21:35:00,2026-03-11T23:25:00,
ZRH,BCN,2026/3/11,139.42,VY,PT1H50M,2026-03-11T21:35:00,2026-03-11T23:25:00,
ZRH,BCN,2026/3/11,140.4,AF,PT14H,2026-03-11T18:50:00,2026-03-11T20:15:00,
ZRH,BCN,2026/3/11,148.51,TP,PT17H45M,2026-03-11T18:00:00,2026-03-11T20:00:00,
ZRH,BCN,2026/3/11,152.41,AF,PT4H35M,2026-03-11T11:55:00,2026-03-11T13:35:00,
ZRH,BCN,2026/3/11,152.41,AF,PT5H35M,2026-03-11T17:30:00,2026-03-11T19:15:00,
ZRH,BCN,2026/3/11,152.41,AF,PT7H30M,2026-03-11T09:00:00,2026-03-11T10:45:00,
ZRH,BCN,2026/3/12,115.99,UX,PT5H30M,2026-03-12T11:05:00,2026-03-12T13:30:00,
ZRH,BCN,2026/3/12,118.81,AZ,PT15H35M,2026-03-12T19:15:00,2026-03-12T20:45:00,
ZRH,BCN,2026/3/12,139.42,IB,PT1H50M,2026-03-12T09:40:00,2026-03-12T11:30:00,
ZRH,BCN,2026/3/12,139.42,IB,PT1H50M,2026-03-12T21:35:00,2026-03-12T23:25:00,
ZRH,BCN,2026/3/12,139.42,VY,PT1H50M,2026-03-12T09:40:00,2026-03-12T11:30:00,
ZRH,BCN,2026/3/12,139.42,VY,PT1H50M,2026-03-12T21:35:00,2026-03-12T23:25:00,
ZRH,BCN,2026/3/12,140.4,AF,PT4H40M,2026-03-12T06:30:00,2026-03-12T07:55:00,
ZRH,BCN,2026/3/12,140.4,AF,PT7H30M,2026-03-12T06:30:00,2026-03-12T07:55:00,
ZRH,BCN,2026/3/12,146.93,JU,PT12H25M,2026-03-12T20:40:00,2026-03-12T22:20:00,
ZRH,BCN,2026/3/12,146.93,JU,PT23H5M,2026-03-12T20:40:00,2026-03-12T22:20:00,
ZRH,BCN,2026/3/12,148.51,TP,PT7H35M,2026-03-12T06:10:00,2026-03-12T08:10:00,
ZRH,BCN,2026/3/12,152.41,AF,PT4H35M,2026-03-12T11:55:00,2026-03-12T13:35:00,
ZRH,BCN,2026/3/12,152.41,AF,PT4H50M,2026-03-12T14:15:00,2026-03-12T15:55:00,
ZRH,BCN,2026/3/12,152.41,AF,PT5H25M,2026-03-12T06:50:00,2026-03-12T08:25:00,
ZRH,BCN,2026/3/12,152.41,AF,PT5H35M,2026-03-12T17:30:00,2026-03-12T19:15:00,
ZRH,BCN,2026/3/13,115.99,UX,PT5H30M,2026-03-13T11:05:00,2026-03-13T13:30:00,
ZRH,BCN,2026/3/13,118.81,AZ,PT15H35M,2026-03-13T19:15:00,2026-03-13T20:45:00,
ZRH,BCN,2026/3/13,123.95,UX,PT22H5M,2026-03-13T18:30:00,2026-03-13T20:55:00,
ZRH,BCN,2026/3/13,138.14,A3,PT15H5M,2026-03-13T19:20:00,2026-03-13T22:50:00,
ZRH,BCN,2026/3/13,139.42,IB,PT1H50M,2026-03-13T09:35:00,2026-03-13T11:25:00,
ZRH,BCN,2026/3/13,139.42,IB,PT1H50M,2026-03-13T21:35:00,2026-03-13T23:25:00,
ZRH,BCN,2026/3/13,139.42,VY,PT1H50M,2026-03-13T09:35:00,2026-03-13T11:25:00,
ZRH,BCN,2026/3/13,139.42,VY,PT1H50M,2026-03-13T18:10:00,2026-03-13T20:00:00,
ZRH,BCN,2026/3/13,139.42,VY,PT1H50M,2026-03-13T21:35:00,2026-03-13T23:25:00,
ZRH,BCN,2026/3/13,139.59,AZ,PT5H10M,2026-03-13T10:45:00,2026-03-13T12:15:00,
ZRH,BCN,2026/3/13,145.62,A3,PT20H30M,2026-03-13T20:25:00,2026-03-13T23:40:00,
ZRH,BCN,2026/3/13,145.99,UX,PT14H25M,2026-03-13T18:30:00,2026-03-13T20:55:00,
ZRH,BCN,2026/3/13,146.93,JU,PT10H15M,2026-03-13T09:30:00,2026-03-13T11:10:00,
ZRH,BCN,2026/3/13,146.93,JU,PT12H25M,2026-03-13T20:40:00,2026-03-13T22:20:00,
ZRH,BCN,2026/3/13,152.41,AF,PT4H35M,2026-03-13T11:55:00,2026-03-13T13:35:00,
ZRH,BCN,2026/3/14,115.99,UX,PT5H30M,2026-03-14T11:05:00,2026-03-14T13:30:00,
ZRH,BCN,2026/3/14,118.81,AZ,PT15H35M,2026-03-14T19:15:00,2026-03-14T20:45:00,
ZRH,BCN,2026/3/14,137.41,AF,PT4H35M,2026-03-14T11:55:00,2026-03-14T13:35:00,
ZRH,BCN,2026/3/14,137.41,AF,PT4H50M,2026-03-14T14:15:00,2026-03-14T15:55:00,
ZRH,BCN,2026/3/14,137.41,AF,PT5H25M,2026-03-14T06:50:00,2026-03-14T08:25:00,
ZRH,BCN,2026/3/14,137.41,AF,PT7H10M,2026-03-14T11:55:00,2026-03-14T13:35:00,
ZRH,BCN,2026/3/14,137.41,AF,PT7H30M,2026-03-14T09:00:00,2026-03-14T10:45:00,
ZRH,BCN,2026/3/14,137.41,AF,PT16H55M,2026-03-14T17:30:00,2026-03-14T19:15:00,
ZRH,BCN,2026/3/14,137.41,AF,PT18H45M,2026-03-14T17:30:00,2026-03-14T19:15:00,
ZRH,BCN,2026/3/14,137.41,AF,PT20H10M,2026-03-14T14:15:00,2026-03-14T15:55:00,
ZRH,BCN,2026/3/14,139.42,IB,PT1H50M,2026-03-14T09:40:00,2026-03-14T11:30:00,
ZRH,BCN,2026/3/14,139.42,IB,PT1H50M,2026-03-14T21:35:00,2026-03-14T23:25:00,
ZRH,BCN,2026/3/14,139.42,VY,PT1H50M,2026-03-14T09:40:00,2026-03-14T11:30:00,
ZRH,BCN,2026/3/14,139.42,VY,PT1H50M,2026-03-14T21:35:00,2026-03-14T23:25:00,
ZRH,BCN,2026/3/14,139.59,AZ,PT5H10M,2026-03-14T10:45:00,2026-03-14T12:15:00,
ZRH,BCN,2026/3/15,104.93,JU,PT23H5M,2026-03-15T20:40:00,2026-03-15T22:20:00,
ZRH,BCN,2026/3/15,118.81,AZ,PT15H35M,2026-03-15T19:15:00,2026-03-15T20:45:00,
ZRH,BCN,2026/3/15,137.41,AF,PT4H35M,2026-03-15T11:55:00,2026-03-15T13:35:00,
ZRH,BCN,2026/3/15,137.41,AF,PT4H50M,2026-03-15T14:15:00,2026-03-15T15:55:00,
ZRH,BCN,2026/3/15,137.41,AF,PT5H25M,2026-03-15T06:50:00,2026-03-15T08:25:00,
ZRH,BCN,2026/3/15,137.41,AF,PT5H35M,2026-03-15T17:30:00,2026-03-15T19:15:00,
ZRH,BCN,2026/3/15,137.41,AF,PT7H10M,2026-03-15T11:55:00,2026-03-15T13:35:00,
ZRH,BCN,2026/3/15,137.41,AF,PT7H30M,2026-03-15T09:00:00,2026-03-15T10:45:00,
ZRH,BCN,2026/3/15,137.41,AF,PT8H50M,2026-03-15T14:15:00,2026-03-15T15:55:00,
ZRH,BCN,2026/3/15,137.41,AF,PT15H15M,2026-03-15T19:10:00,2026-03-15T20:50:00,
ZRH,BCN,2026/3/15,137.41,AF,PT16H55M,2026-03-15T17:30:00,2026-03-15T19:15:00,
ZRH,BCN,2026/3/15,137.41,AF,PT17H5M,2026-03-15T19:10:00,2026-03-15T20:50:00,
ZRH,BCN,2026/3/15,139.42,IB,PT1H50M,2026-03-15T09:40:00,2026-03-15T11:30:00,
ZRH,BCN,2026/3/15,139.42,IB,PT1H50M,2026-03-15T21:35:00,2026-03-15T23:25:00,
ZRH,BCN,2026/3/15,139.42,VY,PT1H50M,2026-03-15T09:40:00,2026-03-15T11:30:00,
ZRH,BCN,2026/3/16,104.93,JU,PT10H15M,2026-03-16T09:30:00,2026-03-16T11:10:00,
ZRH,BCN,2026/3/16,115.99,UX,PT5H30M,2026-03-16T11:05:00,2026-03-16T13:30:00,
ZRH,BCN,2026/3/16,118.81,AZ,PT15H35M,2026-03-16T19:15:00,2026-03-16T20:45:00,
ZRH,BCN,2026/3/16,137.41,AF,PT15H15M,2026-03-16T19:10:00,2026-03-16T20:50:00,
ZRH,BCN,2026/3/16,137.41,AF,PT16H50M,2026-03-16T17:35:00,2026-03-16T19:15:00,
ZRH,BCN,2026/3/16,137.41,AF,PT17H5M,2026-03-16T19:10:00,2026-03-16T20:50:00,
ZRH,BCN,2026/3/16,139.42,IB,PT1H50M,2026-03-16T09:40:00,2026-03-16T11:30:00,
ZRH,BCN,2026/3/16,139.42,IB,PT1H50M,2026-03-16T21:35:00,2026-03-16T23:25:00,
ZRH,BCN,2026/3/16,139.42,VY,PT1H50M,2026-03-16T09:40:00,2026-03-16T11:30:00,
ZRH,BCN,2026/3/16,139.42,VY,PT1H50M,2026-03-16T21:35:00,2026-03-16T23:25:00,
ZRH,BCN,2026/3/16,140.4,AF,PT4H5M,2026-03-16T18:50:00,2026-03-16T20:15:00,
ZRH,BCN,2026/3/16,140.4,AF,PT4H30M,2026-03-16T14:50:00,2026-03-16T16:10:00,
ZRH,BCN,2026/3/16,140.4,AF,PT6H20M,2026-03-16T10:45:00,2026-03-16T12:10:00,
ZRH,BCN,2026/3/16,140.4,AF,PT8H5M,2026-03-16T14:50:00,2026-03-16T16:10:00,
ZRH,BCN,2026/3/16,140.4,AF,PT14H,2026-03-16T18:50:00,2026-03-16T20:15:00,
ZRH,BCN,2026/3/17,115.99,UX,PT5H30M,2026-03-17T11:05:00,2026-03-17T13:30:00,
ZRH,BCN,2026/3/17,118.81,AZ,PT5H10M,2026-03-17T10:45:00,2026-03-17T12:15:00,
ZRH,BCN,2026/3/17,123.95,UX,PT22H5M,2026-03-17T18:30:00,2026-03-17T20:55:00,
ZRH,BCN,2026/3/17,137.41,AF,PT4H35M,2026-03-17T11:55:00,2026-03-17T13:35:00,
ZRH,BCN,2026/3/17,137.41,AF,PT4H50M,2026-03-17T14:15:00,2026-03-17T15:55:00,
ZRH,BCN,2026/3/17,137.41,AF,PT5H25M,2026-03-17T06:50:00,2026-03-17T08:25:00,
ZRH,BCN,2026/3/17,137.41,AF,PT5H35M,2026-03-17T17:30:00,2026-03-17T19:15:00,
ZRH,BCN,2026/3/17,137.41,AF,PT7H10M,2026-03-17T11:55:00,2026-03-17T13:35:00,
ZRH,BCN,2026/3/17,137.41,AF,PT7H30M,2026-03-17T09:00:00,2026-03-17T10:45:00,
ZRH,BCN,2026/3/17,137.41,AF,PT8H50M,2026-03-17T14:15:00,2026-03-17T15:55:00,
ZRH,BCN,2026/3/17,137.41,AF,PT15H15M,2026-03-17T19:10:00,2026-03-17T20:50:00,
ZRH,BCN,2026/3/17,137.41,AF,PT16H55M,2026-03-17T17:30:00,2026-03-17T19:15:00,
ZRH,BCN,2026/3/17,137.41,AF,PT17H5M,2026-03-17T19:10:00,2026-03-17T20:50:00,
ZRH,BCN,2026/3/17,139.42,IB,PT1H50M,2026-03-17T09:40:00,2026-03-17T11:30:00,
ZRH,BCN,2026/3/17,139.42,IB,PT1H50M,2026-03-17T21:35:00,2026-03-17T23:25:00,
ZRH,BCN,2026/3/18,115.99,UX,PT5H30M,2026-03-18T11:05:00,2026-03-18T13:30:00,
ZRH,BCN,2026/3/18,118.81,AZ,PT15H35M,2026-03-18T19:15:00,2026-03-18T20:45:00,
ZRH,BCN,2026/3/18,123.95,UX,PT22H5M,2026-03-18T18:30:00,2026-03-18T20:55:00,
ZRH,BCN,2026/3/18,137.41,AF,PT4H35M,2026-03-18T11:55:00,2026-03-18T13:35:00,
ZRH,BCN,2026/3/18,137.41,AF,PT4H50M,2026-03-18T14:15:00,2026-03-18T15:55:00,
ZRH,BCN,2026/3/18,137.41,AF,PT5H25M,2026-03-18T06:50:00,2026-03-18T08:25:00,
ZRH,BCN,2026/3/18,137.41,AF,PT5H35M,2026-03-18T17:30:00,2026-03-18T19:15:00,
ZRH,BCN,2026/3/18,137.41,AF,PT7H10M,2026-03-18T11:55:00,2026-03-18T13:35:00,
ZRH,BCN,2026/3/18,137.41,AF,PT7H30M,2026-03-18T09:00:00,2026-03-18T10:45:00,
ZRH,BCN,2026/3/18,137.41,AF,PT8H50M,2026-03-18T14:15:00,2026-03-18T15:55:00,
ZRH,BCN,2026/3/18,137.41,AF,PT15H15M,2026-03-18T19:10:00,2026-03-18T20:50:00,
ZRH,BCN,2026/3/18,137.41,AF,PT16H55M,2026-03-18T17:30:00,2026-03-18T19:15:00,
ZRH,BCN,2026/3/18,137.41,AF,PT17H5M,2026-03-18T19:10:00,2026-03-18T20:50:00,
ZRH,BCN,2026/3/18,139.42,IB,PT1H50M,2026-03-18T09:40:00,2026-03-18T11:30:00,
ZRH,BCN,2026/3/18,139.42,IB,PT1H50M,2026-03-18T21:35:00,2026-03-18T23:25:00,
ZRH,BCN,2026/3/19,104.93,JU,PT23H5M,2026-03-19T20:40:00,2026-03-19T22:20:00,
ZRH,BCN,2026/3/19,115.99,UX,PT5H30M,2026-03-19T11:05:00,2026-03-19T13:30:00,
ZRH,BCN,2026/3/19,123.41,AF,PT4H35M,2026-03-19T11:55:00,2026-03-19T13:35:00,
ZRH,BCN,2026/3/19,123.41,AF,PT4H50M,2026-03-19T14:15:00,2026-03-19T15:55:00,
ZRH,BCN,2026/3/19,123.41,AF,PT5H25M,2026-03-19T06:50:00,2026-03-19T08:25:00,
ZRH,BCN,2026/3/19,123.41,AF,PT5H35M,2026-03-19T17:30:00,2026-03-19T19:15:00,
ZRH,BCN,2026/3/19,123.41,AF,PT7H10M,2026-03-19T11:55:00,2026-03-19T13:35:00,
ZRH,BCN,2026/3/19,123.41,AF,PT7H30M,2026-03-19T09:00:00,2026-03-19T10:45:00,
ZRH,BCN,2026/3/19,123.41,AF,PT8H50M,2026-03-19T14:15:00,2026-03-19T15:55:00,
ZRH,BCN,2026/3/19,123.41,AF,PT15H15M,2026-03-19T19:10:00,2026-03-19T20:50:00,
ZRH,BCN,2026/3/19,123.41,AF,PT16H55M,2026-03-19T17:30:00,2026-03-19T19:15:00,
ZRH,BCN,2026/3/19,123.41,AF,PT17H5M,2026-03-19T19:10:00,2026-03-19T20:50:00,
ZRH,BCN,2026/3/19,139.42,IB,PT1H50M,2026-03-19T09:40:00,2026-03-19T11:30:00,
ZRH,BCN,2026/3/19,139.42,IB,PT1H50M,2026-03-19T21:35:00,2026-03-19T23:25:00,
ZRH,BCN,2026/3/19,139.42,VY,PT1H50M,2026-03-19T09:40:00,2026-03-19T11:30:00,
BRU,BCN,2026/2/18,77.24,VY,PT2H5M,2026-02-18T09:40:00,2026-02-18T11:45:00,
BRU,BCN,2026/2/18,93.24,IB,PT2H,2026-02-18T15:10:00,2026-02-18T17:10:00,
BRU,BCN,2026/2/18,93.24,IB,PT2H4M,2026-02-18T21:55:00,2026-02-18T23:59:00,
BRU,BCN,2026/2/18,93.24,IB,PT2H5M,2026-02-18T09:40:00,2026-02-18T11:45:00,
BRU,BCN,2026/2/18,93.24,IB,PT2H5M,2026-02-18T17:10:00,2026-02-18T19:15:00,
BRU,BCN,2026/2/18,93.24,VY,PT2H,2026-02-18T15:10:00,2026-02-18T17:10:00,
BRU,BCN,2026/2/18,93.24,VY,PT2H4M,2026-02-18T21:55:00,2026-02-18T23:59:00,
BRU,BCN,2026/2/18,93.24,VY,PT2H5M,2026-02-18T17:10:00,2026-02-18T19:15:00,
BRU,BCN,2026/2/18,102.09,UX,PT5H50M,2026-02-18T10:45:00,2026-02-18T13:15:00,
BRU,BCN,2026/2/18,109.61,UX,PT21H40M,2026-02-18T18:55:00,2026-02-18T21:25:00,
BRU,BCN,2026/2/18,115.09,UX,PT14H,2026-02-18T18:55:00,2026-02-18T21:25:00,
BRU,BCN,2026/2/18,128.96,A3,PT21H30M,2026-02-18T19:40:00,2026-02-18T23:40:00,
BRU,BCN,2026/2/18,154.96,A3,PT14H45M,2026-02-18T19:40:00,2026-02-18T23:40:00,
BRU,BCN,2026/2/18,154.96,A3,PT23H,2026-02-18T11:25:00,2026-02-18T15:25:00,
BRU,BCN,2026/2/18,154.96,A3,PT29H45M,2026-02-18T11:25:00,2026-02-18T15:25:00,
BRU,BCN,2026/2/19,85.24,VY,PT2H5M,2026-02-19T09:40:00,2026-02-19T11:45:00,
BRU,BCN,2026/2/19,93.24,IB,PT2H,2026-02-19T15:30:00,2026-02-19T17:30:00,
BRU,BCN,2026/2/19,93.24,IB,PT2H4M,2026-02-19T21:55:00,2026-02-19T23:59:00,
BRU,BCN,2026/2/19,93.24,IB,PT2H5M,2026-02-19T09:40:00,2026-02-19T11:45:00,
BRU,BCN,2026/2/19,93.24,IB,PT2H5M,2026-02-19T17:10:00,2026-02-19T19:15:00,
BRU,BCN,2026/2/19,93.24,VY,PT2H,2026-02-19T15:30:00,2026-02-19T17:30:00,
BRU,BCN,2026/2/19,93.24,VY,PT2H4M,2026-02-19T21:55:00,2026-02-19T23:59:00,
BRU,BCN,2026/2/19,93.24,VY,PT2H5M,2026-02-19T17:10:00,2026-02-19T19:15:00,
BRU,BCN,2026/2/19,102.09,UX,PT5H50M,2026-02-19T10:45:00,2026-02-19T13:15:00,
BRU,BCN,2026/2/19,109.61,UX,PT21H40M,2026-02-19T18:55:00,2026-02-19T21:25:00,
BRU,BCN,2026/2/19,128.96,A3,PT29H25M,2026-02-19T11:45:00,2026-02-19T15:45:00,
BRU,BCN,2026/2/19,154.96,A3,PT14H45M,2026-02-19T19:40:00,2026-02-19T23:40:00,
BRU,BCN,2026/2/19,154.96,A3,PT21H30M,2026-02-19T19:40:00,2026-02-19T23:40:00,
BRU,BCN,2026/2/19,154.96,A3,PT22H40M,2026-02-19T11:45:00,2026-02-19T15:45:00,
BRU,BCN,2026/2/19,155.09,UX,PT14H,2026-02-19T18:55:00,2026-02-19T21:25:00,
BRU,BCN,2026/2/20,93.24,IB,PT2H,2026-02-20T15:10:00,2026-02-20T17:10:00,
BRU,BCN,2026/2/20,93.24,IB,PT2H4M,2026-02-20T21:55:00,2026-02-20T23:59:00,
BRU,BCN,2026/2/20,93.24,IB,PT2H5M,2026-02-20T09:40:00,2026-02-20T11:45:00,
BRU,BCN,2026/2/20,93.24,IB,PT2H5M,2026-02-20T17:10:00,2026-02-20T19:15:00,
BRU,BCN,2026/2/20,93.24,VY,PT2H,2026-02-20T15:10:00,2026-02-20T17:10:00,
BRU,BCN,2026/2/20,93.24,VY,PT2H4M,2026-02-20T21:55:00,2026-02-20T23:59:00,
BRU,BCN,2026/2/20,93.24,VY,PT2H5M,2026-02-20T09:40:00,2026-02-20T11:45:00,
BRU,BCN,2026/2/20,93.24,VY,PT2H5M,2026-02-20T17:10:00,2026-02-20T19:15:00,
BRU,BCN,2026/2/20,102.09,UX,PT5H50M,2026-02-20T10:45:00,2026-02-20T13:15:00,
BRU,BCN,2026/2/20,122.61,UX,PT22H10M,2026-02-20T10:45:00,2026-02-20T13:15:00,
BRU,BCN,2026/2/20,151.65,AZ,PT15H55M,2026-02-20T18:55:00,2026-02-20T21:00:00,
BRU,BCN,2026/2/20,151.65,AZ,PT21H,2026-02-20T18:55:00,2026-02-20T21:00:00,
BRU,BCN,2026/2/20,154.96,A3,PT14H45M,2026-02-20T19:40:00,2026-02-20T23:40:00,
BRU,BCN,2026/2/20,154.96,A3,PT23H,2026-02-20T11:25:00,2026-02-20T15:25:00,
BRU,BCN,2026/2/20,155.75,JU,PT10H20M,2026-02-20T09:25:00,2026-02-20T11:35:00,
BRU,BCN,2026/2/21,77.24,VY,PT2H,2026-02-21T15:10:00,2026-02-21T17:10:00,
BRU,BCN,2026/2/21,77.24,VY,PT2H5M,2026-02-21T09:40:00,2026-02-21T11:45:00,
BRU,BCN,2026/2/21,93.24,IB,PT2H,2026-02-21T15:10:00,2026-02-21T17:10:00,
BRU,BCN,2026/2/21,93.24,IB,PT2H4M,2026-02-21T21:55:00,2026-02-21T23:59:00,
BRU,BCN,2026/2/21,93.24,IB,PT2H5M,2026-02-21T09:40:00,2026-02-21T11:45:00,
BRU,BCN,2026/2/21,93.24,VY,PT2H4M,2026-02-21T21:55:00,2026-02-21T23:59:00,
BRU,BCN,2026/2/21,102.09,UX,PT5H50M,2026-02-21T10:45:00,2026-02-21T13:15:00,
BRU,BCN,2026/2/21,122.61,UX,PT22H10M,2026-02-21T10:45:00,2026-02-21T13:15:00,
BRU,BCN,2026/2/21,128.96,A3,PT21H30M,2026-02-21T19:40:00,2026-02-21T23:40:00,
BRU,BCN,2026/2/21,151.09,IB,PT12H40M,2026-02-21T19:45:00,2026-02-21T22:10:00,
BRU,BCN,2026/2/21,151.09,IB,PT14H,2026-02-21T19:45:00,2026-02-21T22:10:00,
BRU,BCN,2026/2/21,151.65,AZ,PT11H40M,2026-02-21T11:35:00,2026-02-21T13:40:00,
BRU,BCN,2026/2/21,151.65,AZ,PT15H55M,2026-02-21T18:55:00,2026-02-21T21:00:00,
BRU,BCN,2026/2/21,151.65,AZ,PT21H,2026-02-21T18:55:00,2026-02-21T21:00:00,
BRU,BCN,2026/2/21,151.65,AZ,PT23H15M,2026-02-21T11:35:00,2026-02-21T13:40:00,
BRU,BCN,2026/2/22,93.24,IB,PT2H,2026-02-22T15:10:00,2026-02-22T17:10:00,
BRU,BCN,2026/2/22,93.24,IB,PT2H4M,2026-02-22T21:55:00,2026-02-22T23:59:00,
BRU,BCN,2026/2/22,93.24,IB,PT2H5M,2026-02-22T09:40:00,2026-02-22T11:45:00,
BRU,BCN,2026/2/22,93.24,IB,PT2H5M,2026-02-22T17:00:00,2026-02-22T19:05:00,
BRU,BCN,2026/2/22,93.24,VY,PT2H,2026-02-22T15:10:00,2026-02-22T17:10:00,
BRU,BCN,2026/2/22,93.24,VY,PT2H4M,2026-02-22T21:55:00,2026-02-22T23:59:00,
BRU,BCN,2026/2/22,93.24,VY,PT2H5M,2026-02-22T09:40:00,2026-02-22T11:45:00,
BRU,BCN,2026/2/22,93.24,VY,PT2H5M,2026-02-22T17:00:00,2026-02-22T19:05:00,
BRU,BCN,2026/2/22,102.09,UX,PT5H50M,2026-02-22T10:45:00,2026-02-22T13:15:00,
BRU,BCN,2026/2/22,109.61,UX,PT22H10M,2026-02-22T10:45:00,2026-02-22T13:15:00,
BRU,BCN,2026/2/22,128.96,A3,PT14H45M,2026-02-22T19:40:00,2026-02-22T23:40:00,
BRU,BCN,2026/2/22,128.96,A3,PT21H30M,2026-02-22T19:40:00,2026-02-22T23:40:00,
BRU,BCN,2026/2/22,128.96,A3,PT23H,2026-02-22T11:25:00,2026-02-22T15:25:00,
BRU,BCN,2026/2/22,151.09,IB,PT5H40M,2026-02-22T07:00:00,2026-02-22T09:25:00,
BRU,BCN,2026/2/22,151.65,AZ,PT15H55M,2026-02-22T18:55:00,2026-02-22T21:00:00,
BRU,BCN,2026/2/23,77.24,VY,PT2H5M,2026-02-23T09:40:00,2026-02-23T11:45:00,
BRU,BCN,2026/2/23,93.24,IB,PT2H,2026-02-23T15:10:00,2026-02-23T17:10:00,
BRU,BCN,2026/2/23,93.24,IB,PT2H4M,2026-02-23T21:55:00,2026-02-23T23:59:00,
BRU,BCN,2026/2/23,93.24,IB,PT2H5M,2026-02-23T09:40:00,2026-02-23T11:45:00,
BRU,BCN,2026/2/23,93.24,IB,PT2H5M,2026-02-23T17:10:00,2026-02-23T19:15:00,
BRU,BCN,2026/2/23,93.24,VY,PT2H,2026-02-23T15:10:00,2026-02-23T17:10:00,
BRU,BCN,2026/2/23,93.24,VY,PT2H4M,2026-02-23T21:55:00,2026-02-23T23:59:00,
BRU,BCN,2026/2/23,93.24,VY,PT2H5M,2026-02-23T17:10:00,2026-02-23T19:15:00,
BRU,BCN,2026/2/23,102.09,UX,PT14H,2026-02-23T18:55:00,2026-02-23T21:25:00,
BRU,BCN,2026/2/23,109.61,UX,PT21H40M,2026-02-23T18:55:00,2026-02-23T21:25:00,
BRU,BCN,2026/2/23,128.96,A3,PT14H45M,2026-02-23T19:40:00,2026-02-23T23:40:00,
BRU,BCN,2026/2/23,128.96,A3,PT21H30M,2026-02-23T19:40:00,2026-02-23T23:40:00,
BRU,BCN,2026/2/23,128.96,A3,PT23H,2026-02-23T11:25:00,2026-02-23T15:25:00,
BRU,BCN,2026/2/23,128.96,A3,PT29H45M,2026-02-23T11:25:00,2026-02-23T15:25:00,
BRU,BCN,2026/2/23,151.65,AZ,PT15H55M,2026-02-23T18:55:00,2026-02-23T21:00:00,
BRU,BCN,2026/2/24,93.24,IB,PT2H,2026-02-24T15:10:00,2026-02-24T17:10:00,
BRU,BCN,2026/2/24,93.24,IB,PT2H4M,2026-02-24T21:55:00,2026-02-24T23:59:00,
BRU,BCN,2026/2/24,93.24,IB,PT2H5M,2026-02-24T09:40:00,2026-02-24T11:45:00,
BRU,BCN,2026/2/24,93.24,VY,PT2H,2026-02-24T15:10:00,2026-02-24T17:10:00,
BRU,BCN,2026/2/24,93.24,VY,PT2H4M,2026-02-24T21:55:00,2026-02-24T23:59:00,
BRU,BCN,2026/2/24,93.24,VY,PT2H5M,2026-02-24T09:40:00,2026-02-24T11:45:00,
BRU,BCN,2026/2/24,115.09,UX,PT5H50M,2026-02-24T10:45:00,2026-02-24T13:15:00,
BRU,BCN,2026/2/24,122.61,UX,PT22H10M,2026-02-24T10:45:00,2026-02-24T13:15:00,
BRU,BCN,2026/2/24,123.65,AZ,PT15H55M,2026-02-24T18:55:00,2026-02-24T21:00:00,
BRU,BCN,2026/2/24,123.65,AZ,PT21H,2026-02-24T18:55:00,2026-02-24T21:00:00,
BRU,BCN,2026/2/24,128.96,A3,PT14H45M,2026-02-24T19:40:00,2026-02-24T23:40:00,
BRU,BCN,2026/2/24,128.96,A3,PT21H30M,2026-02-24T19:40:00,2026-02-24T23:40:00,
BRU,BCN,2026/2/24,128.96,A3,PT23H,2026-02-24T11:25:00,2026-02-24T15:25:00,
BRU,BCN,2026/2/24,128.96,A3,PT29H45M,2026-02-24T11:25:00,2026-02-24T15:25:00,
BRU,BCN,2026/2/24,152.74,SN,PT2H,2026-02-24T12:15:00,2026-02-24T14:15:00,
BRU,BCN,2026/2/25,93.24,IB,PT2H,2026-02-25T15:10:00,2026-02-25T17:10:00,
BRU,BCN,2026/2/25,93.24,IB,PT2H4M,2026-02-25T21:55:00,2026-02-25T23:59:00,
BRU,BCN,2026/2/25,93.24,IB,PT2H5M,2026-02-25T09:40:00,2026-02-25T11:45:00,
BRU,BCN,2026/2/25,93.24,IB,PT2H5M,2026-02-25T17:10:00,2026-02-25T19:15:00,
BRU,BCN,2026/2/25,93.24,VY,PT2H,2026-02-25T15:10:00,2026-02-25T17:10:00,
BRU,BCN,2026/2/25,93.24,VY,PT2H4M,2026-02-25T21:55:00,2026-02-25T23:59:00,
BRU,BCN,2026/2/25,93.24,VY,PT2H5M,2026-02-25T09:40:00,2026-02-25T11:45:00,
BRU,BCN,2026/2/25,93.24,VY,PT2H5M,2026-02-25T17:10:00,2026-02-25T19:15:00,
BRU,BCN,2026/2/25,102.09,UX,PT5H50M,2026-02-25T10:45:00,2026-02-25T13:15:00,
BRU,BCN,2026/2/25,109.61,UX,PT21H40M,2026-02-25T18:55:00,2026-02-25T21:25:00,
BRU,BCN,2026/2/25,122.61,UX,PT22H10M,2026-02-25T10:45:00,2026-02-25T13:15:00,
BRU,BCN,2026/2/25,128.96,A3,PT14H45M,2026-02-25T19:40:00,2026-02-25T23:40:00,
BRU,BCN,2026/2/25,128.96,A3,PT21H30M,2026-02-25T19:40:00,2026-02-25T23:40:00,
BRU,BCN,2026/2/25,128.96,A3,PT23H,2026-02-25T11:25:00,2026-02-25T15:25:00,
BRU,BCN,2026/2/25,128.96,A3,PT29H45M,2026-02-25T11:25:00,2026-02-25T15:25:00,
BRU,BCN,2026/2/26,93.24,IB,PT2H,2026-02-26T15:30:00,2026-02-26T17:30:00,
BRU,BCN,2026/2/26,93.24,IB,PT2H4M,2026-02-26T21:55:00,2026-02-26T23:59:00,
BRU,BCN,2026/2/26,93.24,IB,PT2H5M,2026-02-26T09:40:00,2026-02-26T11:45:00,
BRU,BCN,2026/2/26,93.24,IB,PT2H5M,2026-02-26T17:10:00,2026-02-26T19:15:00,
BRU,BCN,2026/2/26,93.24,VY,PT2H,2026-02-26T15:30:00,2026-02-26T17:30:00,
BRU,BCN,2026/2/26,93.24,VY,PT2H4M,2026-02-26T21:55:00,2026-02-26T23:59:00,
BRU,BCN,2026/2/26,93.24,VY,PT2H5M,2026-02-26T09:40:00,2026-02-26T11:45:00,
BRU,BCN,2026/2/26,93.24,VY,PT2H5M,2026-02-26T17:10:00,2026-02-26T19:15:00,
BRU,BCN,2026/2/26,102.09,UX,PT5H50M,2026-02-26T10:45:00,2026-02-26T13:15:00,
BRU,BCN,2026/2/26,109.61,UX,PT21H40M,2026-02-26T18:55:00,2026-02-26T21:25:00,
BRU,BCN,2026/2/26,123.65,AZ,PT21H,2026-02-26T18:55:00,2026-02-26T21:00:00,
BRU,BCN,2026/2/26,128.96,A3,PT14H45M,2026-02-26T19:40:00,2026-02-26T23:40:00,
BRU,BCN,2026/2/26,128.96,A3,PT21H30M,2026-02-26T19:40:00,2026-02-26T23:40:00,
BRU,BCN,2026/2/26,128.96,A3,PT23H,2026-02-26T11:25:00,2026-02-26T15:25:00,
BRU,BCN,2026/2/26,128.96,A3,PT29H45M,2026-02-26T11:25:00,2026-02-26T15:25:00,
BRU,BCN,2026/2/27,93.24,IB,PT2H,2026-02-27T15:10:00,2026-02-27T17:10:00,
BRU,BCN,2026/2/27,93.24,IB,PT2H4M,2026-02-27T21:55:00,2026-02-27T23:59:00,
BRU,BCN,2026/2/27,93.24,IB,PT2H5M,2026-02-27T09:40:00,2026-02-27T11:45:00,
BRU,BCN,2026/2/27,93.24,IB,PT2H5M,2026-02-27T17:10:00,2026-02-27T19:15:00,
BRU,BCN,2026/2/27,93.24,VY,PT2H,2026-02-27T15:10:00,2026-02-27T17:10:00,
BRU,BCN,2026/2/27,93.24,VY,PT2H4M,2026-02-27T21:55:00,2026-02-27T23:59:00,
BRU,BCN,2026/2/27,93.24,VY,PT2H5M,2026-02-27T09:40:00,2026-02-27T11:45:00,
BRU,BCN,2026/2/27,93.24,VY,PT2H5M,2026-02-27T17:10:00,2026-02-27T19:15:00,
BRU,BCN,2026/2/27,102.09,UX,PT5H50M,2026-02-27T10:45:00,2026-02-27T13:15:00,
BRU,BCN,2026/2/27,109.61,UX,PT21H40M,2026-02-27T18:55:00,2026-02-27T21:25:00,
BRU,BCN,2026/2/27,112.65,AZ,PT21H,2026-02-27T18:55:00,2026-02-27T21:00:00,
BRU,BCN,2026/2/27,128.96,A3,PT14H45M,2026-02-27T19:40:00,2026-02-27T23:40:00,
BRU,BCN,2026/2/27,128.96,A3,PT21H30M,2026-02-27T19:40:00,2026-02-27T23:40:00,
BRU,BCN,2026/2/27,128.96,A3,PT23H,2026-02-27T11:25:00,2026-02-27T15:25:00,
BRU,BCN,2026/2/27,128.96,A3,PT29H45M,2026-02-27T11:25:00,2026-02-27T15:25:00,
BRU,BCN,2026/2/28,77.24,VY,PT2H5M,2026-02-28T09:40:00,2026-02-28T11:45:00,
BRU,BCN,2026/2/28,93.24,IB,PT2H,2026-02-28T15:10:00,2026-02-28T17:10:00,
BRU,BCN,2026/2/28,93.24,IB,PT2H4M,2026-02-28T21:55:00,2026-02-28T23:59:00,
BRU,BCN,2026/2/28,93.24,IB,PT2H5M,2026-02-28T09:40:00,2026-02-28T11:45:00,
BRU,BCN,2026/2/28,93.24,VY,PT2H,2026-02-28T15:10:00,2026-02-28T17:10:00,
BRU,BCN,2026/2/28,93.24,VY,PT2H4M,2026-02-28T21:55:00,2026-02-28T23:59:00,
BRU,BCN,2026/2/28,102.09,UX,PT5H50M,2026-02-28T10:45:00,2026-02-28T13:15:00,
BRU,BCN,2026/2/28,110.77,UX,PT22H10M,2026-02-28T10:45:00,2026-02-28T13:15:00,
BRU,BCN,2026/2/28,112.65,AZ,PT11H40M,2026-02-28T11:35:00,2026-02-28T13:40:00,
BRU,BCN,2026/2/28,112.65,AZ,PT15H55M,2026-02-28T18:55:00,2026-02-28T21:00:00,
BRU,BCN,2026/2/28,112.65,AZ,PT21H,2026-02-28T18:55:00,2026-02-28T21:00:00,
BRU,BCN,2026/2/28,112.65,AZ,PT23H15M,2026-02-28T11:35:00,2026-02-28T13:40:00,
BRU,BCN,2026/2/28,128.96,A3,PT14H45M,2026-02-28T19:40:00,2026-02-28T23:40:00,
BRU,BCN,2026/2/28,128.96,A3,PT21H30M,2026-02-28T19:40:00,2026-02-28T23:40:00,
BRU,BCN,2026/2/28,128.96,A3,PT23H,2026-02-28T11:25:00,2026-02-28T15:25:00,
BRU,BCN,2026/3/1,93.24,IB,PT2H,2026-03-01T15:10:00,2026-03-01T17:10:00,
BRU,BCN,2026/3/1,93.24,IB,PT2H4M,2026-03-01T21:55:00,2026-03-01T23:59:00,
BRU,BCN,2026/3/1,93.24,IB,PT2H5M,2026-03-01T09:40:00,2026-03-01T11:45:00,
BRU,BCN,2026/3/1,93.24,IB,PT2H5M,2026-03-01T17:00:00,2026-03-01T19:05:00,
BRU,BCN,2026/3/1,93.24,VY,PT2H,2026-03-01T15:10:00,2026-03-01T17:10:00,
BRU,BCN,2026/3/1,93.24,VY,PT2H4M,2026-03-01T21:55:00,2026-03-01T23:59:00,
BRU,BCN,2026/3/1,93.24,VY,PT2H5M,2026-03-01T09:40:00,2026-03-01T11:45:00,
BRU,BCN,2026/3/1,93.24,VY,PT2H5M,2026-03-01T17:00:00,2026-03-01T19:05:00,
BRU,BCN,2026/3/1,110.77,UX,PT22H10M,2026-03-01T10:45:00,2026-03-01T13:15:00,
BRU,BCN,2026/3/1,112.65,AZ,PT15H55M,2026-03-01T18:55:00,2026-03-01T21:00:00,
BRU,BCN,2026/3/1,112.65,AZ,PT21H,2026-03-01T18:55:00,2026-03-01T21:00:00,
BRU,BCN,2026/3/1,128.96,A3,PT21H30M,2026-03-01T19:40:00,2026-03-01T23:40:00,
BRU,BCN,2026/3/1,131.74,SN,PT2H,2026-03-01T12:15:00,2026-03-01T14:15:00,
BRU,BCN,2026/3/1,131.74,SN,PT2H,2026-03-01T18:25:00,2026-03-01T20:25:00,
BRU,BCN,2026/3/1,132.81,UX,PT5H50M,2026-03-01T10:45:00,2026-03-01T13:15:00,
BRU,BCN,2026/3/2,93.24,IB,PT2H,2026-03-02T15:10:00,2026-03-02T17:10:00,
BRU,BCN,2026/3/2,93.24,IB,PT2H4M,2026-03-02T21:55:00,2026-03-02T23:59:00,
BRU,BCN,2026/3/2,93.24,IB,PT2H5M,2026-03-02T09:40:00,2026-03-02T11:45:00,
BRU,BCN,2026/3/2,93.24,IB,PT2H5M,2026-03-02T17:10:00,2026-03-02T19:15:00,
BRU,BCN,2026/3/2,93.24,VY,PT2H,2026-03-02T15:10:00,2026-03-02T17:10:00,
BRU,BCN,2026/3/2,93.24,VY,PT2H4M,2026-03-02T21:55:00,2026-03-02T23:59:00,
BRU,BCN,2026/3/2,93.24,VY,PT2H5M,2026-03-02T09:40:00,2026-03-02T11:45:00,
BRU,BCN,2026/3/2,93.24,VY,PT2H5M,2026-03-02T17:10:00,2026-03-02T19:15:00,
BRU,BCN,2026/3/2,102.81,UX,PT14H,2026-03-02T18:55:00,2026-03-02T21:25:00,
BRU,BCN,2026/3/2,110.77,UX,PT21H40M,2026-03-02T18:55:00,2026-03-02T21:25:00,
BRU,BCN,2026/3/2,112.65,AZ,PT15H55M,2026-03-02T18:55:00,2026-03-02T21:00:00,
BRU,BCN,2026/3/2,112.65,AZ,PT21H,2026-03-02T18:55:00,2026-03-02T21:00:00,
BRU,BCN,2026/3/2,131.74,SN,PT2H,2026-03-02T12:15:00,2026-03-02T14:15:00,
BRU,BCN,2026/3/2,131.74,SN,PT2H,2026-03-02T18:25:00,2026-03-02T20:25:00,
BRU,BCN,2026/3/2,153.68,TP,PT8H30M,2026-03-02T11:50:00,2026-03-02T13:45:00,
BRU,BCN,2026/3/3,93.24,IB,PT2H,2026-03-03T15:10:00,2026-03-03T17:10:00,
BRU,BCN,2026/3/3,93.24,IB,PT2H4M,2026-03-03T21:55:00,2026-03-03T23:59:00,
BRU,BCN,2026/3/3,93.24,IB,PT2H5M,2026-03-03T09:40:00,2026-03-03T11:45:00,
BRU,BCN,2026/3/3,93.24,VY,PT2H,2026-03-03T15:10:00,2026-03-03T17:10:00,
BRU,BCN,2026/3/3,93.24,VY,PT2H4M,2026-03-03T21:55:00,2026-03-03T23:59:00,
BRU,BCN,2026/3/3,93.24,VY,PT2H5M,2026-03-03T09:40:00,2026-03-03T11:45:00,
BRU,BCN,2026/3/3,102.81,UX,PT5H50M,2026-03-03T10:45:00,2026-03-03T13:15:00,
BRU,BCN,2026/3/3,110.77,UX,PT21H40M,2026-03-03T18:55:00,2026-03-03T21:25:00,
BRU,BCN,2026/3/3,112.65,AZ,PT15H55M,2026-03-03T18:55:00,2026-03-03T21:00:00,
BRU,BCN,2026/3/3,112.65,AZ,PT21H,2026-03-03T18:55:00,2026-03-03T21:00:00,
BRU,BCN,2026/3/3,154.96,A3,PT14H45M,2026-03-03T19:40:00,2026-03-03T23:40:00,
BRU,BCN,2026/3/3,154.96,A3,PT21H30M,2026-03-03T19:40:00,2026-03-03T23:40:00,
BRU,BCN,2026/3/3,154.96,A3,PT23H,2026-03-03T11:25:00,2026-03-03T15:25:00,
BRU,BCN,2026/3/3,154.96,A3,PT29H45M,2026-03-03T11:25:00,2026-03-03T15:25:00,
BRU,BCN,2026/3/3,155.81,UX,PT14H,2026-03-03T18:55:00,2026-03-03T21:25:00,
BRU,BCN,2026/3/4,93.24,IB,PT2H,2026-03-04T15:10:00,2026-03-04T17:10:00,
BRU,BCN,2026/3/4,93.24,IB,PT2H4M,2026-03-04T21:55:00,2026-03-04T23:59:00,
BRU,BCN,2026/3/4,93.24,IB,PT2H5M,2026-03-04T09:40:00,2026-03-04T11:45:00,
BRU,BCN,2026/3/4,93.24,IB,PT2H5M,2026-03-04T17:10:00,2026-03-04T19:15:00,
BRU,BCN,2026/3/4,93.24,VY,PT2H,2026-03-04T15:10:00,2026-03-04T17:10:00,
BRU,BCN,2026/3/4,93.24,VY,PT2H4M,2026-03-04T21:55:00,2026-03-04T23:59:00,
BRU,BCN,2026/3/4,93.24,VY,PT2H5M,2026-03-04T17:10:00,2026-03-04T19:15:00,
BRU,BCN,2026/3/4,93.24,VY,PT2H5M,2026-03-04T09:40:00,2026-03-04T11:45:00,
BRU,BCN,2026/3/4,102.81,UX,PT5H50M,2026-03-04T10:45:00,2026-03-04T13:15:00,
BRU,BCN,2026/3/4,110.77,UX,PT21H40M,2026-03-04T18:55:00,2026-03-04T21:25:00,
BRU,BCN,2026/3/4,112.65,AZ,PT15H55M,2026-03-04T18:55:00,2026-03-04T21:00:00,
BRU,BCN,2026/3/4,112.65,AZ,PT21H,2026-03-04T18:55:00,2026-03-04T21:00:00,
BRU,BCN,2026/3/4,115.81,UX,PT14H,2026-03-04T18:55:00,2026-03-04T21:25:00,
BRU,BCN,2026/3/4,120.74,SN,PT2H,2026-03-04T18:25:00,2026-03-04T20:25:00,
BRU,BCN,2026/3/4,143.31,LX,PT3H40M,2026-03-04T15:20:00,2026-03-04T16:35:00,
BRU,BCN,2026/3/5,93.24,IB,PT2H,2026-03-05T15:30:00,2026-03-05T17:30:00,
BRU,BCN,2026/3/5,93.24,IB,PT2H4M,2026-03-05T21:55:00,2026-03-05T23:59:00,
BRU,BCN,2026/3/5,93.24,IB,PT2H5M,2026-03-05T09:40:00,2026-03-05T11:45:00,
BRU,BCN,2026/3/5,93.24,IB,PT2H5M,2026-03-05T17:10:00,2026-03-05T19:15:00,
BRU,BCN,2026/3/5,93.24,VY,PT2H,2026-03-05T15:30:00,2026-03-05T17:30:00,
BRU,BCN,2026/3/5,93.24,VY,PT2H4M,2026-03-05T21:55:00,2026-03-05T23:59:00,
BRU,BCN,2026/3/5,93.24,VY,PT2H5M,2026-03-05T09:40:00,2026-03-05T11:45:00,
BRU,BCN,2026/3/5,93.24,VY,PT2H5M,2026-03-05T17:10:00,2026-03-05T19:15:00,
BRU,BCN,2026/3/5,102.81,UX,PT5H50M,2026-03-05T10:45:00,2026-03-05T13:15:00,
BRU,BCN,2026/3/5,110.77,UX,PT21H40M,2026-03-05T18:55:00,2026-03-05T21:25:00,
BRU,BCN,2026/3/5,112.65,AZ,PT15H55M,2026-03-05T18:55:00,2026-03-05T21:00:00,
BRU,BCN,2026/3/5,112.65,AZ,PT21H,2026-03-05T18:55:00,2026-03-05T21:00:00,
BRU,BCN,2026/3/5,120.74,SN,PT2H,2026-03-05T12:15:00,2026-03-05T14:15:00,
BRU,BCN,2026/3/5,120.74,SN,PT2H,2026-03-05T18:25:00,2026-03-05T20:25:00,
BRU,BCN,2026/3/5,128.96,A3,PT14H45M,2026-03-05T19:40:00,2026-03-05T23:40:00,
BRU,BCN,2026/3/6,93.24,IB,PT2H,2026-03-06T15:10:00,2026-03-06T17:10:00,
BRU,BCN,2026/3/6,93.24,IB,PT2H4M,2026-03-06T21:55:00,2026-03-06T23:59:00,
BRU,BCN,2026/3/6,93.24,IB,PT2H5M,2026-03-06T09:40:00,2026-03-06T11:45:00,
BRU,BCN,2026/3/6,93.24,IB,PT2H5M,2026-03-06T17:10:00,2026-03-06T19:15:00,
BRU,BCN,2026/3/6,93.24,VY,PT2H,2026-03-06T15:10:00,2026-03-06T17:10:00,
BRU,BCN,2026/3/6,93.24,VY,PT2H4M,2026-03-06T21:55:00,2026-03-06T23:59:00,
BRU,BCN,2026/3/6,93.24,VY,PT2H5M,2026-03-06T09:40:00,2026-03-06T11:45:00,
BRU,BCN,2026/3/6,93.24,VY,PT2H5M,2026-03-06T17:10:00,2026-03-06T19:15:00,
BRU,BCN,2026/3/6,102.81,UX,PT5H50M,2026-03-06T10:45:00,2026-03-06T13:15:00,
BRU,BCN,2026/3/6,110.77,UX,PT21H40M,2026-03-06T18:55:00,2026-03-06T21:25:00,
BRU,BCN,2026/3/6,112.65,AZ,PT15H55M,2026-03-06T18:55:00,2026-03-06T21:00:00,
BRU,BCN,2026/3/6,112.65,AZ,PT21H,2026-03-06T18:55:00,2026-03-06T21:00:00,
BRU,BCN,2026/3/6,143.31,LX,PT3H40M,2026-03-06T15:20:00,2026-03-06T16:35:00,
BRU,BCN,2026/3/6,143.31,LX,PT4H5M,2026-03-06T10:00:00,2026-03-06T11:20:00,
BRU,BCN,2026/3/6,143.31,LX,PT5H,2026-03-06T18:00:00,2026-03-06T19:20:00,
BRU,BCN,2026/3/7,93.24,IB,PT2H,2026-03-07T15:10:00,2026-03-07T17:10:00,
BRU,BCN,2026/3/7,93.24,IB,PT2H4M,2026-03-07T21:55:00,2026-03-07T23:59:00,
BRU,BCN,2026/3/7,93.24,IB,PT2H5M,2026-03-07T09:40:00,2026-03-07T11:45:00,
BRU,BCN,2026/3/7,93.24,VY,PT2H,2026-03-07T15:10:00,2026-03-07T17:10:00,
BRU,BCN,2026/3/7,93.24,VY,PT2H4M,2026-03-07T21:55:00,2026-03-07T23:59:00,
BRU,BCN,2026/3/7,93.24,VY,PT2H5M,2026-03-07T09:40:00,2026-03-07T11:45:00,
BRU,BCN,2026/3/7,102.81,UX,PT5H50M,2026-03-07T10:45:00,2026-03-07T13:15:00,
BRU,BCN,2026/3/7,112.65,AZ,PT11H40M,2026-03-07T11:35:00,2026-03-07T13:40:00,
BRU,BCN,2026/3/7,112.65,AZ,PT15H55M,2026-03-07T18:55:00,2026-03-07T21:00:00,
BRU,BCN,2026/3/7,112.65,AZ,PT21H,2026-03-07T18:55:00,2026-03-07T21:00:00,
BRU,BCN,2026/3/7,112.65,AZ,PT23H15M,2026-03-07T11:35:00,2026-03-07T13:40:00,
BRU,BCN,2026/3/7,120.74,SN,PT2H,2026-03-07T12:15:00,2026-03-07T14:15:00,
BRU,BCN,2026/3/7,120.74,SN,PT2H,2026-03-07T18:25:00,2026-03-07T20:25:00,
BRU,BCN,2026/3/7,123.77,UX,PT21H40M,2026-03-07T18:55:00,2026-03-07T21:25:00,
BRU,BCN,2026/3/7,126.68,TP,PT5H50M,2026-03-07T17:55:00,2026-03-07T19:50:00,
BRU,BCN,2026/3/8,93.24,IB,PT2H,2026-03-08T15:10:00,2026-03-08T17:10:00,
BRU,BCN,2026/3/8,93.24,IB,PT2H4M,2026-03-08T21:55:00,2026-03-08T23:59:00,
BRU,BCN,2026/3/8,93.24,IB,PT2H5M,2026-03-08T09:40:00,2026-03-08T11:45:00,
BRU,BCN,2026/3/8,93.24,IB,PT2H5M,2026-03-08T17:00:00,2026-03-08T19:05:00,
BRU,BCN,2026/3/8,93.24,VY,PT2H,2026-03-08T15:10:00,2026-03-08T17:10:00,
BRU,BCN,2026/3/8,93.24,VY,PT2H4M,2026-03-08T21:55:00,2026-03-08T23:59:00,
BRU,BCN,2026/3/8,93.24,VY,PT2H5M,2026-03-08T09:40:00,2026-03-08T11:45:00,
BRU,BCN,2026/3/8,93.24,VY,PT2H5M,2026-03-08T17:00:00,2026-03-08T19:05:00,
BRU,BCN,2026/3/8,112.65,AZ,PT15H55M,2026-03-08T18:55:00,2026-03-08T21:00:00,
BRU,BCN,2026/3/8,112.65,AZ,PT21H,2026-03-08T18:55:00,2026-03-08T21:00:00,
BRU,BCN,2026/3/8,115.81,UX,PT5H50M,2026-03-08T10:45:00,2026-03-08T13:15:00,
BRU,BCN,2026/3/8,120.74,SN,PT2H,2026-03-08T12:15:00,2026-03-08T14:15:00,
BRU,BCN,2026/3/8,120.74,SN,PT2H,2026-03-08T18:25:00,2026-03-08T20:25:00,
BRU,BCN,2026/3/8,128.96,A3,PT14H45M,2026-03-08T19:40:00,2026-03-08T23:40:00,
BRU,BCN,2026/3/8,128.96,A3,PT21H30M,2026-03-08T19:40:00,2026-03-08T23:40:00,
BRU,BCN,2026/3/9,93.24,IB,PT2H,2026-03-09T15:10:00,2026-03-09T17:10:00,
BRU,BCN,2026/3/9,93.24,IB,PT2H4M,2026-03-09T21:55:00,2026-03-09T23:59:00,
BRU,BCN,2026/3/9,93.24,IB,PT2H5M,2026-03-09T09:40:00,2026-03-09T11:45:00,
BRU,BCN,2026/3/9,93.24,IB,PT2H5M,2026-03-09T17:10:00,2026-03-09T19:15:00,
BRU,BCN,2026/3/9,93.24,VY,PT2H,2026-03-09T15:10:00,2026-03-09T17:10:00,
BRU,BCN,2026/3/9,93.24,VY,PT2H4M,2026-03-09T21:55:00,2026-03-09T23:59:00,
BRU,BCN,2026/3/9,93.24,VY,PT2H5M,2026-03-09T09:40:00,2026-03-09T11:45:00,
BRU,BCN,2026/3/9,93.24,VY,PT2H5M,2026-03-09T17:10:00,2026-03-09T19:15:00,
BRU,BCN,2026/3/9,102.81,UX,PT5H50M,2026-03-09T10:45:00,2026-03-09T13:15:00,
BRU,BCN,2026/3/9,110.77,UX,PT21H40M,2026-03-09T18:55:00,2026-03-09T21:25:00,
BRU,BCN,2026/3/9,112.65,AZ,PT15H55M,2026-03-09T18:55:00,2026-03-09T21:00:00,
BRU,BCN,2026/3/9,112.65,AZ,PT21H,2026-03-09T18:55:00,2026-03-09T21:00:00,
BRU,BCN,2026/3/9,120.74,SN,PT2H,2026-03-09T12:15:00,2026-03-09T14:15:00,
BRU,BCN,2026/3/9,120.74,SN,PT2H,2026-03-09T18:25:00,2026-03-09T20:25:00,
BRU,BCN,2026/3/9,128.96,A3,PT14H45M,2026-03-09T19:40:00,2026-03-09T23:40:00,
BRU,BCN,2026/3/10,93.24,IB,PT2H,2026-03-10T15:10:00,2026-03-10T17:10:00,
BRU,BCN,2026/3/10,93.24,IB,PT2H4M,2026-03-10T21:55:00,2026-03-10T23:59:00,
BRU,BCN,2026/3/10,93.24,IB,PT2H5M,2026-03-10T09:40:00,2026-03-10T11:45:00,
BRU,BCN,2026/3/10,93.24,VY,PT2H,2026-03-10T15:10:00,2026-03-10T17:10:00,
BRU,BCN,2026/3/10,93.24,VY,PT2H4M,2026-03-10T21:55:00,2026-03-10T23:59:00,
BRU,BCN,2026/3/10,93.24,VY,PT2H5M,2026-03-10T09:40:00,2026-03-10T11:45:00,
BRU,BCN,2026/3/10,102.81,UX,PT5H50M,2026-03-10T10:45:00,2026-03-10T13:15:00,
BRU,BCN,2026/3/10,112.65,AZ,PT11H40M,2026-03-10T11:35:00,2026-03-10T13:40:00,
BRU,BCN,2026/3/10,112.65,AZ,PT15H55M,2026-03-10T18:55:00,2026-03-10T21:00:00,
BRU,BCN,2026/3/10,112.65,AZ,PT21H,2026-03-10T18:55:00,2026-03-10T21:00:00,
BRU,BCN,2026/3/10,130.68,TP,PT11H15M,2026-03-10T06:00:00,2026-03-10T07:55:00,
BRU,BCN,2026/3/10,138.68,TP,PT7H45M,2026-03-10T06:00:00,2026-03-10T07:55:00,
BRU,BCN,2026/3/10,143.31,LX,PT3H40M,2026-03-10T15:20:00,2026-03-10T16:35:00,
BRU,BCN,2026/3/10,143.31,LX,PT4H5M,2026-03-10T10:00:00,2026-03-10T11:20:00,
BRU,BCN,2026/3/10,143.31,LX,PT5H,2026-03-10T18:00:00,2026-03-10T19:20:00,
BRU,BCN,2026/3/11,93.24,IB,PT2H,2026-03-11T15:10:00,2026-03-11T17:10:00,
BRU,BCN,2026/3/11,93.24,IB,PT2H4M,2026-03-11T21:55:00,2026-03-11T23:59:00,
BRU,BCN,2026/3/11,93.24,IB,PT2H5M,2026-03-11T09:40:00,2026-03-11T11:45:00,
BRU,BCN,2026/3/11,93.24,IB,PT2H5M,2026-03-11T17:10:00,2026-03-11T19:15:00,
BRU,BCN,2026/3/11,93.24,VY,PT2H,2026-03-11T15:10:00,2026-03-11T17:10:00,
BRU,BCN,2026/3/11,93.24,VY,PT2H4M,2026-03-11T21:55:00,2026-03-11T23:59:00,
BRU,BCN,2026/3/11,93.24,VY,PT2H5M,2026-03-11T09:40:00,2026-03-11T11:45:00,
BRU,BCN,2026/3/11,93.24,VY,PT2H5M,2026-03-11T17:10:00,2026-03-11T19:15:00,
BRU,BCN,2026/3/11,102.81,UX,PT5H50M,2026-03-11T10:45:00,2026-03-11T13:15:00,
BRU,BCN,2026/3/11,102.81,UX,PT14H,2026-03-11T18:55:00,2026-03-11T21:25:00,
BRU,BCN,2026/3/11,110.77,UX,PT21H40M,2026-03-11T18:55:00,2026-03-11T21:25:00,
BRU,BCN,2026/3/11,110.77,UX,PT22H10M,2026-03-11T10:45:00,2026-03-11T13:15:00,
BRU,BCN,2026/3/11,112.65,AZ,PT11H40M,2026-03-11T11:35:00,2026-03-11T13:40:00,
BRU,BCN,2026/3/11,112.65,AZ,PT15H55M,2026-03-11T18:55:00,2026-03-11T21:00:00,
BRU,BCN,2026/3/11,112.65,AZ,PT21H,2026-03-11T18:55:00,2026-03-11T21:00:00,
BRU,BCN,2026/3/12,93.24,IB,PT2H,2026-03-12T15:30:00,2026-03-12T17:30:00,
BRU,BCN,2026/3/12,93.24,IB,PT2H4M,2026-03-12T21:55:00,2026-03-12T23:59:00,
BRU,BCN,2026/3/12,93.24,IB,PT2H5M,2026-03-12T09:40:00,2026-03-12T11:45:00,
BRU,BCN,2026/3/12,93.24,IB,PT2H5M,2026-03-12T17:10:00,2026-03-12T19:15:00,
BRU,BCN,2026/3/12,93.24,VY,PT2H,2026-03-12T15:30:00,2026-03-12T17:30:00,
BRU,BCN,2026/3/12,93.24,VY,PT2H4M,2026-03-12T21:55:00,2026-03-12T23:59:00,
BRU,BCN,2026/3/12,93.24,VY,PT2H5M,2026-03-12T09:40:00,2026-03-12T11:45:00,
BRU,BCN,2026/3/12,93.24,VY,PT2H5M,2026-03-12T17:10:00,2026-03-12T19:15:00,
BRU,BCN,2026/3/12,102.81,UX,PT5H50M,2026-03-12T10:45:00,2026-03-12T13:15:00,
BRU,BCN,2026/3/12,110.77,UX,PT21H40M,2026-03-12T18:55:00,2026-03-12T21:25:00,
BRU,BCN,2026/3/12,112.65,AZ,PT15H55M,2026-03-12T18:55:00,2026-03-12T21:00:00,
BRU,BCN,2026/3/12,112.65,AZ,PT21H,2026-03-12T18:55:00,2026-03-12T21:00:00,
BRU,BCN,2026/3/12,120.74,SN,PT2H,2026-03-12T12:15:00,2026-03-12T14:15:00,
BRU,BCN,2026/3/12,120.74,SN,PT2H,2026-03-12T18:25:00,2026-03-12T20:25:00,
BRU,BCN,2026/3/12,123.77,UX,PT22H10M,2026-03-12T10:45:00,2026-03-12T13:15:00,
BRU,BCN,2026/3/13,93.24,IB,PT2H,2026-03-13T15:10:00,2026-03-13T17:10:00,
BRU,BCN,2026/3/13,93.24,IB,PT2H4M,2026-03-13T21:55:00,2026-03-13T23:59:00,
BRU,BCN,2026/3/13,93.24,IB,PT2H5M,2026-03-13T09:40:00,2026-03-13T11:45:00,
BRU,BCN,2026/3/13,93.24,IB,PT2H5M,2026-03-13T17:10:00,2026-03-13T19:15:00,
BRU,BCN,2026/3/13,93.24,VY,PT2H,2026-03-13T15:10:00,2026-03-13T17:10:00,
BRU,BCN,2026/3/13,93.24,VY,PT2H4M,2026-03-13T21:55:00,2026-03-13T23:59:00,
BRU,BCN,2026/3/13,93.24,VY,PT2H5M,2026-03-13T09:40:00,2026-03-13T11:45:00,
BRU,BCN,2026/3/13,93.24,VY,PT2H5M,2026-03-13T17:10:00,2026-03-13T19:15:00,
BRU,BCN,2026/3/13,110.77,UX,PT21H40M,2026-03-13T18:55:00,2026-03-13T21:25:00,
BRU,BCN,2026/3/13,112.65,AZ,PT15H55M,2026-03-13T18:55:00,2026-03-13T21:00:00,
BRU,BCN,2026/3/13,112.65,AZ,PT21H,2026-03-13T18:55:00,2026-03-13T21:00:00,
BRU,BCN,2026/3/13,120.74,SN,PT2H,2026-03-13T18:25:00,2026-03-13T20:25:00,
BRU,BCN,2026/3/13,138.68,TP,PT8H30M,2026-03-13T11:50:00,2026-03-13T13:45:00,
BRU,BCN,2026/3/13,138.68,TP,PT11H55M,2026-03-13T11:50:00,2026-03-13T13:45:00,
BRU,BCN,2026/3/13,143.31,LX,PT3H40M,2026-03-13T15:20:00,2026-03-13T16:35:00,
BRU,BCN,2026/3/14,77.24,VY,PT2H5M,2026-03-14T09:40:00,2026-03-14T11:45:00,
BRU,BCN,2026/3/14,93.24,IB,PT2H,2026-03-14T15:10:00,2026-03-14T17:10:00,
BRU,BCN,2026/3/14,93.24,IB,PT2H5M,2026-03-14T09:40:00,2026-03-14T11:45:00,
BRU,BCN,2026/3/14,93.24,VY,PT2H,2026-03-14T15:10:00,2026-03-14T17:10:00,
BRU,BCN,2026/3/14,102.81,UX,PT5H50M,2026-03-14T10:45:00,2026-03-14T13:15:00,
BRU,BCN,2026/3/14,112.65,AZ,PT11H40M,2026-03-14T11:35:00,2026-03-14T13:40:00,
BRU,BCN,2026/3/14,112.65,AZ,PT15H55M,2026-03-14T18:55:00,2026-03-14T21:00:00,
BRU,BCN,2026/3/14,112.65,AZ,PT23H15M,2026-03-14T11:35:00,2026-03-14T13:40:00,
BRU,BCN,2026/3/14,120.74,SN,PT2H,2026-03-14T12:15:00,2026-03-14T14:15:00,
BRU,BCN,2026/3/14,120.74,SN,PT2H,2026-03-14T18:25:00,2026-03-14T20:25:00,
BRU,BCN,2026/3/14,123.77,UX,PT21H40M,2026-03-14T18:55:00,2026-03-14T21:25:00,
BRU,BCN,2026/3/14,126.68,TP,PT5H50M,2026-03-14T17:55:00,2026-03-14T19:50:00,
BRU,BCN,2026/3/14,126.68,TP,PT8H30M,2026-03-14T11:50:00,2026-03-14T13:45:00,
BRU,BCN,2026/3/14,128.96,A3,PT14H45M,2026-03-14T19:40:00,2026-03-14T23:40:00,
BRU,BCN,2026/3/14,128.96,A3,PT21H30M,2026-03-14T19:40:00,2026-03-14T23:40:00,
BRU,BCN,2026/3/15,93.24,IB,PT2H,2026-03-15T15:10:00,2026-03-15T17:10:00,
BRU,BCN,2026/3/15,93.24,IB,PT2H4M,2026-03-15T21:55:00,2026-03-15T23:59:00,
BRU,BCN,2026/3/15,93.24,IB,PT2H5M,2026-03-15T09:40:00,2026-03-15T11:45:00,
BRU,BCN,2026/3/15,93.24,IB,PT2H5M,2026-03-15T17:00:00,2026-03-15T19:05:00,
BRU,BCN,2026/3/15,93.24,VY,PT2H,2026-03-15T15:10:00,2026-03-15T17:10:00,
BRU,BCN,2026/3/15,93.24,VY,PT2H4M,2026-03-15T21:55:00,2026-03-15T23:59:00,
BRU,BCN,2026/3/15,93.24,VY,PT2H5M,2026-03-15T09:40:00,2026-03-15T11:45:00,
BRU,BCN,2026/3/15,93.24,VY,PT2H5M,2026-03-15T17:00:00,2026-03-15T19:05:00,
BRU,BCN,2026/3/15,102.81,UX,PT5H50M,2026-03-15T10:45:00,2026-03-15T13:15:00,
BRU,BCN,2026/3/15,112.65,AZ,PT15H55M,2026-03-15T18:55:00,2026-03-15T21:00:00,
BRU,BCN,2026/3/15,120.74,SN,PT2H,2026-03-15T12:15:00,2026-03-15T14:15:00,
BRU,BCN,2026/3/15,120.74,SN,PT2H,2026-03-15T18:25:00,2026-03-15T20:25:00,
BRU,BCN,2026/3/15,123.65,AZ,PT21H,2026-03-15T18:55:00,2026-03-15T21:00:00,
BRU,BCN,2026/3/15,130.68,TP,PT7H45M,2026-03-15T06:00:00,2026-03-15T07:55:00,
BRU,BCN,2026/3/15,138.68,TP,PT11H15M,2026-03-15T06:00:00,2026-03-15T07:55:00,
BRU,BCN,2026/3/16,93.24,IB,PT2H,2026-03-16T15:10:00,2026-03-16T17:10:00,
BRU,BCN,2026/3/16,93.24,IB,PT2H4M,2026-03-16T21:55:00,2026-03-16T23:59:00,
BRU,BCN,2026/3/16,93.24,IB,PT2H5M,2026-03-16T09:40:00,2026-03-16T11:45:00,
BRU,BCN,2026/3/16,93.24,IB,PT2H5M,2026-03-16T17:10:00,2026-03-16T19:15:00,
BRU,BCN,2026/3/16,93.24,VY,PT2H,2026-03-16T15:10:00,2026-03-16T17:10:00,
BRU,BCN,2026/3/16,93.24,VY,PT2H4M,2026-03-16T21:55:00,2026-03-16T23:59:00,
BRU,BCN,2026/3/16,93.24,VY,PT2H5M,2026-03-16T09:40:00,2026-03-16T11:45:00,
BRU,BCN,2026/3/16,93.24,VY,PT2H5M,2026-03-16T17:10:00,2026-03-16T19:15:00,
BRU,BCN,2026/3/16,102.81,UX,PT5H50M,2026-03-16T10:45:00,2026-03-16T13:15:00,
BRU,BCN,2026/3/16,110.77,UX,PT21H40M,2026-03-16T18:55:00,2026-03-16T21:25:00,
BRU,BCN,2026/3/16,112.65,AZ,PT15H55M,2026-03-16T18:55:00,2026-03-16T21:00:00,
BRU,BCN,2026/3/16,112.65,AZ,PT21H,2026-03-16T18:55:00,2026-03-16T21:00:00,
BRU,BCN,2026/3/16,141.98,AF,PT4H10M,2026-03-16T06:15:00,2026-03-16T07:10:00,
BRU,BCN,2026/3/16,141.98,AF,PT6H,2026-03-16T06:15:00,2026-03-16T07:10:00,
BRU,BCN,2026/3/16,141.98,AF,PT8H20M,2026-03-16T10:45:00,2026-03-16T11:35:00,
BRU,BCN,2026/3/17,93.24,IB,PT2H,2026-03-17T15:10:00,2026-03-17T17:10:00,
BRU,BCN,2026/3/17,93.24,IB,PT2H4M,2026-03-17T21:55:00,2026-03-17T23:59:00,
BRU,BCN,2026/3/17,93.24,IB,PT2H5M,2026-03-17T09:40:00,2026-03-17T11:45:00,
BRU,BCN,2026/3/17,93.24,VY,PT2H,2026-03-17T15:10:00,2026-03-17T17:10:00,
BRU,BCN,2026/3/17,93.24,VY,PT2H4M,2026-03-17T21:55:00,2026-03-17T23:59:00,
BRU,BCN,2026/3/17,93.24,VY,PT2H5M,2026-03-17T09:40:00,2026-03-17T11:45:00,
BRU,BCN,2026/3/17,102.81,UX,PT5H50M,2026-03-17T10:45:00,2026-03-17T13:15:00,
BRU,BCN,2026/3/17,112.65,AZ,PT15H55M,2026-03-17T18:55:00,2026-03-17T21:00:00,
BRU,BCN,2026/3/17,112.65,AZ,PT21H,2026-03-17T18:55:00,2026-03-17T21:00:00,
BRU,BCN,2026/3/17,130.68,TP,PT5H50M,2026-03-17T17:55:00,2026-03-17T19:50:00,
BRU,BCN,2026/3/17,130.68,TP,PT8H30M,2026-03-17T11:50:00,2026-03-17T13:45:00,
BRU,BCN,2026/3/17,130.68,TP,PT11H55M,2026-03-17T11:50:00,2026-03-17T13:45:00,
BRU,BCN,2026/3/17,130.68,TP,PT16H10M,2026-03-17T17:55:00,2026-03-17T19:50:00,
BRU,BCN,2026/3/17,134.65,AZ,PT11H40M,2026-03-17T11:35:00,2026-03-17T13:40:00,
BRU,BCN,2026/3/17,138.68,TP,PT11H15M,2026-03-17T06:00:00,2026-03-17T07:55:00,
BRU,BCN,2026/3/18,77.24,VY,PT2H,2026-03-18T15:10:00,2026-03-18T17:10:00,
BRU,BCN,2026/3/18,93.24,IB,PT2H,2026-03-18T15:10:00,2026-03-18T17:10:00,
BRU,BCN,2026/3/18,93.24,IB,PT2H4M,2026-03-18T21:55:00,2026-03-18T23:59:00,
BRU,BCN,2026/3/18,93.24,IB,PT2H5M,2026-03-18T17:10:00,2026-03-18T19:15:00,
BRU,BCN,2026/3/18,93.24,VY,PT2H4M,2026-03-18T21:55:00,2026-03-18T23:59:00,
BRU,BCN,2026/3/18,93.24,VY,PT2H5M,2026-03-18T17:10:00,2026-03-18T19:15:00,
BRU,BCN,2026/3/18,102.81,UX,PT5H50M,2026-03-18T10:45:00,2026-03-18T13:15:00,
BRU,BCN,2026/3/18,110.77,UX,PT21H40M,2026-03-18T18:55:00,2026-03-18T21:25:00,
BRU,BCN,2026/3/18,112.65,AZ,PT15H55M,2026-03-18T18:55:00,2026-03-18T21:00:00,
BRU,BCN,2026/3/18,112.65,AZ,PT21H,2026-03-18T18:55:00,2026-03-18T21:00:00,
BRU,BCN,2026/3/18,128.96,A3,PT14H45M,2026-03-18T19:40:00,2026-03-18T23:40:00,
BRU,BCN,2026/3/18,128.96,A3,PT23H,2026-03-18T11:25:00,2026-03-18T15:25:00,
BRU,BCN,2026/3/18,130.68,TP,PT8H30M,2026-03-18T11:50:00,2026-03-18T13:45:00,
BRU,BCN,2026/3/18,138.68,TP,PT7H45M,2026-03-18T06:00:00,2026-03-18T07:55:00,
BRU,BCN,2026/3/18,138.68,TP,PT16H10M,2026-03-18T17:55:00,2026-03-18T19:50:00,
BRU,BCN,2026/3/19,93.24,IB,PT2H,2026-03-19T15:30:00,2026-03-19T17:30:00,
BRU,BCN,2026/3/19,93.24,IB,PT2H4M,2026-03-19T21:55:00,2026-03-19T23:59:00,
BRU,BCN,2026/3/19,93.24,IB,PT2H5M,2026-03-19T09:40:00,2026-03-19T11:45:00,
BRU,BCN,2026/3/19,93.24,IB,PT2H5M,2026-03-19T17:10:00,2026-03-19T19:15:00,
BRU,BCN,2026/3/19,93.24,VY,PT2H,2026-03-19T15:30:00,2026-03-19T17:30:00,
BRU,BCN,2026/3/19,93.24,VY,PT2H4M,2026-03-19T21:55:00,2026-03-19T23:59:00,
BRU,BCN,2026/3/19,93.24,VY,PT2H5M,2026-03-19T09:40:00,2026-03-19T11:45:00,
BRU,BCN,2026/3/19,93.24,VY,PT2H5M,2026-03-19T17:10:00,2026-03-19T19:15:00,
BRU,BCN,2026/3/19,102.81,UX,PT5H50M,2026-03-19T10:45:00,2026-03-19T13:15:00,
BRU,BCN,2026/3/19,120.74,SN,PT2H,2026-03-19T12:15:00,2026-03-19T14:15:00,
BRU,BCN,2026/3/19,120.74,SN,PT2H,2026-03-19T18:25:00,2026-03-19T20:25:00,
BRU,BCN,2026/3/19,123.65,AZ,PT15H55M,2026-03-19T18:55:00,2026-03-19T21:00:00,
BRU,BCN,2026/3/19,126.68,TP,PT7H45M,2026-03-19T06:00:00,2026-03-19T07:55:00,
BRU,BCN,2026/3/19,126.98,AF,PT4H10M,2026-03-19T06:15:00,2026-03-19T07:10:00,
BRU,BCN,2026/3/19,126.98,AF,PT4H10M,2026-03-19T08:05:00,2026-03-19T09:05:00,
AMS,BCN,2026/2/18,127.18,VY,PT2H15M,2026-02-18T21:40:00,2026-02-18T23:55:00,
AMS,BCN,2026/2/18,137.18,IB,PT2H10M,2026-02-18T15:00:00,2026-02-18T17:10:00,
AMS,BCN,2026/2/18,137.18,IB,PT2H15M,2026-02-18T07:00:00,2026-02-18T09:15:00,
AMS,BCN,2026/2/18,137.18,IB,PT2H15M,2026-02-18T10:25:00,2026-02-18T12:40:00,
AMS,BCN,2026/2/18,137.18,IB,PT2H15M,2026-02-18T13:10:00,2026-02-18T15:25:00,
AMS,BCN,2026/2/18,137.18,IB,PT2H15M,2026-02-18T16:40:00,2026-02-18T18:55:00,
AMS,BCN,2026/2/18,137.18,IB,PT2H15M,2026-02-18T21:40:00,2026-02-18T23:55:00,
AMS,BCN,2026/2/18,137.18,VY,PT2H10M,2026-02-18T15:00:00,2026-02-18T17:10:00,
AMS,BCN,2026/2/18,137.18,VY,PT2H15M,2026-02-18T10:25:00,2026-02-18T12:40:00,
AMS,BCN,2026/2/18,137.18,VY,PT2H15M,2026-02-18T13:10:00,2026-02-18T15:25:00,
AMS,BCN,2026/2/18,137.18,VY,PT2H15M,2026-02-18T16:40:00,2026-02-18T18:55:00,
AMS,BCN,2026/2/18,137.18,VY,PT2H20M,2026-02-18T07:00:00,2026-02-18T09:20:00,
AMS,BCN,2026/2/18,156.03,UX,PT5H35M,2026-02-18T11:00:00,2026-02-18T13:40:00,
AMS,BCN,2026/2/18,156.78,DY,PT17H35M,2026-02-18T20:50:00,2026-02-18T22:10:00,
AMS,BCN,2026/2/18,167.08,AF,PT2H5M,2026-02-18T08:20:00,2026-02-18T10:25:00,
AMS,BCN,2026/2/19,127.18,VY,PT2H15M,2026-02-19T10:25:00,2026-02-19T12:40:00,
AMS,BCN,2026/2/19,137.18,IB,PT2H10M,2026-02-19T15:00:00,2026-02-19T17:10:00,
AMS,BCN,2026/2/19,137.18,IB,PT2H15M,2026-02-19T07:00:00,2026-02-19T09:15:00,
AMS,BCN,2026/2/19,137.18,IB,PT2H15M,2026-02-19T10:25:00,2026-02-19T12:40:00,
AMS,BCN,2026/2/19,137.18,IB,PT2H15M,2026-02-19T13:10:00,2026-02-19T15:25:00,
AMS,BCN,2026/2/19,137.18,IB,PT2H15M,2026-02-19T16:40:00,2026-02-19T18:55:00,
AMS,BCN,2026/2/19,137.18,IB,PT2H15M,2026-02-19T21:40:00,2026-02-19T23:55:00,
AMS,BCN,2026/2/19,137.18,VY,PT2H15M,2026-02-19T13:10:00,2026-02-19T15:25:00,
AMS,BCN,2026/2/19,137.18,VY,PT2H15M,2026-02-19T15:00:00,2026-02-19T17:15:00,
AMS,BCN,2026/2/19,137.18,VY,PT2H15M,2026-02-19T16:40:00,2026-02-19T18:55:00,
AMS,BCN,2026/2/19,137.18,VY,PT2H15M,2026-02-19T21:40:00,2026-02-19T23:55:00,
AMS,BCN,2026/2/19,155.78,DY,PT18H40M,2026-02-19T17:05:00,2026-02-19T18:25:00,
AMS,BCN,2026/2/19,167.08,AF,PT2H5M,2026-02-19T08:20:00,2026-02-19T10:25:00,
AMS,BCN,2026/2/19,167.08,AF,PT2H5M,2026-02-19T14:25:00,2026-02-19T16:30:00,
AMS,BCN,2026/2/19,167.08,AF,PT2H10M,2026-02-19T10:05:00,2026-02-19T12:15:00,
AMS,BCN,2026/2/20,127.18,VY,PT2H15M,2026-02-20T13:10:00,2026-02-20T15:25:00,
AMS,BCN,2026/2/20,132.18,VY,PT2H10M,2026-02-20T15:00:00,2026-02-20T17:10:00,
AMS,BCN,2026/2/20,132.18,VY,PT2H20M,2026-02-20T07:00:00,2026-02-20T09:20:00,
AMS,BCN,2026/2/20,136.78,DY,PT6H20M,2026-02-20T17:05:00,2026-02-20T18:25:00,
AMS,BCN,2026/2/20,137.18,IB,PT2H10M,2026-02-20T15:00:00,2026-02-20T17:10:00,
AMS,BCN,2026/2/20,137.18,IB,PT2H15M,2026-02-20T07:00:00,2026-02-20T09:15:00,
AMS,BCN,2026/2/20,137.18,IB,PT2H15M,2026-02-20T10:25:00,2026-02-20T12:40:00,
AMS,BCN,2026/2/20,137.18,IB,PT2H15M,2026-02-20T13:10:00,2026-02-20T15:25:00,
AMS,BCN,2026/2/20,137.18,IB,PT2H15M,2026-02-20T16:40:00,2026-02-20T18:55:00,
AMS,BCN,2026/2/20,137.18,IB,PT2H15M,2026-02-20T18:45:00,2026-02-20T21:00:00,
AMS,BCN,2026/2/20,137.18,IB,PT2H15M,2026-02-20T21:40:00,2026-02-20T23:55:00,
AMS,BCN,2026/2/20,137.18,VY,PT2H15M,2026-02-20T10:25:00,2026-02-20T12:40:00,
AMS,BCN,2026/2/20,137.18,VY,PT2H15M,2026-02-20T16:40:00,2026-02-20T18:55:00,
AMS,BCN,2026/2/20,137.18,VY,PT2H15M,2026-02-20T18:45:00,2026-02-20T21:00:00,
AMS,BCN,2026/2/20,137.18,VY,PT2H15M,2026-02-20T21:40:00,2026-02-20T23:55:00,
AMS,BCN,2026/2/21,137.18,IB,PT2H15M,2026-02-21T07:00:00,2026-02-21T09:15:00,
AMS,BCN,2026/2/21,137.18,IB,PT2H15M,2026-02-21T10:25:00,2026-02-21T12:40:00,
AMS,BCN,2026/2/21,137.18,IB,PT2H15M,2026-02-21T11:55:00,2026-02-21T14:10:00,
AMS,BCN,2026/2/21,137.18,IB,PT2H15M,2026-02-21T13:10:00,2026-02-21T15:25:00,
AMS,BCN,2026/2/21,137.18,IB,PT2H15M,2026-02-21T18:55:00,2026-02-21T21:10:00,
AMS,BCN,2026/2/21,137.18,IB,PT2H15M,2026-02-21T21:40:00,2026-02-21T23:55:00,
AMS,BCN,2026/2/21,137.18,VY,PT2H15M,2026-02-21T10:25:00,2026-02-21T12:40:00,
AMS,BCN,2026/2/21,137.18,VY,PT2H15M,2026-02-21T11:55:00,2026-02-21T14:10:00,
AMS,BCN,2026/2/21,137.18,VY,PT2H15M,2026-02-21T13:10:00,2026-02-21T15:25:00,
AMS,BCN,2026/2/21,137.18,VY,PT2H15M,2026-02-21T18:55:00,2026-02-21T21:10:00,
AMS,BCN,2026/2/21,137.18,VY,PT2H15M,2026-02-21T21:40:00,2026-02-21T23:55:00,
AMS,BCN,2026/2/21,137.18,VY,PT2H20M,2026-02-21T07:00:00,2026-02-21T09:20:00,
AMS,BCN,2026/2/21,167.08,AF,PT2H5M,2026-02-21T08:20:00,2026-02-21T10:25:00,
AMS,BCN,2026/2/21,167.08,AF,PT2H5M,2026-02-21T14:25:00,2026-02-21T16:30:00,
AMS,BCN,2026/2/21,167.08,AF,PT2H10M,2026-02-21T10:05:00,2026-02-21T12:15:00,
AMS,BCN,2026/2/22,127.18,VY,PT2H15M,2026-02-22T16:40:00,2026-02-22T18:55:00,
AMS,BCN,2026/2/22,127.18,VY,PT2H15M,2026-02-22T18:45:00,2026-02-22T21:00:00,
AMS,BCN,2026/2/22,127.18,VY,PT2H15M,2026-02-22T21:40:00,2026-02-22T23:55:00,
AMS,BCN,2026/2/22,132.18,VY,PT2H15M,2026-02-22T10:25:00,2026-02-22T12:40:00,
AMS,BCN,2026/2/22,137.18,IB,PT2H10M,2026-02-22T15:00:00,2026-02-22T17:10:00,
AMS,BCN,2026/2/22,137.18,IB,PT2H15M,2026-02-22T07:00:00,2026-02-22T09:15:00,
AMS,BCN,2026/2/22,137.18,IB,PT2H15M,2026-02-22T10:25:00,2026-02-22T12:40:00,
AMS,BCN,2026/2/22,137.18,IB,PT2H15M,2026-02-22T13:10:00,2026-02-22T15:25:00,
AMS,BCN,2026/2/22,137.18,IB,PT2H15M,2026-02-22T16:40:00,2026-02-22T18:55:00,
AMS,BCN,2026/2/22,137.18,IB,PT2H15M,2026-02-22T18:45:00,2026-02-22T21:00:00,
AMS,BCN,2026/2/22,137.18,IB,PT2H15M,2026-02-22T21:40:00,2026-02-22T23:55:00,
AMS,BCN,2026/2/22,137.18,VY,PT2H10M,2026-02-22T15:00:00,2026-02-22T17:10:00,
AMS,BCN,2026/2/22,137.18,VY,PT2H15M,2026-02-22T13:10:00,2026-02-22T15:25:00,
AMS,BCN,2026/2/22,137.18,VY,PT2H20M,2026-02-22T07:00:00,2026-02-22T09:20:00,
AMS,BCN,2026/2/22,156.08,AF,PT2H5M,2026-02-22T08:20:00,2026-02-22T10:25:00,
AMS,BCN,2026/2/23,127.18,VY,PT2H10M,2026-02-23T15:00:00,2026-02-23T17:10:00,
AMS,BCN,2026/2/23,136.78,DY,PT18H40M,2026-02-23T17:05:00,2026-02-23T18:25:00,
AMS,BCN,2026/2/23,137.18,IB,PT2H10M,2026-02-23T15:00:00,2026-02-23T17:10:00,
AMS,BCN,2026/2/23,137.18,IB,PT2H15M,2026-02-23T07:00:00,2026-02-23T09:15:00,
AMS,BCN,2026/2/23,137.18,IB,PT2H15M,2026-02-23T10:25:00,2026-02-23T12:40:00,
AMS,BCN,2026/2/23,137.18,IB,PT2H15M,2026-02-23T13:10:00,2026-02-23T15:25:00,
AMS,BCN,2026/2/23,137.18,IB,PT2H15M,2026-02-23T16:40:00,2026-02-23T18:55:00,
AMS,BCN,2026/2/23,137.18,IB,PT2H15M,2026-02-23T18:45:00,2026-02-23T21:00:00,
AMS,BCN,2026/2/23,137.18,IB,PT2H15M,2026-02-23T21:40:00,2026-02-23T23:55:00,
AMS,BCN,2026/2/23,137.18,VY,PT2H15M,2026-02-23T10:25:00,2026-02-23T12:40:00,
AMS,BCN,2026/2/23,137.18,VY,PT2H15M,2026-02-23T13:10:00,2026-02-23T15:25:00,
AMS,BCN,2026/2/23,137.18,VY,PT2H15M,2026-02-23T16:40:00,2026-02-23T18:55:00,
AMS,BCN,2026/2/23,137.18,VY,PT2H15M,2026-02-23T18:45:00,2026-02-23T21:00:00,
AMS,BCN,2026/2/23,137.18,VY,PT2H15M,2026-02-23T21:40:00,2026-02-23T23:55:00,
AMS,BCN,2026/2/23,137.18,VY,PT2H20M,2026-02-23T07:00:00,2026-02-23T09:20:00,
AMS,BCN,2026/2/24,127.18,VY,PT2H15M,2026-02-24T13:10:00,2026-02-24T15:25:00,
AMS,BCN,2026/2/24,137.18,IB,PT2H15M,2026-02-24T07:00:00,2026-02-24T09:15:00,
AMS,BCN,2026/2/24,137.18,IB,PT2H15M,2026-02-24T10:25:00,2026-02-24T12:40:00,
AMS,BCN,2026/2/24,137.18,IB,PT2H15M,2026-02-24T13:10:00,2026-02-24T15:25:00,
AMS,BCN,2026/2/24,137.18,IB,PT2H15M,2026-02-24T18:55:00,2026-02-24T21:10:00,
AMS,BCN,2026/2/24,137.18,IB,PT2H15M,2026-02-24T21:40:00,2026-02-24T23:55:00,
AMS,BCN,2026/2/24,137.18,VY,PT2H15M,2026-02-24T10:25:00,2026-02-24T12:40:00,
AMS,BCN,2026/2/24,137.18,VY,PT2H15M,2026-02-24T18:55:00,2026-02-24T21:10:00,
AMS,BCN,2026/2/24,137.18,VY,PT2H15M,2026-02-24T21:40:00,2026-02-24T23:55:00,
AMS,BCN,2026/2/24,137.18,VY,PT2H20M,2026-02-24T07:00:00,2026-02-24T09:20:00,
AMS,BCN,2026/2/24,156.08,AF,PT2H5M,2026-02-24T08:20:00,2026-02-24T10:25:00,
AMS,BCN,2026/2/24,156.08,AF,PT2H5M,2026-02-24T14:25:00,2026-02-24T16:30:00,
AMS,BCN,2026/2/24,156.08,AF,PT2H10M,2026-02-24T10:05:00,2026-02-24T12:15:00,
AMS,BCN,2026/2/24,156.08,AF,PT2H10M,2026-02-24T16:55:00,2026-02-24T19:05:00,
AMS,BCN,2026/2/24,156.08,AF,PT2H15M,2026-02-24T20:50:00,2026-02-24T23:05:00,
AMS,BCN,2026/2/25,136.78,DY,PT17H35M,2026-02-25T20:50:00,2026-02-25T22:10:00,
AMS,BCN,2026/2/25,137.18,IB,PT2H10M,2026-02-25T15:00:00,2026-02-25T17:10:00,
AMS,BCN,2026/2/25,137.18,IB,PT2H15M,2026-02-25T07:00:00,2026-02-25T09:15:00,
AMS,BCN,2026/2/25,137.18,IB,PT2H15M,2026-02-25T10:25:00,2026-02-25T12:40:00,
AMS,BCN,2026/2/25,137.18,IB,PT2H15M,2026-02-25T13:10:00,2026-02-25T15:25:00,
AMS,BCN,2026/2/25,137.18,IB,PT2H15M,2026-02-25T16:40:00,2026-02-25T18:55:00,
AMS,BCN,2026/2/25,137.18,IB,PT2H15M,2026-02-25T21:40:00,2026-02-25T23:55:00,
AMS,BCN,2026/2/25,137.18,VY,PT2H10M,2026-02-25T15:00:00,2026-02-25T17:10:00,
AMS,BCN,2026/2/25,137.18,VY,PT2H15M,2026-02-25T10:25:00,2026-02-25T12:40:00,
AMS,BCN,2026/2/25,137.18,VY,PT2H15M,2026-02-25T13:10:00,2026-02-25T15:25:00,
AMS,BCN,2026/2/25,137.18,VY,PT2H15M,2026-02-25T16:40:00,2026-02-25T18:55:00,
AMS,BCN,2026/2/25,137.18,VY,PT2H15M,2026-02-25T21:40:00,2026-02-25T23:55:00,
AMS,BCN,2026/2/25,137.18,VY,PT2H20M,2026-02-25T07:00:00,2026-02-25T09:20:00,
AMS,BCN,2026/2/25,156.08,AF,PT2H5M,2026-02-25T08:20:00,2026-02-25T10:25:00,
AMS,BCN,2026/2/25,156.08,AF,PT2H5M,2026-02-25T14:25:00,2026-02-25T16:30:00,
AMS,BCN,2026/2/26,127.18,VY,PT2H15M,2026-02-26T16:40:00,2026-02-26T18:55:00,
AMS,BCN,2026/2/26,127.18,VY,PT2H15M,2026-02-26T21:40:00,2026-02-26T23:55:00,
AMS,BCN,2026/2/26,127.18,VY,PT2H20M,2026-02-26T07:00:00,2026-02-26T09:20:00,
AMS,BCN,2026/2/26,136.78,DY,PT18H40M,2026-02-26T17:05:00,2026-02-26T18:25:00,
AMS,BCN,2026/2/26,137.18,IB,PT2H10M,2026-02-26T15:00:00,2026-02-26T17:10:00,
AMS,BCN,2026/2/26,137.18,IB,PT2H15M,2026-02-26T07:00:00,2026-02-26T09:15:00,
AMS,BCN,2026/2/26,137.18,IB,PT2H15M,2026-02-26T10:25:00,2026-02-26T12:40:00,
AMS,BCN,2026/2/26,137.18,IB,PT2H15M,2026-02-26T13:10:00,2026-02-26T15:25:00,
AMS,BCN,2026/2/26,137.18,IB,PT2H15M,2026-02-26T16:40:00,2026-02-26T18:55:00,
AMS,BCN,2026/2/26,137.18,IB,PT2H15M,2026-02-26T21:40:00,2026-02-26T23:55:00,
AMS,BCN,2026/2/26,137.18,VY,PT2H15M,2026-02-26T10:25:00,2026-02-26T12:40:00,
AMS,BCN,2026/2/26,137.18,VY,PT2H15M,2026-02-26T13:10:00,2026-02-26T15:25:00,
AMS,BCN,2026/2/26,137.18,VY,PT2H15M,2026-02-26T15:00:00,2026-02-26T17:15:00,
AMS,BCN,2026/2/26,156.08,AF,PT2H5M,2026-02-26T08:20:00,2026-02-26T10:25:00,
AMS,BCN,2026/2/26,156.08,AF,PT2H5M,2026-02-26T14:25:00,2026-02-26T16:30:00,
AMS,BCN,2026/2/27,127.18,VY,PT2H10M,2026-02-27T15:00:00,2026-02-27T17:10:00,
AMS,BCN,2026/2/27,137.18,IB,PT2H10M,2026-02-27T15:00:00,2026-02-27T17:10:00,
AMS,BCN,2026/2/27,137.18,IB,PT2H15M,2026-02-27T07:00:00,2026-02-27T09:15:00,
AMS,BCN,2026/2/27,137.18,IB,PT2H15M,2026-02-27T10:25:00,2026-02-27T12:40:00,
AMS,BCN,2026/2/27,137.18,IB,PT2H15M,2026-02-27T13:10:00,2026-02-27T15:25:00,
AMS,BCN,2026/2/27,137.18,IB,PT2H15M,2026-02-27T16:40:00,2026-02-27T18:55:00,
AMS,BCN,2026/2/27,137.18,IB,PT2H15M,2026-02-27T18:45:00,2026-02-27T21:00:00,
AMS,BCN,2026/2/27,137.18,IB,PT2H15M,2026-02-27T21:40:00,2026-02-27T23:55:00,
AMS,BCN,2026/2/27,137.18,VY,PT2H15M,2026-02-27T10:25:00,2026-02-27T12:40:00,
AMS,BCN,2026/2/27,137.18,VY,PT2H15M,2026-02-27T13:10:00,2026-02-27T15:25:00,
AMS,BCN,2026/2/27,137.18,VY,PT2H15M,2026-02-27T16:40:00,2026-02-27T18:55:00,
AMS,BCN,2026/2/27,137.18,VY,PT2H15M,2026-02-27T18:45:00,2026-02-27T21:00:00,
AMS,BCN,2026/2/27,137.18,VY,PT2H15M,2026-02-27T21:40:00,2026-02-27T23:55:00,
AMS,BCN,2026/2/27,137.18,VY,PT2H20M,2026-02-27T07:00:00,2026-02-27T09:20:00,
AMS,BCN,2026/2/27,145.08,AF,PT2H5M,2026-02-27T08:20:00,2026-02-27T10:25:00,
AMS,BCN,2026/2/28,127.18,VY,PT2H15M,2026-02-28T11:55:00,2026-02-28T14:10:00,
AMS,BCN,2026/2/28,127.18,VY,PT2H15M,2026-02-28T21:40:00,2026-02-28T23:55:00,
AMS,BCN,2026/2/28,137.18,IB,PT2H15M,2026-02-28T07:00:00,2026-02-28T09:15:00,
AMS,BCN,2026/2/28,137.18,IB,PT2H15M,2026-02-28T10:25:00,2026-02-28T12:40:00,
AMS,BCN,2026/2/28,137.18,IB,PT2H15M,2026-02-28T11:55:00,2026-02-28T14:10:00,
AMS,BCN,2026/2/28,137.18,IB,PT2H15M,2026-02-28T13:10:00,2026-02-28T15:25:00,
AMS,BCN,2026/2/28,137.18,IB,PT2H15M,2026-02-28T18:55:00,2026-02-28T21:10:00,
AMS,BCN,2026/2/28,137.18,IB,PT2H15M,2026-02-28T21:40:00,2026-02-28T23:55:00,
AMS,BCN,2026/2/28,137.18,VY,PT2H15M,2026-02-28T10:25:00,2026-02-28T12:40:00,
AMS,BCN,2026/2/28,137.18,VY,PT2H15M,2026-02-28T13:10:00,2026-02-28T15:25:00,
AMS,BCN,2026/2/28,137.18,VY,PT2H15M,2026-02-28T18:55:00,2026-02-28T21:10:00,
AMS,BCN,2026/2/28,137.18,VY,PT2H20M,2026-02-28T07:00:00,2026-02-28T09:20:00,
AMS,BCN,2026/2/28,145.08,AF,PT2H5M,2026-02-28T08:20:00,2026-02-28T10:25:00,
AMS,BCN,2026/2/28,145.08,AF,PT2H5M,2026-02-28T14:25:00,2026-02-28T16:30:00,
AMS,BCN,2026/2/28,145.08,AF,PT2H10M,2026-02-28T10:05:00,2026-02-28T12:15:00,
AMS,BCN,2026/3/1,137.18,IB,PT2H10M,2026-03-01T15:00:00,2026-03-01T17:10:00,
AMS,BCN,2026/3/1,137.18,IB,PT2H15M,2026-03-01T07:00:00,2026-03-01T09:15:00,
AMS,BCN,2026/3/1,137.18,IB,PT2H15M,2026-03-01T10:25:00,2026-03-01T12:40:00,
AMS,BCN,2026/3/1,137.18,IB,PT2H15M,2026-03-01T13:10:00,2026-03-01T15:25:00,
AMS,BCN,2026/3/1,137.18,IB,PT2H15M,2026-03-01T16:40:00,2026-03-01T18:55:00,
AMS,BCN,2026/3/1,137.18,IB,PT2H15M,2026-03-01T18:45:00,2026-03-01T21:00:00,
AMS,BCN,2026/3/1,137.18,IB,PT2H15M,2026-03-01T21:40:00,2026-03-01T23:55:00,
AMS,BCN,2026/3/1,137.18,VY,PT2H15M,2026-03-01T10:25:00,2026-03-01T12:40:00,
AMS,BCN,2026/3/1,137.18,VY,PT2H15M,2026-03-01T13:10:00,2026-03-01T15:25:00,
AMS,BCN,2026/3/1,137.18,VY,PT2H15M,2026-03-01T16:40:00,2026-03-01T18:55:00,
AMS,BCN,2026/3/1,137.18,VY,PT2H15M,2026-03-01T18:45:00,2026-03-01T21:00:00,
AMS,BCN,2026/3/1,137.18,VY,PT2H15M,2026-03-01T21:40:00,2026-03-01T23:55:00,
AMS,BCN,2026/3/1,137.18,VY,PT2H20M,2026-03-01T07:00:00,2026-03-01T09:20:00,
AMS,BCN,2026/3/1,142.18,VY,PT2H10M,2026-03-01T15:00:00,2026-03-01T17:10:00,
AMS,BCN,2026/3/1,145.08,AF,PT2H5M,2026-03-01T08:20:00,2026-03-01T10:25:00,
AMS,BCN,2026/3/2,127.18,VY,PT2H10M,2026-03-02T15:00:00,2026-03-02T17:10:00,
AMS,BCN,2026/3/2,136.78,DY,PT18H40M,2026-03-02T17:05:00,2026-03-02T18:25:00,
AMS,BCN,2026/3/2,137.18,IB,PT2H10M,2026-03-02T15:00:00,2026-03-02T17:10:00,
AMS,BCN,2026/3/2,137.18,IB,PT2H15M,2026-03-02T07:00:00,2026-03-02T09:15:00,
AMS,BCN,2026/3/2,137.18,IB,PT2H15M,2026-03-02T10:25:00,2026-03-02T12:40:00,
AMS,BCN,2026/3/2,137.18,IB,PT2H15M,2026-03-02T13:10:00,2026-03-02T15:25:00,
AMS,BCN,2026/3/2,137.18,IB,PT2H15M,2026-03-02T16:40:00,2026-03-02T18:55:00,
AMS,BCN,2026/3/2,137.18,IB,PT2H15M,2026-03-02T18:45:00,2026-03-02T21:00:00,
AMS,BCN,2026/3/2,137.18,IB,PT2H15M,2026-03-02T21:40:00,2026-03-02T23:55:00,
AMS,BCN,2026/3/2,137.18,VY,PT2H15M,2026-03-02T10:25:00,2026-03-02T12:40:00,
AMS,BCN,2026/3/2,137.18,VY,PT2H15M,2026-03-02T13:10:00,2026-03-02T15:25:00,
AMS,BCN,2026/3/2,137.18,VY,PT2H15M,2026-03-02T16:40:00,2026-03-02T18:55:00,
AMS,BCN,2026/3/2,137.18,VY,PT2H15M,2026-03-02T18:45:00,2026-03-02T21:00:00,
AMS,BCN,2026/3/2,137.18,VY,PT2H15M,2026-03-02T21:40:00,2026-03-02T23:55:00,
AMS,BCN,2026/3/2,137.18,VY,PT2H20M,2026-03-02T07:00:00,2026-03-02T09:20:00,
AMS,BCN,2026/3/3,137.18,IB,PT2H15M,2026-03-03T07:00:00,2026-03-03T09:15:00,
AMS,BCN,2026/3/3,137.18,IB,PT2H15M,2026-03-03T10:25:00,2026-03-03T12:40:00,
AMS,BCN,2026/3/3,137.18,IB,PT2H15M,2026-03-03T13:10:00,2026-03-03T15:25:00,
AMS,BCN,2026/3/3,137.18,IB,PT2H15M,2026-03-03T18:55:00,2026-03-03T21:10:00,
AMS,BCN,2026/3/3,137.18,IB,PT2H15M,2026-03-03T21:40:00,2026-03-03T23:55:00,
AMS,BCN,2026/3/3,137.18,VY,PT2H15M,2026-03-03T10:25:00,2026-03-03T12:40:00,
AMS,BCN,2026/3/3,137.18,VY,PT2H15M,2026-03-03T13:10:00,2026-03-03T15:25:00,
AMS,BCN,2026/3/3,137.18,VY,PT2H15M,2026-03-03T18:55:00,2026-03-03T21:10:00,
AMS,BCN,2026/3/3,137.18,VY,PT2H15M,2026-03-03T21:40:00,2026-03-03T23:55:00,
AMS,BCN,2026/3/3,137.18,VY,PT2H20M,2026-03-03T07:00:00,2026-03-03T09:20:00,
AMS,BCN,2026/3/3,145.08,AF,PT2H5M,2026-03-03T08:20:00,2026-03-03T10:25:00,
AMS,BCN,2026/3/3,145.08,AF,PT2H5M,2026-03-03T14:25:00,2026-03-03T16:30:00,
AMS,BCN,2026/3/3,145.08,AF,PT2H10M,2026-03-03T10:05:00,2026-03-03T12:15:00,
AMS,BCN,2026/3/3,145.08,AF,PT2H10M,2026-03-03T16:55:00,2026-03-03T19:05:00,
AMS,BCN,2026/3/3,145.08,AF,PT2H15M,2026-03-03T20:50:00,2026-03-03T23:05:00,
AMS,BCN,2026/3/4,137.18,IB,PT2H10M,2026-03-04T15:00:00,2026-03-04T17:10:00,
AMS,BCN,2026/3/4,137.18,IB,PT2H15M,2026-03-04T07:00:00,2026-03-04T09:15:00,
AMS,BCN,2026/3/4,137.18,IB,PT2H15M,2026-03-04T10:25:00,2026-03-04T12:40:00,
AMS,BCN,2026/3/4,137.18,IB,PT2H15M,2026-03-04T13:10:00,2026-03-04T15:25:00,
AMS,BCN,2026/3/4,137.18,IB,PT2H15M,2026-03-04T16:40:00,2026-03-04T18:55:00,
AMS,BCN,2026/3/4,137.18,IB,PT2H15M,2026-03-04T21:40:00,2026-03-04T23:55:00,
AMS,BCN,2026/3/4,137.18,VY,PT2H10M,2026-03-04T15:00:00,2026-03-04T17:10:00,
AMS,BCN,2026/3/4,137.18,VY,PT2H15M,2026-03-04T10:25:00,2026-03-04T12:40:00,
AMS,BCN,2026/3/4,137.18,VY,PT2H15M,2026-03-04T13:10:00,2026-03-04T15:25:00,
AMS,BCN,2026/3/4,137.18,VY,PT2H15M,2026-03-04T16:40:00,2026-03-04T18:55:00,
AMS,BCN,2026/3/4,137.18,VY,PT2H15M,2026-03-04T21:40:00,2026-03-04T23:55:00,
AMS,BCN,2026/3/4,137.18,VY,PT2H20M,2026-03-04T07:00:00,2026-03-04T09:20:00,
AMS,BCN,2026/3/4,145.08,AF,PT2H5M,2026-03-04T08:20:00,2026-03-04T10:25:00,
AMS,BCN,2026/3/4,145.08,AF,PT2H5M,2026-03-04T14:25:00,2026-03-04T16:30:00,
AMS,BCN,2026/3/4,145.08,AF,PT2H10M,2026-03-04T10:05:00,2026-03-04T12:15:00,
AMS,BCN,2026/3/5,137.18,IB,PT2H10M,2026-03-05T15:00:00,2026-03-05T17:10:00,
AMS,BCN,2026/3/5,137.18,IB,PT2H15M,2026-03-05T07:00:00,2026-03-05T09:15:00,
AMS,BCN,2026/3/5,137.18,IB,PT2H15M,2026-03-05T10:25:00,2026-03-05T12:40:00,
AMS,BCN,2026/3/5,137.18,IB,PT2H15M,2026-03-05T13:10:00,2026-03-05T15:25:00,
AMS,BCN,2026/3/5,137.18,IB,PT2H15M,2026-03-05T16:40:00,2026-03-05T18:55:00,
AMS,BCN,2026/3/5,137.18,IB,PT2H15M,2026-03-05T21:40:00,2026-03-05T23:55:00,
AMS,BCN,2026/3/5,137.18,VY,PT2H15M,2026-03-05T10:25:00,2026-03-05T12:40:00,
AMS,BCN,2026/3/5,137.18,VY,PT2H15M,2026-03-05T13:10:00,2026-03-05T15:25:00,
AMS,BCN,2026/3/5,137.18,VY,PT2H15M,2026-03-05T15:00:00,2026-03-05T17:15:00,
AMS,BCN,2026/3/5,137.18,VY,PT2H15M,2026-03-05T16:40:00,2026-03-05T18:55:00,
AMS,BCN,2026/3/5,137.18,VY,PT2H15M,2026-03-05T21:40:00,2026-03-05T23:55:00,
AMS,BCN,2026/3/5,137.18,VY,PT2H20M,2026-03-05T07:00:00,2026-03-05T09:20:00,
AMS,BCN,2026/3/5,145.08,AF,PT2H5M,2026-03-05T08:20:00,2026-03-05T10:25:00,
AMS,BCN,2026/3/5,145.08,AF,PT2H5M,2026-03-05T14:25:00,2026-03-05T16:30:00,
AMS,BCN,2026/3/5,145.08,AF,PT2H10M,2026-03-05T10:05:00,2026-03-05T12:15:00,
AMS,BCN,2026/3/6,127.18,VY,PT2H10M,2026-03-06T15:00:00,2026-03-06T17:10:00,
AMS,BCN,2026/3/6,127.18,VY,PT2H15M,2026-03-06T16:40:00,2026-03-06T18:55:00,
AMS,BCN,2026/3/6,136.78,DY,PT6H20M,2026-03-06T17:05:00,2026-03-06T18:25:00,
AMS,BCN,2026/3/6,137.18,IB,PT2H10M,2026-03-06T15:00:00,2026-03-06T17:10:00,
AMS,BCN,2026/3/6,137.18,IB,PT2H15M,2026-03-06T07:00:00,2026-03-06T09:15:00,
AMS,BCN,2026/3/6,137.18,IB,PT2H15M,2026-03-06T10:25:00,2026-03-06T12:40:00,
AMS,BCN,2026/3/6,137.18,IB,PT2H15M,2026-03-06T13:10:00,2026-03-06T15:25:00,
AMS,BCN,2026/3/6,137.18,IB,PT2H15M,2026-03-06T16:40:00,2026-03-06T18:55:00,
AMS,BCN,2026/3/6,137.18,IB,PT2H15M,2026-03-06T18:45:00,2026-03-06T21:00:00,
AMS,BCN,2026/3/6,137.18,IB,PT2H15M,2026-03-06T21:40:00,2026-03-06T23:55:00,
AMS,BCN,2026/3/6,137.18,VY,PT2H15M,2026-03-06T10:25:00,2026-03-06T12:40:00,
AMS,BCN,2026/3/6,137.18,VY,PT2H15M,2026-03-06T13:10:00,2026-03-06T15:25:00,
AMS,BCN,2026/3/6,137.18,VY,PT2H15M,2026-03-06T18:45:00,2026-03-06T21:00:00,
AMS,BCN,2026/3/6,137.18,VY,PT2H15M,2026-03-06T21:40:00,2026-03-06T23:55:00,
AMS,BCN,2026/3/6,137.18,VY,PT2H20M,2026-03-06T07:00:00,2026-03-06T09:20:00,
AMS,BCN,2026/3/7,127.18,VY,PT2H15M,2026-03-07T11:55:00,2026-03-07T14:10:00,
AMS,BCN,2026/3/7,137.18,IB,PT2H15M,2026-03-07T07:00:00,2026-03-07T09:15:00,
AMS,BCN,2026/3/7,137.18,IB,PT2H15M,2026-03-07T10:25:00,2026-03-07T12:40:00,
AMS,BCN,2026/3/7,137.18,IB,PT2H15M,2026-03-07T11:55:00,2026-03-07T14:10:00,
AMS,BCN,2026/3/7,137.18,IB,PT2H15M,2026-03-07T13:10:00,2026-03-07T15:25:00,
AMS,BCN,2026/3/7,137.18,IB,PT2H15M,2026-03-07T18:55:00,2026-03-07T21:10:00,
AMS,BCN,2026/3/7,137.18,IB,PT2H15M,2026-03-07T21:40:00,2026-03-07T23:55:00,
AMS,BCN,2026/3/7,137.18,VY,PT2H15M,2026-03-07T10:25:00,2026-03-07T12:40:00,
AMS,BCN,2026/3/7,137.18,VY,PT2H15M,2026-03-07T13:10:00,2026-03-07T15:25:00,
AMS,BCN,2026/3/7,137.18,VY,PT2H15M,2026-03-07T18:55:00,2026-03-07T21:10:00,
AMS,BCN,2026/3/7,137.18,VY,PT2H15M,2026-03-07T21:40:00,2026-03-07T23:55:00,
AMS,BCN,2026/3/7,137.18,VY,PT2H20M,2026-03-07T07:00:00,2026-03-07T09:20:00,
AMS,BCN,2026/3/7,145.08,AF,PT2H5M,2026-03-07T08:20:00,2026-03-07T10:25:00,
AMS,BCN,2026/3/7,145.08,AF,PT2H5M,2026-03-07T14:25:00,2026-03-07T16:30:00,
AMS,BCN,2026/3/7,145.08,AF,PT2H10M,2026-03-07T10:05:00,2026-03-07T12:15:00,
AMS,BCN,2026/3/8,137.18,IB,PT2H10M,2026-03-08T15:00:00,2026-03-08T17:10:00,
AMS,BCN,2026/3/8,137.18,IB,PT2H15M,2026-03-08T07:00:00,2026-03-08T09:15:00,
AMS,BCN,2026/3/8,137.18,IB,PT2H15M,2026-03-08T10:25:00,2026-03-08T12:40:00,
AMS,BCN,2026/3/8,137.18,IB,PT2H15M,2026-03-08T13:10:00,2026-03-08T15:25:00,
AMS,BCN,2026/3/8,137.18,IB,PT2H15M,2026-03-08T16:40:00,2026-03-08T18:55:00,
AMS,BCN,2026/3/8,137.18,IB,PT2H15M,2026-03-08T18:45:00,2026-03-08T21:00:00,
AMS,BCN,2026/3/8,137.18,IB,PT2H15M,2026-03-08T21:40:00,2026-03-08T23:55:00,
AMS,BCN,2026/3/8,137.18,VY,PT2H15M,2026-03-08T10:25:00,2026-03-08T12:40:00,
AMS,BCN,2026/3/8,137.18,VY,PT2H15M,2026-03-08T13:10:00,2026-03-08T15:25:00,
AMS,BCN,2026/3/8,137.18,VY,PT2H15M,2026-03-08T16:40:00,2026-03-08T18:55:00,
AMS,BCN,2026/3/8,137.18,VY,PT2H15M,2026-03-08T18:45:00,2026-03-08T21:00:00,
AMS,BCN,2026/3/8,137.18,VY,PT2H15M,2026-03-08T21:40:00,2026-03-08T23:55:00,
AMS,BCN,2026/3/8,137.18,VY,PT2H20M,2026-03-08T07:00:00,2026-03-08T09:20:00,
AMS,BCN,2026/3/8,142.18,VY,PT2H10M,2026-03-08T15:00:00,2026-03-08T17:10:00,
AMS,BCN,2026/3/8,145.08,AF,PT2H5M,2026-03-08T08:20:00,2026-03-08T10:25:00,
AMS,BCN,2026/3/9,127.18,VY,PT2H10M,2026-03-09T15:00:00,2026-03-09T17:10:00,
AMS,BCN,2026/3/9,136.78,DY,PT18H40M,2026-03-09T17:05:00,2026-03-09T18:25:00,
AMS,BCN,2026/3/9,137.18,IB,PT2H10M,2026-03-09T15:00:00,2026-03-09T17:10:00,
AMS,BCN,2026/3/9,137.18,IB,PT2H15M,2026-03-09T07:00:00,2026-03-09T09:15:00,
AMS,BCN,2026/3/9,137.18,IB,PT2H15M,2026-03-09T10:25:00,2026-03-09T12:40:00,
AMS,BCN,2026/3/9,137.18,IB,PT2H15M,2026-03-09T13:10:00,2026-03-09T15:25:00,
AMS,BCN,2026/3/9,137.18,IB,PT2H15M,2026-03-09T16:40:00,2026-03-09T18:55:00,
AMS,BCN,2026/3/9,137.18,IB,PT2H15M,2026-03-09T18:45:00,2026-03-09T21:00:00,
AMS,BCN,2026/3/9,137.18,IB,PT2H15M,2026-03-09T21:40:00,2026-03-09T23:55:00,
AMS,BCN,2026/3/9,137.18,VY,PT2H15M,2026-03-09T10:25:00,2026-03-09T12:40:00,
AMS,BCN,2026/3/9,137.18,VY,PT2H15M,2026-03-09T13:10:00,2026-03-09T15:25:00,
AMS,BCN,2026/3/9,137.18,VY,PT2H15M,2026-03-09T16:40:00,2026-03-09T18:55:00,
AMS,BCN,2026/3/9,137.18,VY,PT2H15M,2026-03-09T18:45:00,2026-03-09T21:00:00,
AMS,BCN,2026/3/9,137.18,VY,PT2H15M,2026-03-09T21:40:00,2026-03-09T23:55:00,
AMS,BCN,2026/3/9,137.18,VY,PT2H20M,2026-03-09T07:00:00,2026-03-09T09:20:00,
AMS,BCN,2026/3/10,127.18,VY,PT2H15M,2026-03-10T13:10:00,2026-03-10T15:25:00,
AMS,BCN,2026/3/10,127.18,VY,PT2H15M,2026-03-10T21:40:00,2026-03-10T23:55:00,
AMS,BCN,2026/3/10,137.18,IB,PT2H15M,2026-03-10T07:00:00,2026-03-10T09:15:00,
AMS,BCN,2026/3/10,137.18,IB,PT2H15M,2026-03-10T10:25:00,2026-03-10T12:40:00,
AMS,BCN,2026/3/10,137.18,IB,PT2H15M,2026-03-10T13:10:00,2026-03-10T15:25:00,
AMS,BCN,2026/3/10,137.18,IB,PT2H15M,2026-03-10T18:55:00,2026-03-10T21:10:00,
AMS,BCN,2026/3/10,137.18,IB,PT2H15M,2026-03-10T21:40:00,2026-03-10T23:55:00,
AMS,BCN,2026/3/10,137.18,VY,PT2H15M,2026-03-10T10:25:00,2026-03-10T12:40:00,
AMS,BCN,2026/3/10,137.18,VY,PT2H15M,2026-03-10T18:55:00,2026-03-10T21:10:00,
AMS,BCN,2026/3/10,137.18,VY,PT2H20M,2026-03-10T07:00:00,2026-03-10T09:20:00,
AMS,BCN,2026/3/10,145.08,AF,PT2H5M,2026-03-10T08:20:00,2026-03-10T10:25:00,
AMS,BCN,2026/3/10,145.08,AF,PT2H5M,2026-03-10T14:25:00,2026-03-10T16:30:00,
AMS,BCN,2026/3/10,145.08,AF,PT2H10M,2026-03-10T10:05:00,2026-03-10T12:15:00,
AMS,BCN,2026/3/10,145.08,AF,PT2H10M,2026-03-10T16:55:00,2026-03-10T19:05:00,
AMS,BCN,2026/3/10,145.08,AF,PT2H15M,2026-03-10T20:50:00,2026-03-10T23:05:00,
AMS,BCN,2026/3/11,137.18,IB,PT2H10M,2026-03-11T15:00:00,2026-03-11T17:10:00,
AMS,BCN,2026/3/11,137.18,IB,PT2H15M,2026-03-11T07:00:00,2026-03-11T09:15:00,
AMS,BCN,2026/3/11,137.18,IB,PT2H15M,2026-03-11T10:25:00,2026-03-11T12:40:00,
AMS,BCN,2026/3/11,137.18,IB,PT2H15M,2026-03-11T13:10:00,2026-03-11T15:25:00,
AMS,BCN,2026/3/11,137.18,IB,PT2H15M,2026-03-11T16:40:00,2026-03-11T18:55:00,
AMS,BCN,2026/3/11,137.18,IB,PT2H15M,2026-03-11T21:40:00,2026-03-11T23:55:00,
AMS,BCN,2026/3/11,137.18,VY,PT2H10M,2026-03-11T15:00:00,2026-03-11T17:10:00,
AMS,BCN,2026/3/11,137.18,VY,PT2H15M,2026-03-11T10:25:00,2026-03-11T12:40:00,
AMS,BCN,2026/3/11,137.18,VY,PT2H15M,2026-03-11T13:10:00,2026-03-11T15:25:00,
AMS,BCN,2026/3/11,137.18,VY,PT2H15M,2026-03-11T16:40:00,2026-03-11T18:55:00,
AMS,BCN,2026/3/11,137.18,VY,PT2H15M,2026-03-11T21:40:00,2026-03-11T23:55:00,
AMS,BCN,2026/3/11,137.18,VY,PT2H20M,2026-03-11T07:00:00,2026-03-11T09:20:00,
AMS,BCN,2026/3/11,145.08,AF,PT2H5M,2026-03-11T08:20:00,2026-03-11T10:25:00,
AMS,BCN,2026/3/11,145.08,AF,PT2H5M,2026-03-11T14:25:00,2026-03-11T16:30:00,
AMS,BCN,2026/3/11,145.08,AF,PT2H10M,2026-03-11T10:05:00,2026-03-11T12:15:00,
AMS,BCN,2026/3/12,137.18,IB,PT2H10M,2026-03-12T15:00:00,2026-03-12T17:10:00,
AMS,BCN,2026/3/12,137.18,IB,PT2H15M,2026-03-12T07:00:00,2026-03-12T09:15:00,
AMS,BCN,2026/3/12,137.18,IB,PT2H15M,2026-03-12T10:25:00,2026-03-12T12:40:00,
AMS,BCN,2026/3/12,137.18,IB,PT2H15M,2026-03-12T13:10:00,2026-03-12T15:25:00,
AMS,BCN,2026/3/12,137.18,IB,PT2H15M,2026-03-12T16:40:00,2026-03-12T18:55:00,
AMS,BCN,2026/3/12,137.18,IB,PT2H15M,2026-03-12T21:40:00,2026-03-12T23:55:00,
AMS,BCN,2026/3/12,137.18,VY,PT2H15M,2026-03-12T10:25:00,2026-03-12T12:40:00,
AMS,BCN,2026/3/12,137.18,VY,PT2H15M,2026-03-12T13:10:00,2026-03-12T15:25:00,
AMS,BCN,2026/3/12,137.18,VY,PT2H15M,2026-03-12T15:00:00,2026-03-12T17:15:00,
AMS,BCN,2026/3/12,137.18,VY,PT2H15M,2026-03-12T16:40:00,2026-03-12T18:55:00,
AMS,BCN,2026/3/12,137.18,VY,PT2H15M,2026-03-12T21:40:00,2026-03-12T23:55:00,
AMS,BCN,2026/3/12,137.18,VY,PT2H20M,2026-03-12T07:00:00,2026-03-12T09:20:00,
AMS,BCN,2026/3/12,145.08,AF,PT2H5M,2026-03-12T08:20:00,2026-03-12T10:25:00,
AMS,BCN,2026/3/12,145.08,AF,PT2H5M,2026-03-12T14:25:00,2026-03-12T16:30:00,
AMS,BCN,2026/3/12,145.08,AF,PT2H10M,2026-03-12T10:05:00,2026-03-12T12:15:00,
AMS,BCN,2026/3/13,136.78,DY,PT6H20M,2026-03-13T17:05:00,2026-03-13T18:25:00,
AMS,BCN,2026/3/13,137.18,IB,PT2H10M,2026-03-13T15:00:00,2026-03-13T17:10:00,
AMS,BCN,2026/3/13,137.18,IB,PT2H15M,2026-03-13T07:00:00,2026-03-13T09:15:00,
AMS,BCN,2026/3/13,137.18,IB,PT2H15M,2026-03-13T10:25:00,2026-03-13T12:40:00,
AMS,BCN,2026/3/13,137.18,IB,PT2H15M,2026-03-13T13:10:00,2026-03-13T15:25:00,
AMS,BCN,2026/3/13,137.18,IB,PT2H15M,2026-03-13T16:40:00,2026-03-13T18:55:00,
AMS,BCN,2026/3/13,137.18,IB,PT2H15M,2026-03-13T18:45:00,2026-03-13T21:00:00,
AMS,BCN,2026/3/13,137.18,IB,PT2H15M,2026-03-13T21:40:00,2026-03-13T23:55:00,
AMS,BCN,2026/3/13,137.18,VY,PT2H15M,2026-03-13T10:25:00,2026-03-13T12:40:00,
AMS,BCN,2026/3/13,137.18,VY,PT2H15M,2026-03-13T13:10:00,2026-03-13T15:25:00,
AMS,BCN,2026/3/13,137.18,VY,PT2H15M,2026-03-13T16:40:00,2026-03-13T18:55:00,
AMS,BCN,2026/3/13,137.18,VY,PT2H15M,2026-03-13T18:45:00,2026-03-13T21:00:00,
AMS,BCN,2026/3/13,137.18,VY,PT2H15M,2026-03-13T21:40:00,2026-03-13T23:55:00,
AMS,BCN,2026/3/13,137.18,VY,PT2H20M,2026-03-13T07:00:00,2026-03-13T09:20:00,
AMS,BCN,2026/3/13,145.08,AF,PT2H5M,2026-03-13T08:20:00,2026-03-13T10:25:00,
AMS,BCN,2026/3/14,137.18,IB,PT2H15M,2026-03-14T07:00:00,2026-03-14T09:15:00,
AMS,BCN,2026/3/14,137.18,IB,PT2H15M,2026-03-14T11:55:00,2026-03-14T14:10:00,
AMS,BCN,2026/3/14,137.18,IB,PT2H15M,2026-03-14T13:10:00,2026-03-14T15:25:00,
AMS,BCN,2026/3/14,137.18,IB,PT2H15M,2026-03-14T18:55:00,2026-03-14T21:10:00,
AMS,BCN,2026/3/14,137.18,IB,PT2H15M,2026-03-14T21:40:00,2026-03-14T23:55:00,
AMS,BCN,2026/3/14,137.18,VY,PT2H15M,2026-03-14T11:55:00,2026-03-14T14:10:00,
AMS,BCN,2026/3/14,137.18,VY,PT2H15M,2026-03-14T13:10:00,2026-03-14T15:25:00,
AMS,BCN,2026/3/14,137.18,VY,PT2H15M,2026-03-14T18:55:00,2026-03-14T21:10:00,
AMS,BCN,2026/3/14,137.18,VY,PT2H15M,2026-03-14T21:40:00,2026-03-14T23:55:00,
AMS,BCN,2026/3/14,137.18,VY,PT2H20M,2026-03-14T07:00:00,2026-03-14T09:20:00,
AMS,BCN,2026/3/14,145.08,AF,PT2H5M,2026-03-14T08:20:00,2026-03-14T10:25:00,
AMS,BCN,2026/3/14,145.08,AF,PT2H5M,2026-03-14T14:25:00,2026-03-14T16:30:00,
AMS,BCN,2026/3/14,145.08,AF,PT2H10M,2026-03-14T10:05:00,2026-03-14T12:15:00,
AMS,BCN,2026/3/14,145.08,AF,PT2H10M,2026-03-14T16:55:00,2026-03-14T19:05:00,
AMS,BCN,2026/3/14,157.59,AZ,PT5H20M,2026-03-14T17:55:00,2026-03-14T20:10:00,
AMS,BCN,2026/3/15,137.18,IB,PT2H10M,2026-03-15T15:00:00,2026-03-15T17:10:00,
AMS,BCN,2026/3/15,137.18,IB,PT2H15M,2026-03-15T07:00:00,2026-03-15T09:15:00,
AMS,BCN,2026/3/15,137.18,IB,PT2H15M,2026-03-15T13:10:00,2026-03-15T15:25:00,
AMS,BCN,2026/3/15,137.18,IB,PT2H15M,2026-03-15T16:40:00,2026-03-15T18:55:00,
AMS,BCN,2026/3/15,137.18,IB,PT2H15M,2026-03-15T18:45:00,2026-03-15T21:00:00,
AMS,BCN,2026/3/15,137.18,IB,PT2H15M,2026-03-15T21:40:00,2026-03-15T23:55:00,
AMS,BCN,2026/3/15,137.18,VY,PT2H15M,2026-03-15T13:10:00,2026-03-15T15:25:00,
AMS,BCN,2026/3/15,137.18,VY,PT2H15M,2026-03-15T16:40:00,2026-03-15T18:55:00,
AMS,BCN,2026/3/15,137.18,VY,PT2H15M,2026-03-15T18:45:00,2026-03-15T21:00:00,
AMS,BCN,2026/3/15,137.18,VY,PT2H15M,2026-03-15T21:40:00,2026-03-15T23:55:00,
AMS,BCN,2026/3/15,137.18,VY,PT2H20M,2026-03-15T07:00:00,2026-03-15T09:20:00,
AMS,BCN,2026/3/15,145.08,AF,PT2H5M,2026-03-15T08:20:00,2026-03-15T10:25:00,
AMS,BCN,2026/3/15,145.08,AF,PT2H5M,2026-03-15T14:25:00,2026-03-15T16:30:00,
AMS,BCN,2026/3/15,145.08,AF,PT2H10M,2026-03-15T10:05:00,2026-03-15T12:15:00,
AMS,BCN,2026/3/15,145.08,AF,PT2H10M,2026-03-15T16:55:00,2026-03-15T19:05:00,
AMS,BCN,2026/3/16,127.18,VY,PT2H10M,2026-03-16T15:00:00,2026-03-16T17:10:00,
AMS,BCN,2026/3/16,132.18,VY,PT2H15M,2026-03-16T18:45:00,2026-03-16T21:00:00,
AMS,BCN,2026/3/16,132.18,VY,PT2H15M,2026-03-16T21:40:00,2026-03-16T23:55:00,
AMS,BCN,2026/3/16,137.18,IB,PT2H10M,2026-03-16T15:00:00,2026-03-16T17:10:00,
AMS,BCN,2026/3/16,137.18,IB,PT2H15M,2026-03-16T07:00:00,2026-03-16T09:15:00,
AMS,BCN,2026/3/16,137.18,IB,PT2H15M,2026-03-16T10:25:00,2026-03-16T12:40:00,
AMS,BCN,2026/3/16,137.18,IB,PT2H15M,2026-03-16T13:10:00,2026-03-16T15:25:00,
AMS,BCN,2026/3/16,137.18,IB,PT2H15M,2026-03-16T16:40:00,2026-03-16T18:55:00,
AMS,BCN,2026/3/16,137.18,IB,PT2H15M,2026-03-16T18:45:00,2026-03-16T21:00:00,
AMS,BCN,2026/3/16,137.18,IB,PT2H15M,2026-03-16T21:40:00,2026-03-16T23:55:00,
AMS,BCN,2026/3/16,137.18,VY,PT2H15M,2026-03-16T10:25:00,2026-03-16T12:40:00,
AMS,BCN,2026/3/16,137.18,VY,PT2H15M,2026-03-16T13:10:00,2026-03-16T15:25:00,
AMS,BCN,2026/3/16,137.18,VY,PT2H15M,2026-03-16T16:40:00,2026-03-16T18:55:00,
AMS,BCN,2026/3/16,137.18,VY,PT2H20M,2026-03-16T07:00:00,2026-03-16T09:20:00,
AMS,BCN,2026/3/16,145.08,AF,PT2H5M,2026-03-16T08:20:00,2026-03-16T10:25:00,
AMS,BCN,2026/3/17,137.18,IB,PT2H15M,2026-03-17T07:00:00,2026-03-17T09:15:00,
AMS,BCN,2026/3/17,137.18,IB,PT2H15M,2026-03-17T10:25:00,2026-03-17T12:40:00,
AMS,BCN,2026/3/17,137.18,IB,PT2H15M,2026-03-17T13:10:00,2026-03-17T15:25:00,
AMS,BCN,2026/3/17,137.18,IB,PT2H15M,2026-03-17T18:55:00,2026-03-17T21:10:00,
AMS,BCN,2026/3/17,137.18,IB,PT2H15M,2026-03-17T21:40:00,2026-03-17T23:55:00,
AMS,BCN,2026/3/17,137.18,VY,PT2H15M,2026-03-17T10:25:00,2026-03-17T12:40:00,
AMS,BCN,2026/3/17,137.18,VY,PT2H15M,2026-03-17T13:10:00,2026-03-17T15:25:00,
AMS,BCN,2026/3/17,137.18,VY,PT2H15M,2026-03-17T18:55:00,2026-03-17T21:10:00,
AMS,BCN,2026/3/17,137.18,VY,PT2H15M,2026-03-17T21:40:00,2026-03-17T23:55:00,
AMS,BCN,2026/3/17,137.18,VY,PT2H20M,2026-03-17T07:00:00,2026-03-17T09:20:00,
AMS,BCN,2026/3/17,145.08,AF,PT2H5M,2026-03-17T08:20:00,2026-03-17T10:25:00,
AMS,BCN,2026/3/17,145.08,AF,PT2H5M,2026-03-17T14:25:00,2026-03-17T16:30:00,
AMS,BCN,2026/3/17,145.08,AF,PT2H10M,2026-03-17T10:05:00,2026-03-17T12:15:00,
AMS,BCN,2026/3/17,145.08,AF,PT2H10M,2026-03-17T16:55:00,2026-03-17T19:05:00,
AMS,BCN,2026/3/17,145.08,AF,PT2H15M,2026-03-17T20:50:00,2026-03-17T23:05:00,
AMS,BCN,2026/3/18,137.18,IB,PT2H15M,2026-03-18T07:00:00,2026-03-18T09:15:00,
AMS,BCN,2026/3/18,137.18,IB,PT2H15M,2026-03-18T10:25:00,2026-03-18T12:40:00,
AMS,BCN,2026/3/18,137.18,IB,PT2H15M,2026-03-18T16:40:00,2026-03-18T18:55:00,
AMS,BCN,2026/3/18,137.18,IB,PT2H15M,2026-03-18T21:40:00,2026-03-18T23:55:00,
AMS,BCN,2026/3/18,137.18,VY,PT2H15M,2026-03-18T10:25:00,2026-03-18T12:40:00,
AMS,BCN,2026/3/18,137.18,VY,PT2H15M,2026-03-18T16:40:00,2026-03-18T18:55:00,
AMS,BCN,2026/3/18,137.18,VY,PT2H15M,2026-03-18T21:40:00,2026-03-18T23:55:00,
AMS,BCN,2026/3/18,137.18,VY,PT2H20M,2026-03-18T07:00:00,2026-03-18T09:20:00,
AMS,BCN,2026/3/18,145.08,AF,PT2H5M,2026-03-18T08:20:00,2026-03-18T10:25:00,
AMS,BCN,2026/3/18,145.08,AF,PT2H5M,2026-03-18T14:25:00,2026-03-18T16:30:00,
AMS,BCN,2026/3/18,145.08,AF,PT2H10M,2026-03-18T10:05:00,2026-03-18T12:15:00,
AMS,BCN,2026/3/18,145.08,AF,PT2H10M,2026-03-18T16:55:00,2026-03-18T19:05:00,
AMS,BCN,2026/3/18,145.08,AF,PT2H15M,2026-03-18T20:50:00,2026-03-18T23:05:00,
AMS,BCN,2026/3/18,157.59,AZ,PT5H20M,2026-03-18T17:55:00,2026-03-18T20:10:00,
AMS,BCN,2026/3/18,157.59,AZ,PT11H20M,2026-03-18T11:55:00,2026-03-18T14:10:00,
AMS,BCN,2026/3/19,137.18,IB,PT2H10M,2026-03-19T15:00:00,2026-03-19T17:10:00,
AMS,BCN,2026/3/19,137.18,IB,PT2H15M,2026-03-19T07:00:00,2026-03-19T09:15:00,
AMS,BCN,2026/3/19,137.18,IB,PT2H15M,2026-03-19T10:25:00,2026-03-19T12:40:00,
AMS,BCN,2026/3/19,137.18,IB,PT2H15M,2026-03-19T13:10:00,2026-03-19T15:25:00,
AMS,BCN,2026/3/19,137.18,IB,PT2H15M,2026-03-19T16:40:00,2026-03-19T18:55:00,
AMS,BCN,2026/3/19,137.18,IB,PT2H15M,2026-03-19T21:40:00,2026-03-19T23:55:00,
AMS,BCN,2026/3/19,137.18,VY,PT2H15M,2026-03-19T10:25:00,2026-03-19T12:40:00,
AMS,BCN,2026/3/19,137.18,VY,PT2H15M,2026-03-19T13:10:00,2026-03-19T15:25:00,
AMS,BCN,2026/3/19,137.18,VY,PT2H15M,2026-03-19T15:00:00,2026-03-19T17:15:00,
AMS,BCN,2026/3/19,137.18,VY,PT2H15M,2026-03-19T16:40:00,2026-03-19T18:55:00,
AMS,BCN,2026/3/19,137.18,VY,PT2H15M,2026-03-19T21:40:00,2026-03-19T23:55:00,
AMS,BCN,2026/3/19,137.18,VY,PT2H20M,2026-03-19T07:00:00,2026-03-19T09:20:00,
AMS,BCN,2026/3/19,145.08,AF,PT2H5M,2026-03-19T08:20:00,2026-03-19T10:25:00,
AMS,BCN,2026/3/19,145.08,AF,PT2H5M,2026-03-19T14:25:00,2026-03-19T16:30:00,
AMS,BCN,2026/3/19,145.08,AF,PT2H10M,2026-03-19T10:05:00,2026-03-19T12:15:00,
BER,BCN,2026/2/18,60.3,VY,PT2H35M,2026-02-18T15:45:00,2026-02-18T18:20:00,
BER,BCN,2026/2/18,60.3,VY,PT2H45M,2026-02-18T21:20:00,2026-02-19T00:05:00,
BER,BCN,2026/2/18,71.9,DY,PT26H5M,2026-02-18T12:20:00,2026-02-18T13:20:00,
BER,BCN,2026/2/18,72.3,VY,PT2H35M,2026-02-18T10:40:00,2026-02-18T13:15:00,
BER,BCN,2026/2/18,72.3,IB,PT2H35M,2026-02-18T15:45:00,2026-02-18T18:20:00,
BER,BCN,2026/2/18,72.3,IB,PT2H45M,2026-02-18T21:20:00,2026-02-19T00:05:00,
BER,BCN,2026/2/18,83.3,IB,PT2H35M,2026-02-18T10:40:00,2026-02-18T13:15:00,
BER,BCN,2026/2/18,133.19,JU,PT12H20M,2026-02-18T20:45:00,2026-02-18T22:30:00,
BER,BCN,2026/2/18,163.74,TP,PT7H30M,2026-02-18T12:50:00,2026-02-18T15:35:00,
BER,BCN,2026/2/18,163.74,TP,PT10H55M,2026-02-18T12:50:00,2026-02-18T15:35:00,
BER,BCN,2026/2/18,200.15,VY,PT7H45M,2026-02-18T11:30:00,2026-02-18T14:45:00,
BER,BCN,2026/2/18,202.4,SK,PT8H10M,2026-02-18T10:10:00,2026-02-18T11:10:00,
BER,BCN,2026/2/18,209.03,AF,PT4H45M,2026-02-18T12:20:00,2026-02-18T14:10:00,
BER,BCN,2026/2/18,209.03,AF,PT7H,2026-02-18T12:20:00,2026-02-18T14:10:00,
BER,BCN,2026/2/18,209.03,AF,PT7H5M,2026-02-18T06:55:00,2026-02-18T08:50:00,
BER,BCN,2026/2/19,83.3,VY,PT2H35M,2026-02-19T10:40:00,2026-02-19T13:15:00,
BER,BCN,2026/2/19,83.3,VY,PT2H45M,2026-02-19T21:20:00,2026-02-20T00:05:00,
BER,BCN,2026/2/19,83.3,IB,PT2H35M,2026-02-19T10:40:00,2026-02-19T13:15:00,
BER,BCN,2026/2/19,83.3,IB,PT2H45M,2026-02-19T21:20:00,2026-02-20T00:05:00,
BER,BCN,2026/2/19,90.9,DY,PT23H25M,2026-02-19T12:20:00,2026-02-19T13:20:00,
BER,BCN,2026/2/19,121.64,DY,PT8H25M,2026-02-19T14:55:00,2026-02-19T16:30:00,
BER,BCN,2026/2/19,133.19,JU,PT23H40M,2026-02-19T09:25:00,2026-02-19T11:10:00,
BER,BCN,2026/2/19,163.74,TP,PT16H55M,2026-02-19T17:10:00,2026-02-19T20:00:00,
BER,BCN,2026/2/19,163.74,TP,PT20H35M,2026-02-19T17:10:00,2026-02-19T20:00:00,
BER,BCN,2026/2/19,166.59,DY,PT16H25M,2026-02-19T20:15:00,2026-02-19T21:55:00,
BER,BCN,2026/2/19,166.59,DY,PT22H15M,2026-02-19T14:25:00,2026-02-19T16:05:00,
BER,BCN,2026/2/19,205.64,DY,PT25H10M,2026-02-19T14:55:00,2026-02-19T16:30:00,
BER,BCN,2026/2/19,209.03,AF,PT4H45M,2026-02-19T12:20:00,2026-02-19T14:10:00,
BER,BCN,2026/2/19,209.03,AF,PT7H,2026-02-19T12:20:00,2026-02-19T14:10:00,
BER,BCN,2026/2/19,209.03,AF,PT7H5M,2026-02-19T06:55:00,2026-02-19T08:50:00,
BER,BCN,2026/2/20,60.3,VY,PT2H35M,2026-02-20T10:30:00,2026-02-20T13:05:00,
BER,BCN,2026/2/20,71.9,DY,PT10H45M,2026-02-20T12:40:00,2026-02-20T13:40:00,
BER,BCN,2026/2/20,83.3,IB,PT2H35M,2026-02-20T10:30:00,2026-02-20T13:05:00,
BER,BCN,2026/2/20,83.3,IB,PT2H35M,2026-02-20T15:50:00,2026-02-20T18:25:00,
BER,BCN,2026/2/20,83.3,IB,PT2H45M,2026-02-20T21:20:00,2026-02-21T00:05:00,
BER,BCN,2026/2/20,83.3,VY,PT2H35M,2026-02-20T15:50:00,2026-02-20T18:25:00,
BER,BCN,2026/2/20,83.3,VY,PT2H45M,2026-02-20T21:20:00,2026-02-21T00:05:00,
BER,BCN,2026/2/20,133.19,JU,PT12H20M,2026-02-20T20:45:00,2026-02-20T22:30:00,
BER,BCN,2026/2/20,163.74,TP,PT7H30M,2026-02-20T12:50:00,2026-02-20T15:35:00,
BER,BCN,2026/2/20,163.74,TP,PT7H45M,2026-02-20T06:00:00,2026-02-20T08:45:00,
BER,BCN,2026/2/20,163.74,TP,PT10H55M,2026-02-20T12:50:00,2026-02-20T15:35:00,
BER,BCN,2026/2/20,163.74,TP,PT11H15M,2026-02-20T06:00:00,2026-02-20T08:45:00,
BER,BCN,2026/2/20,163.74,TP,PT16H55M,2026-02-20T17:10:00,2026-02-20T19:55:00,
BER,BCN,2026/2/20,163.74,TP,PT18H35M,2026-02-20T17:10:00,2026-02-20T19:55:00,
BER,BCN,2026/2/20,209.03,AF,PT7H5M,2026-02-20T06:55:00,2026-02-20T08:50:00,
BER,BCN,2026/2/21,83.3,VY,PT2H35M,2026-02-21T10:40:00,2026-02-21T13:15:00,
BER,BCN,2026/2/21,83.3,VY,PT2H35M,2026-02-21T15:45:00,2026-02-21T18:20:00,
BER,BCN,2026/2/21,83.3,VY,PT2H45M,2026-02-21T21:20:00,2026-02-22T00:05:00,
BER,BCN,2026/2/21,83.3,IB,PT2H35M,2026-02-21T10:40:00,2026-02-21T13:15:00,
BER,BCN,2026/2/21,83.3,IB,PT2H35M,2026-02-21T15:45:00,2026-02-21T18:20:00,
BER,BCN,2026/2/21,83.3,IB,PT2H45M,2026-02-21T21:20:00,2026-02-22T00:05:00,
BER,BCN,2026/2/21,154.59,DY,PT24H25M,2026-02-21T10:05:00,2026-02-21T11:45:00,
BER,BCN,2026/2/21,163.74,TP,PT7H30M,2026-02-21T12:50:00,2026-02-21T15:35:00,
BER,BCN,2026/2/21,163.74,TP,PT7H45M,2026-02-21T06:00:00,2026-02-21T08:45:00,
BER,BCN,2026/2/21,163.74,TP,PT10H55M,2026-02-21T12:50:00,2026-02-21T15:35:00,
BER,BCN,2026/2/21,163.74,TP,PT11H15M,2026-02-21T06:00:00,2026-02-21T08:45:00,
BER,BCN,2026/2/21,201.59,DY,PT7H25M,2026-02-21T10:05:00,2026-02-21T11:45:00,
BER,BCN,2026/2/21,210.15,VY,PT8H55M,2026-02-21T11:30:00,2026-02-21T14:45:00,
BER,BCN,2026/2/21,210.15,VY,PT12H45M,2026-02-21T19:40:00,2026-02-21T22:50:00,
BER,BCN,2026/2/21,210.15,VY,PT14H5M,2026-02-21T19:40:00,2026-02-21T22:50:00,
BER,BCN,2026/2/22,83.3,VY,PT2H35M,2026-02-22T10:40:00,2026-02-22T13:15:00,
BER,BCN,2026/2/22,83.3,VY,PT2H35M,2026-02-22T15:45:00,2026-02-22T18:20:00,
BER,BCN,2026/2/22,83.3,VY,PT2H45M,2026-02-22T21:20:00,2026-02-23T00:05:00,
BER,BCN,2026/2/22,83.3,IB,PT2H35M,2026-02-22T10:40:00,2026-02-22T13:15:00,
BER,BCN,2026/2/22,83.3,IB,PT2H35M,2026-02-22T15:45:00,2026-02-22T18:20:00,
BER,BCN,2026/2/22,83.3,IB,PT2H45M,2026-02-22T21:20:00,2026-02-23T00:05:00,
BER,BCN,2026/2/22,132.9,DY,PT7H25M,2026-02-22T12:35:00,2026-02-22T13:35:00,
BER,BCN,2026/2/22,132.9,DY,PT23H10M,2026-02-22T12:35:00,2026-02-22T13:35:00,
BER,BCN,2026/2/22,133.19,JU,PT12H20M,2026-02-22T20:45:00,2026-02-22T22:30:00,
BER,BCN,2026/2/22,133.19,JU,PT23H,2026-02-22T20:45:00,2026-02-22T22:30:00,
BER,BCN,2026/2/22,163.74,TP,PT7H30M,2026-02-22T12:50:00,2026-02-22T15:35:00,
BER,BCN,2026/2/22,163.74,TP,PT7H45M,2026-02-22T06:00:00,2026-02-22T08:45:00,
BER,BCN,2026/2/22,163.74,TP,PT10H55M,2026-02-22T12:50:00,2026-02-22T15:35:00,
BER,BCN,2026/2/22,163.74,TP,PT11H15M,2026-02-22T06:00:00,2026-02-22T08:45:00,
BER,BCN,2026/2/22,163.74,TP,PT16H55M,2026-02-22T17:10:00,2026-02-22T19:55:00,
BER,BCN,2026/2/23,83.3,VY,PT2H35M,2026-02-23T10:40:00,2026-02-23T13:15:00,
BER,BCN,2026/2/23,83.3,VY,PT2H45M,2026-02-23T21:20:00,2026-02-24T00:05:00,
BER,BCN,2026/2/23,83.3,IB,PT2H35M,2026-02-23T10:40:00,2026-02-23T13:15:00,
BER,BCN,2026/2/23,83.3,IB,PT2H45M,2026-02-23T21:20:00,2026-02-24T00:05:00,
BER,BCN,2026/2/23,91.9,DY,PT23H5M,2026-02-23T12:40:00,2026-02-23T13:40:00,
BER,BCN,2026/2/23,133.19,JU,PT10H20M,2026-02-23T09:25:00,2026-02-23T11:10:00,
BER,BCN,2026/2/23,140.64,DY,PT11H,2026-02-23T12:20:00,2026-02-23T13:55:00,
BER,BCN,2026/2/23,163.74,TP,PT7H30M,2026-02-23T12:50:00,2026-02-23T15:35:00,
BER,BCN,2026/2/23,163.74,TP,PT7H45M,2026-02-23T06:00:00,2026-02-23T08:45:00,
BER,BCN,2026/2/23,163.74,TP,PT10H55M,2026-02-23T12:50:00,2026-02-23T15:35:00,
BER,BCN,2026/2/23,163.74,TP,PT11H15M,2026-02-23T06:00:00,2026-02-23T08:45:00,
BER,BCN,2026/2/23,183.59,DY,PT22H15M,2026-02-23T14:25:00,2026-02-23T16:05:00,
BER,BCN,2026/2/23,200.59,DY,PT16H25M,2026-02-23T20:15:00,2026-02-23T21:55:00,
BER,BCN,2026/2/23,204.45,LO,PT6H20M,2026-02-23T11:25:00,2026-02-23T12:40:00,
BER,BCN,2026/2/23,204.45,LO,PT15H55M,2026-02-23T18:40:00,2026-02-23T19:50:00,
BER,BCN,2026/2/24,60.3,VY,PT2H35M,2026-02-24T10:40:00,2026-02-24T13:15:00,
BER,BCN,2026/2/24,60.3,VY,PT2H35M,2026-02-24T15:45:00,2026-02-24T18:20:00,
BER,BCN,2026/2/24,71.9,DY,PT25H20M,2026-02-24T12:40:00,2026-02-24T13:40:00,
BER,BCN,2026/2/24,83.3,IB,PT2H35M,2026-02-24T10:40:00,2026-02-24T13:15:00,
BER,BCN,2026/2/24,83.3,IB,PT2H35M,2026-02-24T15:45:00,2026-02-24T18:20:00,
BER,BCN,2026/2/24,83.3,IB,PT2H45M,2026-02-24T21:20:00,2026-02-25T00:05:00,
BER,BCN,2026/2/24,83.3,VY,PT2H45M,2026-02-24T21:20:00,2026-02-25T00:05:00,
BER,BCN,2026/2/24,183.59,DY,PT23H5M,2026-02-24T13:35:00,2026-02-24T15:15:00,
BER,BCN,2026/2/24,197.14,LH,PT5H40M,2026-02-24T10:40:00,2026-02-24T11:50:00,
BER,BCN,2026/2/24,197.14,LH,PT6H5M,2026-02-24T11:40:00,2026-02-24T12:50:00,
BER,BCN,2026/2/24,199.49,PC,PT20H20M,2026-02-24T15:25:00,2026-02-24T20:15:00,
BER,BCN,2026/2/24,199.49,PC,PT23H20M,2026-02-24T15:25:00,2026-02-24T20:15:00,
BER,BCN,2026/2/24,202.4,SK,PT21H25M,2026-02-24T20:55:00,2026-02-24T21:55:00,
BER,BCN,2026/2/24,203.49,PC,PT17H35M,2026-02-24T18:10:00,2026-02-24T23:00:00,
BER,BCN,2026/2/24,203.49,PC,PT20H35M,2026-02-24T18:10:00,2026-02-24T23:00:00,
BER,BCN,2026/2/25,71.9,DY,PT26H5M,2026-02-25T12:20:00,2026-02-25T13:20:00,
BER,BCN,2026/2/25,83.3,VY,PT2H35M,2026-02-25T10:40:00,2026-02-25T13:15:00,
BER,BCN,2026/2/25,83.3,VY,PT2H35M,2026-02-25T15:45:00,2026-02-25T18:20:00,
BER,BCN,2026/2/25,83.3,VY,PT2H45M,2026-02-25T21:20:00,2026-02-26T00:05:00,
BER,BCN,2026/2/25,83.3,IB,PT2H35M,2026-02-25T10:40:00,2026-02-25T13:15:00,
BER,BCN,2026/2/25,83.3,IB,PT2H35M,2026-02-25T15:45:00,2026-02-25T18:20:00,
BER,BCN,2026/2/25,83.3,IB,PT2H45M,2026-02-25T21:20:00,2026-02-26T00:05:00,
BER,BCN,2026/2/25,131.59,DY,PT23H5M,2026-02-25T13:35:00,2026-02-25T15:15:00,
BER,BCN,2026/2/25,133.19,JU,PT12H20M,2026-02-25T20:45:00,2026-02-25T22:30:00,
BER,BCN,2026/2/25,163.74,TP,PT7H30M,2026-02-25T12:50:00,2026-02-25T15:35:00,
BER,BCN,2026/2/25,163.74,TP,PT10H55M,2026-02-25T12:50:00,2026-02-25T15:35:00,
BER,BCN,2026/2/25,199.49,PC,PT17H35M,2026-02-25T18:10:00,2026-02-25T23:00:00,
BER,BCN,2026/2/25,199.49,PC,PT20H20M,2026-02-25T15:25:00,2026-02-25T20:15:00,
BER,BCN,2026/2/25,202.4,SK,PT8H10M,2026-02-25T10:10:00,2026-02-25T11:10:00,
BER,BCN,2026/2/25,204.45,LO,PT6H20M,2026-02-25T11:25:00,2026-02-25T12:40:00,
BER,BCN,2026/2/26,71.9,DY,PT23H25M,2026-02-26T12:20:00,2026-02-26T13:20:00,
BER,BCN,2026/2/26,83.3,VY,PT2H35M,2026-02-26T10:40:00,2026-02-26T13:15:00,
BER,BCN,2026/2/26,83.3,VY,PT2H45M,2026-02-26T21:20:00,2026-02-27T00:05:00,
BER,BCN,2026/2/26,83.3,IB,PT2H35M,2026-02-26T10:40:00,2026-02-26T13:15:00,
BER,BCN,2026/2/26,83.3,IB,PT2H45M,2026-02-26T21:20:00,2026-02-27T00:05:00,
BER,BCN,2026/2/26,133.19,JU,PT23H40M,2026-02-26T09:25:00,2026-02-26T11:10:00,
BER,BCN,2026/2/26,145.64,DY,PT8H25M,2026-02-26T14:55:00,2026-02-26T16:30:00,
BER,BCN,2026/2/26,163.74,TP,PT16H55M,2026-02-26T17:10:00,2026-02-26T20:00:00,
BER,BCN,2026/2/26,163.74,TP,PT18H35M,2026-02-26T17:10:00,2026-02-26T20:00:00,
BER,BCN,2026/2/26,165.59,DY,PT16H25M,2026-02-26T20:15:00,2026-02-26T21:55:00,
BER,BCN,2026/2/26,165.59,DY,PT22H15M,2026-02-26T14:25:00,2026-02-26T16:05:00,
BER,BCN,2026/2/26,198.33,EI,PT10H10M,2026-02-26T10:15:00,2026-02-26T11:40:00,
BER,BCN,2026/2/26,204.45,LO,PT23H5M,2026-02-26T18:40:00,2026-02-26T19:50:00,
BER,BCN,2026/2/26,209.03,AF,PT4H45M,2026-02-26T12:20:00,2026-02-26T14:10:00,
BER,BCN,2026/2/26,209.03,AF,PT5H,2026-02-26T17:55:00,2026-02-26T19:50:00,
BER,BCN,2026/2/27,83.3,VY,PT2H35M,2026-02-27T10:30:00,2026-02-27T13:05:00,
BER,BCN,2026/2/27,83.3,VY,PT2H35M,2026-02-27T15:50:00,2026-02-27T18:25:00,
BER,BCN,2026/2/27,83.3,VY,PT2H45M,2026-02-27T21:20:00,2026-02-28T00:05:00,
BER,BCN,2026/2/27,83.3,IB,PT2H35M,2026-02-27T10:30:00,2026-02-27T13:05:00,
BER,BCN,2026/2/27,83.3,IB,PT2H35M,2026-02-27T15:50:00,2026-02-27T18:25:00,
BER,BCN,2026/2/27,83.3,IB,PT2H45M,2026-02-27T21:20:00,2026-02-28T00:05:00,
BER,BCN,2026/2/27,116.9,DY,PT10H45M,2026-02-27T12:40:00,2026-02-27T13:40:00,
BER,BCN,2026/2/27,163.19,JU,PT12H20M,2026-02-27T20:45:00,2026-02-27T22:30:00,
BER,BCN,2026/2/27,163.74,TP,PT7H30M,2026-02-27T12:50:00,2026-02-27T15:35:00,
BER,BCN,2026/2/27,163.74,TP,PT7H45M,2026-02-27T06:00:00,2026-02-27T08:45:00,
BER,BCN,2026/2/27,163.74,TP,PT10H55M,2026-02-27T12:50:00,2026-02-27T15:35:00,
BER,BCN,2026/2/27,163.74,TP,PT11H15M,2026-02-27T06:00:00,2026-02-27T08:45:00,
BER,BCN,2026/2/27,163.74,TP,PT16H55M,2026-02-27T17:10:00,2026-02-27T19:55:00,
BER,BCN,2026/2/27,163.74,TP,PT18H35M,2026-02-27T17:10:00,2026-02-27T19:55:00,
BER,BCN,2026/2/27,183.04,AF,PT4H25M,2026-02-27T06:00:00,2026-02-27T07:25:00,
BER,BCN,2026/2/28,83.3,VY,PT2H35M,2026-02-28T10:40:00,2026-02-28T13:15:00,
BER,BCN,2026/2/28,83.3,VY,PT2H35M,2026-02-28T15:45:00,2026-02-28T18:20:00,
BER,BCN,2026/2/28,83.3,VY,PT2H45M,2026-02-28T21:20:00,2026-03-01T00:05:00,
BER,BCN,2026/2/28,83.3,IB,PT2H35M,2026-02-28T10:40:00,2026-02-28T13:15:00,
BER,BCN,2026/2/28,83.3,IB,PT2H35M,2026-02-28T15:45:00,2026-02-28T18:20:00,
BER,BCN,2026/2/28,83.3,IB,PT2H45M,2026-02-28T21:20:00,2026-03-01T00:05:00,
BER,BCN,2026/2/28,121.59,DY,PT24H25M,2026-02-28T10:05:00,2026-02-28T11:45:00,
BER,BCN,2026/2/28,142.59,DY,PT7H25M,2026-02-28T10:05:00,2026-02-28T11:45:00,
BER,BCN,2026/2/28,163.74,TP,PT7H30M,2026-02-28T12:50:00,2026-02-28T15:35:00,
BER,BCN,2026/2/28,163.74,TP,PT7H45M,2026-02-28T06:00:00,2026-02-28T08:45:00,
BER,BCN,2026/2/28,163.74,TP,PT10H55M,2026-02-28T12:50:00,2026-02-28T15:35:00,
BER,BCN,2026/2/28,163.74,TP,PT11H15M,2026-02-28T06:00:00,2026-02-28T08:45:00,
BER,BCN,2026/2/28,169.02,A3,PT22H45M,2026-02-28T11:40:00,2026-02-28T15:25:00,
BER,BCN,2026/2/28,169.02,A3,PT29H30M,2026-02-28T11:40:00,2026-02-28T15:25:00,
BER,BCN,2026/2/28,183.04,AF,PT4H25M,2026-02-28T06:00:00,2026-02-28T07:25:00,
BER,BCN,2026/3/1,83.3,VY,PT2H35M,2026-03-01T10:40:00,2026-03-01T13:15:00,
BER,BCN,2026/3/1,83.3,VY,PT2H35M,2026-03-01T15:45:00,2026-03-01T18:20:00,
BER,BCN,2026/3/1,83.3,VY,PT2H45M,2026-03-01T21:20:00,2026-03-02T00:05:00,
BER,BCN,2026/3/1,83.3,IB,PT2H35M,2026-03-01T10:40:00,2026-03-01T13:15:00,
BER,BCN,2026/3/1,83.3,IB,PT2H35M,2026-03-01T15:45:00,2026-03-01T18:20:00,
BER,BCN,2026/3/1,83.3,IB,PT2H45M,2026-03-01T21:20:00,2026-03-02T00:05:00,
BER,BCN,2026/3/1,129.9,DY,PT7H25M,2026-03-01T12:35:00,2026-03-01T13:35:00,
BER,BCN,2026/3/1,129.9,DY,PT23H10M,2026-03-01T12:35:00,2026-03-01T13:35:00,
BER,BCN,2026/3/1,133.19,JU,PT12H20M,2026-03-01T20:45:00,2026-03-01T22:30:00,
BER,BCN,2026/3/1,133.19,JU,PT23H,2026-03-01T20:45:00,2026-03-01T22:30:00,
BER,BCN,2026/3/1,151.64,DY,PT9H35M,2026-03-01T13:45:00,2026-03-01T15:20:00,
BER,BCN,2026/3/1,183.04,AF,PT4H25M,2026-03-01T06:00:00,2026-03-01T07:25:00,
BER,BCN,2026/3/1,183.04,AF,PT4H30M,2026-03-01T12:00:00,2026-03-01T13:25:00,
BER,BCN,2026/3/1,183.04,AF,PT4H40M,2026-03-01T14:25:00,2026-03-01T15:50:00,
BER,BCN,2026/3/1,183.04,AF,PT4H40M,2026-03-01T18:25:00,2026-03-01T19:55:00,
BER,BCN,2026/3/2,71.9,DY,PT23H5M,2026-03-02T12:40:00,2026-03-02T13:40:00,
BER,BCN,2026/3/2,83.3,VY,PT2H35M,2026-03-02T10:40:00,2026-03-02T13:15:00,
BER,BCN,2026/3/2,83.3,VY,PT2H45M,2026-03-02T21:20:00,2026-03-03T00:05:00,
BER,BCN,2026/3/2,83.3,IB,PT2H35M,2026-03-02T10:40:00,2026-03-02T13:15:00,
BER,BCN,2026/3/2,83.3,IB,PT2H45M,2026-03-02T21:20:00,2026-03-03T00:05:00,
BER,BCN,2026/3/2,143.64,DY,PT11H,2026-03-02T12:20:00,2026-03-02T13:55:00,
BER,BCN,2026/3/2,184.45,LO,PT6H20M,2026-03-02T11:25:00,2026-03-02T12:40:00,
BER,BCN,2026/3/2,194.47,SN,PT7H,2026-03-02T07:15:00,2026-03-02T08:45:00,
BER,BCN,2026/3/2,197.14,LH,PT5H40M,2026-03-02T10:40:00,2026-03-02T11:50:00,
BER,BCN,2026/3/2,197.14,LH,PT5H40M,2026-03-02T17:40:00,2026-03-02T18:50:00,
BER,BCN,2026/3/2,197.59,DY,PT16H25M,2026-03-02T20:15:00,2026-03-02T21:55:00,
BER,BCN,2026/3/2,205.19,JU,PT23H40M,2026-03-02T09:25:00,2026-03-02T11:10:00,
BER,BCN,2026/3/2,206.04,SN,PT17H10M,2026-03-02T21:05:00,2026-03-02T22:30:00,
BER,BCN,2026/3/2,206.59,DY,PT22H15M,2026-03-02T14:25:00,2026-03-02T16:05:00,
BER,BCN,2026/3/2,209.74,TP,PT11H15M,2026-03-02T06:00:00,2026-03-02T08:45:00,
BER,BCN,2026/3/3,83.3,VY,PT2H35M,2026-03-03T10:40:00,2026-03-03T13:15:00,
BER,BCN,2026/3/3,83.3,VY,PT2H35M,2026-03-03T15:45:00,2026-03-03T18:20:00,
BER,BCN,2026/3/3,83.3,IB,PT2H35M,2026-03-03T10:40:00,2026-03-03T13:15:00,
BER,BCN,2026/3/3,83.3,IB,PT2H35M,2026-03-03T15:45:00,2026-03-03T18:20:00,
BER,BCN,2026/3/3,90.9,DY,PT25H20M,2026-03-03T12:40:00,2026-03-03T13:40:00,
BER,BCN,2026/3/3,131.59,DY,PT23H5M,2026-03-03T13:35:00,2026-03-03T15:15:00,
BER,BCN,2026/3/3,164.45,LO,PT23H5M,2026-03-03T18:40:00,2026-03-03T19:50:00,
BER,BCN,2026/3/3,170.4,SK,PT21H25M,2026-03-03T20:55:00,2026-03-03T21:55:00,
BER,BCN,2026/3/3,183.04,AF,PT4H25M,2026-03-03T06:00:00,2026-03-03T07:25:00,
BER,BCN,2026/3/3,183.04,AF,PT4H30M,2026-03-03T12:00:00,2026-03-03T13:25:00,
BER,BCN,2026/3/3,183.04,AF,PT4H40M,2026-03-03T14:25:00,2026-03-03T15:50:00,
BER,BCN,2026/3/3,183.04,AF,PT4H40M,2026-03-03T18:25:00,2026-03-03T19:55:00,
BER,BCN,2026/3/3,183.04,AF,PT6H15M,2026-03-03T06:00:00,2026-03-03T07:25:00,
BER,BCN,2026/3/3,183.04,AF,PT6H20M,2026-03-03T10:10:00,2026-03-03T11:35:00,
BER,BCN,2026/3/3,183.04,AF,PT6H35M,2026-03-03T16:30:00,2026-03-03T17:55:00,
BER,BCN,2026/3/4,83.3,VY,PT2H35M,2026-03-04T10:40:00,2026-03-04T13:15:00,
BER,BCN,2026/3/4,83.3,VY,PT2H35M,2026-03-04T15:45:00,2026-03-04T18:20:00,
BER,BCN,2026/3/4,83.3,VY,PT2H45M,2026-03-04T21:20:00,2026-03-05T00:05:00,
BER,BCN,2026/3/4,83.3,IB,PT2H35M,2026-03-04T10:40:00,2026-03-04T13:15:00,
BER,BCN,2026/3/4,83.3,IB,PT2H35M,2026-03-04T15:45:00,2026-03-04T18:20:00,
BER,BCN,2026/3/4,83.3,IB,PT2H45M,2026-03-04T21:20:00,2026-03-05T00:05:00,
BER,BCN,2026/3/4,116.9,DY,PT26H5M,2026-03-04T12:20:00,2026-03-04T13:20:00,
BER,BCN,2026/3/4,150.03,AF,PT7H5M,2026-03-04T06:55:00,2026-03-04T08:50:00,
BER,BCN,2026/3/4,152.59,DY,PT23H5M,2026-03-04T13:35:00,2026-03-04T15:15:00,
BER,BCN,2026/3/4,163.74,TP,PT7H30M,2026-03-04T12:50:00,2026-03-04T15:35:00,
BER,BCN,2026/3/4,163.74,TP,PT10H55M,2026-03-04T12:50:00,2026-03-04T15:35:00,
BER,BCN,2026/3/4,164.45,LO,PT6H20M,2026-03-04T11:25:00,2026-03-04T12:40:00,
BER,BCN,2026/3/4,164.45,LO,PT15H55M,2026-03-04T18:40:00,2026-03-04T19:50:00,
BER,BCN,2026/3/4,165.04,AF,PT4H25M,2026-03-04T06:00:00,2026-03-04T07:25:00,
BER,BCN,2026/3/4,165.04,AF,PT4H30M,2026-03-04T12:00:00,2026-03-04T13:25:00,
BER,BCN,2026/3/5,83.3,VY,PT2H35M,2026-03-05T10:40:00,2026-03-05T13:15:00,
BER,BCN,2026/3/5,83.3,VY,PT2H45M,2026-03-05T21:20:00,2026-03-06T00:05:00,
BER,BCN,2026/3/5,83.3,IB,PT2H35M,2026-03-05T10:40:00,2026-03-05T13:15:00,
BER,BCN,2026/3/5,83.3,IB,PT2H45M,2026-03-05T21:20:00,2026-03-06T00:05:00,
BER,BCN,2026/3/5,116.9,DY,PT23H25M,2026-03-05T12:20:00,2026-03-05T13:20:00,
BER,BCN,2026/3/5,126.64,DY,PT8H25M,2026-03-05T14:55:00,2026-03-05T16:30:00,
BER,BCN,2026/3/5,152.59,DY,PT16H25M,2026-03-05T20:15:00,2026-03-05T21:55:00,
BER,BCN,2026/3/5,159.06,LH,PT4H10M,2026-03-05T18:55:00,2026-03-05T20:05:00,
BER,BCN,2026/3/5,159.06,LH,PT4H35M,2026-03-05T13:00:00,2026-03-05T14:10:00,
BER,BCN,2026/3/5,159.06,LH,PT4H45M,2026-03-05T10:00:00,2026-03-05T11:10:00,
BER,BCN,2026/3/5,159.06,LH,PT4H50M,2026-03-05T06:15:00,2026-03-05T07:25:00,
BER,BCN,2026/3/5,159.06,LH,PT5H40M,2026-03-05T17:25:00,2026-03-05T18:35:00,
BER,BCN,2026/3/5,159.06,LH,PT5H45M,2026-03-05T09:00:00,2026-03-05T10:10:00,
BER,BCN,2026/3/5,159.06,LH,PT6H35M,2026-03-05T11:00:00,2026-03-05T12:10:00,
BER,BCN,2026/3/5,163.36,OS,PT4H35M,2026-03-05T15:10:00,2026-03-05T16:25:00,
BER,BCN,2026/3/6,83.3,VY,PT2H35M,2026-03-06T10:30:00,2026-03-06T13:05:00,
BER,BCN,2026/3/6,83.3,VY,PT2H35M,2026-03-06T15:50:00,2026-03-06T18:25:00,
BER,BCN,2026/3/6,83.3,VY,PT2H45M,2026-03-06T21:20:00,2026-03-07T00:05:00,
BER,BCN,2026/3/6,83.3,IB,PT2H35M,2026-03-06T10:30:00,2026-03-06T13:05:00,
BER,BCN,2026/3/6,83.3,IB,PT2H35M,2026-03-06T15:50:00,2026-03-06T18:25:00,
BER,BCN,2026/3/6,83.3,IB,PT2H45M,2026-03-06T21:20:00,2026-03-07T00:05:00,
BER,BCN,2026/3/6,91.9,DY,PT10H45M,2026-03-06T12:40:00,2026-03-06T13:40:00,
BER,BCN,2026/3/6,163.36,OS,PT12H5M,2026-03-06T21:05:00,2026-03-06T22:20:00,
BER,BCN,2026/3/6,163.36,OS,PT13H30M,2026-03-06T19:40:00,2026-03-06T20:55:00,
BER,BCN,2026/3/6,163.74,TP,PT7H30M,2026-03-06T12:50:00,2026-03-06T15:35:00,
BER,BCN,2026/3/6,163.74,TP,PT7H45M,2026-03-06T06:00:00,2026-03-06T08:45:00,
BER,BCN,2026/3/6,163.74,TP,PT10H55M,2026-03-06T12:50:00,2026-03-06T15:35:00,
BER,BCN,2026/3/6,163.74,TP,PT11H15M,2026-03-06T06:00:00,2026-03-06T08:45:00,
BER,BCN,2026/3/6,163.74,TP,PT16H55M,2026-03-06T17:10:00,2026-03-06T19:55:00,
BER,BCN,2026/3/6,163.74,TP,PT18H35M,2026-03-06T17:10:00,2026-03-06T19:55:00,
BER,BCN,2026/3/7,83.3,VY,PT2H35M,2026-03-07T10:40:00,2026-03-07T13:15:00,
BER,BCN,2026/3/7,83.3,VY,PT2H35M,2026-03-07T15:45:00,2026-03-07T18:20:00,
BER,BCN,2026/3/7,83.3,VY,PT2H45M,2026-03-07T21:20:00,2026-03-08T00:05:00,
BER,BCN,2026/3/7,83.3,IB,PT2H35M,2026-03-07T10:40:00,2026-03-07T13:15:00,
BER,BCN,2026/3/7,83.3,IB,PT2H35M,2026-03-07T15:45:00,2026-03-07T18:20:00,
BER,BCN,2026/3/7,83.3,IB,PT2H45M,2026-03-07T21:20:00,2026-03-08T00:05:00,
BER,BCN,2026/3/7,98.59,DY,PT24H25M,2026-03-07T10:05:00,2026-03-07T11:45:00,
BER,BCN,2026/3/7,135.03,AF,PT5H,2026-03-07T17:55:00,2026-03-07T19:50:00,
BER,BCN,2026/3/7,135.03,AF,PT6H25M,2026-03-07T16:30:00,2026-03-07T18:20:00,
BER,BCN,2026/3/7,135.03,AF,PT7H5M,2026-03-07T06:55:00,2026-03-07T08:50:00,
BER,BCN,2026/3/7,135.03,AF,PT7H15M,2026-03-07T09:50:00,2026-03-07T11:45:00,
BER,BCN,2026/3/7,135.03,AF,PT12H45M,2026-03-07T20:05:00,2026-03-07T21:55:00,
BER,BCN,2026/3/7,135.03,AF,PT14H55M,2026-03-07T17:55:00,2026-03-07T19:50:00,
BER,BCN,2026/3/7,142.59,DY,PT7H25M,2026-03-07T10:05:00,2026-03-07T11:45:00,
BER,BCN,2026/3/7,150.03,AF,PT4H45M,2026-03-07T12:20:00,2026-03-07T14:10:00,
BER,BCN,2026/3/8,83.3,VY,PT2H35M,2026-03-08T10:40:00,2026-03-08T13:15:00,
BER,BCN,2026/3/8,83.3,VY,PT2H35M,2026-03-08T15:45:00,2026-03-08T18:20:00,
BER,BCN,2026/3/8,83.3,VY,PT2H45M,2026-03-08T21:20:00,2026-03-09T00:05:00,
BER,BCN,2026/3/8,83.3,IB,PT2H35M,2026-03-08T10:40:00,2026-03-08T13:15:00,
BER,BCN,2026/3/8,83.3,IB,PT2H35M,2026-03-08T15:45:00,2026-03-08T18:20:00,
BER,BCN,2026/3/8,83.3,IB,PT2H45M,2026-03-08T21:20:00,2026-03-09T00:05:00,
BER,BCN,2026/3/8,127.64,DY,PT9H35M,2026-03-08T13:45:00,2026-03-08T15:20:00,
BER,BCN,2026/3/8,130.59,DY,PT22H30M,2026-03-08T14:10:00,2026-03-08T15:50:00,
BER,BCN,2026/3/8,133.19,JU,PT12H20M,2026-03-08T20:45:00,2026-03-08T22:30:00,
BER,BCN,2026/3/8,133.19,JU,PT23H,2026-03-08T20:45:00,2026-03-08T22:30:00,
BER,BCN,2026/3/8,156.59,DY,PT15H55M,2026-03-08T20:45:00,2026-03-08T22:25:00,
BER,BCN,2026/3/8,159.06,LH,PT4H5M,2026-03-08T07:00:00,2026-03-08T08:10:00,
BER,BCN,2026/3/8,159.06,LH,PT4H10M,2026-03-08T18:55:00,2026-03-08T20:05:00,
BER,BCN,2026/3/8,159.06,LH,PT4H35M,2026-03-08T13:00:00,2026-03-08T14:10:00,
BER,BCN,2026/3/8,159.06,LH,PT5H40M,2026-03-08T17:25:00,2026-03-08T18:35:00,
BER,BCN,2026/3/9,71.9,DY,PT23H5M,2026-03-09T12:40:00,2026-03-09T13:40:00,
BER,BCN,2026/3/9,83.3,VY,PT2H35M,2026-03-09T10:40:00,2026-03-09T13:15:00,
BER,BCN,2026/3/9,83.3,VY,PT2H45M,2026-03-09T21:20:00,2026-03-10T00:05:00,
BER,BCN,2026/3/9,83.3,IB,PT2H35M,2026-03-09T10:40:00,2026-03-09T13:15:00,
BER,BCN,2026/3/9,83.3,IB,PT2H45M,2026-03-09T21:20:00,2026-03-10T00:05:00,
BER,BCN,2026/3/9,108.64,DY,PT11H,2026-03-09T12:20:00,2026-03-09T13:55:00,
BER,BCN,2026/3/9,135.03,AF,PT5H,2026-03-09T17:55:00,2026-03-09T19:50:00,
BER,BCN,2026/3/9,135.03,AF,PT6H25M,2026-03-09T16:30:00,2026-03-09T18:20:00,
BER,BCN,2026/3/9,135.03,AF,PT7H5M,2026-03-09T06:55:00,2026-03-09T08:50:00,
BER,BCN,2026/3/9,147.04,AF,PT4H25M,2026-03-09T06:00:00,2026-03-09T07:25:00,
BER,BCN,2026/3/9,147.04,AF,PT4H30M,2026-03-09T12:00:00,2026-03-09T13:25:00,
BER,BCN,2026/3/9,147.04,AF,PT4H40M,2026-03-09T14:25:00,2026-03-09T15:50:00,
BER,BCN,2026/3/9,147.04,AF,PT4H40M,2026-03-09T18:25:00,2026-03-09T19:55:00,
BER,BCN,2026/3/9,147.04,AF,PT6H15M,2026-03-09T06:00:00,2026-03-09T07:25:00,
BER,BCN,2026/3/9,147.04,AF,PT6H20M,2026-03-09T10:10:00,2026-03-09T11:35:00,
BER,BCN,2026/3/10,60.3,VY,PT2H35M,2026-03-10T10:40:00,2026-03-10T13:15:00,
BER,BCN,2026/3/10,83.3,IB,PT2H35M,2026-03-10T10:40:00,2026-03-10T13:15:00,
BER,BCN,2026/3/10,83.3,IB,PT2H35M,2026-03-10T15:45:00,2026-03-10T18:20:00,
BER,BCN,2026/3/10,83.3,VY,PT2H35M,2026-03-10T15:45:00,2026-03-10T18:20:00,
BER,BCN,2026/3/10,90.9,DY,PT25H20M,2026-03-10T12:40:00,2026-03-10T13:40:00,
BER,BCN,2026/3/10,142.59,DY,PT23H5M,2026-03-10T13:35:00,2026-03-10T15:15:00,
BER,BCN,2026/3/10,144.45,LO,PT23H5M,2026-03-10T18:40:00,2026-03-10T19:50:00,
BER,BCN,2026/3/10,147.04,AF,PT4H25M,2026-03-10T06:00:00,2026-03-10T07:25:00,
BER,BCN,2026/3/10,147.04,AF,PT4H30M,2026-03-10T12:00:00,2026-03-10T13:25:00,
BER,BCN,2026/3/10,147.04,AF,PT4H40M,2026-03-10T14:25:00,2026-03-10T15:50:00,
BER,BCN,2026/3/10,147.04,AF,PT4H40M,2026-03-10T18:25:00,2026-03-10T19:55:00,
BER,BCN,2026/3/10,147.04,AF,PT6H15M,2026-03-10T06:00:00,2026-03-10T07:25:00,
BER,BCN,2026/3/10,147.04,AF,PT6H20M,2026-03-10T10:10:00,2026-03-10T11:35:00,
BER,BCN,2026/3/10,147.04,AF,PT6H35M,2026-03-10T16:30:00,2026-03-10T17:55:00,
BER,BCN,2026/3/10,147.04,AF,PT7H5M,2026-03-10T12:00:00,2026-03-10T13:25:00,
BER,BCN,2026/3/11,60.3,VY,PT2H35M,2026-03-11T10:40:00,2026-03-11T13:15:00,
BER,BCN,2026/3/11,83.3,IB,PT2H35M,2026-03-11T10:40:00,2026-03-11T13:15:00,
BER,BCN,2026/3/11,83.3,IB,PT2H35M,2026-03-11T15:45:00,2026-03-11T18:20:00,
BER,BCN,2026/3/11,83.3,VY,PT2H35M,2026-03-11T15:45:00,2026-03-11T18:20:00,
BER,BCN,2026/3/11,103.9,DY,PT26H5M,2026-03-11T12:20:00,2026-03-11T13:20:00,
BER,BCN,2026/3/11,135.03,AF,PT4H45M,2026-03-11T12:20:00,2026-03-11T14:10:00,
BER,BCN,2026/3/11,135.03,AF,PT7H,2026-03-11T12:20:00,2026-03-11T14:10:00,
BER,BCN,2026/3/11,135.03,AF,PT7H15M,2026-03-11T09:50:00,2026-03-11T11:45:00,
BER,BCN,2026/3/11,142.59,DY,PT23H5M,2026-03-11T13:35:00,2026-03-11T15:15:00,
BER,BCN,2026/3/11,144.45,LO,PT6H20M,2026-03-11T11:25:00,2026-03-11T12:40:00,
BER,BCN,2026/3/11,144.45,LO,PT15H55M,2026-03-11T18:40:00,2026-03-11T19:50:00,
BER,BCN,2026/3/11,147.04,AF,PT4H25M,2026-03-11T06:00:00,2026-03-11T07:25:00,
BER,BCN,2026/3/11,147.04,AF,PT4H30M,2026-03-11T12:00:00,2026-03-11T13:25:00,
BER,BCN,2026/3/11,147.04,AF,PT4H40M,2026-03-11T14:25:00,2026-03-11T15:50:00,
BER,BCN,2026/3/11,147.04,AF,PT4H40M,2026-03-11T18:25:00,2026-03-11T19:55:00,
BER,BCN,2026/3/12,83.3,VY,PT2H35M,2026-03-12T10:40:00,2026-03-12T13:15:00,
BER,BCN,2026/3/12,83.3,VY,PT2H45M,2026-03-12T21:20:00,2026-03-13T00:05:00,
BER,BCN,2026/3/12,83.3,IB,PT2H35M,2026-03-12T10:40:00,2026-03-12T13:15:00,
BER,BCN,2026/3/12,83.3,IB,PT2H45M,2026-03-12T21:20:00,2026-03-13T00:05:00,
BER,BCN,2026/3/12,126.64,DY,PT25H10M,2026-03-12T14:55:00,2026-03-12T16:30:00,
BER,BCN,2026/3/12,135.03,AF,PT4H45M,2026-03-12T12:20:00,2026-03-12T14:10:00,
BER,BCN,2026/3/12,135.03,AF,PT6H25M,2026-03-12T16:30:00,2026-03-12T18:20:00,
BER,BCN,2026/3/12,135.03,AF,PT7H,2026-03-12T12:20:00,2026-03-12T14:10:00,
BER,BCN,2026/3/12,135.03,AF,PT7H5M,2026-03-12T06:55:00,2026-03-12T08:50:00,
BER,BCN,2026/3/12,135.03,AF,PT7H15M,2026-03-12T09:50:00,2026-03-12T11:45:00,
BER,BCN,2026/3/12,135.03,AF,PT12H45M,2026-03-12T20:05:00,2026-03-12T21:55:00,
BER,BCN,2026/3/12,135.03,AF,PT5H,2026-03-12T17:55:00,2026-03-12T19:50:00,
BER,BCN,2026/3/12,136.64,DY,PT8H25M,2026-03-12T14:55:00,2026-03-12T16:30:00,
BER,BCN,2026/3/12,144.45,LO,PT23H5M,2026-03-12T18:40:00,2026-03-12T19:50:00,
BER,BCN,2026/3/12,147.04,AF,PT4H25M,2026-03-12T06:00:00,2026-03-12T07:25:00,
BER,BCN,2026/3/13,83.3,VY,PT2H35M,2026-03-13T10:30:00,2026-03-13T13:05:00,
BER,BCN,2026/3/13,83.3,VY,PT2H35M,2026-03-13T15:50:00,2026-03-13T18:25:00,
BER,BCN,2026/3/13,83.3,VY,PT2H45M,2026-03-13T21:20:00,2026-03-14T00:05:00,
BER,BCN,2026/3/13,83.3,IB,PT2H35M,2026-03-13T10:30:00,2026-03-13T13:05:00,
BER,BCN,2026/3/13,83.3,IB,PT2H35M,2026-03-13T15:50:00,2026-03-13T18:25:00,
BER,BCN,2026/3/13,83.3,IB,PT2H45M,2026-03-13T21:20:00,2026-03-14T00:05:00,
BER,BCN,2026/3/13,97.9,DY,PT10H45M,2026-03-13T12:40:00,2026-03-13T13:40:00,
BER,BCN,2026/3/13,144.45,LO,PT6H20M,2026-03-13T11:25:00,2026-03-13T12:40:00,
BER,BCN,2026/3/13,144.45,LO,PT15H55M,2026-03-13T18:40:00,2026-03-13T19:50:00,
BER,BCN,2026/3/13,147.04,AF,PT4H25M,2026-03-13T06:00:00,2026-03-13T07:25:00,
BER,BCN,2026/3/13,147.04,AF,PT4H30M,2026-03-13T12:00:00,2026-03-13T13:25:00,
BER,BCN,2026/3/13,147.04,AF,PT4H40M,2026-03-13T14:25:00,2026-03-13T15:50:00,
BER,BCN,2026/3/13,147.04,AF,PT4H40M,2026-03-13T18:25:00,2026-03-13T19:55:00,
BER,BCN,2026/3/13,147.04,AF,PT6H15M,2026-03-13T06:00:00,2026-03-13T07:25:00,
BER,BCN,2026/3/13,147.04,AF,PT6H20M,2026-03-13T10:10:00,2026-03-13T11:35:00,
BER,BCN,2026/3/14,60.3,VY,PT2H35M,2026-03-14T10:40:00,2026-03-14T13:15:00,
BER,BCN,2026/3/14,83.3,IB,PT2H35M,2026-03-14T10:40:00,2026-03-14T13:15:00,
BER,BCN,2026/3/14,83.3,IB,PT2H35M,2026-03-14T15:45:00,2026-03-14T18:20:00,
BER,BCN,2026/3/14,83.3,IB,PT2H45M,2026-03-14T21:20:00,2026-03-15T00:05:00,
BER,BCN,2026/3/14,83.3,VY,PT2H35M,2026-03-14T15:45:00,2026-03-14T18:20:00,
BER,BCN,2026/3/14,83.3,VY,PT2H45M,2026-03-14T21:20:00,2026-03-15T00:05:00,
BER,BCN,2026/3/14,132.04,AF,PT4H25M,2026-03-14T06:00:00,2026-03-14T07:25:00,
BER,BCN,2026/3/14,132.04,AF,PT4H30M,2026-03-14T12:00:00,2026-03-14T13:20:00,
BER,BCN,2026/3/14,132.04,AF,PT4H40M,2026-03-14T14:25:00,2026-03-14T15:50:00,
BER,BCN,2026/3/14,132.04,AF,PT6H15M,2026-03-14T06:00:00,2026-03-14T07:25:00,
BER,BCN,2026/3/14,132.04,AF,PT6H20M,2026-03-14T10:10:00,2026-03-14T11:35:00,
BER,BCN,2026/3/14,132.04,AF,PT7H5M,2026-03-14T12:00:00,2026-03-14T13:20:00,
BER,BCN,2026/3/14,132.04,AF,PT12H55M,2026-03-14T21:30:00,2026-03-14T23:00:00,
BER,BCN,2026/3/14,135.06,LH,PT4H10M,2026-03-14T18:55:00,2026-03-14T20:05:00,
BER,BCN,2026/3/14,135.06,LH,PT4H35M,2026-03-14T13:00:00,2026-03-14T14:10:00,
BER,BCN,2026/3/15,83.3,VY,PT2H35M,2026-03-15T10:40:00,2026-03-15T13:15:00,
BER,BCN,2026/3/15,83.3,VY,PT2H35M,2026-03-15T15:45:00,2026-03-15T18:20:00,
BER,BCN,2026/3/15,83.3,VY,PT2H45M,2026-03-15T21:20:00,2026-03-16T00:05:00,
BER,BCN,2026/3/15,83.3,IB,PT2H35M,2026-03-15T10:40:00,2026-03-15T13:15:00,
BER,BCN,2026/3/15,83.3,IB,PT2H35M,2026-03-15T15:45:00,2026-03-15T18:20:00,
BER,BCN,2026/3/15,83.3,IB,PT2H45M,2026-03-15T21:20:00,2026-03-16T00:05:00,
BER,BCN,2026/3/15,97.19,JU,PT23H,2026-03-15T20:45:00,2026-03-15T22:30:00,
BER,BCN,2026/3/15,132.04,AF,PT4H25M,2026-03-15T06:00:00,2026-03-15T07:25:00,
BER,BCN,2026/3/15,132.04,AF,PT4H30M,2026-03-15T12:00:00,2026-03-15T13:25:00,
BER,BCN,2026/3/15,132.04,AF,PT4H40M,2026-03-15T14:25:00,2026-03-15T15:50:00,
BER,BCN,2026/3/15,132.04,AF,PT4H40M,2026-03-15T18:25:00,2026-03-15T19:55:00,
BER,BCN,2026/3/15,132.04,AF,PT6H15M,2026-03-15T06:00:00,2026-03-15T07:25:00,
BER,BCN,2026/3/15,132.04,AF,PT6H20M,2026-03-15T10:10:00,2026-03-15T11:35:00,
BER,BCN,2026/3/15,132.04,AF,PT6H35M,2026-03-15T16:30:00,2026-03-15T17:55:00,
BER,BCN,2026/3/15,132.04,AF,PT7H5M,2026-03-15T12:00:00,2026-03-15T13:25:00,
BER,BCN,2026/3/16,83.3,VY,PT2H35M,2026-03-16T10:40:00,2026-03-16T13:15:00,
BER,BCN,2026/3/16,83.3,VY,PT2H45M,2026-03-16T21:20:00,2026-03-17T00:05:00,
BER,BCN,2026/3/16,83.3,IB,PT2H35M,2026-03-16T10:40:00,2026-03-16T13:15:00,
BER,BCN,2026/3/16,83.3,IB,PT2H45M,2026-03-16T21:20:00,2026-03-17T00:05:00,
BER,BCN,2026/3/16,107.59,DY,PT16H25M,2026-03-16T20:15:00,2026-03-16T21:55:00,
BER,BCN,2026/3/16,107.64,DY,PT11H,2026-03-16T12:20:00,2026-03-16T13:55:00,
BER,BCN,2026/3/16,110.9,DY,PT23H5M,2026-03-16T12:40:00,2026-03-16T13:40:00,
BER,BCN,2026/3/16,116.59,DY,PT22H15M,2026-03-16T14:25:00,2026-03-16T16:05:00,
BER,BCN,2026/3/16,132.04,AF,PT4H25M,2026-03-16T06:00:00,2026-03-16T07:25:00,
BER,BCN,2026/3/16,132.04,AF,PT4H30M,2026-03-16T12:00:00,2026-03-16T13:25:00,
BER,BCN,2026/3/16,132.04,AF,PT4H40M,2026-03-16T14:25:00,2026-03-16T15:50:00,
BER,BCN,2026/3/16,132.04,AF,PT4H40M,2026-03-16T18:25:00,2026-03-16T19:55:00,
BER,BCN,2026/3/16,132.04,AF,PT6H15M,2026-03-16T06:00:00,2026-03-16T07:25:00,
BER,BCN,2026/3/16,132.04,AF,PT6H20M,2026-03-16T10:10:00,2026-03-16T11:35:00,
BER,BCN,2026/3/16,132.04,AF,PT6H35M,2026-03-16T16:30:00,2026-03-16T17:55:00,
BER,BCN,2026/3/17,83.3,VY,PT2H35M,2026-03-17T10:40:00,2026-03-17T13:15:00,
BER,BCN,2026/3/17,83.3,IB,PT2H35M,2026-03-17T10:40:00,2026-03-17T13:15:00,
BER,BCN,2026/3/17,116.9,DY,PT25H20M,2026-03-17T12:40:00,2026-03-17T13:40:00,
BER,BCN,2026/3/17,124.45,LO,PT23H5M,2026-03-17T18:40:00,2026-03-17T19:50:00,
BER,BCN,2026/3/17,132.04,AF,PT4H25M,2026-03-17T06:00:00,2026-03-17T07:25:00,
BER,BCN,2026/3/17,132.04,AF,PT4H30M,2026-03-17T12:00:00,2026-03-17T13:25:00,
BER,BCN,2026/3/17,132.04,AF,PT4H40M,2026-03-17T14:25:00,2026-03-17T15:50:00,
BER,BCN,2026/3/17,132.04,AF,PT4H40M,2026-03-17T18:25:00,2026-03-17T19:55:00,
BER,BCN,2026/3/17,132.04,AF,PT6H15M,2026-03-17T06:00:00,2026-03-17T07:25:00,
BER,BCN,2026/3/17,132.04,AF,PT6H20M,2026-03-17T10:10:00,2026-03-17T11:35:00,
BER,BCN,2026/3/17,132.04,AF,PT6H35M,2026-03-17T16:30:00,2026-03-17T17:55:00,
BER,BCN,2026/3/17,132.04,AF,PT7H5M,2026-03-17T12:00:00,2026-03-17T13:25:00,
BER,BCN,2026/3/17,132.04,AF,PT12H55M,2026-03-17T21:30:00,2026-03-17T23:00:00,
BER,BCN,2026/3/17,132.04,AF,PT14H45M,2026-03-17T21:30:00,2026-03-17T23:00:00,
BER,BCN,2026/3/17,135.03,AF,PT4H45M,2026-03-17T12:20:00,2026-03-17T14:10:00,
BER,BCN,2026/3/18,83.3,VY,PT2H35M,2026-03-18T10:40:00,2026-03-18T13:15:00,
BER,BCN,2026/3/18,83.3,VY,PT2H35M,2026-03-18T15:45:00,2026-03-18T18:20:00,
BER,BCN,2026/3/18,83.3,IB,PT2H35M,2026-03-18T10:40:00,2026-03-18T13:15:00,
BER,BCN,2026/3/18,83.3,IB,PT2H35M,2026-03-18T15:45:00,2026-03-18T18:20:00,
BER,BCN,2026/3/18,130.9,DY,PT26H5M,2026-03-18T12:20:00,2026-03-18T13:20:00,
BER,BCN,2026/3/18,132.04,AF,PT4H25M,2026-03-18T06:00:00,2026-03-18T07:25:00,
BER,BCN,2026/3/18,132.04,AF,PT4H30M,2026-03-18T12:00:00,2026-03-18T13:25:00,
BER,BCN,2026/3/18,132.04,AF,PT4H40M,2026-03-18T14:25:00,2026-03-18T15:50:00,
BER,BCN,2026/3/18,132.04,AF,PT4H40M,2026-03-18T18:25:00,2026-03-18T19:55:00,
BER,BCN,2026/3/18,132.04,AF,PT6H15M,2026-03-18T06:00:00,2026-03-18T07:25:00,
BER,BCN,2026/3/18,132.04,AF,PT6H20M,2026-03-18T10:10:00,2026-03-18T11:35:00,
BER,BCN,2026/3/18,132.04,AF,PT6H35M,2026-03-18T16:30:00,2026-03-18T17:55:00,
BER,BCN,2026/3/18,132.04,AF,PT7H5M,2026-03-18T12:00:00,2026-03-18T13:25:00,
BER,BCN,2026/3/18,132.04,AF,PT12H55M,2026-03-18T21:30:00,2026-03-18T23:00:00,
BER,BCN,2026/3/18,132.04,AF,PT14H45M,2026-03-18T21:30:00,2026-03-18T23:00:00,
BER,BCN,2026/3/19,83.3,VY,PT2H35M,2026-03-19T10:40:00,2026-03-19T13:15:00,
BER,BCN,2026/3/19,83.3,VY,PT2H45M,2026-03-19T21:20:00,2026-03-20T00:05:00,
BER,BCN,2026/3/19,83.3,IB,PT2H35M,2026-03-19T10:40:00,2026-03-19T13:15:00,
BER,BCN,2026/3/19,83.3,IB,PT2H45M,2026-03-19T21:20:00,2026-03-20T00:05:00,
BER,BCN,2026/3/19,118.04,AF,PT4H25M,2026-03-19T06:00:00,2026-03-19T07:25:00,
BER,BCN,2026/3/19,118.04,AF,PT4H30M,2026-03-19T12:00:00,2026-03-19T13:25:00,
BER,BCN,2026/3/19,118.04,AF,PT4H40M,2026-03-19T14:25:00,2026-03-19T15:50:00,
BER,BCN,2026/3/19,118.04,AF,PT4H40M,2026-03-19T18:25:00,2026-03-19T19:55:00,
BER,BCN,2026/3/19,118.04,AF,PT6H15M,2026-03-19T06:00:00,2026-03-19T07:25:00,
BER,BCN,2026/3/19,118.04,AF,PT6H20M,2026-03-19T10:10:00,2026-03-19T11:35:00,
BER,BCN,2026/3/19,118.04,AF,PT6H35M,2026-03-19T16:30:00,2026-03-19T17:55:00,
BER,BCN,2026/3/19,118.04,AF,PT7H5M,2026-03-19T12:00:00,2026-03-19T13:25:00,
BER,BCN,2026/3/19,118.04,AF,PT12H55M,2026-03-19T21:30:00,2026-03-19T23:00:00,
BER,BCN,2026/3/19,118.04,AF,PT14H45M,2026-03-19T21:30:00,2026-03-19T23:00:00,
BER,BCN,2026/3/19,124.45,LO,PT23H5M,2026-03-19T18:40:00,2026-03-19T19:50:00,
PRG,BCN,2026/2/18,80.75,IB,PT2H25M,2026-02-18T10:55:00,2026-02-18T13:20:00,
PRG,BCN,2026/2/18,80.75,IB,PT2H30M,2026-02-18T21:10:00,2026-02-18T23:40:00,
PRG,BCN,2026/2/18,80.75,VY,PT2H25M,2026-02-18T10:55:00,2026-02-18T13:20:00,
PRG,BCN,2026/2/18,80.75,VY,PT2H30M,2026-02-18T21:10:00,2026-02-18T23:40:00,
PRG,BCN,2026/2/18,141.26,JU,PT12H35M,2026-02-18T20:30:00,2026-02-18T22:25:00,
PRG,BCN,2026/2/18,186.6,IB,PT5H40M,2026-02-18T12:30:00,2026-02-18T15:35:00,
PRG,BCN,2026/2/18,186.6,IB,PT7H10M,2026-02-18T15:40:00,2026-02-18T18:45:00,
PRG,BCN,2026/2/18,197.85,SK,PT7H55M,2026-02-18T10:25:00,2026-02-18T11:45:00,
PRG,BCN,2026/2/18,198.04,DY,PT24H10M,2026-02-18T12:30:00,2026-02-18T14:30:00,
PRG,BCN,2026/2/18,207.47,A3,PT17H,2026-02-18T17:25:00,2026-02-18T20:50:00,
PRG,BCN,2026/2/18,207.47,A3,PT23H45M,2026-02-18T17:25:00,2026-02-18T20:50:00,
PRG,BCN,2026/2/18,212.9,LO,PT8H10M,2026-02-18T09:35:00,2026-02-18T10:50:00,
PRG,BCN,2026/2/18,212.9,LO,PT10H30M,2026-02-18T07:15:00,2026-02-18T08:35:00,
PRG,BCN,2026/2/18,239.49,AF,PT4H25M,2026-02-18T06:00:00,2026-02-18T07:35:00,
PRG,BCN,2026/2/18,239.49,AF,PT4H35M,2026-02-18T18:30:00,2026-02-18T20:10:00,
PRG,BCN,2026/2/19,61.75,VY,PT2H25M,2026-02-19T10:55:00,2026-02-19T13:20:00,
PRG,BCN,2026/2/19,79.75,QS,PT2H35M,2026-02-19T11:35:00,2026-02-19T14:10:00,
PRG,BCN,2026/2/19,80.75,IB,PT2H25M,2026-02-19T10:55:00,2026-02-19T13:20:00,
PRG,BCN,2026/2/19,80.75,IB,PT2H30M,2026-02-19T21:10:00,2026-02-19T23:40:00,
PRG,BCN,2026/2/19,80.75,VY,PT2H30M,2026-02-19T21:10:00,2026-02-19T23:40:00,
PRG,BCN,2026/2/19,99.35,DY,PT22H,2026-02-19T13:45:00,2026-02-19T15:05:00,
PRG,BCN,2026/2/19,115.26,JU,PT23H35M,2026-02-19T09:30:00,2026-02-19T11:25:00,
PRG,BCN,2026/2/19,172.04,DY,PT24H10M,2026-02-19T12:30:00,2026-02-19T14:30:00,
PRG,BCN,2026/2/19,173.19,TP,PT14H50M,2026-02-19T19:15:00,2026-02-19T21:55:00,
PRG,BCN,2026/2/19,173.19,TP,PT18H30M,2026-02-19T19:15:00,2026-02-19T21:55:00,
PRG,BCN,2026/2/19,186.6,IB,PT7H10M,2026-02-19T15:40:00,2026-02-19T18:45:00,
PRG,BCN,2026/2/19,198.6,UX,PT6H40M,2026-02-19T09:55:00,2026-02-19T13:05:00,
PRG,BCN,2026/2/19,200.48,AF,PT4H25M,2026-02-19T12:40:00,2026-02-19T14:35:00,
PRG,BCN,2026/2/19,200.48,AF,PT4H40M,2026-02-19T06:30:00,2026-02-19T08:30:00,
PRG,BCN,2026/2/19,200.48,AF,PT6H40M,2026-02-19T12:40:00,2026-02-19T14:35:00,
PRG,BCN,2026/2/20,67.35,DY,PT13H,2026-02-20T10:25:00,2026-02-20T11:45:00,
PRG,BCN,2026/2/20,79.75,QS,PT2H35M,2026-02-20T11:35:00,2026-02-20T14:10:00,
PRG,BCN,2026/2/20,80.75,IB,PT2H25M,2026-02-20T10:55:00,2026-02-20T13:20:00,
PRG,BCN,2026/2/20,80.75,IB,PT2H29M,2026-02-20T21:30:00,2026-02-20T23:59:00,
PRG,BCN,2026/2/20,80.75,VY,PT2H25M,2026-02-20T10:55:00,2026-02-20T13:20:00,
PRG,BCN,2026/2/20,80.75,VY,PT2H29M,2026-02-20T21:30:00,2026-02-20T23:59:00,
PRG,BCN,2026/2/20,112.47,A3,PT23H,2026-02-20T11:25:00,2026-02-20T14:50:00,
PRG,BCN,2026/2/20,134.25,LH,PT2H25M,2026-02-20T18:05:00,2026-02-20T20:30:00,
PRG,BCN,2026/2/20,141.26,JU,PT10H15M,2026-02-20T09:30:00,2026-02-20T11:25:00,
PRG,BCN,2026/2/20,141.26,JU,PT12H35M,2026-02-20T20:30:00,2026-02-20T22:25:00,
PRG,BCN,2026/2/20,141.26,JU,PT23H35M,2026-02-20T09:30:00,2026-02-20T11:25:00,
PRG,BCN,2026/2/20,173.19,TP,PT8H25M,2026-02-20T11:55:00,2026-02-20T14:35:00,
PRG,BCN,2026/2/20,173.19,TP,PT11H50M,2026-02-20T11:55:00,2026-02-20T14:35:00,
PRG,BCN,2026/2/20,183.9,LO,PT8H10M,2026-02-20T09:35:00,2026-02-20T10:50:00,
PRG,BCN,2026/2/20,183.9,LO,PT10H30M,2026-02-20T07:15:00,2026-02-20T08:35:00,
PRG,BCN,2026/2/21,80.75,IB,PT2H25M,2026-02-21T10:55:00,2026-02-21T13:20:00,
PRG,BCN,2026/2/21,80.75,IB,PT2H30M,2026-02-21T21:10:00,2026-02-21T23:40:00,
PRG,BCN,2026/2/21,80.75,VY,PT2H30M,2026-02-21T21:10:00,2026-02-21T23:40:00,
PRG,BCN,2026/2/21,127.75,VY,PT2H25M,2026-02-21T10:55:00,2026-02-21T13:20:00,
PRG,BCN,2026/2/21,163.47,A3,PT23H,2026-02-21T11:25:00,2026-02-21T14:50:00,
PRG,BCN,2026/2/21,173.19,TP,PT7H50M,2026-02-21T12:30:00,2026-02-21T15:10:00,
PRG,BCN,2026/2/21,173.19,TP,PT11H15M,2026-02-21T12:30:00,2026-02-21T15:10:00,
PRG,BCN,2026/2/21,183.9,LO,PT23H45M,2026-02-21T18:00:00,2026-02-21T19:15:00,
PRG,BCN,2026/2/21,186.6,IB,PT7H10M,2026-02-21T15:40:00,2026-02-21T18:45:00,
PRG,BCN,2026/2/21,198.6,UX,PT6H40M,2026-02-21T09:55:00,2026-02-21T13:05:00,
PRG,BCN,2026/2/21,205.04,DY,PT21H45M,2026-02-21T12:45:00,2026-02-21T14:45:00,
PRG,BCN,2026/2/21,206.12,UX,PT23H,2026-02-21T09:55:00,2026-02-21T13:05:00,
PRG,BCN,2026/2/21,206.85,PC,PT21H20M,2026-02-21T14:25:00,2026-02-21T19:00:00,
PRG,BCN,2026/2/21,206.85,PC,PT25H20M,2026-02-21T10:25:00,2026-02-21T15:00:00,
PRG,BCN,2026/2/21,233.85,SK,PT7H55M,2026-02-21T10:25:00,2026-02-21T11:45:00,
PRG,BCN,2026/2/22,79.75,QS,PT2H35M,2026-02-22T11:35:00,2026-02-22T14:10:00,
PRG,BCN,2026/2/22,80.75,IB,PT2H25M,2026-02-22T10:55:00,2026-02-22T13:20:00,
PRG,BCN,2026/2/22,80.75,IB,PT2H30M,2026-02-22T21:10:00,2026-02-22T23:40:00,
PRG,BCN,2026/2/22,80.75,VY,PT2H25M,2026-02-22T10:55:00,2026-02-22T13:20:00,
PRG,BCN,2026/2/22,80.75,VY,PT2H30M,2026-02-22T21:10:00,2026-02-22T23:40:00,
PRG,BCN,2026/2/22,115.26,JU,PT23H15M,2026-02-22T20:30:00,2026-02-22T22:25:00,
PRG,BCN,2026/2/22,115.35,DY,PT9H35M,2026-02-22T10:25:00,2026-02-22T11:45:00,
PRG,BCN,2026/2/22,115.35,DY,PT25H20M,2026-02-22T10:25:00,2026-02-22T11:45:00,
PRG,BCN,2026/2/22,141.26,JU,PT12H35M,2026-02-22T20:30:00,2026-02-22T22:25:00,
PRG,BCN,2026/2/22,172.25,LH,PT2H30M,2026-02-22T15:15:00,2026-02-22T17:45:00,
PRG,BCN,2026/2/22,173.19,TP,PT14H50M,2026-02-22T19:15:00,2026-02-22T21:55:00,
PRG,BCN,2026/2/22,183.9,LO,PT8H10M,2026-02-22T09:35:00,2026-02-22T10:50:00,
PRG,BCN,2026/2/22,183.9,LO,PT22H10M,2026-02-22T19:35:00,2026-02-22T20:50:00,
PRG,BCN,2026/2/22,186.6,IB,PT12H45M,2026-02-22T19:40:00,2026-02-22T22:45:00,
PRG,BCN,2026/2/22,190.85,PC,PT21H20M,2026-02-22T14:25:00,2026-02-22T19:00:00,
PRG,BCN,2026/2/23,79.75,QS,PT2H35M,2026-02-23T11:35:00,2026-02-23T14:10:00,
PRG,BCN,2026/2/23,80.35,DY,PT25H20M,2026-02-23T10:25:00,2026-02-23T11:45:00,
PRG,BCN,2026/2/23,80.75,IB,PT2H25M,2026-02-23T11:15:00,2026-02-23T13:40:00,
PRG,BCN,2026/2/23,80.75,IB,PT2H30M,2026-02-23T21:10:00,2026-02-23T23:40:00,
PRG,BCN,2026/2/23,80.75,VY,PT2H30M,2026-02-23T21:10:00,2026-02-23T23:40:00,
PRG,BCN,2026/2/23,98.75,VY,PT2H25M,2026-02-23T11:15:00,2026-02-23T13:40:00,
PRG,BCN,2026/2/23,115.26,JU,PT10H15M,2026-02-23T09:30:00,2026-02-23T11:25:00,
PRG,BCN,2026/2/23,136.09,DY,PT10H55M,2026-02-23T12:25:00,2026-02-23T14:20:00,
PRG,BCN,2026/2/23,183.9,LO,PT8H10M,2026-02-23T09:35:00,2026-02-23T10:50:00,
PRG,BCN,2026/2/23,183.9,LO,PT10H30M,2026-02-23T07:15:00,2026-02-23T08:35:00,
PRG,BCN,2026/2/23,186.6,IB,PT5H40M,2026-02-23T12:30:00,2026-02-23T15:35:00,
PRG,BCN,2026/2/23,186.6,IB,PT7H10M,2026-02-23T15:40:00,2026-02-23T18:45:00,
PRG,BCN,2026/2/23,198.04,DY,PT24H10M,2026-02-23T12:30:00,2026-02-23T14:30:00,
PRG,BCN,2026/2/23,200.19,TP,PT11H15M,2026-02-23T12:30:00,2026-02-23T15:10:00,
PRG,BCN,2026/2/23,200.48,AF,PT4H40M,2026-02-23T06:30:00,2026-02-23T08:30:00,
PRG,BCN,2026/2/24,80.75,IB,PT2H25M,2026-02-24T10:55:00,2026-02-24T13:20:00,
PRG,BCN,2026/2/24,80.75,IB,PT2H30M,2026-02-24T21:10:00,2026-02-24T23:40:00,
PRG,BCN,2026/2/24,80.75,VY,PT2H25M,2026-02-24T10:55:00,2026-02-24T13:20:00,
PRG,BCN,2026/2/24,80.75,VY,PT2H30M,2026-02-24T21:10:00,2026-02-24T23:40:00,
PRG,BCN,2026/2/24,158.9,LO,PT22H10M,2026-02-24T19:35:00,2026-02-24T20:50:00,
PRG,BCN,2026/2/24,158.9,LO,PT23H45M,2026-02-24T18:00:00,2026-02-24T19:15:00,
PRG,BCN,2026/2/24,173.19,TP,PT14H50M,2026-02-24T19:15:00,2026-02-24T21:55:00,
PRG,BCN,2026/2/24,173.19,TP,PT16H30M,2026-02-24T19:15:00,2026-02-24T21:55:00,
PRG,BCN,2026/2/24,180.04,DY,PT24H10M,2026-02-24T12:30:00,2026-02-24T14:30:00,
PRG,BCN,2026/2/24,186.6,IB,PT12H45M,2026-02-24T19:40:00,2026-02-24T22:45:00,
PRG,BCN,2026/2/24,190.85,PC,PT25H20M,2026-02-24T10:25:00,2026-02-24T15:00:00,
PRG,BCN,2026/2/24,190.85,PC,PT28H20M,2026-02-24T10:25:00,2026-02-24T15:00:00,
PRG,BCN,2026/2/24,197.85,SK,PT23H,2026-02-24T19:20:00,2026-02-24T20:40:00,
PRG,BCN,2026/2/24,198.6,UX,PT6H40M,2026-02-24T09:55:00,2026-02-24T13:05:00,
PRG,BCN,2026/2/24,200.48,AF,PT4H25M,2026-02-24T12:40:00,2026-02-24T14:35:00,
PRG,BCN,2026/2/25,80.75,IB,PT2H25M,2026-02-25T10:55:00,2026-02-25T13:20:00,
PRG,BCN,2026/2/25,80.75,IB,PT2H30M,2026-02-25T21:10:00,2026-02-25T23:40:00,
PRG,BCN,2026/2/25,80.75,VY,PT2H25M,2026-02-25T10:55:00,2026-02-25T13:20:00,
PRG,BCN,2026/2/25,80.75,VY,PT2H30M,2026-02-25T21:10:00,2026-02-25T23:40:00,
PRG,BCN,2026/2/25,112.47,A3,PT17H,2026-02-25T17:25:00,2026-02-25T20:50:00,
PRG,BCN,2026/2/25,112.47,A3,PT23H45M,2026-02-25T17:25:00,2026-02-25T20:50:00,
PRG,BCN,2026/2/25,127.04,DY,PT24H10M,2026-02-25T12:30:00,2026-02-25T14:30:00,
PRG,BCN,2026/2/25,158.9,LO,PT8H10M,2026-02-25T09:35:00,2026-02-25T10:50:00,
PRG,BCN,2026/2/25,158.9,LO,PT10H30M,2026-02-25T07:15:00,2026-02-25T08:35:00,
PRG,BCN,2026/2/25,161.26,JU,PT12H35M,2026-02-25T20:30:00,2026-02-25T22:25:00,
PRG,BCN,2026/2/25,173.19,TP,PT7H50M,2026-02-25T12:30:00,2026-02-25T15:10:00,
PRG,BCN,2026/2/25,173.19,TP,PT11H15M,2026-02-25T12:30:00,2026-02-25T15:10:00,
PRG,BCN,2026/2/25,187.85,PC,PT25H20M,2026-02-25T10:25:00,2026-02-25T15:00:00,
PRG,BCN,2026/2/25,197.85,SK,PT7H55M,2026-02-25T10:25:00,2026-02-25T11:45:00,
PRG,BCN,2026/2/25,198.6,UX,PT6H40M,2026-02-25T09:55:00,2026-02-25T13:05:00,
PRG,BCN,2026/2/26,67.35,DY,PT22H,2026-02-26T13:45:00,2026-02-26T15:05:00,
PRG,BCN,2026/2/26,79.75,QS,PT2H35M,2026-02-26T11:35:00,2026-02-26T14:10:00,
PRG,BCN,2026/2/26,80.75,IB,PT2H25M,2026-02-26T10:55:00,2026-02-26T13:20:00,
PRG,BCN,2026/2/26,80.75,IB,PT2H30M,2026-02-26T21:10:00,2026-02-26T23:40:00,
PRG,BCN,2026/2/26,80.75,VY,PT2H30M,2026-02-26T21:10:00,2026-02-26T23:40:00,
PRG,BCN,2026/2/26,103.75,VY,PT2H25M,2026-02-26T10:55:00,2026-02-26T13:20:00,
PRG,BCN,2026/2/26,110.26,JU,PT23H35M,2026-02-26T09:30:00,2026-02-26T11:25:00,
PRG,BCN,2026/2/26,112.47,A3,PT17H,2026-02-26T17:25:00,2026-02-26T20:50:00,
PRG,BCN,2026/2/26,112.47,A3,PT23H45M,2026-02-26T17:25:00,2026-02-26T20:50:00,
PRG,BCN,2026/2/26,158.9,LO,PT22H10M,2026-02-26T19:35:00,2026-02-26T20:50:00,
PRG,BCN,2026/2/26,158.9,LO,PT23H45M,2026-02-26T18:00:00,2026-02-26T19:15:00,
PRG,BCN,2026/2/26,161.04,DY,PT24H10M,2026-02-26T12:30:00,2026-02-26T14:30:00,
PRG,BCN,2026/2/26,173.19,TP,PT14H50M,2026-02-26T19:15:00,2026-02-26T21:55:00,
PRG,BCN,2026/2/26,173.19,TP,PT16H30M,2026-02-26T19:15:00,2026-02-26T21:55:00,
PRG,BCN,2026/2/26,186.6,IB,PT7H10M,2026-02-26T15:40:00,2026-02-26T18:45:00,
PRG,BCN,2026/2/27,79.75,QS,PT2H35M,2026-02-27T11:35:00,2026-02-27T14:10:00,
PRG,BCN,2026/2/27,80.75,IB,PT2H25M,2026-02-27T10:55:00,2026-02-27T13:20:00,
PRG,BCN,2026/2/27,80.75,IB,PT2H29M,2026-02-27T21:30:00,2026-02-27T23:59:00,
PRG,BCN,2026/2/27,80.75,VY,PT2H25M,2026-02-27T10:55:00,2026-02-27T13:20:00,
PRG,BCN,2026/2/27,80.75,VY,PT2H29M,2026-02-27T21:30:00,2026-02-27T23:59:00,
PRG,BCN,2026/2/27,112.47,A3,PT23H,2026-02-27T11:25:00,2026-02-27T14:50:00,
PRG,BCN,2026/2/27,133.35,DY,PT13H,2026-02-27T10:25:00,2026-02-27T11:45:00,
PRG,BCN,2026/2/27,134.25,LH,PT2H25M,2026-02-27T18:05:00,2026-02-27T20:30:00,
PRG,BCN,2026/2/27,141.26,JU,PT10H15M,2026-02-27T09:30:00,2026-02-27T11:25:00,
PRG,BCN,2026/2/27,141.26,JU,PT12H35M,2026-02-27T20:30:00,2026-02-27T22:25:00,
PRG,BCN,2026/2/27,141.26,JU,PT23H35M,2026-02-27T09:30:00,2026-02-27T11:25:00,
PRG,BCN,2026/2/27,158.9,LO,PT8H10M,2026-02-27T09:35:00,2026-02-27T10:50:00,
PRG,BCN,2026/2/27,158.9,LO,PT10H30M,2026-02-27T07:15:00,2026-02-27T08:35:00,
PRG,BCN,2026/2/27,173.19,TP,PT8H25M,2026-02-27T11:55:00,2026-02-27T14:35:00,
PRG,BCN,2026/2/27,173.19,TP,PT11H50M,2026-02-27T11:55:00,2026-02-27T14:35:00,
PRG,BCN,2026/2/28,80.75,IB,PT2H25M,2026-02-28T10:55:00,2026-02-28T13:20:00,
PRG,BCN,2026/2/28,80.75,IB,PT2H30M,2026-02-28T21:10:00,2026-02-28T23:40:00,
PRG,BCN,2026/2/28,80.75,VY,PT2H25M,2026-02-28T10:55:00,2026-02-28T13:20:00,
PRG,BCN,2026/2/28,80.75,VY,PT2H30M,2026-02-28T21:10:00,2026-02-28T23:40:00,
PRG,BCN,2026/2/28,128.47,A3,PT23H,2026-02-28T11:25:00,2026-02-28T14:50:00,
PRG,BCN,2026/2/28,158.9,LO,PT22H10M,2026-02-28T19:35:00,2026-02-28T20:50:00,
PRG,BCN,2026/2/28,158.9,LO,PT23H45M,2026-02-28T18:00:00,2026-02-28T19:15:00,
PRG,BCN,2026/2/28,168.04,DY,PT21H45M,2026-02-28T12:45:00,2026-02-28T14:45:00,
PRG,BCN,2026/2/28,173.19,TP,PT7H50M,2026-02-28T12:30:00,2026-02-28T15:10:00,
PRG,BCN,2026/2/28,173.19,TP,PT11H15M,2026-02-28T12:30:00,2026-02-28T15:10:00,
PRG,BCN,2026/2/28,182.49,AF,PT4H25M,2026-02-28T06:00:00,2026-02-28T07:35:00,
PRG,BCN,2026/2/28,182.49,AF,PT4H35M,2026-02-28T14:30:00,2026-02-28T16:00:00,
PRG,BCN,2026/2/28,182.49,AF,PT4H55M,2026-02-28T11:35:00,2026-02-28T13:15:00,
PRG,BCN,2026/2/28,182.49,AF,PT6H15M,2026-02-28T06:00:00,2026-02-28T07:35:00,
PRG,BCN,2026/2/28,182.49,AF,PT7H30M,2026-02-28T11:35:00,2026-02-28T13:15:00,
PRG,BCN,2026/3/1,79.75,QS,PT2H35M,2026-03-01T11:35:00,2026-03-01T14:10:00,
PRG,BCN,2026/3/1,80.75,IB,PT2H25M,2026-03-01T10:55:00,2026-03-01T13:20:00,
PRG,BCN,2026/3/1,80.75,IB,PT2H30M,2026-03-01T21:10:00,2026-03-01T23:40:00,
PRG,BCN,2026/3/1,80.75,VY,PT2H25M,2026-03-01T10:55:00,2026-03-01T13:20:00,
PRG,BCN,2026/3/1,80.75,VY,PT2H30M,2026-03-01T21:10:00,2026-03-01T23:40:00,
PRG,BCN,2026/3/1,110.26,JU,PT12H35M,2026-03-01T20:30:00,2026-03-01T22:25:00,
PRG,BCN,2026/3/1,119.35,DY,PT9H35M,2026-03-01T10:25:00,2026-03-01T11:45:00,
PRG,BCN,2026/3/1,119.35,DY,PT25H20M,2026-03-01T10:25:00,2026-03-01T11:45:00,
PRG,BCN,2026/3/1,141.26,JU,PT23H15M,2026-03-01T20:30:00,2026-03-01T22:25:00,
PRG,BCN,2026/3/1,150.09,DY,PT13H15M,2026-03-01T10:05:00,2026-03-01T12:00:00,
PRG,BCN,2026/3/1,158.9,LO,PT8H10M,2026-03-01T09:35:00,2026-03-01T10:50:00,
PRG,BCN,2026/3/1,182.49,AF,PT4H25M,2026-03-01T06:00:00,2026-03-01T07:35:00,
PRG,BCN,2026/3/1,182.49,AF,PT4H35M,2026-03-01T14:30:00,2026-03-01T16:00:00,
PRG,BCN,2026/3/1,182.49,AF,PT4H35M,2026-03-01T18:30:00,2026-03-01T20:10:00,
PRG,BCN,2026/3/1,182.49,AF,PT6H15M,2026-03-01T06:00:00,2026-03-01T07:35:00,
PRG,BCN,2026/3/2,67.35,DY,PT25H20M,2026-03-02T10:25:00,2026-03-02T11:45:00,
PRG,BCN,2026/3/2,79.75,QS,PT2H35M,2026-03-02T11:35:00,2026-03-02T14:10:00,
PRG,BCN,2026/3/2,80.75,IB,PT2H25M,2026-03-02T11:15:00,2026-03-02T13:40:00,
PRG,BCN,2026/3/2,80.75,IB,PT2H30M,2026-03-02T21:10:00,2026-03-02T23:40:00,
PRG,BCN,2026/3/2,80.75,VY,PT2H25M,2026-03-02T11:15:00,2026-03-02T13:40:00,
PRG,BCN,2026/3/2,80.75,VY,PT2H30M,2026-03-02T21:10:00,2026-03-02T23:40:00,
PRG,BCN,2026/3/2,112.47,A3,PT23H45M,2026-03-02T17:25:00,2026-03-02T20:50:00,
PRG,BCN,2026/3/2,118.09,DY,PT10H55M,2026-03-02T12:25:00,2026-03-02T14:20:00,
PRG,BCN,2026/3/2,141.26,JU,PT10H15M,2026-03-02T09:30:00,2026-03-02T11:25:00,
PRG,BCN,2026/3/2,161.26,JU,PT12H35M,2026-03-02T20:30:00,2026-03-02T22:25:00,
PRG,BCN,2026/3/2,173.19,TP,PT7H50M,2026-03-02T12:30:00,2026-03-02T15:10:00,
PRG,BCN,2026/3/2,173.19,TP,PT11H15M,2026-03-02T12:30:00,2026-03-02T15:10:00,
PRG,BCN,2026/3/2,180.0,EI,PT8H45M,2026-03-02T11:40:00,2026-03-02T13:20:00,
PRG,BCN,2026/3/2,182.49,AF,PT4H25M,2026-03-02T06:00:00,2026-03-02T07:35:00,
PRG,BCN,2026/3/2,182.49,AF,PT4H35M,2026-03-02T14:30:00,2026-03-02T16:00:00,
PRG,BCN,2026/3/3,80.75,IB,PT2H25M,2026-03-03T10:55:00,2026-03-03T13:20:00,
PRG,BCN,2026/3/3,80.75,IB,PT2H30M,2026-03-03T21:10:00,2026-03-03T23:40:00,
PRG,BCN,2026/3/3,80.75,VY,PT2H25M,2026-03-03T10:55:00,2026-03-03T13:20:00,
PRG,BCN,2026/3/3,80.75,VY,PT2H30M,2026-03-03T21:10:00,2026-03-03T23:40:00,
PRG,BCN,2026/3/3,112.47,A3,PT23H,2026-03-03T11:25:00,2026-03-03T14:50:00,
PRG,BCN,2026/3/3,127.04,DY,PT24H10M,2026-03-03T12:30:00,2026-03-03T14:30:00,
PRG,BCN,2026/3/3,143.9,LO,PT23H45M,2026-03-03T18:00:00,2026-03-03T19:15:00,
PRG,BCN,2026/3/3,165.85,SK,PT23H,2026-03-03T19:20:00,2026-03-03T20:40:00,
PRG,BCN,2026/3/3,173.19,TP,PT16H25M,2026-03-03T17:40:00,2026-03-03T20:20:00,
PRG,BCN,2026/3/3,173.19,TP,PT18H5M,2026-03-03T17:40:00,2026-03-03T20:20:00,
PRG,BCN,2026/3/3,182.49,AF,PT4H25M,2026-03-03T06:00:00,2026-03-03T07:35:00,
PRG,BCN,2026/3/3,182.49,AF,PT4H35M,2026-03-03T14:30:00,2026-03-03T16:00:00,
PRG,BCN,2026/3/3,182.49,AF,PT4H35M,2026-03-03T18:30:00,2026-03-03T20:10:00,
PRG,BCN,2026/3/3,182.49,AF,PT4H55M,2026-03-03T11:35:00,2026-03-03T13:15:00,
PRG,BCN,2026/3/3,182.49,AF,PT6H15M,2026-03-03T06:00:00,2026-03-03T07:35:00,
PRG,BCN,2026/3/4,80.75,IB,PT2H25M,2026-03-04T10:55:00,2026-03-04T13:20:00,
PRG,BCN,2026/3/4,80.75,IB,PT2H30M,2026-03-04T21:10:00,2026-03-04T23:40:00,
PRG,BCN,2026/3/4,80.75,VY,PT2H25M,2026-03-04T10:55:00,2026-03-04T13:20:00,
PRG,BCN,2026/3/4,80.75,VY,PT2H30M,2026-03-04T21:10:00,2026-03-04T23:40:00,
PRG,BCN,2026/3/4,112.47,A3,PT23H45M,2026-03-04T17:25:00,2026-03-04T20:50:00,
PRG,BCN,2026/3/4,143.9,LO,PT8H10M,2026-03-04T09:35:00,2026-03-04T10:50:00,
PRG,BCN,2026/3/4,143.9,LO,PT10H30M,2026-03-04T07:15:00,2026-03-04T08:35:00,
PRG,BCN,2026/3/4,148.04,DY,PT24H10M,2026-03-04T12:30:00,2026-03-04T14:30:00,
PRG,BCN,2026/3/4,164.49,AF,PT4H25M,2026-03-04T06:00:00,2026-03-04T07:35:00,
PRG,BCN,2026/3/4,164.49,AF,PT4H55M,2026-03-04T11:35:00,2026-03-04T13:15:00,
PRG,BCN,2026/3/4,164.49,AF,PT6H15M,2026-03-04T06:00:00,2026-03-04T07:35:00,
PRG,BCN,2026/3/4,164.49,AF,PT7H30M,2026-03-04T11:35:00,2026-03-04T13:15:00,
PRG,BCN,2026/3/4,164.49,AF,PT7H35M,2026-03-04T08:55:00,2026-03-04T10:35:00,
PRG,BCN,2026/3/4,164.49,AF,PT8H35M,2026-03-04T14:30:00,2026-03-04T16:00:00,
PRG,BCN,2026/3/4,164.49,AF,PT14H10M,2026-03-04T20:15:00,2026-03-04T21:55:00,
PRG,BCN,2026/3/5,79.75,QS,PT2H35M,2026-03-05T11:35:00,2026-03-05T14:10:00,
PRG,BCN,2026/3/5,80.75,IB,PT2H25M,2026-03-05T10:55:00,2026-03-05T13:20:00,
PRG,BCN,2026/3/5,80.75,IB,PT2H30M,2026-03-05T21:10:00,2026-03-05T23:40:00,
PRG,BCN,2026/3/5,80.75,VY,PT2H25M,2026-03-05T10:55:00,2026-03-05T13:20:00,
PRG,BCN,2026/3/5,80.75,VY,PT2H30M,2026-03-05T21:10:00,2026-03-05T23:40:00,
PRG,BCN,2026/3/5,141.26,JU,PT23H35M,2026-03-05T09:30:00,2026-03-05T11:25:00,
PRG,BCN,2026/3/5,143.9,LO,PT22H10M,2026-03-05T19:35:00,2026-03-05T20:50:00,
PRG,BCN,2026/3/5,143.9,LO,PT23H45M,2026-03-05T18:00:00,2026-03-05T19:15:00,
PRG,BCN,2026/3/5,146.35,DY,PT22H,2026-03-05T13:45:00,2026-03-05T15:05:00,
PRG,BCN,2026/3/5,148.04,DY,PT24H10M,2026-03-05T12:30:00,2026-03-05T14:30:00,
PRG,BCN,2026/3/5,164.49,AF,PT4H25M,2026-03-05T06:00:00,2026-03-05T07:35:00,
PRG,BCN,2026/3/5,164.49,AF,PT4H35M,2026-03-05T18:30:00,2026-03-05T20:10:00,
PRG,BCN,2026/3/5,164.49,AF,PT4H55M,2026-03-05T11:35:00,2026-03-05T13:15:00,
PRG,BCN,2026/3/5,164.49,AF,PT7H35M,2026-03-05T08:55:00,2026-03-05T10:40:00,
PRG,BCN,2026/3/5,164.49,AF,PT8H35M,2026-03-05T14:30:00,2026-03-05T16:00:00,
PRG,BCN,2026/3/6,79.75,QS,PT2H35M,2026-03-06T11:35:00,2026-03-06T14:10:00,
PRG,BCN,2026/3/6,80.75,IB,PT2H25M,2026-03-06T10:55:00,2026-03-06T13:20:00,
PRG,BCN,2026/3/6,80.75,IB,PT2H29M,2026-03-06T21:30:00,2026-03-06T23:59:00,
PRG,BCN,2026/3/6,80.75,VY,PT2H25M,2026-03-06T10:55:00,2026-03-06T13:20:00,
PRG,BCN,2026/3/6,80.75,VY,PT2H29M,2026-03-06T21:30:00,2026-03-06T23:59:00,
PRG,BCN,2026/3/6,115.35,DY,PT13H,2026-03-06T10:25:00,2026-03-06T11:45:00,
PRG,BCN,2026/3/6,141.26,JU,PT10H15M,2026-03-06T09:30:00,2026-03-06T11:25:00,
PRG,BCN,2026/3/6,141.26,JU,PT12H35M,2026-03-06T20:30:00,2026-03-06T22:25:00,
PRG,BCN,2026/3/6,141.26,JU,PT23H35M,2026-03-06T09:30:00,2026-03-06T11:25:00,
PRG,BCN,2026/3/6,143.9,LO,PT8H10M,2026-03-06T09:35:00,2026-03-06T10:50:00,
PRG,BCN,2026/3/6,143.9,LO,PT10H30M,2026-03-06T07:15:00,2026-03-06T08:35:00,
PRG,BCN,2026/3/6,163.47,A3,PT23H,2026-03-06T11:25:00,2026-03-06T14:50:00,
PRG,BCN,2026/3/6,164.49,AF,PT4H25M,2026-03-06T06:00:00,2026-03-06T07:35:00,
PRG,BCN,2026/3/6,164.49,AF,PT4H55M,2026-03-06T11:35:00,2026-03-06T13:15:00,
PRG,BCN,2026/3/6,164.49,AF,PT7H35M,2026-03-06T08:55:00,2026-03-06T10:35:00,
PRG,BCN,2026/3/7,80.75,IB,PT2H25M,2026-03-07T10:55:00,2026-03-07T13:20:00,
PRG,BCN,2026/3/7,80.75,IB,PT2H30M,2026-03-07T21:10:00,2026-03-07T23:40:00,
PRG,BCN,2026/3/7,80.75,VY,PT2H25M,2026-03-07T10:55:00,2026-03-07T13:20:00,
PRG,BCN,2026/3/7,80.75,VY,PT2H30M,2026-03-07T21:10:00,2026-03-07T23:40:00,
PRG,BCN,2026/3/7,94.04,DY,PT21H45M,2026-03-07T12:45:00,2026-03-07T14:45:00,
PRG,BCN,2026/3/7,128.47,A3,PT23H,2026-03-07T11:25:00,2026-03-07T14:50:00,
PRG,BCN,2026/3/7,143.9,LO,PT22H10M,2026-03-07T19:35:00,2026-03-07T20:50:00,
PRG,BCN,2026/3/7,143.9,LO,PT23H45M,2026-03-07T18:00:00,2026-03-07T19:15:00,
PRG,BCN,2026/3/7,164.49,AF,PT4H25M,2026-03-07T06:00:00,2026-03-07T07:35:00,
PRG,BCN,2026/3/7,164.49,AF,PT4H55M,2026-03-07T11:35:00,2026-03-07T13:15:00,
PRG,BCN,2026/3/7,164.49,AF,PT7H35M,2026-03-07T08:55:00,2026-03-07T10:35:00,
PRG,BCN,2026/3/7,164.49,AF,PT4H35M,2026-03-07T14:30:00,2026-03-07T16:00:00,
PRG,BCN,2026/3/7,182.49,AF,PT6H15M,2026-03-07T06:00:00,2026-03-07T07:35:00,
PRG,BCN,2026/3/7,182.49,AF,PT7H30M,2026-03-07T11:35:00,2026-03-07T13:15:00,
PRG,BCN,2026/3/7,182.49,AF,PT14H10M,2026-03-07T20:15:00,2026-03-07T21:55:00,
PRG,BCN,2026/3/8,79.75,QS,PT2H35M,2026-03-08T11:35:00,2026-03-08T14:10:00,
PRG,BCN,2026/3/8,80.75,IB,PT2H25M,2026-03-08T10:55:00,2026-03-08T13:20:00,
PRG,BCN,2026/3/8,80.75,IB,PT2H30M,2026-03-08T21:10:00,2026-03-08T23:40:00,
PRG,BCN,2026/3/8,80.75,VY,PT2H25M,2026-03-08T10:55:00,2026-03-08T13:20:00,
PRG,BCN,2026/3/8,80.75,VY,PT2H30M,2026-03-08T21:10:00,2026-03-08T23:40:00,
PRG,BCN,2026/3/8,109.09,DY,PT13H15M,2026-03-08T10:05:00,2026-03-08T12:00:00,
PRG,BCN,2026/3/8,139.35,DY,PT9H35M,2026-03-08T10:25:00,2026-03-08T11:45:00,
PRG,BCN,2026/3/8,141.26,JU,PT12H35M,2026-03-08T20:30:00,2026-03-08T22:25:00,
PRG,BCN,2026/3/8,141.26,JU,PT23H15M,2026-03-08T20:30:00,2026-03-08T22:25:00,
PRG,BCN,2026/3/8,143.9,LO,PT8H10M,2026-03-08T09:35:00,2026-03-08T10:50:00,
PRG,BCN,2026/3/8,154.04,DY,PT27H,2026-03-08T09:40:00,2026-03-08T11:40:00,
PRG,BCN,2026/3/8,163.47,A3,PT23H,2026-03-08T11:25:00,2026-03-08T14:50:00,
PRG,BCN,2026/3/8,164.49,AF,PT4H35M,2026-03-08T14:30:00,2026-03-08T16:00:00,
PRG,BCN,2026/3/8,166.35,DY,PT25H20M,2026-03-08T10:25:00,2026-03-08T11:45:00,
PRG,BCN,2026/3/8,182.49,AF,PT4H25M,2026-03-08T06:00:00,2026-03-08T07:35:00,
PRG,BCN,2026/3/9,67.35,DY,PT25H20M,2026-03-09T10:25:00,2026-03-09T11:45:00,
PRG,BCN,2026/3/9,79.75,QS,PT2H35M,2026-03-09T11:35:00,2026-03-09T14:10:00,
PRG,BCN,2026/3/9,80.75,IB,PT2H25M,2026-03-09T11:15:00,2026-03-09T13:40:00,
PRG,BCN,2026/3/9,80.75,IB,PT2H30M,2026-03-09T21:10:00,2026-03-09T23:40:00,
PRG,BCN,2026/3/9,80.75,VY,PT2H25M,2026-03-09T11:15:00,2026-03-09T13:40:00,
PRG,BCN,2026/3/9,80.75,VY,PT2H30M,2026-03-09T21:10:00,2026-03-09T23:40:00,
PRG,BCN,2026/3/9,109.09,DY,PT10H55M,2026-03-09T12:25:00,2026-03-09T14:20:00,
PRG,BCN,2026/3/9,112.47,A3,PT17H,2026-03-09T17:25:00,2026-03-09T20:50:00,
PRG,BCN,2026/3/9,112.47,A3,PT23H45M,2026-03-09T17:25:00,2026-03-09T20:50:00,
PRG,BCN,2026/3/9,141.26,JU,PT10H15M,2026-03-09T09:30:00,2026-03-09T11:25:00,
PRG,BCN,2026/3/9,146.49,AF,PT4H25M,2026-03-09T06:00:00,2026-03-09T07:35:00,
PRG,BCN,2026/3/9,146.49,AF,PT4H35M,2026-03-09T14:30:00,2026-03-09T16:00:00,
PRG,BCN,2026/3/9,146.49,AF,PT4H35M,2026-03-09T18:30:00,2026-03-09T20:10:00,
PRG,BCN,2026/3/9,146.49,AF,PT4H55M,2026-03-09T11:35:00,2026-03-09T13:15:00,
PRG,BCN,2026/3/9,146.49,AF,PT6H15M,2026-03-09T06:00:00,2026-03-09T07:35:00,
PRG,BCN,2026/3/10,80.75,IB,PT2H25M,2026-03-10T10:55:00,2026-03-10T13:20:00,
PRG,BCN,2026/3/10,80.75,IB,PT2H30M,2026-03-10T21:10:00,2026-03-10T23:40:00,
PRG,BCN,2026/3/10,80.75,VY,PT2H25M,2026-03-10T10:55:00,2026-03-10T13:20:00,
PRG,BCN,2026/3/10,80.75,VY,PT2H30M,2026-03-10T21:10:00,2026-03-10T23:40:00,
PRG,BCN,2026/3/10,128.9,LO,PT22H10M,2026-03-10T19:35:00,2026-03-10T20:50:00,
PRG,BCN,2026/3/10,128.9,LO,PT23H45M,2026-03-10T18:00:00,2026-03-10T19:15:00,
PRG,BCN,2026/3/10,130.48,AF,PT4H25M,2026-03-10T12:40:00,2026-03-10T14:35:00,
PRG,BCN,2026/3/10,130.48,AF,PT4H50M,2026-03-10T18:05:00,2026-03-10T19:55:00,
PRG,BCN,2026/3/10,130.48,AF,PT14H45M,2026-03-10T18:05:00,2026-03-10T19:55:00,
PRG,BCN,2026/3/10,138.04,DY,PT24H10M,2026-03-10T12:30:00,2026-03-10T14:30:00,
PRG,BCN,2026/3/10,146.49,AF,PT4H25M,2026-03-10T06:00:00,2026-03-10T07:35:00,
PRG,BCN,2026/3/10,146.49,AF,PT4H35M,2026-03-10T14:30:00,2026-03-10T16:00:00,
PRG,BCN,2026/3/10,146.49,AF,PT4H55M,2026-03-10T11:35:00,2026-03-10T13:15:00,
PRG,BCN,2026/3/10,146.49,AF,PT4H35M,2026-03-10T18:30:00,2026-03-10T20:10:00,
PRG,BCN,2026/3/10,146.49,AF,PT7H30M,2026-03-10T11:35:00,2026-03-10T13:15:00,
PRG,BCN,2026/3/11,80.75,IB,PT2H25M,2026-03-11T10:55:00,2026-03-11T13:20:00,
PRG,BCN,2026/3/11,80.75,IB,PT2H30M,2026-03-11T21:10:00,2026-03-11T23:40:00,
PRG,BCN,2026/3/11,80.75,VY,PT2H25M,2026-03-11T10:55:00,2026-03-11T13:20:00,
PRG,BCN,2026/3/11,80.75,VY,PT2H30M,2026-03-11T21:10:00,2026-03-11T23:40:00,
PRG,BCN,2026/3/11,112.47,A3,PT23H45M,2026-03-11T17:25:00,2026-03-11T20:50:00,
PRG,BCN,2026/3/11,128.9,LO,PT8H10M,2026-03-11T09:35:00,2026-03-11T10:50:00,
PRG,BCN,2026/3/11,128.9,LO,PT10H30M,2026-03-11T07:15:00,2026-03-11T08:35:00,
PRG,BCN,2026/3/11,138.04,DY,PT24H10M,2026-03-11T12:30:00,2026-03-11T14:30:00,
PRG,BCN,2026/3/11,144.48,AF,PT6H40M,2026-03-11T12:40:00,2026-03-11T14:35:00,
PRG,BCN,2026/3/11,146.49,AF,PT4H25M,2026-03-11T06:00:00,2026-03-11T07:35:00,
PRG,BCN,2026/3/11,146.49,AF,PT4H35M,2026-03-11T14:30:00,2026-03-11T16:00:00,
PRG,BCN,2026/3/11,146.49,AF,PT4H35M,2026-03-11T18:30:00,2026-03-11T20:10:00,
PRG,BCN,2026/3/11,146.49,AF,PT4H55M,2026-03-11T11:35:00,2026-03-11T13:15:00,
PRG,BCN,2026/3/11,146.49,AF,PT6H15M,2026-03-11T06:00:00,2026-03-11T07:35:00,
PRG,BCN,2026/3/11,146.49,AF,PT7H30M,2026-03-11T11:35:00,2026-03-11T13:15:00,
PRG,BCN,2026/3/12,79.75,QS,PT2H35M,2026-03-12T11:35:00,2026-03-12T14:10:00,
PRG,BCN,2026/3/12,80.75,IB,PT2H25M,2026-03-12T10:55:00,2026-03-12T13:20:00,
PRG,BCN,2026/3/12,80.75,IB,PT2H30M,2026-03-12T21:10:00,2026-03-12T23:40:00,
PRG,BCN,2026/3/12,80.75,VY,PT2H25M,2026-03-12T10:55:00,2026-03-12T13:20:00,
PRG,BCN,2026/3/12,80.75,VY,PT2H30M,2026-03-12T21:10:00,2026-03-12T23:40:00,
PRG,BCN,2026/3/12,128.47,A3,PT17H,2026-03-12T17:25:00,2026-03-12T20:50:00,
PRG,BCN,2026/3/12,128.47,A3,PT23H45M,2026-03-12T17:25:00,2026-03-12T20:50:00,
PRG,BCN,2026/3/12,128.9,LO,PT22H10M,2026-03-12T19:35:00,2026-03-12T20:50:00,
PRG,BCN,2026/3/12,128.9,LO,PT23H45M,2026-03-12T18:00:00,2026-03-12T19:15:00,
PRG,BCN,2026/3/12,130.48,AF,PT4H25M,2026-03-12T12:40:00,2026-03-12T14:35:00,
PRG,BCN,2026/3/12,130.48,AF,PT4H40M,2026-03-12T06:30:00,2026-03-12T08:30:00,
PRG,BCN,2026/3/12,130.48,AF,PT6H40M,2026-03-12T12:40:00,2026-03-12T14:35:00,
PRG,BCN,2026/3/12,130.48,AF,PT7H30M,2026-03-12T06:30:00,2026-03-12T08:30:00,
PRG,BCN,2026/3/12,141.26,JU,PT23H35M,2026-03-12T09:30:00,2026-03-12T11:25:00,
PRG,BCN,2026/3/12,144.48,AF,PT4H50M,2026-03-12T18:05:00,2026-03-12T19:55:00,
PRG,BCN,2026/3/13,79.75,QS,PT2H35M,2026-03-13T11:35:00,2026-03-13T14:10:00,
PRG,BCN,2026/3/13,80.75,IB,PT2H25M,2026-03-13T10:55:00,2026-03-13T13:20:00,
PRG,BCN,2026/3/13,80.75,IB,PT2H29M,2026-03-13T21:30:00,2026-03-13T23:59:00,
PRG,BCN,2026/3/13,80.75,VY,PT2H25M,2026-03-13T10:55:00,2026-03-13T13:20:00,
PRG,BCN,2026/3/13,80.75,VY,PT2H29M,2026-03-13T21:30:00,2026-03-13T23:59:00,
PRG,BCN,2026/3/13,112.47,A3,PT23H,2026-03-13T11:25:00,2026-03-13T14:50:00,
PRG,BCN,2026/3/13,128.35,DY,PT13H,2026-03-13T10:25:00,2026-03-13T11:45:00,
PRG,BCN,2026/3/13,128.9,LO,PT8H10M,2026-03-13T09:35:00,2026-03-13T10:50:00,
PRG,BCN,2026/3/13,128.9,LO,PT10H30M,2026-03-13T07:15:00,2026-03-13T08:35:00,
PRG,BCN,2026/3/13,141.26,JU,PT10H15M,2026-03-13T09:30:00,2026-03-13T11:25:00,
PRG,BCN,2026/3/13,141.26,JU,PT12H35M,2026-03-13T20:30:00,2026-03-13T22:25:00,
PRG,BCN,2026/3/13,141.26,JU,PT23H35M,2026-03-13T09:30:00,2026-03-13T11:25:00,
PRG,BCN,2026/3/13,146.25,LH,PT2H25M,2026-03-13T18:05:00,2026-03-13T20:30:00,
PRG,BCN,2026/3/13,146.49,AF,PT4H25M,2026-03-13T06:00:00,2026-03-13T07:35:00,
PRG,BCN,2026/3/13,146.49,AF,PT4H35M,2026-03-13T14:30:00,2026-03-13T16:00:00,
PRG,BCN,2026/3/14,80.75,IB,PT2H25M,2026-03-14T10:55:00,2026-03-14T13:20:00,
PRG,BCN,2026/3/14,80.75,IB,PT2H30M,2026-03-14T21:10:00,2026-03-14T23:40:00,
PRG,BCN,2026/3/14,80.75,VY,PT2H25M,2026-03-14T10:55:00,2026-03-14T13:20:00,
PRG,BCN,2026/3/14,80.75,VY,PT2H30M,2026-03-14T21:10:00,2026-03-14T23:40:00,
PRG,BCN,2026/3/14,112.47,A3,PT23H,2026-03-14T11:25:00,2026-03-14T14:50:00,
PRG,BCN,2026/3/14,128.9,LO,PT22H10M,2026-03-14T19:35:00,2026-03-14T20:50:00,
PRG,BCN,2026/3/14,128.9,LO,PT23H45M,2026-03-14T18:00:00,2026-03-14T19:15:00,
PRG,BCN,2026/3/14,130.48,AF,PT14H45M,2026-03-14T18:05:00,2026-03-14T19:55:00,
PRG,BCN,2026/3/14,131.49,AF,PT4H25M,2026-03-14T06:00:00,2026-03-14T07:35:00,
PRG,BCN,2026/3/14,131.49,AF,PT4H35M,2026-03-14T14:30:00,2026-03-14T16:00:00,
PRG,BCN,2026/3/14,131.49,AF,PT4H55M,2026-03-14T11:35:00,2026-03-14T13:15:00,
PRG,BCN,2026/3/14,131.49,AF,PT6H15M,2026-03-14T06:00:00,2026-03-14T07:35:00,
PRG,BCN,2026/3/14,131.49,AF,PT7H30M,2026-03-14T11:35:00,2026-03-14T13:15:00,
PRG,BCN,2026/3/14,131.49,AF,PT7H35M,2026-03-14T08:55:00,2026-03-14T10:35:00,
PRG,BCN,2026/3/14,131.49,AF,PT14H10M,2026-03-14T20:15:00,2026-03-14T21:55:00,
PRG,BCN,2026/3/15,79.75,QS,PT2H35M,2026-03-15T11:35:00,2026-03-15T14:10:00,
PRG,BCN,2026/3/15,80.75,IB,PT2H25M,2026-03-15T10:55:00,2026-03-15T13:20:00,
PRG,BCN,2026/3/15,80.75,IB,PT2H30M,2026-03-15T21:10:00,2026-03-15T23:40:00,
PRG,BCN,2026/3/15,80.75,VY,PT2H25M,2026-03-15T10:55:00,2026-03-15T13:20:00,
PRG,BCN,2026/3/15,80.75,VY,PT2H30M,2026-03-15T21:10:00,2026-03-15T23:40:00,
PRG,BCN,2026/3/15,105.26,JU,PT23H15M,2026-03-15T20:30:00,2026-03-15T22:25:00,
PRG,BCN,2026/3/15,112.47,A3,PT23H,2026-03-15T11:25:00,2026-03-15T14:50:00,
PRG,BCN,2026/3/15,119.35,DY,PT9H35M,2026-03-15T10:25:00,2026-03-15T11:45:00,
PRG,BCN,2026/3/15,128.9,LO,PT8H10M,2026-03-15T09:35:00,2026-03-15T10:50:00,
PRG,BCN,2026/3/15,128.9,LO,PT22H10M,2026-03-15T19:35:00,2026-03-15T20:50:00,
PRG,BCN,2026/3/15,130.48,AF,PT4H40M,2026-03-15T06:30:00,2026-03-15T08:30:00,
PRG,BCN,2026/3/15,130.48,AF,PT6H40M,2026-03-15T12:40:00,2026-03-15T14:35:00,
PRG,BCN,2026/3/15,130.48,AF,PT7H30M,2026-03-15T06:30:00,2026-03-15T08:30:00,
PRG,BCN,2026/3/15,130.48,AF,PT10H15M,2026-03-15T12:40:00,2026-03-15T14:35:00,
PRG,BCN,2026/3/15,130.48,AF,PT4H50M,2026-03-15T18:05:00,2026-03-15T19:55:00,
PRG,BCN,2026/3/16,79.75,QS,PT2H35M,2026-03-16T11:35:00,2026-03-16T14:10:00,
PRG,BCN,2026/3/16,80.75,IB,PT2H25M,2026-03-16T11:15:00,2026-03-16T13:40:00,
PRG,BCN,2026/3/16,80.75,IB,PT2H30M,2026-03-16T21:10:00,2026-03-16T23:40:00,
PRG,BCN,2026/3/16,80.75,VY,PT2H25M,2026-03-16T11:15:00,2026-03-16T13:40:00,
PRG,BCN,2026/3/16,80.75,VY,PT2H30M,2026-03-16T21:10:00,2026-03-16T23:40:00,
PRG,BCN,2026/3/16,86.35,DY,PT25H20M,2026-03-16T10:25:00,2026-03-16T11:45:00,
PRG,BCN,2026/3/16,91.09,DY,PT10H55M,2026-03-16T12:25:00,2026-03-16T14:20:00,
PRG,BCN,2026/3/16,105.26,JU,PT10H15M,2026-03-16T09:30:00,2026-03-16T11:25:00,
PRG,BCN,2026/3/16,112.47,A3,PT17H,2026-03-16T17:25:00,2026-03-16T20:50:00,
PRG,BCN,2026/3/16,112.47,A3,PT23H45M,2026-03-16T17:25:00,2026-03-16T20:50:00,
PRG,BCN,2026/3/16,128.9,LO,PT8H10M,2026-03-16T09:35:00,2026-03-16T10:50:00,
PRG,BCN,2026/3/16,128.9,LO,PT10H30M,2026-03-16T07:15:00,2026-03-16T08:35:00,
PRG,BCN,2026/3/16,130.48,AF,PT4H50M,2026-03-16T18:05:00,2026-03-16T19:55:00,
PRG,BCN,2026/3/16,130.48,AF,PT14H45M,2026-03-16T18:05:00,2026-03-16T19:55:00,
PRG,BCN,2026/3/16,131.04,DY,PT24H10M,2026-03-16T12:30:00,2026-03-16T14:30:00,
PRG,BCN,2026/3/17,80.75,IB,PT2H25M,2026-03-17T10:55:00,2026-03-17T13:20:00,
PRG,BCN,2026/3/17,80.75,IB,PT2H30M,2026-03-17T21:10:00,2026-03-17T23:40:00,
PRG,BCN,2026/3/17,80.75,VY,PT2H25M,2026-03-17T10:55:00,2026-03-17T13:20:00,
PRG,BCN,2026/3/17,80.75,VY,PT2H30M,2026-03-17T21:10:00,2026-03-17T23:40:00,
PRG,BCN,2026/3/17,112.47,A3,PT23H,2026-03-17T11:25:00,2026-03-17T14:50:00,
PRG,BCN,2026/3/17,118.9,LO,PT22H10M,2026-03-17T19:35:00,2026-03-17T20:50:00,
PRG,BCN,2026/3/17,128.9,LO,PT23H45M,2026-03-17T18:00:00,2026-03-17T19:15:00,
PRG,BCN,2026/3/17,130.48,AF,PT4H25M,2026-03-17T12:40:00,2026-03-17T14:35:00,
PRG,BCN,2026/3/17,130.48,AF,PT4H40M,2026-03-17T06:30:00,2026-03-17T08:30:00,
PRG,BCN,2026/3/17,130.48,AF,PT4H50M,2026-03-17T18:05:00,2026-03-17T19:55:00,
PRG,BCN,2026/3/17,130.48,AF,PT6H40M,2026-03-17T12:40:00,2026-03-17T14:35:00,
PRG,BCN,2026/3/17,130.48,AF,PT7H30M,2026-03-17T06:30:00,2026-03-17T08:30:00,
PRG,BCN,2026/3/17,130.48,AF,PT14H45M,2026-03-17T18:05:00,2026-03-17T19:55:00,
PRG,BCN,2026/3/17,131.49,AF,PT4H25M,2026-03-17T06:00:00,2026-03-17T07:35:00,
PRG,BCN,2026/3/17,131.49,AF,PT4H35M,2026-03-17T14:30:00,2026-03-17T16:00:00,
PRG,BCN,2026/3/18,61.75,VY,PT2H30M,2026-03-18T21:10:00,2026-03-18T23:40:00,
PRG,BCN,2026/3/18,80.75,IB,PT2H25M,2026-03-18T10:55:00,2026-03-18T13:20:00,
PRG,BCN,2026/3/18,80.75,IB,PT2H30M,2026-03-18T21:10:00,2026-03-18T23:40:00,
PRG,BCN,2026/3/18,80.75,VY,PT2H25M,2026-03-18T10:55:00,2026-03-18T13:20:00,
PRG,BCN,2026/3/18,112.47,A3,PT17H,2026-03-18T17:25:00,2026-03-18T20:50:00,
PRG,BCN,2026/3/18,112.47,A3,PT23H45M,2026-03-18T17:25:00,2026-03-18T20:50:00,
PRG,BCN,2026/3/18,118.9,LO,PT8H10M,2026-03-18T09:35:00,2026-03-18T10:50:00,
PRG,BCN,2026/3/18,131.49,AF,PT4H25M,2026-03-18T06:00:00,2026-03-18T07:35:00,
PRG,BCN,2026/3/18,131.49,AF,PT4H35M,2026-03-18T14:30:00,2026-03-18T16:00:00,
PRG,BCN,2026/3/18,131.49,AF,PT4H35M,2026-03-18T18:30:00,2026-03-18T20:10:00,
PRG,BCN,2026/3/18,131.49,AF,PT4H55M,2026-03-18T11:35:00,2026-03-18T13:15:00,
PRG,BCN,2026/3/18,131.49,AF,PT6H15M,2026-03-18T06:00:00,2026-03-18T07:35:00,
PRG,BCN,2026/3/18,131.49,AF,PT7H30M,2026-03-18T11:35:00,2026-03-18T13:15:00,
PRG,BCN,2026/3/18,131.49,AF,PT7H35M,2026-03-18T08:55:00,2026-03-18T10:35:00,
PRG,BCN,2026/3/18,131.49,AF,PT8H35M,2026-03-18T14:30:00,2026-03-18T16:00:00,
PRG,BCN,2026/3/19,79.75,QS,PT2H35M,2026-03-19T11:35:00,2026-03-19T14:10:00,
PRG,BCN,2026/3/19,80.75,IB,PT2H25M,2026-03-19T10:55:00,2026-03-19T13:20:00,
PRG,BCN,2026/3/19,80.75,IB,PT2H30M,2026-03-19T21:10:00,2026-03-19T23:40:00,
PRG,BCN,2026/3/19,80.75,VY,PT2H25M,2026-03-19T10:55:00,2026-03-19T13:20:00,
PRG,BCN,2026/3/19,80.75,VY,PT2H30M,2026-03-19T21:10:00,2026-03-19T23:40:00,
PRG,BCN,2026/3/19,112.47,A3,PT17H,2026-03-19T17:25:00,2026-03-19T20:50:00,
PRG,BCN,2026/3/19,112.47,A3,PT23H45M,2026-03-19T17:25:00,2026-03-19T20:50:00,
PRG,BCN,2026/3/19,117.49,AF,PT4H25M,2026-03-19T06:00:00,2026-03-19T07:35:00,
PRG,BCN,2026/3/19,117.49,AF,PT4H35M,2026-03-19T14:30:00,2026-03-19T16:00:00,
PRG,BCN,2026/3/19,117.49,AF,PT4H35M,2026-03-19T18:30:00,2026-03-19T20:10:00,
PRG,BCN,2026/3/19,117.49,AF,PT4H55M,2026-03-19T11:35:00,2026-03-19T13:15:00,
PRG,BCN,2026/3/19,117.49,AF,PT6H15M,2026-03-19T06:00:00,2026-03-19T07:35:00,
PRG,BCN,2026/3/19,117.49,AF,PT7H30M,2026-03-19T11:35:00,2026-03-19T13:15:00,
PRG,BCN,2026/3/19,117.49,AF,PT7H35M,2026-03-19T08:55:00,2026-03-19T10:40:00,
PRG,BCN,2026/3/19,117.49,AF,PT8H35M,2026-03-19T14:30:00,2026-03-19T16:00:00,
,,,,,,,,
,,,,,,,,
,,,,,,,,
,,,,,,,,
,,,,,,,,
,,,,,,,,
,,,,,,,,
,,,,,,,,
,,,,,,,,
,,,,,,,,
,,,,,,,,
,,,,,,,,
,,,,,,,,
,,,,,,,,
,,,,,,,,
,,,,,,,,
,,,,,,,,
,,,,,,,,
,,,,,,,,
,,,,,,,,
,,,,,,,,
,,,,,,,,
,,,,,,,,
,,,,,,,,
,,,,,,,,
,,,,,,,,
,,,,,,,,
,,,,,,,,
,,,,,,,,
,,,,,,,,
,,,,,,,,
,,,,,,,,
,,,,,,,,
,,,,,,,,
,,,,,,,,
,,,,,,,,
,,,,,,,,
,,,,,,,,
,,,,,,,,
,,,,,,,,
,,,,,,,,
,,,,,,,,
,,,,,,,,
,,,,,,,,
,,,,,,,,
,,,,,,,,
,,,,,,,,
,,,,,,,,
,,,,,,,,
,,,,,,,,
,,,,,,,,
,,,,,,,,
,,,,,,,,
,,,,,,,,
,,,,,,,,
,,,,,,,,
,,,,,,,,
,,,,,,,,
,,,,,,,,
,,,,,,,,
,,,,,,,,
,,,,,,,,
,,,,,,,,
,,,,,,,,
,,,,,,,,
,,,,,,,,
,,,,,,,,
,,,,,,,,
,,,,,,,,
,,,,,,,,
,,,,,,,,
,,,,,,,,
,,,,,,,,
,,,,,,,,
,,,,,,,,
,,,,,,,,
,,,,,,,,
,,,,,,,,
,,,,,,,,
,,,,,,,,
,,,,,,,,
,,,,,,,,
,,,,,,,,
,,,,,,,,
,,,,,,,,
,,,,,,,,
,,,,,,,,
,,,,,,,,
,,,,,,,,
,,,,,,,,
,,,,,,,,
,,,,,,,,
,,,,,,,,
,,,,,,,,
,,,,,,,,
,,,,,,,,
,,,,,,,,
,,,,,,,,
,,,,,,,,
,,,,,,,,
,,,,,,,,
,,,,,,,,
,,,,,,,,
,,,,,,,,
,,,,,,,,
,,,,,,,,
,,,,,,,,
,,,,,,,,
,,,,,,,,
,,,,,,,,
,,,,,,,,
,,,,,,,,
,,,,,,,,
,,,,,,,,
,,,,,,,,
,,,,,,,,
,,,,,,,,
,,,,,,,,
,,,,,,,,
,,,,,,,,
,,,,,,,,
,,,,,,,,
,,,,,,,,
,,,,,,,,
,,,,,,,,
,,,,,,,,
,,,,,,,,
,,,,,,,,
,,,,,,,,
,,,,,,,,
,,,,,,,,
,,,,,,,,
,,,,,,,,
,,,,,,,,
,,,,,,,,
,,,,,,,,
,,,,,,,,
,,,,,,,,
,,,,,,,,
,,,,,,,,
,,,,,,,,
,,,,,,,,
,,,,,,,,
,,,,,,,,
,,,,,,,,
,,,,,,,,
,,,,,,,,
,,,,,,,,
,,,,,,,,
,,,,,,,,
,,,,,,,,
,,,,,,,,
,,,,,,,,
,,,,,,,,
,,,,,,,,
,,,,,,,,
,,,,,,,,
,,,,,,,,
,,,,,,,,
,,,,,,,,
,,,,,,,,
,,,,,,,,
,,,,,,,,
,,,,,,,,
,,,,,,,,
,,,,,,,,
,,,,,,,,
,,,,,,,,
,,,,,,,,
,,,,,,,,
,,,,,,,,
,,,,,,,,
,,,,,,,,
,,,,,,,,
,,,,,,,,
,,,,,,,,
,,,,,,,,
,,,,,,,,
,,,,,,,,
,,,,,,,,
,,,,,,,,
,,,,,,,,
,,,,,,,,
,,,,,,,,
,,,,,,,,
,,,,,,,,
,,,,,,,,
,,,,,,,,
,,,,,,,,
,,,,,,,,
,,,,,,,,
,,,,,,,,
,,,,,,,,
,,,,,,,,
,,,,,,,,
,,,,,,,,
,,,,,,,,
,,,,,,,,
,,,,,,,,
,,,,,,,,
,,,,,,,,
,,,,,,,,
,,,,,,,,
,,,,,,,,
,,,,,,,,
,,,,,,,,
,,,,,,,,
,,,,,,,,
,,,,,,,,
,,,,,,,,
,,,,,,,,
,,,,,,,,
,,,,,,,,
,,,,,,,,
,,,,,,,,
,,,,,,,,
,,,,,,,,
,,,,,,,,
,,,,,,,,
,,,,,,,,
,,,,,,,,
,,,,,,,,
,,,,,,,,
,,,,,,,,
,,,,,,,,
,,,,,,,,
,,,,,,,,
,,,,,,,,
,,,,,,,,
,,,,,,,,
,,,,,,,,
,,,,,,,,
,,,,,,,,
,,,,,,,,
,,,,,,,,
,,,,,,,,
,,,,,,,,
,,,,,,,,
,,,,,,,,
,,,,,,,,
,,,,,,,,
,,,,,,,,
,,,,,,,,
,,,,,,,,
,,,,,,,,
,,,,,,,,
,,,,,,,,
,,,,,,,,
,,,,,,,,
,,,,,,,,
,,,,,,,,
,,,,,,,,
,,,,,,,,
,,,,,,,,
,,,,,,,,
,,,,,,,,
,,,,,,,,
,,,,,,,,
,,,,,,,,
,,,,,,,,
,,,,,,,,
,,,,,,,,
,,,,,,,,
,,,,,,,,
,,,,,,,,
,,,,,,,,
,,,,,,,,
,,,,,,,,
,,,,,,,,
,,,,,,,,
,,,,,,,,
,,,,,,,,
,,,,,,,,
,,,,,,,,
,,,,,,,,
,,,,,,,,
,,,,,,,,
,,,,,,,,
,,,,,,,,
,,,,,,,,
,,,,,,,,
,,,,,,,,
,,,,,,,,
,,,,,,,,
,,,,,,,,
,,,,,,,,
,,,,,,,,
,,,,,,,,
,,,,,,,,
,,,,,,,,
,,,,,,,,
,,,,,,,,
,,,,,,,,
,,,,,,,,
,,,,,,,,
,,,,,,,,
,,,,,,,,
,,,,,,,,
,,,,,,,,
,,,,,,,,
,,,,,,,,
,,,,,,,,
,,,,,,,,
,,,,,,,,
,,,,,,,,
,,,,,,,,
,,,,,,,,
,,,,,,,,
,,,,,,,,
,,,,,,,,
,,,,,,,,
,,,,,,,,
,,,,,,,,
,,,,,,,,
,,,,,,,,
,,,,,,,,
,,,,,,,,
,,,,,,,,
,,,,,,,,
,,,,,,,,
,,,,,,,,
,,,,,,,,
,,,,,,,,
,,,,,,,,
,,,,,,,,
,,,,,,,,
,,,,,,,,
,,,,,,,,
,,,,,,,,
,,,,,,,,
,,,,,,,,
,,,,,,,,
,,,,,,,,
,,,,,,,,
,,,,,,,,
,,,,,,,,
,,,,,,,,
,,,,,,,,
,,,,,,,,
,,,,,,,,
,,,,,,,,
,,,,,,,,
,,,,,,,,
,,,,,,,,
,,,,,,,,
WAW,BCN,2026/2/18,104.87,A3,PT22H50M,2026-02-18T18:20:00,2026-02-18T21:50:00,
WAW,BCN,2026/2/18,125.87,A3,PT16H5M,2026-02-18T18:20:00,2026-02-18T21:50:00,
WAW,BCN,2026/2/18,143.59,TP,PT16H10M,2026-02-18T17:55:00,2026-02-18T21:20:00,
WAW,BCN,2026/2/18,143.59,TP,PT17H50M,2026-02-18T17:55:00,2026-02-18T21:20:00,
WAW,BCN,2026/2/18,183.62,LO,PT16H5M,2026-02-18T17:00:00,2026-02-18T19:05:00,
WAW,BCN,2026/2/18,187.88,AF,PT7H25M,2026-02-18T06:35:00,2026-02-18T09:15:00,
WAW,BCN,2026/2/18,194.89,LO,PT4H50M,2026-02-18T18:30:00,2026-02-18T20:20:00,
WAW,BCN,2026/2/18,194.89,LO,PT6H20M,2026-02-18T17:00:00,2026-02-18T18:55:00,
WAW,BCN,2026/2/18,214.19,OS,PT4H15M,2026-02-18T15:30:00,2026-02-18T16:50:00,
WAW,BCN,2026/2/18,214.19,OS,PT4H45M,2026-02-18T15:00:00,2026-02-18T16:20:00,
WAW,BCN,2026/2/18,215.22,LX,PT4H30M,2026-02-18T14:30:00,2026-02-18T16:35:00,
WAW,BCN,2026/2/18,215.22,LX,PT8H30M,2026-02-18T14:30:00,2026-02-18T16:35:00,
WAW,BCN,2026/2/18,215.22,LX,PT9H10M,2026-02-18T09:50:00,2026-02-18T11:55:00,
WAW,BCN,2026/2/18,215.22,LX,PT13H20M,2026-02-18T19:45:00,2026-02-18T21:50:00,
WAW,BCN,2026/2/18,215.22,LX,PT18H20M,2026-02-18T19:45:00,2026-02-18T21:50:00,
WAW,BCN,2026/2/19,143.59,TP,PT7H20M,2026-02-19T13:00:00,2026-02-19T16:25:00,
WAW,BCN,2026/2/19,143.59,TP,PT10H45M,2026-02-19T13:00:00,2026-02-19T16:25:00,
WAW,BCN,2026/2/19,163.44,DY,PT24H35M,2026-02-19T12:05:00,2026-02-19T14:00:00,
WAW,BCN,2026/2/19,203.87,A3,PT16H5M,2026-02-19T18:20:00,2026-02-19T21:50:00,
WAW,BCN,2026/2/19,214.19,OS,PT4H15M,2026-02-19T15:30:00,2026-02-19T16:50:00,
WAW,BCN,2026/2/19,215.22,LX,PT4H30M,2026-02-19T14:30:00,2026-02-19T16:35:00,
WAW,BCN,2026/2/19,215.22,LX,PT8H30M,2026-02-19T14:30:00,2026-02-19T16:35:00,
WAW,BCN,2026/2/19,215.22,LX,PT13H20M,2026-02-19T19:45:00,2026-02-19T21:50:00,
WAW,BCN,2026/2/19,215.22,LX,PT18H20M,2026-02-19T19:45:00,2026-02-19T21:50:00,
WAW,BCN,2026/2/19,215.22,LX,PT6H,2026-02-19T17:00:00,2026-02-19T19:05:00,
WAW,BCN,2026/2/19,215.22,LX,PT6H35M,2026-02-19T07:30:00,2026-02-19T09:35:00,
WAW,BCN,2026/2/19,215.22,LX,PT11H30M,2026-02-19T07:30:00,2026-02-19T09:35:00,
WAW,BCN,2026/2/19,215.22,LX,PT16H5M,2026-02-19T17:00:00,2026-02-19T19:05:00,
WAW,BCN,2026/2/19,215.32,SN,PT7H45M,2026-02-19T06:30:00,2026-02-19T08:45:00,
WAW,BCN,2026/2/19,215.32,SN,PT13H55M,2026-02-19T06:30:00,2026-02-19T08:45:00,
WAW,BCN,2026/2/20,104.87,A3,PT22H50M,2026-02-20T11:35:00,2026-02-20T15:05:00,
WAW,BCN,2026/2/20,104.87,A3,PT29H35M,2026-02-20T11:35:00,2026-02-20T15:05:00,
WAW,BCN,2026/2/20,143.59,TP,PT16H10M,2026-02-20T17:55:00,2026-02-20T21:20:00,
WAW,BCN,2026/2/20,143.59,TP,PT17H50M,2026-02-20T17:55:00,2026-02-20T21:20:00,
WAW,BCN,2026/2/20,194.89,LO,PT4H55M,2026-02-20T18:25:00,2026-02-20T20:15:00,
WAW,BCN,2026/2/20,194.89,LO,PT6H20M,2026-02-20T17:00:00,2026-02-20T18:55:00,
WAW,BCN,2026/2/20,210.31,LO,PT18H50M,2026-02-20T13:35:00,2026-02-20T15:10:00,
WAW,BCN,2026/2/20,214.19,OS,PT4H15M,2026-02-20T15:30:00,2026-02-20T16:50:00,
WAW,BCN,2026/2/20,214.19,OS,PT4H45M,2026-02-20T15:00:00,2026-02-20T16:20:00,
WAW,BCN,2026/2/20,215.22,LX,PT4H30M,2026-02-20T14:30:00,2026-02-20T16:35:00,
WAW,BCN,2026/2/20,215.22,LX,PT8H30M,2026-02-20T14:30:00,2026-02-20T16:35:00,
WAW,BCN,2026/2/20,215.22,LX,PT9H10M,2026-02-20T09:50:00,2026-02-20T11:55:00,
WAW,BCN,2026/2/20,215.22,LX,PT13H20M,2026-02-20T19:45:00,2026-02-20T21:50:00,
WAW,BCN,2026/2/20,215.22,LX,PT18H20M,2026-02-20T19:45:00,2026-02-20T21:50:00,
WAW,BCN,2026/2/20,215.22,LX,PT6H,2026-02-20T17:00:00,2026-02-20T19:05:00,
WAW,BCN,2026/2/21,104.87,A3,PT22H50M,2026-02-21T18:20:00,2026-02-21T21:50:00,
WAW,BCN,2026/2/21,125.87,A3,PT16H5M,2026-02-21T18:20:00,2026-02-21T21:50:00,
WAW,BCN,2026/2/21,143.59,TP,PT7H20M,2026-02-21T13:00:00,2026-02-21T16:25:00,
WAW,BCN,2026/2/21,143.59,TP,PT10H45M,2026-02-21T13:00:00,2026-02-21T16:25:00,
WAW,BCN,2026/2/21,183.62,LO,PT16H5M,2026-02-21T17:00:00,2026-02-21T19:05:00,
WAW,BCN,2026/2/21,194.89,LO,PT6H20M,2026-02-21T17:00:00,2026-02-21T18:55:00,
WAW,BCN,2026/2/21,194.89,LO,PT8H45M,2026-02-21T14:35:00,2026-02-21T16:25:00,
WAW,BCN,2026/2/21,214.19,OS,PT24H20M,2026-02-21T19:25:00,2026-02-21T21:00:00,
WAW,BCN,2026/2/21,214.19,OS,PT27H,2026-02-21T16:45:00,2026-02-21T18:05:00,
WAW,BCN,2026/2/21,215.22,LX,PT6H,2026-02-21T17:00:00,2026-02-21T19:05:00,
WAW,BCN,2026/2/21,215.22,LX,PT6H35M,2026-02-21T07:30:00,2026-02-21T09:35:00,
WAW,BCN,2026/2/21,215.22,LX,PT16H5M,2026-02-21T17:00:00,2026-02-21T19:05:00,
WAW,BCN,2026/2/21,215.22,LX,PT13H10M,2026-02-21T09:50:00,2026-02-21T11:55:00,
WAW,BCN,2026/2/21,215.22,LX,PT13H20M,2026-02-21T19:45:00,2026-02-21T21:50:00,
WAW,BCN,2026/2/21,215.22,LX,PT18H20M,2026-02-21T19:45:00,2026-02-21T21:50:00,
WAW,BCN,2026/2/22,104.87,A3,PT22H50M,2026-02-22T11:35:00,2026-02-22T15:05:00,
WAW,BCN,2026/2/22,104.87,A3,PT29H35M,2026-02-22T11:35:00,2026-02-22T15:05:00,
WAW,BCN,2026/2/22,143.59,TP,PT7H20M,2026-02-22T13:00:00,2026-02-22T16:25:00,
WAW,BCN,2026/2/22,143.59,TP,PT10H45M,2026-02-22T13:00:00,2026-02-22T16:25:00,
WAW,BCN,2026/2/22,192.55,LO,PT3H10M,2026-02-22T14:35:00,2026-02-22T17:45:00,
WAW,BCN,2026/2/22,194.89,LO,PT4H50M,2026-02-22T18:30:00,2026-02-22T20:20:00,
WAW,BCN,2026/2/22,194.89,AF,PT6H10M,2026-02-22T06:05:00,2026-02-22T08:15:00,
WAW,BCN,2026/2/22,194.89,AF,PT6H15M,2026-02-22T16:50:00,2026-02-22T18:55:00,
WAW,BCN,2026/2/22,194.89,AF,PT6H20M,2026-02-22T12:45:00,2026-02-22T14:50:00,
WAW,BCN,2026/2/22,194.89,AF,PT10H20M,2026-02-22T12:45:00,2026-02-22T14:50:00,
WAW,BCN,2026/2/22,194.89,AF,PT10H25M,2026-02-22T06:05:00,2026-02-22T08:15:00,
WAW,BCN,2026/2/22,194.89,AF,PT17H35M,2026-02-22T16:50:00,2026-02-22T18:55:00,
WAW,BCN,2026/2/22,194.89,LO,PT6H20M,2026-02-22T17:00:00,2026-02-22T18:55:00,
WAW,BCN,2026/2/22,194.89,AF,PT14H45M,2026-02-22T19:40:00,2026-02-22T21:45:00,
WAW,BCN,2026/2/22,194.89,AF,PT16H35M,2026-02-22T19:40:00,2026-02-22T21:45:00,
WAW,BCN,2026/2/23,143.59,TP,PT10H45M,2026-02-23T13:00:00,2026-02-23T16:25:00,
WAW,BCN,2026/2/23,155.59,TP,PT7H20M,2026-02-23T13:00:00,2026-02-23T16:25:00,
WAW,BCN,2026/2/23,181.15,LH,PT7H30M,2026-02-23T11:20:00,2026-02-23T13:10:00,
WAW,BCN,2026/2/23,183.62,LO,PT6H,2026-02-23T17:00:00,2026-02-23T19:05:00,
WAW,BCN,2026/2/23,183.62,LO,PT6H35M,2026-02-23T07:30:00,2026-02-23T09:35:00,
WAW,BCN,2026/2/23,183.62,LO,PT8H5M,2026-02-23T06:00:00,2026-02-23T08:00:00,
WAW,BCN,2026/2/23,183.62,LO,PT11H30M,2026-02-23T07:30:00,2026-02-23T09:35:00,
WAW,BCN,2026/2/23,183.62,LO,PT13H,2026-02-23T06:00:00,2026-02-23T08:00:00,
WAW,BCN,2026/2/23,187.44,DY,PT24H35M,2026-02-23T12:05:00,2026-02-23T14:00:00,
WAW,BCN,2026/2/23,187.88,AF,PT7H25M,2026-02-23T06:35:00,2026-02-23T09:15:00,
WAW,BCN,2026/2/23,187.88,AF,PT8H25M,2026-02-23T06:35:00,2026-02-23T09:15:00,
WAW,BCN,2026/2/23,192.55,LO,PT3H10M,2026-02-23T14:35:00,2026-02-23T17:45:00,
WAW,BCN,2026/2/23,194.19,OS,PT4H45M,2026-02-23T15:00:00,2026-02-23T16:20:00,
WAW,BCN,2026/2/23,194.89,AF,PT6H10M,2026-02-23T06:05:00,2026-02-23T08:15:00,
WAW,BCN,2026/2/23,194.89,AF,PT6H15M,2026-02-23T16:50:00,2026-02-23T18:55:00,
WAW,BCN,2026/2/24,143.59,TP,PT7H20M,2026-02-24T13:00:00,2026-02-24T16:25:00,
WAW,BCN,2026/2/24,143.59,TP,PT10H45M,2026-02-24T13:00:00,2026-02-24T16:25:00,
WAW,BCN,2026/2/24,173.55,LO,PT3H10M,2026-02-24T07:25:00,2026-02-24T10:35:00,
WAW,BCN,2026/2/24,183.62,LO,PT6H,2026-02-24T17:00:00,2026-02-24T19:05:00,
WAW,BCN,2026/2/24,183.62,LO,PT6H35M,2026-02-24T07:30:00,2026-02-24T09:35:00,
WAW,BCN,2026/2/24,183.62,LO,PT8H5M,2026-02-24T06:00:00,2026-02-24T08:00:00,
WAW,BCN,2026/2/24,183.62,LO,PT11H30M,2026-02-24T07:30:00,2026-02-24T09:35:00,
WAW,BCN,2026/2/24,183.62,LO,PT13H,2026-02-24T06:00:00,2026-02-24T08:00:00,
WAW,BCN,2026/2/24,183.62,LO,PT16H5M,2026-02-24T17:00:00,2026-02-24T19:05:00,
WAW,BCN,2026/2/24,187.88,AF,PT7H25M,2026-02-24T06:35:00,2026-02-24T09:15:00,
WAW,BCN,2026/2/24,187.88,AF,PT8H25M,2026-02-24T06:35:00,2026-02-24T09:15:00,
WAW,BCN,2026/2/24,191.25,SK,PT8H5M,2026-02-24T10:15:00,2026-02-24T11:40:00,
WAW,BCN,2026/2/24,194.19,OS,PT12H30M,2026-02-24T07:15:00,2026-02-24T08:35:00,
WAW,BCN,2026/2/24,194.89,AF,PT6H10M,2026-02-24T06:05:00,2026-02-24T08:15:00,
WAW,BCN,2026/2/24,194.89,AF,PT6H15M,2026-02-24T16:50:00,2026-02-24T18:55:00,
WAW,BCN,2026/2/25,104.87,A3,PT22H50M,2026-02-25T18:20:00,2026-02-25T21:50:00,
WAW,BCN,2026/2/25,125.87,A3,PT16H5M,2026-02-25T18:20:00,2026-02-25T21:50:00,
WAW,BCN,2026/2/25,143.59,TP,PT16H10M,2026-02-25T17:55:00,2026-02-25T21:20:00,
WAW,BCN,2026/2/25,143.59,TP,PT17H50M,2026-02-25T17:55:00,2026-02-25T21:20:00,
WAW,BCN,2026/2/25,173.55,LO,PT3H10M,2026-02-25T14:35:00,2026-02-25T17:45:00,
WAW,BCN,2026/2/25,183.62,LO,PT6H,2026-02-25T17:00:00,2026-02-25T19:05:00,
WAW,BCN,2026/2/25,183.62,LO,PT11H30M,2026-02-25T07:30:00,2026-02-25T09:35:00,
WAW,BCN,2026/2/25,183.62,LO,PT13H,2026-02-25T06:00:00,2026-02-25T08:00:00,
WAW,BCN,2026/2/25,183.62,LO,PT15H30M,2026-02-25T07:30:00,2026-02-25T09:35:00,
WAW,BCN,2026/2/25,183.62,LO,PT16H5M,2026-02-25T17:00:00,2026-02-25T19:05:00,
WAW,BCN,2026/2/25,187.88,AF,PT7H25M,2026-02-25T06:35:00,2026-02-25T09:15:00,
WAW,BCN,2026/2/25,194.19,OS,PT4H15M,2026-02-25T15:30:00,2026-02-25T16:50:00,
WAW,BCN,2026/2/25,194.19,OS,PT4H45M,2026-02-25T15:00:00,2026-02-25T16:20:00,
WAW,BCN,2026/2/25,194.19,OS,PT13H45M,2026-02-25T19:25:00,2026-02-25T20:45:00,
WAW,BCN,2026/2/25,194.19,OS,PT15H50M,2026-02-25T17:20:00,2026-02-25T18:40:00,
WAW,BCN,2026/2/26,104.87,A3,PT16H5M,2026-02-26T18:20:00,2026-02-26T21:50:00,
WAW,BCN,2026/2/26,104.87,A3,PT22H50M,2026-02-26T18:20:00,2026-02-26T21:50:00,
WAW,BCN,2026/2/26,143.59,TP,PT7H20M,2026-02-26T13:00:00,2026-02-26T16:25:00,
WAW,BCN,2026/2/26,143.59,TP,PT10H45M,2026-02-26T13:00:00,2026-02-26T16:25:00,
WAW,BCN,2026/2/26,168.44,DY,PT24H35M,2026-02-26T12:05:00,2026-02-26T14:00:00,
WAW,BCN,2026/2/26,173.55,LO,PT3H10M,2026-02-26T07:25:00,2026-02-26T10:35:00,
WAW,BCN,2026/2/26,183.62,LO,PT6H,2026-02-26T17:00:00,2026-02-26T19:05:00,
WAW,BCN,2026/2/26,183.62,LO,PT6H35M,2026-02-26T07:30:00,2026-02-26T09:35:00,
WAW,BCN,2026/2/26,183.62,LO,PT8H5M,2026-02-26T06:00:00,2026-02-26T08:00:00,
WAW,BCN,2026/2/26,183.62,LO,PT11H30M,2026-02-26T07:30:00,2026-02-26T09:35:00,
WAW,BCN,2026/2/26,183.62,LO,PT13H,2026-02-26T06:00:00,2026-02-26T08:00:00,
WAW,BCN,2026/2/26,194.19,OS,PT4H15M,2026-02-26T15:30:00,2026-02-26T16:50:00,
WAW,BCN,2026/2/26,194.19,OS,PT9H35M,2026-02-26T10:10:00,2026-02-26T11:30:00,
WAW,BCN,2026/2/26,194.19,OS,PT13H45M,2026-02-26T19:25:00,2026-02-26T20:45:00,
WAW,BCN,2026/2/26,194.19,OS,PT15H50M,2026-02-26T17:20:00,2026-02-26T18:40:00,
WAW,BCN,2026/2/27,104.87,A3,PT22H50M,2026-02-27T11:35:00,2026-02-27T15:05:00,
WAW,BCN,2026/2/27,104.87,A3,PT29H35M,2026-02-27T11:35:00,2026-02-27T15:05:00,
WAW,BCN,2026/2/27,143.59,TP,PT16H10M,2026-02-27T17:55:00,2026-02-27T21:20:00,
WAW,BCN,2026/2/27,143.59,TP,PT17H50M,2026-02-27T17:55:00,2026-02-27T21:20:00,
WAW,BCN,2026/2/27,154.55,LO,PT3H10M,2026-02-27T14:35:00,2026-02-27T17:45:00,
WAW,BCN,2026/2/27,168.89,AF,PT6H10M,2026-02-27T06:05:00,2026-02-27T08:15:00,
WAW,BCN,2026/2/27,168.89,AF,PT6H15M,2026-02-27T16:50:00,2026-02-27T18:55:00,
WAW,BCN,2026/2/27,168.89,AF,PT6H20M,2026-02-27T12:45:00,2026-02-27T14:50:00,
WAW,BCN,2026/2/27,168.89,AF,PT10H20M,2026-02-27T12:45:00,2026-02-27T14:50:00,
WAW,BCN,2026/2/27,168.89,AF,PT10H25M,2026-02-27T06:05:00,2026-02-27T08:15:00,
WAW,BCN,2026/2/27,168.89,AF,PT14H45M,2026-02-27T19:40:00,2026-02-27T21:45:00,
WAW,BCN,2026/2/27,168.89,AF,PT16H35M,2026-02-27T19:40:00,2026-02-27T21:45:00,
WAW,BCN,2026/2/27,168.89,AF,PT17H35M,2026-02-27T16:50:00,2026-02-27T18:55:00,
WAW,BCN,2026/2/27,183.62,LO,PT6H,2026-02-27T17:00:00,2026-02-27T19:05:00,
WAW,BCN,2026/2/27,183.62,LO,PT6H35M,2026-02-27T07:30:00,2026-02-27T09:35:00,
WAW,BCN,2026/2/28,104.87,A3,PT16H5M,2026-02-28T18:20:00,2026-02-28T21:50:00,
WAW,BCN,2026/2/28,104.87,A3,PT22H50M,2026-02-28T18:20:00,2026-02-28T21:50:00,
WAW,BCN,2026/2/28,143.59,TP,PT7H20M,2026-02-28T13:00:00,2026-02-28T16:25:00,
WAW,BCN,2026/2/28,143.59,TP,PT10H45M,2026-02-28T13:00:00,2026-02-28T16:25:00,
WAW,BCN,2026/2/28,154.55,LO,PT3H10M,2026-02-28T07:25:00,2026-02-28T10:35:00,
WAW,BCN,2026/2/28,168.89,AF,PT6H10M,2026-02-28T06:05:00,2026-02-28T08:15:00,
WAW,BCN,2026/2/28,168.89,AF,PT6H20M,2026-02-28T12:45:00,2026-02-28T14:50:00,
WAW,BCN,2026/2/28,168.89,AF,PT10H25M,2026-02-28T06:05:00,2026-02-28T08:15:00,
WAW,BCN,2026/2/28,168.89,AF,PT14H45M,2026-02-28T19:40:00,2026-02-28T21:45:00,
WAW,BCN,2026/2/28,168.89,AF,PT16H35M,2026-02-28T19:40:00,2026-02-28T21:45:00,
WAW,BCN,2026/2/28,168.89,AF,PT17H35M,2026-02-28T16:50:00,2026-02-28T18:55:00,
WAW,BCN,2026/2/28,183.62,LO,PT6H,2026-02-28T17:00:00,2026-02-28T19:05:00,
WAW,BCN,2026/2/28,183.62,LO,PT6H35M,2026-02-28T07:30:00,2026-02-28T09:35:00,
WAW,BCN,2026/2/28,183.62,LO,PT8H5M,2026-02-28T06:00:00,2026-02-28T08:00:00,
WAW,BCN,2026/2/28,183.62,LO,PT11H30M,2026-02-28T07:30:00,2026-02-28T09:35:00,
WAW,BCN,2026/3/1,104.87,A3,PT29H35M,2026-03-01T11:35:00,2026-03-01T15:05:00,
WAW,BCN,2026/3/1,143.59,TP,PT7H20M,2026-03-01T13:00:00,2026-03-01T16:25:00,
WAW,BCN,2026/3/1,143.59,TP,PT10H45M,2026-03-01T13:00:00,2026-03-01T16:25:00,
WAW,BCN,2026/3/1,154.55,LO,PT3H10M,2026-03-01T14:35:00,2026-03-01T17:45:00,
WAW,BCN,2026/3/1,168.89,AF,PT6H10M,2026-03-01T06:05:00,2026-03-01T08:15:00,
WAW,BCN,2026/3/1,168.89,AF,PT6H15M,2026-03-01T16:50:00,2026-03-01T18:55:00,
WAW,BCN,2026/3/1,168.89,AF,PT6H20M,2026-03-01T12:45:00,2026-03-01T14:50:00,
WAW,BCN,2026/3/1,168.89,AF,PT10H20M,2026-03-01T12:45:00,2026-03-01T14:50:00,
WAW,BCN,2026/3/1,168.89,AF,PT10H25M,2026-03-01T06:05:00,2026-03-01T08:15:00,
WAW,BCN,2026/3/1,168.89,AF,PT14H45M,2026-03-01T19:40:00,2026-03-01T21:45:00,
WAW,BCN,2026/3/1,168.89,AF,PT16H35M,2026-03-01T19:40:00,2026-03-01T21:45:00,
WAW,BCN,2026/3/1,168.89,AF,PT17H35M,2026-03-01T16:50:00,2026-03-01T18:55:00,
WAW,BCN,2026/3/1,183.62,LO,PT6H,2026-03-01T17:00:00,2026-03-01T19:05:00,
WAW,BCN,2026/3/1,183.62,LO,PT6H35M,2026-03-01T07:30:00,2026-03-01T09:35:00,
WAW,BCN,2026/3/1,183.62,LO,PT8H5M,2026-03-01T06:00:00,2026-03-01T08:00:00,
WAW,BCN,2026/3/2,104.87,A3,PT22H50M,2026-03-02T18:20:00,2026-03-02T21:50:00,
WAW,BCN,2026/3/2,143.59,TP,PT7H20M,2026-03-02T13:00:00,2026-03-02T16:25:00,
WAW,BCN,2026/3/2,143.59,TP,PT10H45M,2026-03-02T13:00:00,2026-03-02T16:25:00,
WAW,BCN,2026/3/2,154.55,LO,PT3H10M,2026-03-02T14:35:00,2026-03-02T17:45:00,
WAW,BCN,2026/3/2,168.89,AF,PT6H10M,2026-03-02T06:05:00,2026-03-02T08:15:00,
WAW,BCN,2026/3/2,168.89,AF,PT6H15M,2026-03-02T16:50:00,2026-03-02T18:55:00,
WAW,BCN,2026/3/2,168.89,AF,PT6H20M,2026-03-02T12:45:00,2026-03-02T14:50:00,
WAW,BCN,2026/3/2,168.89,AF,PT10H20M,2026-03-02T12:45:00,2026-03-02T14:50:00,
WAW,BCN,2026/3/2,168.89,AF,PT10H25M,2026-03-02T06:05:00,2026-03-02T08:15:00,
WAW,BCN,2026/3/2,168.89,AF,PT14H45M,2026-03-02T19:40:00,2026-03-02T21:45:00,
WAW,BCN,2026/3/2,168.89,AF,PT16H35M,2026-03-02T19:40:00,2026-03-02T21:45:00,
WAW,BCN,2026/3/2,168.89,AF,PT17H35M,2026-03-02T16:50:00,2026-03-02T18:55:00,
WAW,BCN,2026/3/2,183.62,LO,PT6H,2026-03-02T17:00:00,2026-03-02T19:05:00,
WAW,BCN,2026/3/2,183.62,LO,PT6H35M,2026-03-02T07:30:00,2026-03-02T09:35:00,
WAW,BCN,2026/3/2,183.62,LO,PT8H5M,2026-03-02T06:00:00,2026-03-02T08:00:00,
WAW,BCN,2026/3/3,104.87,A3,PT16H5M,2026-03-03T18:20:00,2026-03-03T21:50:00,
WAW,BCN,2026/3/3,104.87,A3,PT22H50M,2026-03-03T18:20:00,2026-03-03T21:50:00,
WAW,BCN,2026/3/3,135.55,LO,PT3H10M,2026-03-03T07:25:00,2026-03-03T10:35:00,
WAW,BCN,2026/3/3,143.59,TP,PT7H20M,2026-03-03T13:00:00,2026-03-03T16:25:00,
WAW,BCN,2026/3/3,143.59,TP,PT10H45M,2026-03-03T13:00:00,2026-03-03T16:25:00,
WAW,BCN,2026/3/3,168.89,AF,PT6H10M,2026-03-03T06:05:00,2026-03-03T08:15:00,
WAW,BCN,2026/3/3,168.89,AF,PT6H15M,2026-03-03T16:50:00,2026-03-03T18:55:00,
WAW,BCN,2026/3/3,168.89,AF,PT6H20M,2026-03-03T12:45:00,2026-03-03T14:50:00,
WAW,BCN,2026/3/3,168.89,AF,PT10H20M,2026-03-03T12:45:00,2026-03-03T14:50:00,
WAW,BCN,2026/3/3,168.89,AF,PT10H25M,2026-03-03T06:05:00,2026-03-03T08:15:00,
WAW,BCN,2026/3/3,168.89,AF,PT14H45M,2026-03-03T19:40:00,2026-03-03T21:45:00,
WAW,BCN,2026/3/3,168.89,AF,PT16H35M,2026-03-03T19:40:00,2026-03-03T21:45:00,
WAW,BCN,2026/3/3,168.89,AF,PT17H35M,2026-03-03T16:50:00,2026-03-03T18:55:00,
WAW,BCN,2026/3/3,183.62,LO,PT6H,2026-03-03T17:00:00,2026-03-03T19:05:00,
WAW,BCN,2026/3/3,183.62,LO,PT6H35M,2026-03-03T07:30:00,2026-03-03T09:35:00,
WAW,BCN,2026/3/4,135.55,LO,PT3H10M,2026-03-04T14:35:00,2026-03-04T17:45:00,
WAW,BCN,2026/3/4,143.59,TP,PT16H10M,2026-03-04T17:55:00,2026-03-04T21:20:00,
WAW,BCN,2026/3/4,143.59,TP,PT17H50M,2026-03-04T17:55:00,2026-03-04T21:20:00,
WAW,BCN,2026/3/4,151.89,AF,PT6H10M,2026-03-04T06:05:00,2026-03-04T08:15:00,
WAW,BCN,2026/3/4,151.89,AF,PT6H15M,2026-03-04T16:50:00,2026-03-04T18:55:00,
WAW,BCN,2026/3/4,151.89,AF,PT6H20M,2026-03-04T12:45:00,2026-03-04T14:50:00,
WAW,BCN,2026/3/4,151.89,AF,PT10H20M,2026-03-04T12:45:00,2026-03-04T14:50:00,
WAW,BCN,2026/3/4,151.89,AF,PT10H25M,2026-03-04T06:05:00,2026-03-04T08:15:00,
WAW,BCN,2026/3/4,151.89,AF,PT14H45M,2026-03-04T19:40:00,2026-03-04T21:45:00,
WAW,BCN,2026/3/4,151.89,AF,PT16H35M,2026-03-04T19:40:00,2026-03-04T21:45:00,
WAW,BCN,2026/3/4,151.89,AF,PT17H35M,2026-03-04T16:50:00,2026-03-04T18:55:00,
WAW,BCN,2026/3/4,159.87,A3,PT22H50M,2026-03-04T18:20:00,2026-03-04T21:50:00,
WAW,BCN,2026/3/4,175.19,OS,PT4H45M,2026-03-04T15:00:00,2026-03-04T16:20:00,
WAW,BCN,2026/3/4,175.32,SN,PT7H45M,2026-03-04T06:30:00,2026-03-04T08:45:00,
WAW,BCN,2026/3/4,175.32,SN,PT13H55M,2026-03-04T06:30:00,2026-03-04T08:45:00,
WAW,BCN,2026/3/5,104.87,A3,PT16H5M,2026-03-05T18:20:00,2026-03-05T21:50:00,
WAW,BCN,2026/3/5,104.87,A3,PT22H50M,2026-03-05T18:20:00,2026-03-05T21:50:00,
WAW,BCN,2026/3/5,135.55,LO,PT3H10M,2026-03-05T07:25:00,2026-03-05T10:35:00,
WAW,BCN,2026/3/5,143.59,TP,PT7H20M,2026-03-05T13:00:00,2026-03-05T16:25:00,
WAW,BCN,2026/3/5,143.59,TP,PT10H45M,2026-03-05T13:00:00,2026-03-05T16:25:00,
WAW,BCN,2026/3/5,151.89,AF,PT6H10M,2026-03-05T06:05:00,2026-03-05T08:15:00,
WAW,BCN,2026/3/5,151.89,AF,PT6H15M,2026-03-05T16:50:00,2026-03-05T18:55:00,
WAW,BCN,2026/3/5,151.89,AF,PT6H20M,2026-03-05T12:45:00,2026-03-05T14:50:00,
WAW,BCN,2026/3/5,151.89,AF,PT10H20M,2026-03-05T12:45:00,2026-03-05T14:50:00,
WAW,BCN,2026/3/5,151.89,AF,PT10H25M,2026-03-05T06:05:00,2026-03-05T08:15:00,
WAW,BCN,2026/3/5,151.89,AF,PT14H45M,2026-03-05T19:40:00,2026-03-05T21:45:00,
WAW,BCN,2026/3/5,151.89,AF,PT16H35M,2026-03-05T19:40:00,2026-03-05T21:45:00,
WAW,BCN,2026/3/5,151.89,AF,PT17H35M,2026-03-05T16:50:00,2026-03-05T18:55:00,
WAW,BCN,2026/3/5,163.44,DY,PT24H35M,2026-03-05T12:05:00,2026-03-05T14:00:00,
WAW,BCN,2026/3/5,175.19,OS,PT4H45M,2026-03-05T15:00:00,2026-03-05T16:20:00,
WAW,BCN,2026/3/6,104.87,A3,PT22H50M,2026-03-06T11:35:00,2026-03-06T15:05:00,
WAW,BCN,2026/3/6,104.87,A3,PT29H35M,2026-03-06T11:35:00,2026-03-06T15:05:00,
WAW,BCN,2026/3/6,135.55,LO,PT3H10M,2026-03-06T14:35:00,2026-03-06T17:45:00,
WAW,BCN,2026/3/6,143.59,TP,PT16H10M,2026-03-06T17:55:00,2026-03-06T21:20:00,
WAW,BCN,2026/3/6,143.59,TP,PT17H50M,2026-03-06T17:55:00,2026-03-06T21:20:00,
WAW,BCN,2026/3/6,151.89,AF,PT6H10M,2026-03-06T06:05:00,2026-03-06T08:15:00,
WAW,BCN,2026/3/6,151.89,AF,PT6H15M,2026-03-06T16:50:00,2026-03-06T18:55:00,
WAW,BCN,2026/3/6,151.89,AF,PT6H20M,2026-03-06T12:45:00,2026-03-06T14:50:00,
WAW,BCN,2026/3/6,151.89,AF,PT10H20M,2026-03-06T12:45:00,2026-03-06T14:50:00,
WAW,BCN,2026/3/6,151.89,AF,PT10H25M,2026-03-06T06:05:00,2026-03-06T08:15:00,
WAW,BCN,2026/3/6,151.89,AF,PT14H45M,2026-03-06T19:40:00,2026-03-06T21:45:00,
WAW,BCN,2026/3/6,151.89,AF,PT16H35M,2026-03-06T19:40:00,2026-03-06T21:45:00,
WAW,BCN,2026/3/6,151.89,AF,PT17H35M,2026-03-06T16:50:00,2026-03-06T18:55:00,
WAW,BCN,2026/3/6,175.19,OS,PT4H45M,2026-03-06T15:00:00,2026-03-06T16:20:00,
WAW,BCN,2026/3/6,175.19,OS,PT13H45M,2026-03-06T19:25:00,2026-03-06T20:45:00,
WAW,BCN,2026/3/7,104.87,A3,PT16H5M,2026-03-07T18:20:00,2026-03-07T21:50:00,
WAW,BCN,2026/3/7,104.87,A3,PT22H50M,2026-03-07T18:20:00,2026-03-07T21:50:00,
WAW,BCN,2026/3/7,135.55,LO,PT3H10M,2026-03-07T07:25:00,2026-03-07T10:35:00,
WAW,BCN,2026/3/7,143.59,TP,PT7H20M,2026-03-07T13:00:00,2026-03-07T16:25:00,
WAW,BCN,2026/3/7,143.59,TP,PT10H45M,2026-03-07T13:00:00,2026-03-07T16:25:00,
WAW,BCN,2026/3/7,151.89,AF,PT6H10M,2026-03-07T06:05:00,2026-03-07T08:15:00,
WAW,BCN,2026/3/7,151.89,AF,PT6H20M,2026-03-07T12:45:00,2026-03-07T14:50:00,
WAW,BCN,2026/3/7,151.89,AF,PT10H25M,2026-03-07T06:05:00,2026-03-07T08:15:00,
WAW,BCN,2026/3/7,151.89,AF,PT14H45M,2026-03-07T19:40:00,2026-03-07T21:45:00,
WAW,BCN,2026/3/7,151.89,AF,PT16H35M,2026-03-07T19:40:00,2026-03-07T21:45:00,
WAW,BCN,2026/3/7,151.89,AF,PT17H35M,2026-03-07T16:50:00,2026-03-07T18:55:00,
WAW,BCN,2026/3/7,175.19,OS,PT9H35M,2026-03-07T10:10:00,2026-03-07T11:30:00,
WAW,BCN,2026/3/7,175.32,SN,PT7H45M,2026-03-07T06:30:00,2026-03-07T08:45:00,
WAW,BCN,2026/3/7,175.32,SN,PT13H55M,2026-03-07T06:30:00,2026-03-07T08:45:00,
WAW,BCN,2026/3/7,176.22,LX,PT9H10M,2026-03-07T09:50:00,2026-03-07T11:55:00,
WAW,BCN,2026/3/8,104.87,A3,PT22H50M,2026-03-08T11:35:00,2026-03-08T15:05:00,
WAW,BCN,2026/3/8,104.87,A3,PT29H35M,2026-03-08T11:35:00,2026-03-08T15:05:00,
WAW,BCN,2026/3/8,125.44,DY,PT22H15M,2026-03-08T14:25:00,2026-03-08T16:20:00,
WAW,BCN,2026/3/8,135.55,LO,PT3H10M,2026-03-08T14:35:00,2026-03-08T17:45:00,
WAW,BCN,2026/3/8,143.59,TP,PT7H20M,2026-03-08T13:00:00,2026-03-08T16:25:00,
WAW,BCN,2026/3/8,143.59,TP,PT10H45M,2026-03-08T13:00:00,2026-03-08T16:25:00,
WAW,BCN,2026/3/8,151.89,AF,PT6H10M,2026-03-08T06:05:00,2026-03-08T08:15:00,
WAW,BCN,2026/3/8,151.89,AF,PT6H15M,2026-03-08T16:50:00,2026-03-08T18:55:00,
WAW,BCN,2026/3/8,151.89,AF,PT6H20M,2026-03-08T12:45:00,2026-03-08T14:50:00,
WAW,BCN,2026/3/8,151.89,AF,PT10H20M,2026-03-08T12:45:00,2026-03-08T14:50:00,
WAW,BCN,2026/3/8,151.89,AF,PT10H25M,2026-03-08T06:05:00,2026-03-08T08:15:00,
WAW,BCN,2026/3/8,151.89,AF,PT14H45M,2026-03-08T19:40:00,2026-03-08T21:45:00,
WAW,BCN,2026/3/8,151.89,AF,PT16H35M,2026-03-08T19:40:00,2026-03-08T21:45:00,
WAW,BCN,2026/3/8,151.89,AF,PT17H35M,2026-03-08T16:50:00,2026-03-08T18:55:00,
WAW,BCN,2026/3/8,175.19,OS,PT4H45M,2026-03-08T15:00:00,2026-03-08T16:20:00,
WAW,BCN,2026/3/9,104.87,A3,PT16H5M,2026-03-09T18:20:00,2026-03-09T21:50:00,
WAW,BCN,2026/3/9,104.87,A3,PT22H50M,2026-03-09T18:20:00,2026-03-09T21:50:00,
WAW,BCN,2026/3/9,134.89,AF,PT6H10M,2026-03-09T06:05:00,2026-03-09T08:15:00,
WAW,BCN,2026/3/9,134.89,AF,PT6H15M,2026-03-09T16:50:00,2026-03-09T18:55:00,
WAW,BCN,2026/3/9,134.89,AF,PT6H20M,2026-03-09T12:45:00,2026-03-09T14:50:00,
WAW,BCN,2026/3/9,134.89,AF,PT10H20M,2026-03-09T12:45:00,2026-03-09T14:50:00,
WAW,BCN,2026/3/9,134.89,AF,PT10H25M,2026-03-09T06:05:00,2026-03-09T08:15:00,
WAW,BCN,2026/3/9,134.89,AF,PT14H45M,2026-03-09T19:40:00,2026-03-09T21:45:00,
WAW,BCN,2026/3/9,134.89,AF,PT16H35M,2026-03-09T19:40:00,2026-03-09T21:45:00,
WAW,BCN,2026/3/9,134.89,AF,PT17H35M,2026-03-09T16:50:00,2026-03-09T18:55:00,
WAW,BCN,2026/3/9,135.55,LO,PT3H10M,2026-03-09T14:35:00,2026-03-09T17:45:00,
WAW,BCN,2026/3/9,143.59,TP,PT7H20M,2026-03-09T13:00:00,2026-03-09T16:25:00,
WAW,BCN,2026/3/9,143.59,TP,PT10H45M,2026-03-09T13:00:00,2026-03-09T16:25:00,
WAW,BCN,2026/3/9,158.19,OS,PT4H45M,2026-03-09T15:00:00,2026-03-09T16:20:00,
WAW,BCN,2026/3/9,158.19,OS,PT9H35M,2026-03-09T10:10:00,2026-03-09T11:30:00,
WAW,BCN,2026/3/10,121.55,LO,PT3H10M,2026-03-10T07:25:00,2026-03-10T10:35:00,
WAW,BCN,2026/3/10,122.88,AF,PT5H30M,2026-03-10T17:25:00,2026-03-10T20:00:00,
WAW,BCN,2026/3/10,122.88,AF,PT7H25M,2026-03-10T06:35:00,2026-03-10T09:15:00,
WAW,BCN,2026/3/10,122.88,AF,PT8H25M,2026-03-10T06:35:00,2026-03-10T09:15:00,
WAW,BCN,2026/3/10,122.88,AF,PT15H25M,2026-03-10T17:25:00,2026-03-10T20:00:00,
WAW,BCN,2026/3/10,134.89,AF,PT6H10M,2026-03-10T06:05:00,2026-03-10T08:15:00,
WAW,BCN,2026/3/10,134.89,AF,PT6H15M,2026-03-10T16:50:00,2026-03-10T18:55:00,
WAW,BCN,2026/3/10,134.89,AF,PT6H20M,2026-03-10T12:45:00,2026-03-10T14:50:00,
WAW,BCN,2026/3/10,134.89,AF,PT10H20M,2026-03-10T12:45:00,2026-03-10T14:50:00,
WAW,BCN,2026/3/10,134.89,AF,PT10H25M,2026-03-10T06:05:00,2026-03-10T08:15:00,
WAW,BCN,2026/3/10,134.89,AF,PT14H45M,2026-03-10T19:40:00,2026-03-10T21:45:00,
WAW,BCN,2026/3/10,134.89,AF,PT16H35M,2026-03-10T19:40:00,2026-03-10T21:45:00,
WAW,BCN,2026/3/10,134.89,AF,PT17H35M,2026-03-10T16:50:00,2026-03-10T18:55:00,
WAW,BCN,2026/3/10,143.59,TP,PT7H20M,2026-03-10T13:00:00,2026-03-10T16:25:00,
WAW,BCN,2026/3/10,143.59,TP,PT10H45M,2026-03-10T13:00:00,2026-03-10T16:25:00,
WAW,BCN,2026/3/11,104.87,A3,PT22H50M,2026-03-11T18:20:00,2026-03-11T21:50:00,
WAW,BCN,2026/3/11,121.55,LO,PT3H10M,2026-03-11T14:35:00,2026-03-11T17:45:00,
WAW,BCN,2026/3/11,125.87,A3,PT16H5M,2026-03-11T18:20:00,2026-03-11T21:50:00,
WAW,BCN,2026/3/11,134.89,AF,PT6H10M,2026-03-11T06:05:00,2026-03-11T08:15:00,
WAW,BCN,2026/3/11,134.89,AF,PT6H15M,2026-03-11T16:50:00,2026-03-11T18:55:00,
WAW,BCN,2026/3/11,134.89,AF,PT6H20M,2026-03-11T12:45:00,2026-03-11T14:50:00,
WAW,BCN,2026/3/11,134.89,AF,PT10H20M,2026-03-11T12:45:00,2026-03-11T14:50:00,
WAW,BCN,2026/3/11,134.89,AF,PT10H25M,2026-03-11T06:05:00,2026-03-11T08:15:00,
WAW,BCN,2026/3/11,134.89,AF,PT14H45M,2026-03-11T19:40:00,2026-03-11T21:45:00,
WAW,BCN,2026/3/11,134.89,AF,PT16H35M,2026-03-11T19:40:00,2026-03-11T21:45:00,
WAW,BCN,2026/3/11,134.89,AF,PT17H35M,2026-03-11T16:50:00,2026-03-11T18:55:00,
WAW,BCN,2026/3/11,143.59,TP,PT16H10M,2026-03-11T17:55:00,2026-03-11T21:20:00,
WAW,BCN,2026/3/11,143.59,TP,PT17H50M,2026-03-11T17:55:00,2026-03-11T21:20:00,
WAW,BCN,2026/3/11,158.19,OS,PT4H45M,2026-03-11T15:00:00,2026-03-11T16:20:00,
WAW,BCN,2026/3/11,158.32,SN,PT7H45M,2026-03-11T06:30:00,2026-03-11T08:45:00,
WAW,BCN,2026/3/12,104.87,A3,PT16H5M,2026-03-12T18:20:00,2026-03-12T21:50:00,
WAW,BCN,2026/3/12,104.87,A3,PT22H50M,2026-03-12T18:20:00,2026-03-12T21:50:00,
WAW,BCN,2026/3/12,121.55,LO,PT3H10M,2026-03-12T07:25:00,2026-03-12T10:35:00,
WAW,BCN,2026/3/12,122.88,AF,PT7H25M,2026-03-12T06:35:00,2026-03-12T09:15:00,
WAW,BCN,2026/3/12,134.89,AF,PT6H10M,2026-03-12T06:05:00,2026-03-12T08:15:00,
WAW,BCN,2026/3/12,134.89,AF,PT6H15M,2026-03-12T16:50:00,2026-03-12T18:55:00,
WAW,BCN,2026/3/12,134.89,AF,PT6H20M,2026-03-12T12:45:00,2026-03-12T14:50:00,
WAW,BCN,2026/3/12,134.89,AF,PT10H20M,2026-03-12T12:45:00,2026-03-12T14:50:00,
WAW,BCN,2026/3/12,134.89,AF,PT10H25M,2026-03-12T06:05:00,2026-03-12T08:15:00,
WAW,BCN,2026/3/12,134.89,AF,PT14H45M,2026-03-12T19:40:00,2026-03-12T21:45:00,
WAW,BCN,2026/3/12,134.89,AF,PT16H35M,2026-03-12T19:40:00,2026-03-12T21:45:00,
WAW,BCN,2026/3/12,134.89,AF,PT17H35M,2026-03-12T16:50:00,2026-03-12T18:55:00,
WAW,BCN,2026/3/12,143.59,TP,PT7H20M,2026-03-12T13:00:00,2026-03-12T16:25:00,
WAW,BCN,2026/3/12,143.59,TP,PT10H45M,2026-03-12T13:00:00,2026-03-12T16:25:00,
WAW,BCN,2026/3/12,158.19,OS,PT4H45M,2026-03-12T15:00:00,2026-03-12T16:20:00,
WAW,BCN,2026/3/13,104.87,A3,PT22H50M,2026-03-13T11:35:00,2026-03-13T15:05:00,
WAW,BCN,2026/3/13,104.87,A3,PT29H35M,2026-03-13T11:35:00,2026-03-13T15:05:00,
WAW,BCN,2026/3/13,121.55,LO,PT3H10M,2026-03-13T14:35:00,2026-03-13T17:45:00,
WAW,BCN,2026/3/13,134.89,AF,PT6H10M,2026-03-13T06:05:00,2026-03-13T08:15:00,
WAW,BCN,2026/3/13,134.89,AF,PT6H15M,2026-03-13T16:50:00,2026-03-13T18:55:00,
WAW,BCN,2026/3/13,134.89,AF,PT6H20M,2026-03-13T12:45:00,2026-03-13T14:50:00,
WAW,BCN,2026/3/13,134.89,AF,PT10H20M,2026-03-13T12:45:00,2026-03-13T14:50:00,
WAW,BCN,2026/3/13,134.89,AF,PT10H25M,2026-03-13T06:05:00,2026-03-13T08:15:00,
WAW,BCN,2026/3/13,134.89,AF,PT14H45M,2026-03-13T19:40:00,2026-03-13T21:45:00,
WAW,BCN,2026/3/13,134.89,AF,PT16H35M,2026-03-13T19:40:00,2026-03-13T21:45:00,
WAW,BCN,2026/3/13,134.89,AF,PT17H35M,2026-03-13T16:50:00,2026-03-13T18:55:00,
WAW,BCN,2026/3/13,137.25,SK,PT8H5M,2026-03-13T10:15:00,2026-03-13T11:40:00,
WAW,BCN,2026/3/13,143.59,TP,PT16H10M,2026-03-13T17:55:00,2026-03-13T21:20:00,
WAW,BCN,2026/3/13,143.59,TP,PT17H50M,2026-03-13T17:55:00,2026-03-13T21:20:00,
WAW,BCN,2026/3/13,158.19,OS,PT4H45M,2026-03-13T15:00:00,2026-03-13T16:20:00,
WAW,BCN,2026/3/14,104.87,A3,PT16H5M,2026-03-14T18:20:00,2026-03-14T21:50:00,
WAW,BCN,2026/3/14,104.87,A3,PT22H50M,2026-03-14T18:20:00,2026-03-14T21:50:00,
WAW,BCN,2026/3/14,120.89,AF,PT6H10M,2026-03-14T06:05:00,2026-03-14T08:15:00,
WAW,BCN,2026/3/14,120.89,AF,PT6H20M,2026-03-14T12:45:00,2026-03-14T14:50:00,
WAW,BCN,2026/3/14,120.89,AF,PT10H25M,2026-03-14T06:05:00,2026-03-14T08:15:00,
WAW,BCN,2026/3/14,120.89,AF,PT14H45M,2026-03-14T19:40:00,2026-03-14T21:45:00,
WAW,BCN,2026/3/14,120.89,AF,PT16H35M,2026-03-14T19:40:00,2026-03-14T21:45:00,
WAW,BCN,2026/3/14,120.89,AF,PT17H35M,2026-03-14T16:50:00,2026-03-14T18:55:00,
WAW,BCN,2026/3/14,121.55,LO,PT3H10M,2026-03-14T07:25:00,2026-03-14T10:35:00,
WAW,BCN,2026/3/14,124.22,AF,PT16H45M,2026-03-14T16:05:00,2026-03-14T18:40:00,
WAW,BCN,2026/3/14,135.88,AF,PT6H50M,2026-03-14T16:05:00,2026-03-14T18:40:00,
WAW,BCN,2026/3/14,143.59,TP,PT7H20M,2026-03-14T13:00:00,2026-03-14T16:25:00,
WAW,BCN,2026/3/14,143.59,TP,PT10H45M,2026-03-14T13:00:00,2026-03-14T16:25:00,
WAW,BCN,2026/3/14,158.19,OS,PT9H35M,2026-03-14T10:10:00,2026-03-14T11:30:00,
WAW,BCN,2026/3/14,158.32,SN,PT7H45M,2026-03-14T06:30:00,2026-03-14T08:45:00,
WAW,BCN,2026/3/15,104.87,A3,PT22H50M,2026-03-15T11:35:00,2026-03-15T15:05:00,
WAW,BCN,2026/3/15,104.87,A3,PT29H35M,2026-03-15T11:35:00,2026-03-15T15:05:00,
WAW,BCN,2026/3/15,120.89,AF,PT6H10M,2026-03-15T06:05:00,2026-03-15T08:15:00,
WAW,BCN,2026/3/15,120.89,AF,PT6H15M,2026-03-15T16:50:00,2026-03-15T18:55:00,
WAW,BCN,2026/3/15,120.89,AF,PT6H20M,2026-03-15T12:45:00,2026-03-15T14:50:00,
WAW,BCN,2026/3/15,120.89,AF,PT10H20M,2026-03-15T12:45:00,2026-03-15T14:50:00,
WAW,BCN,2026/3/15,120.89,AF,PT10H25M,2026-03-15T06:05:00,2026-03-15T08:15:00,
WAW,BCN,2026/3/15,120.89,AF,PT14H45M,2026-03-15T19:40:00,2026-03-15T21:45:00,
WAW,BCN,2026/3/15,120.89,AF,PT16H35M,2026-03-15T19:40:00,2026-03-15T21:45:00,
WAW,BCN,2026/3/15,120.89,AF,PT17H35M,2026-03-15T16:50:00,2026-03-15T18:55:00,
WAW,BCN,2026/3/15,121.55,LO,PT3H10M,2026-03-15T14:35:00,2026-03-15T17:45:00,
WAW,BCN,2026/3/15,143.59,TP,PT7H20M,2026-03-15T13:00:00,2026-03-15T16:25:00,
WAW,BCN,2026/3/15,143.59,TP,PT10H45M,2026-03-15T13:00:00,2026-03-15T16:25:00,
WAW,BCN,2026/3/15,158.19,OS,PT4H45M,2026-03-15T15:00:00,2026-03-15T16:20:00,
WAW,BCN,2026/3/15,158.19,OS,PT13H45M,2026-03-15T19:25:00,2026-03-15T20:45:00,
WAW,BCN,2026/3/16,103.44,DY,PT24H35M,2026-03-16T12:05:00,2026-03-16T14:00:00,
WAW,BCN,2026/3/16,104.87,A3,PT16H5M,2026-03-16T18:20:00,2026-03-16T21:50:00,
WAW,BCN,2026/3/16,104.87,A3,PT22H50M,2026-03-16T18:20:00,2026-03-16T21:50:00,
WAW,BCN,2026/3/16,120.89,AF,PT6H10M,2026-03-16T06:05:00,2026-03-16T08:15:00,
WAW,BCN,2026/3/16,120.89,AF,PT6H15M,2026-03-16T16:50:00,2026-03-16T18:55:00,
WAW,BCN,2026/3/16,120.89,AF,PT6H20M,2026-03-16T12:45:00,2026-03-16T14:50:00,
WAW,BCN,2026/3/16,120.89,AF,PT10H20M,2026-03-16T12:45:00,2026-03-16T14:50:00,
WAW,BCN,2026/3/16,120.89,AF,PT10H25M,2026-03-16T06:05:00,2026-03-16T08:15:00,
WAW,BCN,2026/3/16,120.89,AF,PT14H45M,2026-03-16T19:40:00,2026-03-16T21:45:00,
WAW,BCN,2026/3/16,120.89,AF,PT16H35M,2026-03-16T19:40:00,2026-03-16T21:45:00,
WAW,BCN,2026/3/16,120.89,AF,PT17H35M,2026-03-16T16:50:00,2026-03-16T18:55:00,
WAW,BCN,2026/3/16,122.88,AF,PT5H30M,2026-03-16T17:25:00,2026-03-16T20:00:00,
WAW,BCN,2026/3/16,122.88,AF,PT6H15M,2026-03-16T13:05:00,2026-03-16T15:40:00,
WAW,BCN,2026/3/16,122.88,AF,PT7H25M,2026-03-16T06:35:00,2026-03-16T09:15:00,
WAW,BCN,2026/3/16,122.88,AF,PT9H50M,2026-03-16T13:05:00,2026-03-16T15:40:00,
WAW,BCN,2026/3/17,104.87,A3,PT16H5M,2026-03-17T18:20:00,2026-03-17T21:50:00,
WAW,BCN,2026/3/17,104.87,A3,PT22H50M,2026-03-17T18:20:00,2026-03-17T21:50:00,
WAW,BCN,2026/3/17,120.89,AF,PT6H10M,2026-03-17T06:05:00,2026-03-17T08:15:00,
WAW,BCN,2026/3/17,120.89,AF,PT6H15M,2026-03-17T16:50:00,2026-03-17T18:55:00,
WAW,BCN,2026/3/17,120.89,AF,PT6H20M,2026-03-17T12:45:00,2026-03-17T14:50:00,
WAW,BCN,2026/3/17,120.89,AF,PT10H20M,2026-03-17T12:45:00,2026-03-17T14:50:00,
WAW,BCN,2026/3/17,120.89,AF,PT10H25M,2026-03-17T06:05:00,2026-03-17T08:15:00,
WAW,BCN,2026/3/17,120.89,AF,PT14H45M,2026-03-17T19:40:00,2026-03-17T21:45:00,
WAW,BCN,2026/3/17,120.89,AF,PT16H35M,2026-03-17T19:40:00,2026-03-17T21:45:00,
WAW,BCN,2026/3/17,120.89,AF,PT17H35M,2026-03-17T16:50:00,2026-03-17T18:55:00,
WAW,BCN,2026/3/17,121.55,LO,PT3H10M,2026-03-17T07:25:00,2026-03-17T10:35:00,
WAW,BCN,2026/3/17,122.88,AF,PT5H30M,2026-03-17T17:25:00,2026-03-17T20:00:00,
WAW,BCN,2026/3/17,122.88,AF,PT15H25M,2026-03-17T17:25:00,2026-03-17T20:00:00,
WAW,BCN,2026/3/17,122.88,AF,PT7H25M,2026-03-17T06:35:00,2026-03-17T09:15:00,
WAW,BCN,2026/3/17,122.88,AF,PT8H25M,2026-03-17T06:35:00,2026-03-17T09:15:00,
WAW,BCN,2026/3/18,104.87,A3,PT16H5M,2026-03-18T18:20:00,2026-03-18T21:50:00,
WAW,BCN,2026/3/18,104.87,A3,PT22H50M,2026-03-18T18:20:00,2026-03-18T21:50:00,
WAW,BCN,2026/3/18,120.89,AF,PT6H10M,2026-03-18T06:05:00,2026-03-18T08:15:00,
WAW,BCN,2026/3/18,120.89,AF,PT6H15M,2026-03-18T16:50:00,2026-03-18T18:55:00,
WAW,BCN,2026/3/18,120.89,AF,PT6H20M,2026-03-18T12:45:00,2026-03-18T14:50:00,
WAW,BCN,2026/3/18,120.89,AF,PT10H20M,2026-03-18T12:45:00,2026-03-18T14:50:00,
WAW,BCN,2026/3/18,120.89,AF,PT10H25M,2026-03-18T06:05:00,2026-03-18T08:15:00,
WAW,BCN,2026/3/18,120.89,AF,PT14H45M,2026-03-18T19:40:00,2026-03-18T21:45:00,
WAW,BCN,2026/3/18,120.89,AF,PT16H35M,2026-03-18T19:40:00,2026-03-18T21:45:00,
WAW,BCN,2026/3/18,120.89,AF,PT17H35M,2026-03-18T16:50:00,2026-03-18T18:55:00,
WAW,BCN,2026/3/18,121.55,LO,PT3H10M,2026-03-18T14:35:00,2026-03-18T17:45:00,
WAW,BCN,2026/3/18,122.88,AF,PT7H25M,2026-03-18T06:35:00,2026-03-18T09:15:00,
WAW,BCN,2026/3/18,122.88,AF,PT8H25M,2026-03-18T06:35:00,2026-03-18T09:15:00,
WAW,BCN,2026/3/18,143.59,TP,PT16H10M,2026-03-18T17:55:00,2026-03-18T21:20:00,
WAW,BCN,2026/3/18,143.59,TP,PT17H50M,2026-03-18T17:55:00,2026-03-18T21:20:00,
WAW,BCN,2026/3/19,104.87,A3,PT16H5M,2026-03-19T18:20:00,2026-03-19T21:50:00,
WAW,BCN,2026/3/19,104.87,A3,PT22H50M,2026-03-19T18:20:00,2026-03-19T21:50:00,
WAW,BCN,2026/3/19,107.89,AF,PT6H10M,2026-03-19T06:05:00,2026-03-19T08:15:00,
WAW,BCN,2026/3/19,107.89,AF,PT6H15M,2026-03-19T16:50:00,2026-03-19T18:55:00,
WAW,BCN,2026/3/19,107.89,AF,PT6H20M,2026-03-19T12:45:00,2026-03-19T14:50:00,
WAW,BCN,2026/3/19,107.89,AF,PT10H20M,2026-03-19T12:45:00,2026-03-19T14:50:00,
WAW,BCN,2026/3/19,107.89,AF,PT10H25M,2026-03-19T06:05:00,2026-03-19T08:15:00,
WAW,BCN,2026/3/19,107.89,AF,PT17H35M,2026-03-19T16:50:00,2026-03-19T18:55:00,
WAW,BCN,2026/3/19,143.59,TP,PT7H20M,2026-03-19T13:00:00,2026-03-19T16:25:00,
WAW,BCN,2026/3/19,143.59,TP,PT10H45M,2026-03-19T13:00:00,2026-03-19T16:25:00,
WAW,BCN,2026/3/19,158.19,OS,PT4H45M,2026-03-19T15:00:00,2026-03-19T16:20:00,
WAW,BCN,2026/3/19,158.32,SN,PT7H45M,2026-03-19T06:30:00,2026-03-19T08:45:00,
WAW,BCN,2026/3/19,158.32,SN,PT13H55M,2026-03-19T06:30:00,2026-03-19T08:45:00,
WAW,BCN,2026/3/19,159.22,LX,PT8H30M,2026-03-19T14:30:00,2026-03-19T16:35:00,
WAW,BCN,2026/3/19,159.22,LX,PT18H20M,2026-03-19T19:45:00,2026-03-19T21:50:00,
VIE,BCN,2026/2/18,133.69,A3,PT6H15M,2026-02-18T10:55:00,2026-02-18T14:05:00,
VIE,BCN,2026/2/18,137.48,JU,PT12H15M,2026-02-18T20:50:00,2026-02-18T22:10:00,
VIE,BCN,2026/2/18,159.69,A3,PT23H30M,2026-02-18T10:55:00,2026-02-18T14:05:00,
VIE,BCN,2026/2/18,184.82,IB,PT5H50M,2026-02-18T12:20:00,2026-02-18T15:30:00,
VIE,BCN,2026/2/18,184.82,IB,PT12H40M,2026-02-18T19:45:00,2026-02-18T22:55:00,
VIE,BCN,2026/2/18,187.48,JU,PT9H55M,2026-02-18T09:50:00,2026-02-18T11:10:00,
VIE,BCN,2026/2/18,187.48,JU,PT23H15M,2026-02-18T09:50:00,2026-02-18T11:10:00,
VIE,BCN,2026/2/18,203.74,LH,PT22H35M,2026-02-18T20:10:00,2026-02-18T21:45:00,
VIE,BCN,2026/2/18,210.97,LH,PT9H10M,2026-02-18T09:35:00,2026-02-18T11:10:00,
VIE,BCN,2026/2/18,214.07,SK,PT8H5M,2026-02-18T10:15:00,2026-02-18T12:00:00,
VIE,BCN,2026/2/18,214.92,LH,PT20H50M,2026-02-18T15:55:00,2026-02-18T17:30:00,
VIE,BCN,2026/2/18,219.7,AF,PT4H55M,2026-02-18T06:15:00,2026-02-18T08:30:00,
VIE,BCN,2026/2/18,219.7,AF,PT7H45M,2026-02-18T06:15:00,2026-02-18T08:30:00,
VIE,BCN,2026/2/18,219.7,AF,PT14H30M,2026-02-18T18:20:00,2026-02-18T20:30:00,
VIE,BCN,2026/2/18,221.04,AF,PT16H50M,2026-02-18T18:20:00,2026-02-18T20:30:00,
VIE,BCN,2026/2/19,112.48,JU,PT12H15M,2026-02-19T20:50:00,2026-02-19T22:10:00,
VIE,BCN,2026/2/19,112.48,JU,PT23H15M,2026-02-19T09:50:00,2026-02-19T11:10:00,
VIE,BCN,2026/2/19,133.69,A3,PT6H15M,2026-02-19T10:55:00,2026-02-19T14:05:00,
VIE,BCN,2026/2/19,151.41,TP,PT7H55M,2026-02-19T12:25:00,2026-02-19T15:10:00,
VIE,BCN,2026/2/19,157.48,JU,PT22H55M,2026-02-19T20:50:00,2026-02-19T22:10:00,
VIE,BCN,2026/2/19,163.41,TP,PT11H20M,2026-02-19T12:25:00,2026-02-19T15:10:00,
VIE,BCN,2026/2/19,184.82,IB,PT12H40M,2026-02-19T19:45:00,2026-02-19T22:55:00,
VIE,BCN,2026/2/19,199.69,A3,PT23H30M,2026-02-19T10:55:00,2026-02-19T14:05:00,
VIE,BCN,2026/2/19,203.74,LH,PT18H15M,2026-02-19T14:45:00,2026-02-19T16:20:00,
VIE,BCN,2026/2/19,203.74,LH,PT22H35M,2026-02-19T20:10:00,2026-02-19T21:45:00,
VIE,BCN,2026/2/19,204.91,LH,PT23H35M,2026-02-19T19:30:00,2026-02-19T20:45:00,
VIE,BCN,2026/2/19,216.71,OS,PT15H25M,2026-02-19T17:35:00,2026-02-19T19:10:00,
VIE,BCN,2026/2/19,219.7,AF,PT4H40M,2026-02-19T12:25:00,2026-02-19T14:30:00,
VIE,BCN,2026/2/19,219.7,AF,PT4H55M,2026-02-19T06:15:00,2026-02-19T08:30:00,
VIE,BCN,2026/2/19,248.82,VY,PT5H35M,2026-02-19T07:05:00,2026-02-19T10:15:00,
VIE,BCN,2026/2/20,120.97,IB,PT2H20M,2026-02-20T14:05:00,2026-02-20T16:25:00,
VIE,BCN,2026/2/20,120.97,VY,PT2H20M,2026-02-20T14:05:00,2026-02-20T16:25:00,
VIE,BCN,2026/2/20,128.41,TP,PT7H55M,2026-02-20T12:25:00,2026-02-20T15:10:00,
VIE,BCN,2026/2/20,128.41,TP,PT11H20M,2026-02-20T12:25:00,2026-02-20T15:10:00,
VIE,BCN,2026/2/20,133.69,A3,PT22H40M,2026-02-20T18:30:00,2026-02-20T21:35:00,
VIE,BCN,2026/2/20,137.48,JU,PT4H45M,2026-02-20T15:00:00,2026-02-20T16:20:00,
VIE,BCN,2026/2/20,137.48,JU,PT12H15M,2026-02-20T20:50:00,2026-02-20T22:10:00,
VIE,BCN,2026/2/20,137.48,JU,PT18H5M,2026-02-20T15:00:00,2026-02-20T16:20:00,
VIE,BCN,2026/2/20,157.48,JU,PT9H55M,2026-02-20T09:50:00,2026-02-20T11:10:00,
VIE,BCN,2026/2/20,236.12,LO,PT8H25M,2026-02-20T09:20:00,2026-02-20T10:35:00,
VIE,BCN,2026/2/20,242.82,VY,PT5H35M,2026-02-20T07:05:00,2026-02-20T10:15:00,
VIE,BCN,2026/2/20,248.82,VY,PT7H15M,2026-02-20T07:05:00,2026-02-20T10:15:00,
VIE,BCN,2026/2/20,248.82,VY,PT8H5M,2026-02-20T12:20:00,2026-02-20T15:30:00,
VIE,BCN,2026/2/20,249.62,EI,PT8H55M,2026-02-20T11:30:00,2026-02-20T13:30:00,
VIE,BCN,2026/2/20,250.07,SK,PT22H15M,2026-02-20T20:05:00,2026-02-20T21:50:00,
VIE,BCN,2026/2/21,133.69,A3,PT6H15M,2026-02-21T10:55:00,2026-02-21T14:05:00,
VIE,BCN,2026/2/21,184.82,IB,PT7H15M,2026-02-21T07:05:00,2026-02-21T10:15:00,
VIE,BCN,2026/2/21,199.69,A3,PT23H30M,2026-02-21T10:55:00,2026-02-21T14:05:00,
VIE,BCN,2026/2/21,231.41,TP,PT14H25M,2026-02-21T19:40:00,2026-02-21T22:20:00,
VIE,BCN,2026/2/21,231.41,TP,PT16H5M,2026-02-21T19:40:00,2026-02-21T22:20:00,
VIE,BCN,2026/2/21,242.82,VY,PT8H5M,2026-02-21T12:20:00,2026-02-21T15:30:00,
VIE,BCN,2026/2/21,248.82,VY,PT5H35M,2026-02-21T07:05:00,2026-02-21T10:15:00,
VIE,BCN,2026/2/21,248.82,VY,PT7H15M,2026-02-21T07:05:00,2026-02-21T10:15:00,
VIE,BCN,2026/2/21,248.82,VY,PT9H,2026-02-21T12:20:00,2026-02-21T15:30:00,
VIE,BCN,2026/2/21,257.71,AF,PT5H25M,2026-02-21T06:50:00,2026-02-21T08:50:00,
VIE,BCN,2026/2/21,257.71,AF,PT9H40M,2026-02-21T06:50:00,2026-02-21T08:50:00,
VIE,BCN,2026/2/21,257.71,AF,PT17H30M,2026-02-21T16:55:00,2026-02-21T18:50:00,
VIE,BCN,2026/2/21,257.71,AF,PT15H35M,2026-02-21T18:50:00,2026-02-21T20:45:00,
VIE,BCN,2026/2/21,257.71,AF,PT17H25M,2026-02-21T18:50:00,2026-02-21T20:45:00,
VIE,BCN,2026/2/21,259.7,AF,PT7H45M,2026-02-21T06:15:00,2026-02-21T08:30:00,
VIE,BCN,2026/2/22,120.97,IB,PT2H20M,2026-02-22T14:05:00,2026-02-22T16:25:00,
VIE,BCN,2026/2/22,120.97,VY,PT2H20M,2026-02-22T14:05:00,2026-02-22T16:25:00,
VIE,BCN,2026/2/22,128.41,TP,PT7H55M,2026-02-22T12:25:00,2026-02-22T15:10:00,
VIE,BCN,2026/2/22,128.41,TP,PT11H20M,2026-02-22T12:25:00,2026-02-22T15:10:00,
VIE,BCN,2026/2/22,128.41,TP,PT14H25M,2026-02-22T19:40:00,2026-02-22T22:20:00,
VIE,BCN,2026/2/22,132.41,TP,PT16H5M,2026-02-22T19:40:00,2026-02-22T22:20:00,
VIE,BCN,2026/2/22,133.69,A3,PT15H55M,2026-02-22T18:30:00,2026-02-22T21:35:00,
VIE,BCN,2026/2/22,133.69,A3,PT22H40M,2026-02-22T18:30:00,2026-02-22T21:35:00,
VIE,BCN,2026/2/22,137.48,JU,PT4H45M,2026-02-22T15:00:00,2026-02-22T16:20:00,
VIE,BCN,2026/2/22,137.48,JU,PT9H55M,2026-02-22T09:50:00,2026-02-22T11:10:00,
VIE,BCN,2026/2/22,137.48,JU,PT18H5M,2026-02-22T15:00:00,2026-02-22T16:20:00,
VIE,BCN,2026/2/22,137.48,JU,PT12H15M,2026-02-22T20:50:00,2026-02-22T22:10:00,
VIE,BCN,2026/2/22,184.82,IB,PT6H55M,2026-02-22T12:20:00,2026-02-22T15:30:00,
VIE,BCN,2026/2/22,184.82,IB,PT12H40M,2026-02-22T19:45:00,2026-02-22T22:55:00,
VIE,BCN,2026/2/22,203.74,LH,PT16H30M,2026-02-22T16:30:00,2026-02-22T18:05:00,
VIE,BCN,2026/2/23,137.48,JU,PT9H55M,2026-02-23T09:50:00,2026-02-23T11:10:00,
VIE,BCN,2026/2/23,184.82,IB,PT5H50M,2026-02-23T12:20:00,2026-02-23T15:30:00,
VIE,BCN,2026/2/23,184.82,IB,PT7H10M,2026-02-23T15:40:00,2026-02-23T18:50:00,
VIE,BCN,2026/2/23,187.48,JU,PT12H15M,2026-02-23T20:50:00,2026-02-23T22:10:00,
VIE,BCN,2026/2/23,199.69,A3,PT6H15M,2026-02-23T10:55:00,2026-02-23T14:05:00,
VIE,BCN,2026/2/23,199.69,A3,PT23H30M,2026-02-23T10:55:00,2026-02-23T14:05:00,
VIE,BCN,2026/2/23,204.26,DY,PT21H,2026-02-23T15:40:00,2026-02-23T17:55:00,
VIE,BCN,2026/2/23,217.48,JU,PT23H15M,2026-02-23T09:50:00,2026-02-23T11:10:00,
VIE,BCN,2026/2/23,219.7,AF,PT4H55M,2026-02-23T06:15:00,2026-02-23T08:30:00,
VIE,BCN,2026/2/23,219.7,AF,PT7H45M,2026-02-23T06:15:00,2026-02-23T08:30:00,
VIE,BCN,2026/2/23,225.62,EI,PT8H55M,2026-02-23T11:30:00,2026-02-23T13:30:00,
VIE,BCN,2026/2/23,227.71,AF,PT6H50M,2026-02-23T12:15:00,2026-02-23T14:10:00,
VIE,BCN,2026/2/23,227.71,AF,PT9H40M,2026-02-23T06:50:00,2026-02-23T08:50:00,
VIE,BCN,2026/2/23,233.47,OS,PT2H20M,2026-02-23T17:25:00,2026-02-23T19:45:00,
VIE,BCN,2026/2/23,236.12,LO,PT8H25M,2026-02-23T09:20:00,2026-02-23T10:35:00,
VIE,BCN,2026/2/24,128.41,TP,PT7H55M,2026-02-24T12:25:00,2026-02-24T15:10:00,
VIE,BCN,2026/2/24,128.41,TP,PT11H20M,2026-02-24T12:25:00,2026-02-24T15:10:00,
VIE,BCN,2026/2/24,133.69,A3,PT6H15M,2026-02-24T10:55:00,2026-02-24T14:05:00,
VIE,BCN,2026/2/24,133.69,A3,PT23H30M,2026-02-24T10:55:00,2026-02-24T14:05:00,
VIE,BCN,2026/2/24,157.48,JU,PT22H55M,2026-02-24T20:50:00,2026-02-24T22:10:00,
VIE,BCN,2026/2/24,184.82,IB,PT5H50M,2026-02-24T12:20:00,2026-02-24T15:30:00,
VIE,BCN,2026/2/24,184.82,IB,PT7H15M,2026-02-24T07:05:00,2026-02-24T10:15:00,
VIE,BCN,2026/2/24,184.82,IB,PT12H40M,2026-02-24T19:45:00,2026-02-24T22:55:00,
VIE,BCN,2026/2/24,206.12,LO,PT22H20M,2026-02-24T19:25:00,2026-02-24T20:40:00,
VIE,BCN,2026/2/24,214.07,SK,PT22H15M,2026-02-24T20:05:00,2026-02-24T21:50:00,
VIE,BCN,2026/2/24,219.7,AF,PT4H40M,2026-02-24T12:25:00,2026-02-24T14:30:00,
VIE,BCN,2026/2/24,219.7,AF,PT4H55M,2026-02-24T06:15:00,2026-02-24T08:30:00,
VIE,BCN,2026/2/24,219.7,AF,PT6H55M,2026-02-24T12:25:00,2026-02-24T14:30:00,
VIE,BCN,2026/2/24,219.7,AF,PT7H45M,2026-02-24T06:15:00,2026-02-24T08:30:00,
VIE,BCN,2026/2/24,227.71,AF,PT5H25M,2026-02-24T06:50:00,2026-02-24T08:50:00,
VIE,BCN,2026/2/25,137.48,JU,PT12H15M,2026-02-25T20:50:00,2026-02-25T22:10:00,
VIE,BCN,2026/2/25,143.26,DY,PT22H35M,2026-02-25T14:05:00,2026-02-25T16:20:00,
VIE,BCN,2026/2/25,184.82,IB,PT12H40M,2026-02-25T19:45:00,2026-02-25T22:55:00,
VIE,BCN,2026/2/25,199.69,A3,PT6H15M,2026-02-25T10:55:00,2026-02-25T14:05:00,
VIE,BCN,2026/2/25,199.69,A3,PT23H30M,2026-02-25T10:55:00,2026-02-25T14:05:00,
VIE,BCN,2026/2/25,206.12,LO,PT8H25M,2026-02-25T09:20:00,2026-02-25T10:35:00,
VIE,BCN,2026/2/25,210.97,LH,PT9H10M,2026-02-25T09:35:00,2026-02-25T11:10:00,
VIE,BCN,2026/2/25,214.07,SK,PT8H5M,2026-02-25T10:15:00,2026-02-25T12:00:00,
VIE,BCN,2026/2/25,216.71,OS,PT15H25M,2026-02-25T17:35:00,2026-02-25T19:10:00,
VIE,BCN,2026/2/25,219.7,AF,PT4H55M,2026-02-25T06:15:00,2026-02-25T08:30:00,
VIE,BCN,2026/2/25,219.7,AF,PT7H45M,2026-02-25T06:15:00,2026-02-25T08:30:00,
VIE,BCN,2026/2/25,219.7,AF,PT14H30M,2026-02-25T18:20:00,2026-02-25T20:30:00,
VIE,BCN,2026/2/25,221.04,AF,PT16H50M,2026-02-25T18:20:00,2026-02-25T20:30:00,
VIE,BCN,2026/2/25,227.71,AF,PT5H25M,2026-02-25T06:50:00,2026-02-25T08:50:00,
VIE,BCN,2026/2/25,227.71,AF,PT6H5M,2026-02-25T17:00:00,2026-02-25T18:55:00,
VIE,BCN,2026/2/26,107.48,JU,PT12H15M,2026-02-26T20:50:00,2026-02-26T22:10:00,
VIE,BCN,2026/2/26,128.41,TP,PT7H55M,2026-02-26T12:25:00,2026-02-26T15:10:00,
VIE,BCN,2026/2/26,128.41,TP,PT11H20M,2026-02-26T12:25:00,2026-02-26T15:10:00,
VIE,BCN,2026/2/26,133.69,A3,PT6H15M,2026-02-26T10:55:00,2026-02-26T14:05:00,
VIE,BCN,2026/2/26,133.69,A3,PT23H30M,2026-02-26T10:55:00,2026-02-26T14:05:00,
VIE,BCN,2026/2/26,137.48,JU,PT22H55M,2026-02-26T20:50:00,2026-02-26T22:10:00,
VIE,BCN,2026/2/26,137.48,JU,PT23H15M,2026-02-26T09:50:00,2026-02-26T11:10:00,
VIE,BCN,2026/2/26,184.82,IB,PT5H50M,2026-02-26T12:20:00,2026-02-26T15:30:00,
VIE,BCN,2026/2/26,184.82,IB,PT12H40M,2026-02-26T19:45:00,2026-02-26T22:55:00,
VIE,BCN,2026/2/26,206.12,LO,PT22H20M,2026-02-26T19:25:00,2026-02-26T20:40:00,
VIE,BCN,2026/2/26,219.7,AF,PT4H40M,2026-02-26T12:25:00,2026-02-26T14:30:00,
VIE,BCN,2026/2/26,219.7,AF,PT4H55M,2026-02-26T06:15:00,2026-02-26T08:30:00,
VIE,BCN,2026/2/26,219.7,AF,PT6H55M,2026-02-26T12:25:00,2026-02-26T14:30:00,
VIE,BCN,2026/2/26,219.7,AF,PT7H45M,2026-02-26T06:15:00,2026-02-26T08:30:00,
VIE,BCN,2026/2/26,219.7,AF,PT14H30M,2026-02-26T18:20:00,2026-02-26T20:30:00,
VIE,BCN,2026/2/27,120.97,IB,PT2H20M,2026-02-27T14:05:00,2026-02-27T16:25:00,
VIE,BCN,2026/2/27,120.97,VY,PT2H20M,2026-02-27T14:05:00,2026-02-27T16:25:00,
VIE,BCN,2026/2/27,128.41,TP,PT7H55M,2026-02-27T12:25:00,2026-02-27T15:10:00,
VIE,BCN,2026/2/27,128.41,TP,PT11H20M,2026-02-27T12:25:00,2026-02-27T15:10:00,
VIE,BCN,2026/2/27,133.69,A3,PT15H55M,2026-02-27T18:30:00,2026-02-27T21:35:00,
VIE,BCN,2026/2/27,133.69,A3,PT22H40M,2026-02-27T18:30:00,2026-02-27T21:35:00,
VIE,BCN,2026/2/27,137.48,JU,PT4H45M,2026-02-27T15:00:00,2026-02-27T16:20:00,
VIE,BCN,2026/2/27,137.48,JU,PT12H15M,2026-02-27T20:50:00,2026-02-27T22:10:00,
VIE,BCN,2026/2/27,137.48,JU,PT18H5M,2026-02-27T15:00:00,2026-02-27T16:20:00,
VIE,BCN,2026/2/27,157.48,JU,PT9H55M,2026-02-27T09:50:00,2026-02-27T11:10:00,
VIE,BCN,2026/2/27,184.82,IB,PT5H50M,2026-02-27T12:20:00,2026-02-27T15:30:00,
VIE,BCN,2026/2/27,184.82,IB,PT7H10M,2026-02-27T15:40:00,2026-02-27T18:50:00,
VIE,BCN,2026/2/27,197.71,AF,PT5H25M,2026-02-27T06:50:00,2026-02-27T08:50:00,
VIE,BCN,2026/2/27,197.71,AF,PT6H10M,2026-02-27T16:55:00,2026-02-27T18:50:00,
VIE,BCN,2026/2/27,197.71,AF,PT6H50M,2026-02-27T12:15:00,2026-02-27T14:20:00,
VIE,BCN,2026/2/28,128.41,TP,PT14H25M,2026-02-28T19:40:00,2026-02-28T22:20:00,
VIE,BCN,2026/2/28,128.41,TP,PT16H5M,2026-02-28T19:40:00,2026-02-28T22:20:00,
VIE,BCN,2026/2/28,133.69,A3,PT6H15M,2026-02-28T10:55:00,2026-02-28T14:05:00,
VIE,BCN,2026/2/28,133.69,A3,PT23H30M,2026-02-28T10:55:00,2026-02-28T14:05:00,
VIE,BCN,2026/2/28,137.48,JU,PT22H55M,2026-02-28T20:50:00,2026-02-28T22:10:00,
VIE,BCN,2026/2/28,197.71,AF,PT5H25M,2026-02-28T06:50:00,2026-02-28T08:50:00,
VIE,BCN,2026/2/28,197.71,AF,PT6H50M,2026-02-28T12:15:00,2026-02-28T14:10:00,
VIE,BCN,2026/2/28,197.71,AF,PT9H40M,2026-02-28T06:50:00,2026-02-28T08:50:00,
VIE,BCN,2026/2/28,233.47,OS,PT2H20M,2026-02-28T06:50:00,2026-02-28T09:10:00,
VIE,BCN,2026/2/28,242.82,VY,PT9H,2026-02-28T12:20:00,2026-02-28T15:30:00,
VIE,BCN,2026/2/28,248.82,VY,PT5H35M,2026-02-28T07:05:00,2026-02-28T10:15:00,
VIE,BCN,2026/2/28,248.82,VY,PT7H15M,2026-02-28T07:05:00,2026-02-28T10:15:00,
VIE,BCN,2026/2/28,248.82,VY,PT8H5M,2026-02-28T12:20:00,2026-02-28T15:30:00,
VIE,BCN,2026/2/28,250.11,LH,PT15H35M,2026-02-28T19:30:00,2026-02-28T21:00:00,
VIE,BCN,2026/2/28,257.71,AF,PT15H35M,2026-02-28T18:50:00,2026-02-28T20:45:00,
VIE,BCN,2026/3/1,107.48,JU,PT12H15M,2026-03-01T20:50:00,2026-03-01T22:10:00,
VIE,BCN,2026/3/1,107.48,JU,PT18H5M,2026-03-01T15:00:00,2026-03-01T16:20:00,
VIE,BCN,2026/3/1,120.97,IB,PT2H20M,2026-03-01T14:05:00,2026-03-01T16:25:00,
VIE,BCN,2026/3/1,120.97,VY,PT2H20M,2026-03-01T14:05:00,2026-03-01T16:25:00,
VIE,BCN,2026/3/1,128.41,TP,PT7H55M,2026-03-01T12:25:00,2026-03-01T15:10:00,
VIE,BCN,2026/3/1,128.41,TP,PT11H20M,2026-03-01T12:25:00,2026-03-01T15:10:00,
VIE,BCN,2026/3/1,128.41,TP,PT14H25M,2026-03-01T19:40:00,2026-03-01T22:20:00,
VIE,BCN,2026/3/1,128.41,TP,PT16H5M,2026-03-01T19:40:00,2026-03-01T22:20:00,
VIE,BCN,2026/3/1,133.69,A3,PT22H40M,2026-03-01T18:30:00,2026-03-01T21:35:00,
VIE,BCN,2026/3/1,137.48,JU,PT4H45M,2026-03-01T15:00:00,2026-03-01T16:20:00,
VIE,BCN,2026/3/1,137.48,JU,PT9H55M,2026-03-01T09:50:00,2026-03-01T11:10:00,
VIE,BCN,2026/3/1,185.54,IB,PT5H50M,2026-03-01T12:20:00,2026-03-01T15:30:00,
VIE,BCN,2026/3/1,197.71,AF,PT5H25M,2026-03-01T06:50:00,2026-03-01T08:50:00,
VIE,BCN,2026/3/1,197.71,AF,PT6H50M,2026-03-01T12:15:00,2026-03-01T14:10:00,
VIE,BCN,2026/3/1,197.71,AF,PT9H40M,2026-03-01T06:50:00,2026-03-01T08:50:00,
VIE,BCN,2026/3/2,120.97,IB,PT2H20M,2026-03-02T14:05:00,2026-03-02T16:25:00,
VIE,BCN,2026/3/2,120.97,VY,PT2H20M,2026-03-02T14:05:00,2026-03-02T16:25:00,
VIE,BCN,2026/3/2,133.69,A3,PT6H15M,2026-03-02T10:55:00,2026-03-02T14:05:00,
VIE,BCN,2026/3/2,161.54,IB,PT7H10M,2026-03-02T15:40:00,2026-03-02T18:50:00,
VIE,BCN,2026/3/2,185.54,IB,PT5H50M,2026-03-02T12:20:00,2026-03-02T15:30:00,
VIE,BCN,2026/3/2,185.54,IB,PT8H5M,2026-03-02T12:20:00,2026-03-02T15:30:00,
VIE,BCN,2026/3/2,187.48,JU,PT9H55M,2026-03-02T09:50:00,2026-03-02T11:10:00,
VIE,BCN,2026/3/2,197.71,AF,PT15H35M,2026-03-02T18:50:00,2026-03-02T20:45:00,
VIE,BCN,2026/3/2,197.71,AF,PT17H25M,2026-03-02T17:00:00,2026-03-02T18:55:00,
VIE,BCN,2026/3/2,203.62,EI,PT8H55M,2026-03-02T11:30:00,2026-03-02T13:30:00,
VIE,BCN,2026/3/2,206.12,LO,PT8H25M,2026-03-02T09:20:00,2026-03-02T10:35:00,
VIE,BCN,2026/3/2,217.48,JU,PT12H15M,2026-03-02T20:50:00,2026-03-02T22:10:00,
VIE,BCN,2026/3/2,217.48,JU,PT23H15M,2026-03-02T09:50:00,2026-03-02T11:10:00,
VIE,BCN,2026/3/2,219.7,AF,PT14H30M,2026-03-02T18:20:00,2026-03-02T20:30:00,
VIE,BCN,2026/3/2,227.26,DY,PT21H,2026-03-02T15:40:00,2026-03-02T17:55:00,
VIE,BCN,2026/3/3,133.69,A3,PT6H15M,2026-03-03T10:55:00,2026-03-03T14:05:00,
VIE,BCN,2026/3/3,133.69,A3,PT23H30M,2026-03-03T10:55:00,2026-03-03T14:05:00,
VIE,BCN,2026/3/3,176.12,LO,PT22H20M,2026-03-03T19:25:00,2026-03-03T20:40:00,
VIE,BCN,2026/3/3,185.54,IB,PT5H50M,2026-03-03T12:20:00,2026-03-03T15:30:00,
VIE,BCN,2026/3/3,185.54,IB,PT12H40M,2026-03-03T19:45:00,2026-03-03T22:55:00,
VIE,BCN,2026/3/3,197.71,AF,PT5H25M,2026-03-03T06:50:00,2026-03-03T08:50:00,
VIE,BCN,2026/3/3,197.71,AF,PT6H5M,2026-03-03T17:00:00,2026-03-03T18:55:00,
VIE,BCN,2026/3/3,197.71,AF,PT6H50M,2026-03-03T12:15:00,2026-03-03T14:10:00,
VIE,BCN,2026/3/3,197.71,AF,PT9H40M,2026-03-03T06:50:00,2026-03-03T08:50:00,
VIE,BCN,2026/3/3,197.71,AF,PT10H50M,2026-03-03T12:15:00,2026-03-03T14:10:00,
VIE,BCN,2026/3/3,197.71,AF,PT15H35M,2026-03-03T18:50:00,2026-03-03T20:40:00,
VIE,BCN,2026/3/3,197.71,AF,PT17H25M,2026-03-03T17:00:00,2026-03-03T18:55:00,
VIE,BCN,2026/3/3,203.74,LH,PT18H15M,2026-03-03T14:45:00,2026-03-03T16:20:00,
VIE,BCN,2026/3/3,203.74,LH,PT22H35M,2026-03-03T20:10:00,2026-03-03T21:45:00,
VIE,BCN,2026/3/3,204.91,LH,PT18H55M,2026-03-03T19:30:00,2026-03-03T20:45:00,
VIE,BCN,2026/3/4,133.69,A3,PT6H15M,2026-03-04T10:55:00,2026-03-04T14:05:00,
VIE,BCN,2026/3/4,133.69,A3,PT23H30M,2026-03-04T10:55:00,2026-03-04T14:05:00,
VIE,BCN,2026/3/4,140.7,AF,PT4H40M,2026-03-04T12:25:00,2026-03-04T14:30:00,
VIE,BCN,2026/3/4,140.7,AF,PT4H55M,2026-03-04T06:15:00,2026-03-04T08:30:00,
VIE,BCN,2026/3/4,140.7,AF,PT6H55M,2026-03-04T12:25:00,2026-03-04T14:30:00,
VIE,BCN,2026/3/4,140.7,AF,PT7H45M,2026-03-04T06:15:00,2026-03-04T08:30:00,
VIE,BCN,2026/3/4,140.7,AF,PT14H30M,2026-03-04T18:20:00,2026-03-04T20:30:00,
VIE,BCN,2026/3/4,142.04,AF,PT16H50M,2026-03-04T18:20:00,2026-03-04T20:30:00,
VIE,BCN,2026/3/4,164.26,DY,PT22H35M,2026-03-04T14:05:00,2026-03-04T16:20:00,
VIE,BCN,2026/3/4,176.12,LO,PT8H25M,2026-03-04T09:20:00,2026-03-04T10:35:00,
VIE,BCN,2026/3/4,179.71,AF,PT5H25M,2026-03-04T06:50:00,2026-03-04T08:50:00,
VIE,BCN,2026/3/4,179.71,AF,PT6H5M,2026-03-04T17:00:00,2026-03-04T18:55:00,
VIE,BCN,2026/3/4,179.71,AF,PT6H50M,2026-03-04T12:15:00,2026-03-04T14:20:00,
VIE,BCN,2026/3/4,179.71,AF,PT9H40M,2026-03-04T06:50:00,2026-03-04T08:50:00,
VIE,BCN,2026/3/4,179.71,AF,PT10H50M,2026-03-04T12:15:00,2026-03-04T14:20:00,
VIE,BCN,2026/3/5,133.69,A3,PT23H30M,2026-03-05T10:55:00,2026-03-05T14:05:00,
VIE,BCN,2026/3/5,137.48,JU,PT22H55M,2026-03-05T20:50:00,2026-03-05T22:10:00,
VIE,BCN,2026/3/5,179.71,AF,PT5H25M,2026-03-05T06:50:00,2026-03-05T08:50:00,
VIE,BCN,2026/3/5,179.71,AF,PT6H10M,2026-03-05T16:55:00,2026-03-05T18:50:00,
VIE,BCN,2026/3/5,179.71,AF,PT9H40M,2026-03-05T06:50:00,2026-03-05T08:50:00,
VIE,BCN,2026/3/5,179.71,AF,PT10H50M,2026-03-05T12:15:00,2026-03-05T14:10:00,
VIE,BCN,2026/3/5,179.71,AF,PT15H35M,2026-03-05T18:50:00,2026-03-05T20:45:00,
VIE,BCN,2026/3/5,185.54,IB,PT12H40M,2026-03-05T19:45:00,2026-03-05T22:55:00,
VIE,BCN,2026/3/5,187.48,JU,PT12H15M,2026-03-05T20:50:00,2026-03-05T22:10:00,
VIE,BCN,2026/3/5,187.48,JU,PT23H15M,2026-03-05T09:50:00,2026-03-05T11:10:00,
VIE,BCN,2026/3/5,188.21,LH,PT14H15M,2026-03-05T18:45:00,2026-03-05T20:20:00,
VIE,BCN,2026/3/5,189.38,LH,PT10H,2026-03-05T08:45:00,2026-03-05T10:00:00,
VIE,BCN,2026/3/5,194.92,LH,PT18H25M,2026-03-05T20:25:00,2026-03-05T22:00:00,
VIE,BCN,2026/3/5,197.71,AF,PT6H50M,2026-03-05T12:15:00,2026-03-05T14:10:00,
VIE,BCN,2026/3/5,197.71,AF,PT17H25M,2026-03-05T18:50:00,2026-03-05T20:45:00,
VIE,BCN,2026/3/6,120.97,IB,PT2H20M,2026-03-06T14:05:00,2026-03-06T16:25:00,
VIE,BCN,2026/3/6,120.97,VY,PT2H20M,2026-03-06T14:05:00,2026-03-06T16:25:00,
VIE,BCN,2026/3/6,128.41,TP,PT7H55M,2026-03-06T12:25:00,2026-03-06T15:10:00,
VIE,BCN,2026/3/6,128.41,TP,PT11H20M,2026-03-06T12:25:00,2026-03-06T15:10:00,
VIE,BCN,2026/3/6,137.48,JU,PT4H45M,2026-03-06T15:00:00,2026-03-06T16:20:00,
VIE,BCN,2026/3/6,137.48,JU,PT12H15M,2026-03-06T20:50:00,2026-03-06T22:10:00,
VIE,BCN,2026/3/6,137.48,JU,PT18H5M,2026-03-06T15:00:00,2026-03-06T16:20:00,
VIE,BCN,2026/3/6,176.12,LO,PT8H25M,2026-03-06T09:20:00,2026-03-06T10:35:00,
VIE,BCN,2026/3/6,179.71,AF,PT5H25M,2026-03-06T06:50:00,2026-03-06T08:50:00,
VIE,BCN,2026/3/6,179.71,AF,PT6H10M,2026-03-06T16:55:00,2026-03-06T18:50:00,
VIE,BCN,2026/3/6,179.71,AF,PT6H50M,2026-03-06T12:15:00,2026-03-06T14:20:00,
VIE,BCN,2026/3/6,179.71,AF,PT9H40M,2026-03-06T06:50:00,2026-03-06T08:50:00,
VIE,BCN,2026/3/6,179.71,AF,PT10H50M,2026-03-06T12:15:00,2026-03-06T14:20:00,
VIE,BCN,2026/3/6,179.71,AF,PT15H35M,2026-03-06T18:50:00,2026-03-06T20:45:00,
VIE,BCN,2026/3/6,179.71,AF,PT17H25M,2026-03-06T18:50:00,2026-03-06T20:45:00,
VIE,BCN,2026/3/7,128.41,TP,PT14H25M,2026-03-07T19:40:00,2026-03-07T22:20:00,
VIE,BCN,2026/3/7,128.41,TP,PT16H5M,2026-03-07T19:40:00,2026-03-07T22:20:00,
VIE,BCN,2026/3/7,137.48,JU,PT22H55M,2026-03-07T20:50:00,2026-03-07T22:10:00,
VIE,BCN,2026/3/7,157.7,AF,PT4H55M,2026-03-07T06:15:00,2026-03-07T08:30:00,
VIE,BCN,2026/3/7,157.7,AF,PT7H45M,2026-03-07T06:15:00,2026-03-07T08:30:00,
VIE,BCN,2026/3/7,179.71,AF,PT5H25M,2026-03-07T06:50:00,2026-03-07T08:50:00,
VIE,BCN,2026/3/7,179.71,AF,PT6H50M,2026-03-07T12:15:00,2026-03-07T14:10:00,
VIE,BCN,2026/3/7,179.71,AF,PT9H40M,2026-03-07T06:50:00,2026-03-07T08:50:00,
VIE,BCN,2026/3/7,179.71,AF,PT15H35M,2026-03-07T18:50:00,2026-03-07T20:45:00,
VIE,BCN,2026/3/7,179.71,AF,PT17H25M,2026-03-07T18:50:00,2026-03-07T20:45:00,
VIE,BCN,2026/3/7,179.71,AF,PT17H30M,2026-03-07T16:55:00,2026-03-07T18:50:00,
VIE,BCN,2026/3/7,233.47,OS,PT2H20M,2026-03-07T06:50:00,2026-03-07T09:10:00,
VIE,BCN,2026/3/7,233.47,OS,PT2H20M,2026-03-07T17:25:00,2026-03-07T19:45:00,
VIE,BCN,2026/3/7,243.54,VY,PT5H35M,2026-03-07T07:05:00,2026-03-07T10:15:00,
VIE,BCN,2026/3/7,243.54,VY,PT7H15M,2026-03-07T07:05:00,2026-03-07T10:15:00,
VIE,BCN,2026/3/8,120.97,IB,PT2H20M,2026-03-08T14:05:00,2026-03-08T16:25:00,
VIE,BCN,2026/3/8,120.97,VY,PT2H20M,2026-03-08T14:05:00,2026-03-08T16:25:00,
VIE,BCN,2026/3/8,128.41,TP,PT16H5M,2026-03-08T19:40:00,2026-03-08T22:20:00,
VIE,BCN,2026/3/8,133.69,A3,PT15H55M,2026-03-08T18:30:00,2026-03-08T21:35:00,
VIE,BCN,2026/3/8,133.69,A3,PT22H40M,2026-03-08T18:30:00,2026-03-08T21:35:00,
VIE,BCN,2026/3/8,137.48,JU,PT4H45M,2026-03-08T15:00:00,2026-03-08T16:20:00,
VIE,BCN,2026/3/8,137.48,JU,PT9H55M,2026-03-08T09:50:00,2026-03-08T11:10:00,
VIE,BCN,2026/3/8,137.48,JU,PT12H15M,2026-03-08T20:50:00,2026-03-08T22:10:00,
VIE,BCN,2026/3/8,137.48,JU,PT18H5M,2026-03-08T15:00:00,2026-03-08T16:20:00,
VIE,BCN,2026/3/8,143.41,TP,PT7H55M,2026-03-08T12:25:00,2026-03-08T15:10:00,
VIE,BCN,2026/3/8,143.41,TP,PT11H20M,2026-03-08T12:25:00,2026-03-08T15:10:00,
VIE,BCN,2026/3/8,143.41,TP,PT14H25M,2026-03-08T19:40:00,2026-03-08T22:20:00,
VIE,BCN,2026/3/8,160.26,DY,PT24H20M,2026-03-08T12:20:00,2026-03-08T14:35:00,
VIE,BCN,2026/3/8,176.12,LO,PT24H10M,2026-03-08T17:35:00,2026-03-08T18:50:00,
VIE,BCN,2026/3/8,185.54,IB,PT12H15M,2026-03-08T19:45:00,2026-03-08T22:55:00,
VIE,BCN,2026/3/9,120.97,IB,PT2H20M,2026-03-09T14:05:00,2026-03-09T16:25:00,
VIE,BCN,2026/3/9,120.97,VY,PT2H20M,2026-03-09T14:05:00,2026-03-09T16:25:00,
VIE,BCN,2026/3/9,133.69,A3,PT6H15M,2026-03-09T10:55:00,2026-03-09T14:05:00,
VIE,BCN,2026/3/9,133.69,A3,PT23H30M,2026-03-09T10:55:00,2026-03-09T14:05:00,
VIE,BCN,2026/3/9,157.48,JU,PT9H55M,2026-03-09T09:50:00,2026-03-09T11:10:00,
VIE,BCN,2026/3/9,157.7,AF,PT7H45M,2026-03-09T06:15:00,2026-03-09T08:30:00,
VIE,BCN,2026/3/9,159.71,AF,PT5H25M,2026-03-09T06:50:00,2026-03-09T08:50:00,
VIE,BCN,2026/3/9,159.71,AF,PT6H5M,2026-03-09T17:00:00,2026-03-09T18:55:00,
VIE,BCN,2026/3/9,159.71,AF,PT6H50M,2026-03-09T12:15:00,2026-03-09T14:10:00,
VIE,BCN,2026/3/9,159.71,AF,PT9H40M,2026-03-09T06:50:00,2026-03-09T08:50:00,
VIE,BCN,2026/3/9,159.71,AF,PT10H50M,2026-03-09T12:15:00,2026-03-09T14:10:00,
VIE,BCN,2026/3/9,159.71,AF,PT15H35M,2026-03-09T18:50:00,2026-03-09T20:45:00,
VIE,BCN,2026/3/9,159.71,AF,PT17H25M,2026-03-09T17:00:00,2026-03-09T18:55:00,
VIE,BCN,2026/3/9,159.71,AF,PT17H25M,2026-03-09T18:50:00,2026-03-09T20:45:00,
VIE,BCN,2026/3/9,176.12,LO,PT8H25M,2026-03-09T09:20:00,2026-03-09T10:35:00,
VIE,BCN,2026/3/10,128.41,TP,PT7H55M,2026-03-10T12:25:00,2026-03-10T15:10:00,
VIE,BCN,2026/3/10,128.41,TP,PT11H20M,2026-03-10T12:25:00,2026-03-10T15:10:00,
VIE,BCN,2026/3/10,133.69,A3,PT6H15M,2026-03-10T10:55:00,2026-03-10T14:05:00,
VIE,BCN,2026/3/10,140.7,AF,PT4H40M,2026-03-10T12:25:00,2026-03-10T14:30:00,
VIE,BCN,2026/3/10,140.7,AF,PT4H55M,2026-03-10T06:15:00,2026-03-10T08:30:00,
VIE,BCN,2026/3/10,140.7,AF,PT6H55M,2026-03-10T12:25:00,2026-03-10T14:30:00,
VIE,BCN,2026/3/10,140.7,AF,PT7H45M,2026-03-10T06:15:00,2026-03-10T08:30:00,
VIE,BCN,2026/3/10,151.12,LO,PT22H20M,2026-03-10T19:25:00,2026-03-10T20:40:00,
VIE,BCN,2026/3/10,159.71,AF,PT5H25M,2026-03-10T06:50:00,2026-03-10T08:50:00,
VIE,BCN,2026/3/10,159.71,AF,PT6H5M,2026-03-10T17:00:00,2026-03-10T18:55:00,
VIE,BCN,2026/3/10,159.71,AF,PT6H50M,2026-03-10T12:15:00,2026-03-10T14:10:00,
VIE,BCN,2026/3/10,159.71,AF,PT9H40M,2026-03-10T06:50:00,2026-03-10T08:50:00,
VIE,BCN,2026/3/10,159.71,AF,PT10H50M,2026-03-10T12:15:00,2026-03-10T14:10:00,
VIE,BCN,2026/3/10,159.71,AF,PT15H35M,2026-03-10T18:50:00,2026-03-10T20:40:00,
VIE,BCN,2026/3/10,159.71,AF,PT17H25M,2026-03-10T17:00:00,2026-03-10T18:55:00,
VIE,BCN,2026/3/11,140.7,AF,PT4H40M,2026-03-11T12:25:00,2026-03-11T14:30:00,
VIE,BCN,2026/3/11,140.7,AF,PT6H55M,2026-03-11T12:25:00,2026-03-11T14:30:00,
VIE,BCN,2026/3/11,140.7,AF,PT14H30M,2026-03-11T18:20:00,2026-03-11T20:30:00,
VIE,BCN,2026/3/11,142.04,AF,PT16H50M,2026-03-11T18:20:00,2026-03-11T20:30:00,
VIE,BCN,2026/3/11,151.12,LO,PT8H25M,2026-03-11T09:20:00,2026-03-11T10:35:00,
VIE,BCN,2026/3/11,154.26,DY,PT22H35M,2026-03-11T14:05:00,2026-03-11T16:20:00,
VIE,BCN,2026/3/11,157.48,JU,PT12H15M,2026-03-11T20:50:00,2026-03-11T22:10:00,
VIE,BCN,2026/3/11,159.69,A3,PT6H15M,2026-03-11T10:55:00,2026-03-11T14:05:00,
VIE,BCN,2026/3/11,159.69,A3,PT23H30M,2026-03-11T10:55:00,2026-03-11T14:05:00,
VIE,BCN,2026/3/11,159.71,AF,PT5H25M,2026-03-11T06:50:00,2026-03-11T08:50:00,
VIE,BCN,2026/3/11,159.71,AF,PT6H5M,2026-03-11T17:00:00,2026-03-11T18:55:00,
VIE,BCN,2026/3/11,159.71,AF,PT6H50M,2026-03-11T12:15:00,2026-03-11T14:20:00,
VIE,BCN,2026/3/11,159.71,AF,PT9H40M,2026-03-11T06:50:00,2026-03-11T08:50:00,
VIE,BCN,2026/3/11,159.71,AF,PT10H50M,2026-03-11T12:15:00,2026-03-11T14:20:00,
VIE,BCN,2026/3/11,159.71,AF,PT15H35M,2026-03-11T18:50:00,2026-03-11T20:45:00,
VIE,BCN,2026/3/12,128.41,TP,PT7H55M,2026-03-12T12:25:00,2026-03-12T15:10:00,
VIE,BCN,2026/3/12,128.41,TP,PT11H20M,2026-03-12T12:25:00,2026-03-12T15:10:00,
VIE,BCN,2026/3/12,137.48,JU,PT12H15M,2026-03-12T20:50:00,2026-03-12T22:10:00,
VIE,BCN,2026/3/12,137.48,JU,PT22H55M,2026-03-12T20:50:00,2026-03-12T22:10:00,
VIE,BCN,2026/3/12,140.7,AF,PT4H55M,2026-03-12T06:15:00,2026-03-12T08:30:00,
VIE,BCN,2026/3/12,140.7,AF,PT7H45M,2026-03-12T06:15:00,2026-03-12T08:30:00,
VIE,BCN,2026/3/12,151.12,LO,PT22H20M,2026-03-12T19:25:00,2026-03-12T20:40:00,
VIE,BCN,2026/3/12,159.71,AF,PT5H25M,2026-03-12T06:50:00,2026-03-12T08:50:00,
VIE,BCN,2026/3/12,159.71,AF,PT6H10M,2026-03-12T16:55:00,2026-03-12T18:50:00,
VIE,BCN,2026/3/12,159.71,AF,PT6H50M,2026-03-12T12:15:00,2026-03-12T14:10:00,
VIE,BCN,2026/3/12,159.71,AF,PT9H40M,2026-03-12T06:50:00,2026-03-12T08:50:00,
VIE,BCN,2026/3/12,159.71,AF,PT10H50M,2026-03-12T12:15:00,2026-03-12T14:10:00,
VIE,BCN,2026/3/12,159.71,AF,PT15H35M,2026-03-12T18:50:00,2026-03-12T20:45:00,
VIE,BCN,2026/3/12,159.71,AF,PT17H25M,2026-03-12T18:50:00,2026-03-12T20:45:00,
VIE,BCN,2026/3/12,174.7,AF,PT4H40M,2026-03-12T12:25:00,2026-03-12T14:30:00,
VIE,BCN,2026/3/13,128.41,TP,PT7H55M,2026-03-13T12:25:00,2026-03-13T15:10:00,
VIE,BCN,2026/3/13,128.41,TP,PT11H20M,2026-03-13T12:25:00,2026-03-13T15:10:00,
VIE,BCN,2026/3/13,133.69,A3,PT15H55M,2026-03-13T18:30:00,2026-03-13T21:35:00,
VIE,BCN,2026/3/13,133.69,A3,PT22H40M,2026-03-13T18:30:00,2026-03-13T21:35:00,
VIE,BCN,2026/3/13,137.48,JU,PT4H45M,2026-03-13T15:00:00,2026-03-13T16:20:00,
VIE,BCN,2026/3/13,137.48,JU,PT12H15M,2026-03-13T20:50:00,2026-03-13T22:10:00,
VIE,BCN,2026/3/13,137.48,JU,PT18H5M,2026-03-13T15:00:00,2026-03-13T16:20:00,
VIE,BCN,2026/3/13,151.12,LO,PT8H25M,2026-03-13T09:20:00,2026-03-13T10:35:00,
VIE,BCN,2026/3/13,157.48,JU,PT9H55M,2026-03-13T09:50:00,2026-03-13T11:10:00,
VIE,BCN,2026/3/13,159.71,AF,PT5H25M,2026-03-13T06:50:00,2026-03-13T08:50:00,
VIE,BCN,2026/3/13,159.71,AF,PT6H10M,2026-03-13T16:55:00,2026-03-13T18:50:00,
VIE,BCN,2026/3/13,159.71,AF,PT6H50M,2026-03-13T12:15:00,2026-03-13T14:20:00,
VIE,BCN,2026/3/13,159.71,AF,PT9H40M,2026-03-13T06:50:00,2026-03-13T08:50:00,
VIE,BCN,2026/3/13,159.71,AF,PT10H50M,2026-03-13T12:15:00,2026-03-13T14:20:00,
VIE,BCN,2026/3/13,159.71,AF,PT15H35M,2026-03-13T18:50:00,2026-03-13T20:45:00,
VIE,BCN,2026/3/14,128.41,TP,PT14H25M,2026-03-14T19:40:00,2026-03-14T22:20:00,
VIE,BCN,2026/3/14,128.41,TP,PT16H5M,2026-03-14T19:40:00,2026-03-14T22:20:00,
VIE,BCN,2026/3/14,133.69,A3,PT6H15M,2026-03-14T10:55:00,2026-03-14T14:05:00,
VIE,BCN,2026/3/14,140.7,AF,PT14H30M,2026-03-14T18:20:00,2026-03-14T20:30:00,
VIE,BCN,2026/3/14,142.04,AF,PT16H50M,2026-03-14T18:20:00,2026-03-14T20:30:00,
VIE,BCN,2026/3/14,143.71,AF,PT5H25M,2026-03-14T06:50:00,2026-03-14T08:50:00,
VIE,BCN,2026/3/14,143.71,AF,PT6H50M,2026-03-14T12:15:00,2026-03-14T14:10:00,
VIE,BCN,2026/3/14,143.71,AF,PT9H40M,2026-03-14T06:50:00,2026-03-14T08:50:00,
VIE,BCN,2026/3/14,143.71,AF,PT15H35M,2026-03-14T18:50:00,2026-03-14T20:45:00,
VIE,BCN,2026/3/14,143.71,AF,PT17H25M,2026-03-14T18:50:00,2026-03-14T20:45:00,
VIE,BCN,2026/3/14,143.71,AF,PT17H30M,2026-03-14T16:55:00,2026-03-14T18:50:00,
VIE,BCN,2026/3/14,157.48,JU,PT22H55M,2026-03-14T20:50:00,2026-03-14T22:10:00,
VIE,BCN,2026/3/14,199.69,A3,PT23H30M,2026-03-14T10:55:00,2026-03-14T14:05:00,
VIE,BCN,2026/3/14,218.7,AF,PT4H40M,2026-03-14T12:25:00,2026-03-14T14:30:00,
VIE,BCN,2026/3/14,218.7,AF,PT6H55M,2026-03-14T12:25:00,2026-03-14T14:30:00,
VIE,BCN,2026/3/15,120.97,IB,PT2H20M,2026-03-15T14:05:00,2026-03-15T16:25:00,
VIE,BCN,2026/3/15,120.97,VY,PT2H20M,2026-03-15T14:05:00,2026-03-15T16:25:00,
VIE,BCN,2026/3/15,133.69,A3,PT15H55M,2026-03-15T18:30:00,2026-03-15T21:35:00,
VIE,BCN,2026/3/15,133.69,A3,PT22H40M,2026-03-15T18:30:00,2026-03-15T21:35:00,
VIE,BCN,2026/3/15,137.48,JU,PT18H5M,2026-03-15T15:00:00,2026-03-15T16:20:00,
VIE,BCN,2026/3/15,143.71,AF,PT5H25M,2026-03-15T06:50:00,2026-03-15T08:50:00,
VIE,BCN,2026/3/15,143.71,AF,PT6H5M,2026-03-15T17:00:00,2026-03-15T18:55:00,
VIE,BCN,2026/3/15,143.71,AF,PT6H50M,2026-03-15T12:15:00,2026-03-15T14:10:00,
VIE,BCN,2026/3/15,143.71,AF,PT9H40M,2026-03-15T06:50:00,2026-03-15T08:50:00,
VIE,BCN,2026/3/15,143.71,AF,PT10H50M,2026-03-15T12:15:00,2026-03-15T14:10:00,
VIE,BCN,2026/3/15,143.71,AF,PT17H25M,2026-03-15T17:00:00,2026-03-15T18:55:00,
VIE,BCN,2026/3/15,157.48,JU,PT4H45M,2026-03-15T15:00:00,2026-03-15T16:20:00,
VIE,BCN,2026/3/15,157.48,JU,PT9H55M,2026-03-15T09:50:00,2026-03-15T11:10:00,
VIE,BCN,2026/3/15,185.54,IB,PT12H40M,2026-03-15T19:45:00,2026-03-15T22:55:00,
VIE,BCN,2026/3/15,189.38,LH,PT12H35M,2026-03-15T20:00:00,2026-03-15T21:15:00,
VIE,BCN,2026/3/16,133.69,A3,PT6H15M,2026-03-16T10:55:00,2026-03-16T14:05:00,
VIE,BCN,2026/3/16,133.69,A3,PT23H30M,2026-03-16T10:55:00,2026-03-16T14:05:00,
VIE,BCN,2026/3/16,137.26,DY,PT21H,2026-03-16T15:40:00,2026-03-16T17:55:00,
VIE,BCN,2026/3/16,137.48,JU,PT9H55M,2026-03-16T09:50:00,2026-03-16T11:10:00,
VIE,BCN,2026/3/16,140.7,AF,PT4H40M,2026-03-16T12:25:00,2026-03-16T14:30:00,
VIE,BCN,2026/3/16,140.7,AF,PT6H55M,2026-03-16T12:25:00,2026-03-16T14:30:00,
VIE,BCN,2026/3/16,140.7,AF,PT14H30M,2026-03-16T18:20:00,2026-03-16T20:30:00,
VIE,BCN,2026/3/16,143.71,AF,PT5H25M,2026-03-16T06:50:00,2026-03-16T08:50:00,
VIE,BCN,2026/3/16,143.71,AF,PT6H5M,2026-03-16T17:00:00,2026-03-16T18:55:00,
VIE,BCN,2026/3/16,143.71,AF,PT6H50M,2026-03-16T12:15:00,2026-03-16T14:10:00,
VIE,BCN,2026/3/16,143.71,AF,PT9H40M,2026-03-16T06:50:00,2026-03-16T08:50:00,
VIE,BCN,2026/3/16,143.71,AF,PT10H50M,2026-03-16T12:15:00,2026-03-16T14:10:00,
VIE,BCN,2026/3/16,143.71,AF,PT15H35M,2026-03-16T18:50:00,2026-03-16T20:45:00,
VIE,BCN,2026/3/16,143.71,AF,PT17H25M,2026-03-16T17:00:00,2026-03-16T18:55:00,
VIE,BCN,2026/3/16,143.71,AF,PT17H25M,2026-03-16T18:50:00,2026-03-16T20:45:00,
VIE,BCN,2026/3/17,136.12,LO,PT22H20M,2026-03-17T19:25:00,2026-03-17T20:40:00,
VIE,BCN,2026/3/17,143.71,AF,PT5H25M,2026-03-17T06:50:00,2026-03-17T08:50:00,
VIE,BCN,2026/3/17,143.71,AF,PT6H5M,2026-03-17T17:00:00,2026-03-17T18:55:00,
VIE,BCN,2026/3/17,143.71,AF,PT6H50M,2026-03-17T12:15:00,2026-03-17T14:10:00,
VIE,BCN,2026/3/17,143.71,AF,PT9H40M,2026-03-17T06:50:00,2026-03-17T08:50:00,
VIE,BCN,2026/3/17,143.71,AF,PT10H50M,2026-03-17T12:15:00,2026-03-17T14:10:00,
VIE,BCN,2026/3/17,143.71,AF,PT15H35M,2026-03-17T18:50:00,2026-03-17T20:40:00,
VIE,BCN,2026/3/17,143.71,AF,PT17H25M,2026-03-17T17:00:00,2026-03-17T18:55:00,
VIE,BCN,2026/3/17,157.7,AF,PT4H55M,2026-03-17T06:15:00,2026-03-17T08:30:00,
VIE,BCN,2026/3/17,157.7,AF,PT7H45M,2026-03-17T06:15:00,2026-03-17T08:30:00,
VIE,BCN,2026/3/17,159.69,A3,PT6H15M,2026-03-17T10:55:00,2026-03-17T14:05:00,
VIE,BCN,2026/3/17,159.69,A3,PT23H30M,2026-03-17T10:55:00,2026-03-17T14:05:00,
VIE,BCN,2026/3/17,185.54,IB,PT5H50M,2026-03-17T12:20:00,2026-03-17T15:30:00,
VIE,BCN,2026/3/17,194.92,LH,PT16H20M,2026-03-17T20:25:00,2026-03-17T22:00:00,
VIE,BCN,2026/3/17,203.74,LH,PT18H15M,2026-03-17T14:45:00,2026-03-17T16:20:00,
VIE,BCN,2026/3/18,133.69,A3,PT6H15M,2026-03-18T10:55:00,2026-03-18T14:05:00,
VIE,BCN,2026/3/18,136.12,LO,PT8H25M,2026-03-18T09:20:00,2026-03-18T10:35:00,
VIE,BCN,2026/3/18,140.7,AF,PT4H40M,2026-03-18T12:25:00,2026-03-18T14:30:00,
VIE,BCN,2026/3/18,140.7,AF,PT6H55M,2026-03-18T12:25:00,2026-03-18T14:30:00,
VIE,BCN,2026/3/18,140.7,AF,PT14H30M,2026-03-18T18:20:00,2026-03-18T20:30:00,
VIE,BCN,2026/3/18,142.04,AF,PT16H50M,2026-03-18T18:20:00,2026-03-18T20:30:00,
VIE,BCN,2026/3/18,143.71,AF,PT5H25M,2026-03-18T06:50:00,2026-03-18T08:50:00,
VIE,BCN,2026/3/18,143.71,AF,PT6H5M,2026-03-18T17:00:00,2026-03-18T18:55:00,
VIE,BCN,2026/3/18,143.71,AF,PT6H50M,2026-03-18T12:15:00,2026-03-18T14:20:00,
VIE,BCN,2026/3/18,143.71,AF,PT9H40M,2026-03-18T06:50:00,2026-03-18T08:50:00,
VIE,BCN,2026/3/18,143.71,AF,PT10H50M,2026-03-18T12:15:00,2026-03-18T14:20:00,
VIE,BCN,2026/3/18,143.71,AF,PT15H35M,2026-03-18T18:50:00,2026-03-18T20:45:00,
VIE,BCN,2026/3/18,143.71,AF,PT17H25M,2026-03-18T17:00:00,2026-03-18T18:55:00,
VIE,BCN,2026/3/18,143.71,AF,PT17H25M,2026-03-18T18:50:00,2026-03-18T20:45:00,
VIE,BCN,2026/3/18,157.48,JU,PT12H15M,2026-03-18T20:50:00,2026-03-18T22:10:00,
VIE,BCN,2026/3/19,102.48,JU,PT22H55M,2026-03-19T20:50:00,2026-03-19T22:10:00,
VIE,BCN,2026/3/19,129.71,AF,PT5H25M,2026-03-19T06:50:00,2026-03-19T08:50:00,
VIE,BCN,2026/3/19,129.71,AF,PT6H10M,2026-03-19T16:55:00,2026-03-19T18:50:00,
VIE,BCN,2026/3/19,129.71,AF,PT6H50M,2026-03-19T12:15:00,2026-03-19T14:10:00,
VIE,BCN,2026/3/19,129.71,AF,PT9H40M,2026-03-19T06:50:00,2026-03-19T08:50:00,
VIE,BCN,2026/3/19,129.71,AF,PT10H50M,2026-03-19T12:15:00,2026-03-19T14:10:00,
VIE,BCN,2026/3/19,129.71,AF,PT15H35M,2026-03-19T18:50:00,2026-03-19T20:45:00,
VIE,BCN,2026/3/19,129.71,AF,PT17H25M,2026-03-19T18:50:00,2026-03-19T20:45:00,
VIE,BCN,2026/3/19,129.71,AF,PT17H30M,2026-03-19T16:55:00,2026-03-19T18:50:00,
VIE,BCN,2026/3/19,137.48,JU,PT12H15M,2026-03-19T20:50:00,2026-03-19T22:10:00,
VIE,BCN,2026/3/19,140.7,AF,PT4H40M,2026-03-19T12:25:00,2026-03-19T14:30:00,
VIE,BCN,2026/3/19,140.7,AF,PT4H55M,2026-03-19T06:15:00,2026-03-19T08:30:00,
VIE,BCN,2026/3/19,140.7,AF,PT6H55M,2026-03-19T12:25:00,2026-03-19T14:30:00,
VIE,BCN,2026/3/19,140.7,AF,PT7H45M,2026-03-19T06:15:00,2026-03-19T08:30:00,
VIE,BCN,2026/3/19,140.7,AF,PT14H30M,2026-03-19T18:20:00,2026-03-19T20:30:00,
LJU,BCN,2026/2/18,125.85,JU,PT23H20M,2026-02-18T09:45:00,2026-02-18T11:05:00,
LJU,BCN,2026/2/18,145.85,JU,PT10H,2026-02-18T09:45:00,2026-02-18T11:05:00,
LJU,BCN,2026/2/18,145.85,JU,PT12H20M,2026-02-18T20:45:00,2026-02-18T22:05:00,
LJU,BCN,2026/2/18,196.08,AF,PT10H15M,2026-02-18T12:50:00,2026-02-18T14:40:00,
LJU,BCN,2026/2/18,196.08,AF,PT21H35M,2026-02-18T12:50:00,2026-02-18T14:40:00,
LJU,BCN,2026/2/18,199.07,AF,PT6H55M,2026-02-18T12:25:00,2026-02-18T14:25:00,
LJU,BCN,2026/2/18,210.49,LO,PT20H50M,2026-02-18T13:45:00,2026-02-18T15:20:00,
LJU,BCN,2026/2/18,212.31,AF,PT10H40M,2026-02-18T12:25:00,2026-02-18T14:25:00,
LJU,BCN,2026/2/18,223.07,AF,PT10H30M,2026-02-18T12:25:00,2026-02-18T14:25:00,
LJU,BCN,2026/2/18,224.31,AF,PT10H40M,2026-02-18T12:25:00,2026-02-18T14:25:00,
LJU,BCN,2026/2/18,268.84,TK,PT7H45M,2026-02-18T09:20:00,2026-02-18T13:45:00,
LJU,BCN,2026/2/18,268.84,TK,PT14H30M,2026-02-18T09:20:00,2026-02-18T13:45:00,
LJU,BCN,2026/2/18,268.84,TK,PT14H55M,2026-02-18T19:35:00,2026-02-19T00:05:00,
LJU,BCN,2026/2/18,268.84,TK,PT17H50M,2026-02-18T19:35:00,2026-02-19T00:05:00,
LJU,BCN,2026/2/18,425.1,LH,PT4H45M,2026-02-18T10:00:00,2026-02-18T10:55:00,
LJU,BCN,2026/2/19,123.34,VY,PT2H10M,2026-02-19T15:15:00,2026-02-19T17:25:00,
LJU,BCN,2026/2/19,125.85,JU,PT12H20M,2026-02-19T20:45:00,2026-02-19T22:05:00,
LJU,BCN,2026/2/19,125.85,JU,PT23H20M,2026-02-19T09:45:00,2026-02-19T11:05:00,
LJU,BCN,2026/2/19,125.85,JU,PT23H,2026-02-19T20:45:00,2026-02-19T22:05:00,
LJU,BCN,2026/2/19,196.08,AF,PT10H15M,2026-02-19T12:50:00,2026-02-19T14:40:00,
LJU,BCN,2026/2/19,196.08,AF,PT21H35M,2026-02-19T12:50:00,2026-02-19T14:40:00,
LJU,BCN,2026/2/19,223.07,AF,PT6H55M,2026-02-19T12:25:00,2026-02-19T14:25:00,
LJU,BCN,2026/2/19,224.31,AF,PT10H40M,2026-02-19T12:25:00,2026-02-19T14:25:00,
LJU,BCN,2026/2/19,263.07,AF,PT10H30M,2026-02-19T12:25:00,2026-02-19T14:25:00,
LJU,BCN,2026/2/19,268.84,TK,PT7H45M,2026-02-19T09:20:00,2026-02-19T13:45:00,
LJU,BCN,2026/2/19,268.84,TK,PT14H30M,2026-02-19T09:20:00,2026-02-19T13:45:00,
LJU,BCN,2026/2/19,268.84,TK,PT15H10M,2026-02-19T19:35:00,2026-02-20T00:05:00,
LJU,BCN,2026/2/19,268.84,TK,PT21H50M,2026-02-19T19:35:00,2026-02-20T00:05:00,
LJU,BCN,2026/2/19,271.31,AF,PT10H40M,2026-02-19T12:25:00,2026-02-19T14:25:00,
LJU,BCN,2026/2/19,343.18,LH,PT5H25M,2026-02-19T06:35:00,2026-02-19T08:00:00,
LJU,BCN,2026/2/20,125.85,JU,PT4H50M,2026-02-20T14:55:00,2026-02-20T16:15:00,
LJU,BCN,2026/2/20,125.85,JU,PT12H20M,2026-02-20T20:45:00,2026-02-20T22:05:00,
LJU,BCN,2026/2/20,125.85,JU,PT18H10M,2026-02-20T14:55:00,2026-02-20T16:15:00,
LJU,BCN,2026/2/20,125.85,JU,PT10H45M,2026-02-20T09:00:00,2026-02-20T10:20:00,
LJU,BCN,2026/2/20,154.08,AF,PT21H35M,2026-02-20T12:50:00,2026-02-20T14:40:00,
LJU,BCN,2026/2/20,196.08,AF,PT10H15M,2026-02-20T12:50:00,2026-02-20T14:40:00,
LJU,BCN,2026/2/20,210.49,LO,PT20H50M,2026-02-20T13:45:00,2026-02-20T15:20:00,
LJU,BCN,2026/2/20,240.31,AF,PT10H40M,2026-02-20T12:25:00,2026-02-20T14:25:00,
LJU,BCN,2026/2/20,268.84,TK,PT8H5M,2026-02-20T09:20:00,2026-02-20T13:45:00,
LJU,BCN,2026/2/20,268.84,TK,PT14H30M,2026-02-20T09:20:00,2026-02-20T13:45:00,
LJU,BCN,2026/2/20,268.84,TK,PT14H55M,2026-02-20T19:35:00,2026-02-21T00:05:00,
LJU,BCN,2026/2/20,268.84,TK,PT17H50M,2026-02-20T19:35:00,2026-02-21T00:05:00,
LJU,BCN,2026/2/20,286.31,AF,PT10H40M,2026-02-20T12:25:00,2026-02-20T14:25:00,
LJU,BCN,2026/2/20,303.07,AF,PT6H55M,2026-02-20T12:25:00,2026-02-20T14:25:00,
LJU,BCN,2026/2/20,343.57,LH,PT12H15M,2026-02-20T20:10:00,2026-02-20T21:05:00,
LJU,BCN,2026/2/21,125.85,JU,PT23H,2026-02-21T20:45:00,2026-02-21T22:05:00,
LJU,BCN,2026/2/21,208.08,AF,PT6H15M,2026-02-21T12:50:00,2026-02-21T14:40:00,
LJU,BCN,2026/2/21,208.08,AF,PT21H35M,2026-02-21T12:50:00,2026-02-21T14:40:00,
LJU,BCN,2026/2/21,210.49,LO,PT24H35M,2026-02-21T17:10:00,2026-02-21T18:45:00,
LJU,BCN,2026/2/21,224.62,AF,PT22H,2026-02-21T12:25:00,2026-02-21T14:25:00,
LJU,BCN,2026/2/21,268.84,TK,PT7H45M,2026-02-21T09:20:00,2026-02-21T13:45:00,
LJU,BCN,2026/2/21,268.84,TK,PT14H30M,2026-02-21T09:20:00,2026-02-21T13:45:00,
LJU,BCN,2026/2/21,268.84,TK,PT15H10M,2026-02-21T19:35:00,2026-02-22T00:05:00,
LJU,BCN,2026/2/21,268.84,TK,PT17H50M,2026-02-21T19:35:00,2026-02-22T00:05:00,
LJU,BCN,2026/2/21,282.03,JU,PT22H50M,2026-02-21T20:55:00,2026-02-21T22:35:00,
LJU,BCN,2026/2/21,282.03,JU,PT22H50M,2026-02-21T20:55:00,2026-02-21T22:35:00,
LJU,BCN,2026/2/21,286.31,AF,PT22H,2026-02-21T12:25:00,2026-02-21T14:25:00,
LJU,BCN,2026/2/21,303.07,AF,PT6H55M,2026-02-21T12:25:00,2026-02-21T14:25:00,
LJU,BCN,2026/2/21,303.07,AF,PT10H30M,2026-02-21T12:25:00,2026-02-21T14:25:00,
LJU,BCN,2026/2/21,335.1,LH,PT5H,2026-02-21T09:45:00,2026-02-21T10:40:00,
LJU,BCN,2026/2/22,123.34,VY,PT2H10M,2026-02-22T16:00:00,2026-02-22T18:10:00,
LJU,BCN,2026/2/22,125.85,JU,PT4H50M,2026-02-22T14:55:00,2026-02-22T16:15:00,
LJU,BCN,2026/2/22,125.85,JU,PT10H,2026-02-22T09:45:00,2026-02-22T11:05:00,
LJU,BCN,2026/2/22,125.85,JU,PT12H20M,2026-02-22T20:45:00,2026-02-22T22:05:00,
LJU,BCN,2026/2/22,125.85,JU,PT18H10M,2026-02-22T14:55:00,2026-02-22T16:15:00,
LJU,BCN,2026/2/22,196.08,AF,PT6H15M,2026-02-22T12:50:00,2026-02-22T14:40:00,
LJU,BCN,2026/2/22,196.08,AF,PT10H15M,2026-02-22T12:50:00,2026-02-22T14:40:00,
LJU,BCN,2026/2/22,240.31,AF,PT10H40M,2026-02-22T12:25:00,2026-02-22T14:25:00,
LJU,BCN,2026/2/22,249.49,LO,PT28H,2026-02-22T13:45:00,2026-02-22T15:20:00,
LJU,BCN,2026/2/22,254.31,AF,PT10H40M,2026-02-22T12:25:00,2026-02-22T14:25:00,
LJU,BCN,2026/2/22,263.07,AF,PT6H55M,2026-02-22T12:25:00,2026-02-22T14:25:00,
LJU,BCN,2026/2/22,263.07,AF,PT10H30M,2026-02-22T12:25:00,2026-02-22T14:25:00,
LJU,BCN,2026/2/22,268.84,TK,PT8H5M,2026-02-22T09:20:00,2026-02-22T13:45:00,
LJU,BCN,2026/2/22,268.84,TK,PT14H30M,2026-02-22T09:20:00,2026-02-22T13:45:00,
LJU,BCN,2026/2/22,268.84,TK,PT15H10M,2026-02-22T19:35:00,2026-02-23T00:05:00,
LJU,BCN,2026/2/23,100.85,JU,PT4H50M,2026-02-23T14:55:00,2026-02-23T16:15:00,
LJU,BCN,2026/2/23,100.85,JU,PT10H,2026-02-23T09:45:00,2026-02-23T11:05:00,
LJU,BCN,2026/2/23,170.85,JU,PT12H20M,2026-02-23T20:45:00,2026-02-23T22:05:00,
LJU,BCN,2026/2/23,170.85,JU,PT18H10M,2026-02-23T14:55:00,2026-02-23T16:15:00,
LJU,BCN,2026/2/23,180.08,AF,PT6H15M,2026-02-23T12:50:00,2026-02-23T14:40:00,
LJU,BCN,2026/2/23,180.08,AF,PT10H15M,2026-02-23T12:50:00,2026-02-23T14:40:00,
LJU,BCN,2026/2/23,210.49,LO,PT20H50M,2026-02-23T13:45:00,2026-02-23T15:20:00,
LJU,BCN,2026/2/23,223.07,AF,PT6H55M,2026-02-23T12:25:00,2026-02-23T14:25:00,
LJU,BCN,2026/2/23,223.07,AF,PT10H30M,2026-02-23T12:25:00,2026-02-23T14:25:00,
LJU,BCN,2026/2/23,268.84,TK,PT7H45M,2026-02-23T09:20:00,2026-02-23T13:45:00,
LJU,BCN,2026/2/23,268.84,TK,PT14H30M,2026-02-23T09:20:00,2026-02-23T13:45:00,
LJU,BCN,2026/2/23,268.84,TK,PT15H10M,2026-02-23T19:35:00,2026-02-24T00:05:00,
LJU,BCN,2026/2/23,268.84,TK,PT17H50M,2026-02-23T19:35:00,2026-02-24T00:05:00,
LJU,BCN,2026/2/23,271.31,AF,PT10H40M,2026-02-23T12:25:00,2026-02-23T14:25:00,
LJU,BCN,2026/2/23,271.31,AF,PT10H40M,2026-02-23T12:25:00,2026-02-23T14:25:00,
LJU,BCN,2026/2/24,145.85,JU,PT23H,2026-02-24T20:45:00,2026-02-24T22:05:00,
LJU,BCN,2026/2/24,180.08,AF,PT6H15M,2026-02-24T12:50:00,2026-02-24T14:40:00,
LJU,BCN,2026/2/24,180.08,AF,PT10H15M,2026-02-24T12:50:00,2026-02-24T14:40:00,
LJU,BCN,2026/2/24,210.49,LO,PT24H35M,2026-02-24T17:10:00,2026-02-24T18:45:00,
LJU,BCN,2026/2/24,268.84,TK,PT7H45M,2026-02-24T09:20:00,2026-02-24T13:45:00,
LJU,BCN,2026/2/24,268.84,TK,PT14H30M,2026-02-24T09:20:00,2026-02-24T13:45:00,
LJU,BCN,2026/2/24,268.84,TK,PT15H10M,2026-02-24T19:35:00,2026-02-25T00:05:00,
LJU,BCN,2026/2/24,268.84,TK,PT21H30M,2026-02-24T19:35:00,2026-02-25T00:05:00,
LJU,BCN,2026/2/24,320.03,JU,PT22H50M,2026-02-24T20:55:00,2026-02-24T22:35:00,
LJU,BCN,2026/2/24,320.03,JU,PT22H50M,2026-02-24T20:55:00,2026-02-24T22:35:00,
LJU,BCN,2026/2/24,335.1,LH,PT4H15M,2026-02-24T13:20:00,2026-02-24T14:15:00,
LJU,BCN,2026/2/24,335.1,LH,PT9H45M,2026-02-24T13:20:00,2026-02-24T14:15:00,
LJU,BCN,2026/2/24,340.41,LX,PT4H5M,2026-02-24T14:55:00,2026-02-24T16:10:00,
LJU,BCN,2026/2/24,340.41,LX,PT8H5M,2026-02-24T14:55:00,2026-02-24T16:10:00,
LJU,BCN,2026/2/24,343.18,LH,PT5H45M,2026-02-24T10:35:00,2026-02-24T12:00:00,
LJU,BCN,2026/2/25,125.85,JU,PT23H20M,2026-02-25T09:45:00,2026-02-25T11:05:00,
LJU,BCN,2026/2/25,145.85,JU,PT10H,2026-02-25T09:45:00,2026-02-25T11:05:00,
LJU,BCN,2026/2/25,145.85,JU,PT12H20M,2026-02-25T20:45:00,2026-02-25T22:05:00,
LJU,BCN,2026/2/25,180.08,AF,PT6H15M,2026-02-25T12:50:00,2026-02-25T14:40:00,
LJU,BCN,2026/2/25,180.08,AF,PT10H15M,2026-02-25T12:50:00,2026-02-25T14:40:00,
LJU,BCN,2026/2/25,196.31,AF,PT10H40M,2026-02-25T12:25:00,2026-02-25T14:25:00,
LJU,BCN,2026/2/25,196.31,AF,PT10H40M,2026-02-25T12:25:00,2026-02-25T14:25:00,
LJU,BCN,2026/2/25,199.07,AF,PT6H55M,2026-02-25T12:25:00,2026-02-25T14:25:00,
LJU,BCN,2026/2/25,199.07,AF,PT10H30M,2026-02-25T12:25:00,2026-02-25T14:25:00,
LJU,BCN,2026/2/25,210.49,LO,PT20H50M,2026-02-25T13:45:00,2026-02-25T15:20:00,
LJU,BCN,2026/2/25,268.84,TK,PT7H45M,2026-02-25T09:20:00,2026-02-25T13:45:00,
LJU,BCN,2026/2/25,268.84,TK,PT14H30M,2026-02-25T09:20:00,2026-02-25T13:45:00,
LJU,BCN,2026/2/25,268.84,TK,PT14H55M,2026-02-25T19:35:00,2026-02-26T00:05:00,
LJU,BCN,2026/2/25,268.84,TK,PT17H50M,2026-02-25T19:35:00,2026-02-26T00:05:00,
LJU,BCN,2026/2/25,335.1,LH,PT4H45M,2026-02-25T10:00:00,2026-02-25T10:55:00,
LJU,BCN,2026/2/26,93.85,JU,PT12H20M,2026-02-26T20:45:00,2026-02-26T22:05:00,
LJU,BCN,2026/2/26,93.85,JU,PT23H20M,2026-02-26T09:45:00,2026-02-26T11:05:00,
LJU,BCN,2026/2/26,123.34,VY,PT2H10M,2026-02-26T15:15:00,2026-02-26T17:25:00,
LJU,BCN,2026/2/26,125.85,JU,PT23H,2026-02-26T20:45:00,2026-02-26T22:05:00,
LJU,BCN,2026/2/26,180.08,AF,PT6H15M,2026-02-26T12:50:00,2026-02-26T14:40:00,
LJU,BCN,2026/2/26,180.08,AF,PT10H15M,2026-02-26T12:50:00,2026-02-26T14:40:00,
LJU,BCN,2026/2/26,212.31,AF,PT10H40M,2026-02-26T12:25:00,2026-02-26T14:25:00,
LJU,BCN,2026/2/26,212.31,AF,PT10H40M,2026-02-26T12:25:00,2026-02-26T14:25:00,
LJU,BCN,2026/2/26,223.07,AF,PT6H55M,2026-02-26T12:25:00,2026-02-26T14:25:00,
LJU,BCN,2026/2/26,223.07,AF,PT10H30M,2026-02-26T12:25:00,2026-02-26T14:25:00,
LJU,BCN,2026/2/26,268.84,TK,PT7H45M,2026-02-26T09:20:00,2026-02-26T13:45:00,
LJU,BCN,2026/2/26,268.84,TK,PT14H30M,2026-02-26T09:20:00,2026-02-26T13:45:00,
LJU,BCN,2026/2/26,268.84,TK,PT15H10M,2026-02-26T19:35:00,2026-02-27T00:05:00,
LJU,BCN,2026/2/26,268.84,TK,PT21H50M,2026-02-26T19:35:00,2026-02-27T00:05:00,
LJU,BCN,2026/2/26,335.1,LH,PT9H45M,2026-02-26T13:20:00,2026-02-26T14:15:00,
LJU,BCN,2026/2/27,125.85,JU,PT4H50M,2026-02-27T14:55:00,2026-02-27T16:15:00,
LJU,BCN,2026/2/27,125.85,JU,PT12H20M,2026-02-27T20:45:00,2026-02-27T22:05:00,
LJU,BCN,2026/2/27,125.85,JU,PT18H10M,2026-02-27T14:55:00,2026-02-27T16:15:00,
LJU,BCN,2026/2/27,125.85,JU,PT10H45M,2026-02-27T09:00:00,2026-02-27T10:20:00,
LJU,BCN,2026/2/27,169.08,AF,PT6H15M,2026-02-27T12:50:00,2026-02-27T14:40:00,
LJU,BCN,2026/2/27,169.08,AF,PT10H15M,2026-02-27T12:50:00,2026-02-27T14:40:00,
LJU,BCN,2026/2/27,210.49,LO,PT20H50M,2026-02-27T13:45:00,2026-02-27T15:20:00,
LJU,BCN,2026/2/27,240.31,AF,PT10H40M,2026-02-27T12:25:00,2026-02-27T14:25:00,
LJU,BCN,2026/2/27,240.31,AF,PT10H40M,2026-02-27T12:25:00,2026-02-27T14:25:00,
LJU,BCN,2026/2/27,263.07,AF,PT6H55M,2026-02-27T12:25:00,2026-02-27T14:25:00,
LJU,BCN,2026/2/27,263.07,AF,PT10H30M,2026-02-27T12:25:00,2026-02-27T14:25:00,
LJU,BCN,2026/2/27,268.84,TK,PT8H5M,2026-02-27T09:20:00,2026-02-27T13:45:00,
LJU,BCN,2026/2/27,268.84,TK,PT14H55M,2026-02-27T19:35:00,2026-02-28T00:05:00,
LJU,BCN,2026/2/27,268.84,TK,PT17H50M,2026-02-27T19:35:00,2026-02-28T00:05:00,
LJU,BCN,2026/2/27,298.1,LH,PT5H,2026-02-27T09:45:00,2026-02-27T10:40:00,
LJU,BCN,2026/2/28,125.85,JU,PT23H,2026-02-28T20:45:00,2026-02-28T22:05:00,
LJU,BCN,2026/2/28,169.31,AF,PT22H,2026-02-28T12:25:00,2026-02-28T14:25:00,
LJU,BCN,2026/2/28,169.62,AF,PT22H,2026-02-28T12:25:00,2026-02-28T14:25:00,
LJU,BCN,2026/2/28,196.08,AF,PT6H15M,2026-02-28T12:50:00,2026-02-28T14:40:00,
LJU,BCN,2026/2/28,196.08,AF,PT21H35M,2026-02-28T12:50:00,2026-02-28T14:40:00,
LJU,BCN,2026/2/28,210.49,LO,PT24H35M,2026-02-28T17:10:00,2026-02-28T18:45:00,
LJU,BCN,2026/2/28,268.84,TK,PT7H45M,2026-02-28T09:20:00,2026-02-28T13:45:00,
LJU,BCN,2026/2/28,268.84,TK,PT14H30M,2026-02-28T09:20:00,2026-02-28T13:45:00,
LJU,BCN,2026/2/28,268.84,TK,PT15H10M,2026-02-28T19:35:00,2026-03-01T00:05:00,
LJU,BCN,2026/2/28,268.84,TK,PT17H50M,2026-02-28T19:35:00,2026-03-01T00:05:00,
LJU,BCN,2026/2/28,282.03,JU,PT22H50M,2026-02-28T20:55:00,2026-02-28T22:35:00,
LJU,BCN,2026/2/28,282.03,JU,PT22H50M,2026-02-28T20:55:00,2026-02-28T22:35:00,
LJU,BCN,2026/2/28,298.1,LH,PT5H,2026-02-28T09:45:00,2026-02-28T10:40:00,
LJU,BCN,2026/2/28,298.1,LH,PT7H50M,2026-02-28T09:45:00,2026-02-28T10:40:00,
LJU,BCN,2026/2/28,303.41,LX,PT4H10M,2026-02-28T14:50:00,2026-02-28T16:05:00,
LJU,BCN,2026/3/1,93.85,JU,PT12H20M,2026-03-01T20:45:00,2026-03-01T22:05:00,
LJU,BCN,2026/3/1,93.85,JU,PT18H10M,2026-03-01T14:55:00,2026-03-01T16:15:00,
LJU,BCN,2026/3/1,123.34,VY,PT2H10M,2026-03-01T16:00:00,2026-03-01T18:10:00,
LJU,BCN,2026/3/1,125.85,JU,PT4H50M,2026-03-01T14:55:00,2026-03-01T16:15:00,
LJU,BCN,2026/3/1,125.85,JU,PT10H,2026-03-01T09:45:00,2026-03-01T11:05:00,
LJU,BCN,2026/3/1,172.08,AF,PT6H15M,2026-03-01T12:50:00,2026-03-01T14:40:00,
LJU,BCN,2026/3/1,172.08,AF,PT10H15M,2026-03-01T12:50:00,2026-03-01T14:40:00,
LJU,BCN,2026/3/1,210.49,LO,PT28H,2026-03-01T13:45:00,2026-03-01T15:20:00,
LJU,BCN,2026/3/1,212.31,AF,PT10H40M,2026-03-01T12:25:00,2026-03-01T14:25:00,
LJU,BCN,2026/3/1,240.31,AF,PT10H40M,2026-03-01T12:25:00,2026-03-01T14:25:00,
LJU,BCN,2026/3/1,268.84,TK,PT8H5M,2026-03-01T09:20:00,2026-03-01T13:45:00,
LJU,BCN,2026/3/1,268.84,TK,PT14H30M,2026-03-01T09:20:00,2026-03-01T13:45:00,
LJU,BCN,2026/3/1,268.84,TK,PT15H10M,2026-03-01T19:35:00,2026-03-02T00:05:00,
LJU,BCN,2026/3/1,268.84,TK,PT21H30M,2026-03-01T19:35:00,2026-03-02T00:05:00,
LJU,BCN,2026/3/1,298.1,LH,PT5H,2026-03-01T09:45:00,2026-03-01T10:40:00,
LJU,BCN,2026/3/2,107.06,A3,PT25H55M,2026-03-02T15:15:00,2026-03-02T18:10:00,
LJU,BCN,2026/3/2,125.85,JU,PT4H50M,2026-03-02T14:55:00,2026-03-02T16:15:00,
LJU,BCN,2026/3/2,125.85,JU,PT10H,2026-03-02T09:45:00,2026-03-02T11:05:00,
LJU,BCN,2026/3/2,169.08,AF,PT6H15M,2026-03-02T12:50:00,2026-03-02T14:40:00,
LJU,BCN,2026/3/2,169.08,AF,PT10H15M,2026-03-02T12:50:00,2026-03-02T14:40:00,
LJU,BCN,2026/3/2,170.85,JU,PT12H20M,2026-03-02T20:45:00,2026-03-02T22:05:00,
LJU,BCN,2026/3/2,170.85,JU,PT18H10M,2026-03-02T14:55:00,2026-03-02T16:15:00,
LJU,BCN,2026/3/2,185.17,A3,PT25H50M,2026-03-02T15:15:00,2026-03-02T18:10:00,
LJU,BCN,2026/3/2,186.31,AF,PT10H40M,2026-03-02T12:25:00,2026-03-02T14:25:00,
LJU,BCN,2026/3/2,210.49,LO,PT20H50M,2026-03-02T13:45:00,2026-03-02T15:20:00,
LJU,BCN,2026/3/2,211.17,A3,PT25H50M,2026-03-02T15:15:00,2026-03-02T18:10:00,
LJU,BCN,2026/3/2,212.31,AF,PT10H40M,2026-03-02T12:25:00,2026-03-02T14:25:00,
LJU,BCN,2026/3/2,240.17,A3,PT25H50M,2026-03-02T15:15:00,2026-03-02T18:10:00,
LJU,BCN,2026/3/2,243.06,A3,PT19H10M,2026-03-02T15:15:00,2026-03-02T18:10:00,
LJU,BCN,2026/3/2,268.84,TK,PT7H45M,2026-03-02T09:20:00,2026-03-02T13:45:00,
LJU,BCN,2026/3/3,169.08,AF,PT6H15M,2026-03-03T12:50:00,2026-03-03T14:40:00,
LJU,BCN,2026/3/3,169.08,AF,PT10H15M,2026-03-03T12:50:00,2026-03-03T14:40:00,
LJU,BCN,2026/3/3,200.85,JU,PT23H,2026-03-03T20:45:00,2026-03-03T22:05:00,
LJU,BCN,2026/3/3,210.49,LO,PT24H35M,2026-03-03T17:10:00,2026-03-03T18:45:00,
LJU,BCN,2026/3/3,268.84,TK,PT7H45M,2026-03-03T09:20:00,2026-03-03T13:45:00,
LJU,BCN,2026/3/3,268.84,TK,PT14H30M,2026-03-03T09:20:00,2026-03-03T13:45:00,
LJU,BCN,2026/3/3,268.84,TK,PT15H10M,2026-03-03T19:35:00,2026-03-04T00:05:00,
LJU,BCN,2026/3/3,268.84,TK,PT21H30M,2026-03-03T19:35:00,2026-03-04T00:05:00,
LJU,BCN,2026/3/3,298.1,LH,PT4H15M,2026-03-03T13:20:00,2026-03-03T14:15:00,
LJU,BCN,2026/3/3,298.1,LH,PT9H45M,2026-03-03T13:20:00,2026-03-03T14:15:00,
LJU,BCN,2026/3/3,303.41,LX,PT4H5M,2026-03-03T14:55:00,2026-03-03T16:10:00,
LJU,BCN,2026/3/3,303.41,LX,PT7H35M,2026-03-03T06:30:00,2026-03-03T07:50:00,
LJU,BCN,2026/3/3,303.41,LX,PT8H5M,2026-03-03T14:55:00,2026-03-03T16:10:00,
LJU,BCN,2026/3/3,303.41,LX,PT12H30M,2026-03-03T06:30:00,2026-03-03T07:50:00,
LJU,BCN,2026/3/3,306.18,LH,PT5H25M,2026-03-03T06:35:00,2026-03-03T08:00:00,
LJU,BCN,2026/3/4,145.85,JU,PT23H20M,2026-03-04T09:45:00,2026-03-04T11:05:00,
LJU,BCN,2026/3/4,154.08,AF,PT6H15M,2026-03-04T12:50:00,2026-03-04T14:40:00,
LJU,BCN,2026/3/4,154.08,AF,PT10H15M,2026-03-04T12:50:00,2026-03-04T14:40:00,
LJU,BCN,2026/3/4,170.85,JU,PT12H20M,2026-03-04T20:45:00,2026-03-04T22:05:00,
LJU,BCN,2026/3/4,177.07,AF,PT6H55M,2026-03-04T12:25:00,2026-03-04T14:25:00,
LJU,BCN,2026/3/4,177.07,AF,PT10H30M,2026-03-04T12:25:00,2026-03-04T14:25:00,
LJU,BCN,2026/3/4,200.85,JU,PT10H,2026-03-04T09:45:00,2026-03-04T11:05:00,
LJU,BCN,2026/3/4,210.49,LO,PT20H50M,2026-03-04T13:45:00,2026-03-04T15:20:00,
LJU,BCN,2026/3/4,212.31,AF,PT10H40M,2026-03-04T12:25:00,2026-03-04T14:25:00,
LJU,BCN,2026/3/4,240.31,AF,PT10H40M,2026-03-04T12:25:00,2026-03-04T14:25:00,
LJU,BCN,2026/3/4,265.41,LX,PT4H5M,2026-03-04T14:55:00,2026-03-04T16:10:00,
LJU,BCN,2026/3/4,265.41,LX,PT7H35M,2026-03-04T06:30:00,2026-03-04T07:50:00,
LJU,BCN,2026/3/4,265.41,LX,PT8H5M,2026-03-04T14:55:00,2026-03-04T16:10:00,
LJU,BCN,2026/3/4,265.41,LX,PT12H30M,2026-03-04T06:30:00,2026-03-04T07:50:00,
LJU,BCN,2026/3/4,268.18,LH,PT5H20M,2026-03-04T06:35:00,2026-03-04T08:00:00,
LJU,BCN,2026/3/5,123.34,VY,PT2H10M,2026-03-05T15:15:00,2026-03-05T17:25:00,
LJU,BCN,2026/3/5,125.85,JU,PT12H20M,2026-03-05T20:45:00,2026-03-05T22:05:00,
LJU,BCN,2026/3/5,125.85,JU,PT23H,2026-03-05T20:45:00,2026-03-05T22:05:00,
LJU,BCN,2026/3/5,125.85,JU,PT23H20M,2026-03-05T09:45:00,2026-03-05T11:05:00,
LJU,BCN,2026/3/5,154.08,AF,PT6H15M,2026-03-05T12:50:00,2026-03-05T14:40:00,
LJU,BCN,2026/3/5,154.08,AF,PT10H15M,2026-03-05T12:50:00,2026-03-05T14:40:00,
LJU,BCN,2026/3/5,223.07,AF,PT6H55M,2026-03-05T12:25:00,2026-03-05T14:25:00,
LJU,BCN,2026/3/5,223.07,AF,PT10H30M,2026-03-05T12:25:00,2026-03-05T14:25:00,
LJU,BCN,2026/3/5,240.31,AF,PT10H40M,2026-03-05T12:25:00,2026-03-05T14:25:00,
LJU,BCN,2026/3/5,260.1,LH,PT4H15M,2026-03-05T13:20:00,2026-03-05T14:15:00,
LJU,BCN,2026/3/5,260.1,LH,PT9H45M,2026-03-05T13:20:00,2026-03-05T14:15:00,
LJU,BCN,2026/3/5,265.41,LX,PT4H35M,2026-03-05T14:25:00,2026-03-05T15:40:00,
LJU,BCN,2026/3/5,265.41,LX,PT7H35M,2026-03-05T06:30:00,2026-03-05T07:50:00,
LJU,BCN,2026/3/5,265.41,LX,PT8H35M,2026-03-05T14:25:00,2026-03-05T15:40:00,
LJU,BCN,2026/3/5,265.41,LX,PT12H30M,2026-03-05T06:30:00,2026-03-05T07:50:00,
LJU,BCN,2026/3/6,107.06,A3,PT28H35M,2026-03-06T12:35:00,2026-03-06T15:30:00,
LJU,BCN,2026/3/6,123.06,A3,PT21H50M,2026-03-06T12:35:00,2026-03-06T15:30:00,
LJU,BCN,2026/3/6,125.85,JU,PT4H50M,2026-03-06T14:55:00,2026-03-06T16:15:00,
LJU,BCN,2026/3/6,125.85,JU,PT18H10M,2026-03-06T14:55:00,2026-03-06T16:15:00,
LJU,BCN,2026/3/6,125.85,JU,PT10H45M,2026-03-06T09:00:00,2026-03-06T10:20:00,
LJU,BCN,2026/3/6,125.85,JU,PT12H20M,2026-03-06T20:45:00,2026-03-06T22:05:00,
LJU,BCN,2026/3/6,154.08,AF,PT6H15M,2026-03-06T12:50:00,2026-03-06T14:40:00,
LJU,BCN,2026/3/6,154.08,AF,PT10H15M,2026-03-06T12:50:00,2026-03-06T14:40:00,
LJU,BCN,2026/3/6,185.17,A3,PT28H20M,2026-03-06T12:35:00,2026-03-06T15:30:00,
LJU,BCN,2026/3/6,185.17,A3,PT28H20M,2026-03-06T12:35:00,2026-03-06T15:30:00,
LJU,BCN,2026/3/6,185.17,A3,PT28H20M,2026-03-06T12:35:00,2026-03-06T15:30:00,
LJU,BCN,2026/3/6,198.07,AF,PT6H55M,2026-03-06T12:25:00,2026-03-06T14:25:00,
LJU,BCN,2026/3/6,198.07,AF,PT10H30M,2026-03-06T12:25:00,2026-03-06T14:25:00,
LJU,BCN,2026/3/6,210.49,LO,PT20H50M,2026-03-06T13:45:00,2026-03-06T15:20:00,
LJU,BCN,2026/3/6,211.17,A3,PT28H20M,2026-03-06T12:35:00,2026-03-06T15:30:00,
LJU,BCN,2026/3/7,117.08,AF,PT6H15M,2026-03-07T12:50:00,2026-03-07T14:40:00,
LJU,BCN,2026/3/7,117.08,AF,PT21H35M,2026-03-07T12:50:00,2026-03-07T14:40:00,
LJU,BCN,2026/3/7,125.85,JU,PT23H,2026-03-07T20:45:00,2026-03-07T22:05:00,
LJU,BCN,2026/3/7,186.62,AF,PT22H,2026-03-07T12:25:00,2026-03-07T14:25:00,
LJU,BCN,2026/3/7,198.07,AF,PT6H55M,2026-03-07T12:25:00,2026-03-07T14:25:00,
LJU,BCN,2026/3/7,198.07,AF,PT10H30M,2026-03-07T12:25:00,2026-03-07T14:25:00,
LJU,BCN,2026/3/7,210.49,LO,PT24H35M,2026-03-07T17:10:00,2026-03-07T18:45:00,
LJU,BCN,2026/3/7,212.31,AF,PT22H,2026-03-07T12:25:00,2026-03-07T14:25:00,
LJU,BCN,2026/3/7,260.1,LH,PT5H,2026-03-07T09:45:00,2026-03-07T10:40:00,
LJU,BCN,2026/3/7,260.1,LH,PT7H50M,2026-03-07T09:45:00,2026-03-07T10:40:00,
LJU,BCN,2026/3/7,265.41,LX,PT4H10M,2026-03-07T14:50:00,2026-03-07T16:05:00,
LJU,BCN,2026/3/7,265.41,LX,PT7H35M,2026-03-07T06:30:00,2026-03-07T07:50:00,
LJU,BCN,2026/3/7,265.41,LX,PT8H10M,2026-03-07T14:50:00,2026-03-07T16:05:00,
LJU,BCN,2026/3/7,265.41,LX,PT12H30M,2026-03-07T06:30:00,2026-03-07T07:50:00,
LJU,BCN,2026/3/7,268.18,LH,PT5H20M,2026-03-07T06:55:00,2026-03-07T08:20:00,
LJU,BCN,2026/3/8,123.34,VY,PT2H10M,2026-03-08T16:00:00,2026-03-08T18:10:00,
LJU,BCN,2026/3/8,125.85,JU,PT4H50M,2026-03-08T14:55:00,2026-03-08T16:15:00,
LJU,BCN,2026/3/8,125.85,JU,PT10H,2026-03-08T09:45:00,2026-03-08T11:05:00,
LJU,BCN,2026/3/8,125.85,JU,PT12H20M,2026-03-08T20:45:00,2026-03-08T22:05:00,
LJU,BCN,2026/3/8,125.85,JU,PT18H10M,2026-03-08T14:55:00,2026-03-08T16:15:00,
LJU,BCN,2026/3/8,154.08,AF,PT6H15M,2026-03-08T12:50:00,2026-03-08T14:40:00,
LJU,BCN,2026/3/8,154.08,AF,PT10H15M,2026-03-08T12:50:00,2026-03-08T14:40:00,
LJU,BCN,2026/3/8,210.49,LO,PT28H,2026-03-08T13:45:00,2026-03-08T15:20:00,
LJU,BCN,2026/3/8,223.07,AF,PT6H55M,2026-03-08T12:25:00,2026-03-08T14:25:00,
LJU,BCN,2026/3/8,223.07,AF,PT10H30M,2026-03-08T12:25:00,2026-03-08T14:25:00,
LJU,BCN,2026/3/8,240.31,AF,PT10H40M,2026-03-08T12:25:00,2026-03-08T14:25:00,
LJU,BCN,2026/3/8,260.1,LH,PT5H,2026-03-08T09:45:00,2026-03-08T10:40:00,
LJU,BCN,2026/3/8,260.1,LH,PT7H50M,2026-03-08T09:45:00,2026-03-08T10:40:00,
LJU,BCN,2026/3/8,265.41,LX,PT4H30M,2026-03-08T14:30:00,2026-03-08T15:45:00,
LJU,BCN,2026/3/8,265.41,LX,PT7H35M,2026-03-08T06:30:00,2026-03-08T07:50:00,
LJU,BCN,2026/3/9,107.06,A3,PT19H10M,2026-03-09T15:15:00,2026-03-09T18:10:00,
LJU,BCN,2026/3/9,107.06,A3,PT25H55M,2026-03-09T15:15:00,2026-03-09T18:10:00,
LJU,BCN,2026/3/9,125.85,JU,PT4H50M,2026-03-09T14:55:00,2026-03-09T16:15:00,
LJU,BCN,2026/3/9,125.85,JU,PT10H,2026-03-09T09:45:00,2026-03-09T11:05:00,
LJU,BCN,2026/3/9,154.08,AF,PT6H15M,2026-03-09T12:50:00,2026-03-09T14:40:00,
LJU,BCN,2026/3/9,154.08,AF,PT10H15M,2026-03-09T12:50:00,2026-03-09T14:40:00,
LJU,BCN,2026/3/9,185.17,A3,PT25H50M,2026-03-09T15:15:00,2026-03-09T18:10:00,
LJU,BCN,2026/3/9,200.85,JU,PT12H20M,2026-03-09T20:45:00,2026-03-09T22:05:00,
LJU,BCN,2026/3/9,200.85,JU,PT18H10M,2026-03-09T14:55:00,2026-03-09T16:15:00,
LJU,BCN,2026/3/9,210.49,LO,PT20H50M,2026-03-09T13:45:00,2026-03-09T15:20:00,
LJU,BCN,2026/3/9,223.07,AF,PT6H55M,2026-03-09T12:25:00,2026-03-09T14:25:00,
LJU,BCN,2026/3/9,223.07,AF,PT10H30M,2026-03-09T12:25:00,2026-03-09T14:25:00,
LJU,BCN,2026/3/9,235.41,LX,PT3H50M,2026-03-09T15:10:00,2026-03-09T16:25:00,
LJU,BCN,2026/3/9,235.41,LX,PT7H35M,2026-03-09T06:30:00,2026-03-09T07:50:00,
LJU,BCN,2026/3/9,235.41,LX,PT7H50M,2026-03-09T15:10:00,2026-03-09T16:25:00,
LJU,BCN,2026/3/10,137.08,AF,PT6H15M,2026-03-10T12:50:00,2026-03-10T14:40:00,
LJU,BCN,2026/3/10,137.08,AF,PT10H15M,2026-03-10T12:50:00,2026-03-10T14:40:00,
LJU,BCN,2026/3/10,200.85,JU,PT23H,2026-03-10T20:45:00,2026-03-10T22:05:00,
LJU,BCN,2026/3/10,210.49,LO,PT24H35M,2026-03-10T17:10:00,2026-03-10T18:45:00,
LJU,BCN,2026/3/10,230.1,LH,PT4H15M,2026-03-10T13:20:00,2026-03-10T14:15:00,
LJU,BCN,2026/3/10,230.1,LH,PT9H45M,2026-03-10T13:20:00,2026-03-10T14:15:00,
LJU,BCN,2026/3/10,235.41,LX,PT4H5M,2026-03-10T14:55:00,2026-03-10T16:10:00,
LJU,BCN,2026/3/10,235.41,LX,PT7H35M,2026-03-10T06:30:00,2026-03-10T07:50:00,
LJU,BCN,2026/3/10,235.41,LX,PT8H5M,2026-03-10T14:55:00,2026-03-10T16:10:00,
LJU,BCN,2026/3/10,235.41,LX,PT12H30M,2026-03-10T06:30:00,2026-03-10T07:50:00,
LJU,BCN,2026/3/10,238.18,LH,PT5H25M,2026-03-10T06:35:00,2026-03-10T08:00:00,
LJU,BCN,2026/3/10,238.18,LH,PT5H45M,2026-03-10T10:35:00,2026-03-10T12:00:00,
LJU,BCN,2026/3/10,238.18,LH,PT6H25M,2026-03-10T06:35:00,2026-03-10T08:00:00,
LJU,BCN,2026/3/10,238.18,LH,PT7H10M,2026-03-10T10:35:00,2026-03-10T12:00:00,
LJU,BCN,2026/3/10,268.84,TK,PT7H45M,2026-03-10T09:20:00,2026-03-10T13:45:00,
LJU,BCN,2026/3/11,137.08,AF,PT6H15M,2026-03-11T12:50:00,2026-03-11T14:40:00,
LJU,BCN,2026/3/11,137.08,AF,PT10H15M,2026-03-11T12:50:00,2026-03-11T14:40:00,
LJU,BCN,2026/3/11,145.85,JU,PT23H20M,2026-03-11T09:45:00,2026-03-11T11:05:00,
LJU,BCN,2026/3/11,170.85,JU,PT12H20M,2026-03-11T20:45:00,2026-03-11T22:05:00,
LJU,BCN,2026/3/11,200.85,JU,PT10H,2026-03-11T09:45:00,2026-03-11T11:05:00,
LJU,BCN,2026/3/11,210.49,LO,PT20H50M,2026-03-11T13:45:00,2026-03-11T15:20:00,
LJU,BCN,2026/3/11,235.41,LX,PT4H5M,2026-03-11T14:55:00,2026-03-11T16:10:00,
LJU,BCN,2026/3/11,235.41,LX,PT7H35M,2026-03-11T06:30:00,2026-03-11T07:50:00,
LJU,BCN,2026/3/11,235.41,LX,PT8H5M,2026-03-11T14:55:00,2026-03-11T16:10:00,
LJU,BCN,2026/3/11,235.41,LX,PT12H30M,2026-03-11T06:30:00,2026-03-11T07:50:00,
LJU,BCN,2026/3/11,238.18,LH,PT5H20M,2026-03-11T06:35:00,2026-03-11T08:00:00,
LJU,BCN,2026/3/11,238.18,LH,PT5H45M,2026-03-11T10:35:00,2026-03-11T12:00:00,
LJU,BCN,2026/3/11,238.18,LH,PT6H25M,2026-03-11T06:35:00,2026-03-11T08:00:00,
LJU,BCN,2026/3/11,238.18,LH,PT7H10M,2026-03-11T10:35:00,2026-03-11T12:00:00,
LJU,BCN,2026/3/11,240.31,AF,PT10H40M,2026-03-11T12:25:00,2026-03-11T14:25:00,
LJU,BCN,2026/3/12,123.34,VY,PT2H10M,2026-03-12T15:15:00,2026-03-12T17:25:00,
LJU,BCN,2026/3/12,125.85,JU,PT23H,2026-03-12T20:45:00,2026-03-12T22:05:00,
LJU,BCN,2026/3/12,125.85,JU,PT23H20M,2026-03-12T09:45:00,2026-03-12T11:05:00,
LJU,BCN,2026/3/12,137.08,AF,PT6H15M,2026-03-12T12:50:00,2026-03-12T14:40:00,
LJU,BCN,2026/3/12,137.08,AF,PT10H15M,2026-03-12T12:50:00,2026-03-12T14:40:00,
LJU,BCN,2026/3/12,144.07,AF,PT6H55M,2026-03-12T12:25:00,2026-03-12T14:25:00,
LJU,BCN,2026/3/12,144.07,AF,PT10H30M,2026-03-12T12:25:00,2026-03-12T14:25:00,
LJU,BCN,2026/3/12,145.85,JU,PT12H20M,2026-03-12T20:45:00,2026-03-12T22:05:00,
LJU,BCN,2026/3/12,153.31,AF,PT10H40M,2026-03-12T12:25:00,2026-03-12T14:25:00,
LJU,BCN,2026/3/12,153.31,AF,PT10H40M,2026-03-12T12:25:00,2026-03-12T14:25:00,
LJU,BCN,2026/3/12,230.1,LH,PT4H15M,2026-03-12T13:20:00,2026-03-12T14:15:00,
LJU,BCN,2026/3/12,230.1,LH,PT9H45M,2026-03-12T13:20:00,2026-03-12T14:15:00,
LJU,BCN,2026/3/12,235.41,LX,PT4H35M,2026-03-12T14:25:00,2026-03-12T15:40:00,
LJU,BCN,2026/3/12,235.41,LX,PT7H35M,2026-03-12T06:30:00,2026-03-12T07:50:00,
LJU,BCN,2026/3/12,235.41,LX,PT8H35M,2026-03-12T14:25:00,2026-03-12T15:40:00,
LJU,BCN,2026/3/13,107.06,A3,PT21H50M,2026-03-13T12:35:00,2026-03-13T15:30:00,
LJU,BCN,2026/3/13,107.06,A3,PT28H35M,2026-03-13T12:35:00,2026-03-13T15:30:00,
LJU,BCN,2026/3/13,125.85,JU,PT4H50M,2026-03-13T14:55:00,2026-03-13T16:15:00,
LJU,BCN,2026/3/13,125.85,JU,PT12H20M,2026-03-13T20:45:00,2026-03-13T22:05:00,
LJU,BCN,2026/3/13,125.85,JU,PT18H10M,2026-03-13T14:55:00,2026-03-13T16:15:00,
LJU,BCN,2026/3/13,125.85,JU,PT10H45M,2026-03-13T09:00:00,2026-03-13T10:20:00,
LJU,BCN,2026/3/13,137.08,AF,PT6H15M,2026-03-13T12:50:00,2026-03-13T14:40:00,
LJU,BCN,2026/3/13,137.08,AF,PT10H15M,2026-03-13T12:50:00,2026-03-13T14:40:00,
LJU,BCN,2026/3/13,185.17,A3,PT28H20M,2026-03-13T12:35:00,2026-03-13T15:30:00,
LJU,BCN,2026/3/13,185.17,A3,PT28H20M,2026-03-13T12:35:00,2026-03-13T15:30:00,
LJU,BCN,2026/3/13,186.31,AF,PT10H40M,2026-03-13T12:25:00,2026-03-13T14:25:00,
LJU,BCN,2026/3/13,188.31,AF,PT10H40M,2026-03-13T12:25:00,2026-03-13T14:25:00,
LJU,BCN,2026/3/13,210.49,LO,PT20H50M,2026-03-13T13:45:00,2026-03-13T15:20:00,
LJU,BCN,2026/3/13,211.17,A3,PT28H20M,2026-03-13T12:35:00,2026-03-13T15:30:00,
LJU,BCN,2026/3/13,223.07,AF,PT6H55M,2026-03-13T12:25:00,2026-03-13T14:25:00,
LJU,BCN,2026/3/14,117.08,AF,PT6H15M,2026-03-14T12:50:00,2026-03-14T14:40:00,
LJU,BCN,2026/3/14,117.08,AF,PT21H35M,2026-03-14T12:50:00,2026-03-14T14:40:00,
LJU,BCN,2026/3/14,125.85,JU,PT23H,2026-03-14T20:45:00,2026-03-14T22:05:00,
LJU,BCN,2026/3/14,133.31,AF,PT22H,2026-03-14T12:25:00,2026-03-14T14:25:00,
LJU,BCN,2026/3/14,133.62,AF,PT22H,2026-03-14T12:25:00,2026-03-14T14:25:00,
LJU,BCN,2026/3/14,177.07,AF,PT10H30M,2026-03-14T12:25:00,2026-03-14T14:25:00,
LJU,BCN,2026/3/14,198.07,AF,PT6H55M,2026-03-14T12:25:00,2026-03-14T14:25:00,
LJU,BCN,2026/3/14,204.49,LO,PT24H35M,2026-03-14T17:10:00,2026-03-14T18:45:00,
LJU,BCN,2026/3/14,230.1,LH,PT5H,2026-03-14T09:45:00,2026-03-14T10:40:00,
LJU,BCN,2026/3/14,230.1,LH,PT7H50M,2026-03-14T09:45:00,2026-03-14T10:40:00,
LJU,BCN,2026/3/14,235.41,LX,PT4H10M,2026-03-14T14:50:00,2026-03-14T16:05:00,
LJU,BCN,2026/3/14,235.41,LX,PT7H35M,2026-03-14T06:30:00,2026-03-14T07:50:00,
LJU,BCN,2026/3/14,235.41,LX,PT8H10M,2026-03-14T14:50:00,2026-03-14T16:05:00,
LJU,BCN,2026/3/14,235.41,LX,PT12H30M,2026-03-14T06:30:00,2026-03-14T07:50:00,
LJU,BCN,2026/3/14,238.18,LH,PT5H20M,2026-03-14T06:55:00,2026-03-14T08:20:00,
LJU,BCN,2026/3/15,123.08,AF,PT6H15M,2026-03-15T12:50:00,2026-03-15T14:40:00,
LJU,BCN,2026/3/15,123.08,AF,PT10H15M,2026-03-15T12:50:00,2026-03-15T14:40:00,
LJU,BCN,2026/3/15,123.34,VY,PT2H10M,2026-03-15T16:00:00,2026-03-15T18:10:00,
LJU,BCN,2026/3/15,125.85,JU,PT4H50M,2026-03-15T14:55:00,2026-03-15T16:15:00,
LJU,BCN,2026/3/15,125.85,JU,PT10H,2026-03-15T09:45:00,2026-03-15T11:05:00,
LJU,BCN,2026/3/15,145.85,JU,PT12H20M,2026-03-15T20:45:00,2026-03-15T22:05:00,
LJU,BCN,2026/3/15,145.85,JU,PT18H10M,2026-03-15T14:55:00,2026-03-15T16:15:00,
LJU,BCN,2026/3/15,159.07,AF,PT6H55M,2026-03-15T12:25:00,2026-03-15T14:25:00,
LJU,BCN,2026/3/15,188.31,AF,PT10H40M,2026-03-15T12:25:00,2026-03-15T14:25:00,
LJU,BCN,2026/3/15,198.07,AF,PT10H30M,2026-03-15T12:25:00,2026-03-15T14:25:00,
LJU,BCN,2026/3/15,212.31,AF,PT10H40M,2026-03-15T12:25:00,2026-03-15T14:25:00,
LJU,BCN,2026/3/15,230.1,LH,PT5H,2026-03-15T09:45:00,2026-03-15T10:40:00,
LJU,BCN,2026/3/15,230.1,LH,PT7H50M,2026-03-15T09:45:00,2026-03-15T10:40:00,
LJU,BCN,2026/3/15,235.41,LX,PT4H30M,2026-03-15T14:30:00,2026-03-15T15:45:00,
LJU,BCN,2026/3/15,235.41,LX,PT7H35M,2026-03-15T06:30:00,2026-03-15T07:50:00,
LJU,BCN,2026/3/16,88.85,JU,PT4H50M,2026-03-16T14:55:00,2026-03-16T16:15:00,
LJU,BCN,2026/3/16,88.85,JU,PT10H,2026-03-16T09:45:00,2026-03-16T11:05:00,
LJU,BCN,2026/3/16,107.06,A3,PT19H10M,2026-03-16T15:15:00,2026-03-16T18:10:00,
LJU,BCN,2026/3/16,107.06,A3,PT25H55M,2026-03-16T15:15:00,2026-03-16T18:10:00,
LJU,BCN,2026/3/16,154.08,AF,PT6H15M,2026-03-16T12:50:00,2026-03-16T14:40:00,
LJU,BCN,2026/3/16,154.08,AF,PT10H15M,2026-03-16T12:50:00,2026-03-16T14:40:00,
LJU,BCN,2026/3/16,170.85,JU,PT12H20M,2026-03-16T20:45:00,2026-03-16T22:05:00,
LJU,BCN,2026/3/16,170.85,JU,PT18H10M,2026-03-16T14:55:00,2026-03-16T16:15:00,
LJU,BCN,2026/3/16,185.17,A3,PT25H50M,2026-03-16T15:15:00,2026-03-16T18:10:00,
LJU,BCN,2026/3/16,198.07,AF,PT6H55M,2026-03-16T12:25:00,2026-03-16T14:25:00,
LJU,BCN,2026/3/16,198.07,AF,PT10H30M,2026-03-16T12:25:00,2026-03-16T14:25:00,
LJU,BCN,2026/3/16,211.17,A3,PT25H50M,2026-03-16T15:15:00,2026-03-16T18:10:00,
LJU,BCN,2026/3/16,212.31,AF,PT10H40M,2026-03-16T12:25:00,2026-03-16T14:25:00,
LJU,BCN,2026/3/16,212.31,AF,PT10H40M,2026-03-16T12:25:00,2026-03-16T14:25:00,
LJU,BCN,2026/3/16,235.41,LX,PT3H50M,2026-03-16T15:10:00,2026-03-16T16:25:00,
LJU,BCN,2026/3/17,123.08,AF,PT6H15M,2026-03-17T12:50:00,2026-03-17T14:40:00,
LJU,BCN,2026/3/17,123.08,AF,PT10H15M,2026-03-17T12:50:00,2026-03-17T14:40:00,
LJU,BCN,2026/3/17,200.85,JU,PT23H,2026-03-17T20:45:00,2026-03-17T22:05:00,
LJU,BCN,2026/3/17,230.1,LH,PT4H15M,2026-03-17T13:20:00,2026-03-17T14:15:00,
LJU,BCN,2026/3/17,230.1,LH,PT9H45M,2026-03-17T13:20:00,2026-03-17T14:15:00,
LJU,BCN,2026/3/17,235.41,LX,PT4H5M,2026-03-17T14:55:00,2026-03-17T16:10:00,
LJU,BCN,2026/3/17,235.41,LX,PT7H35M,2026-03-17T06:30:00,2026-03-17T07:50:00,
LJU,BCN,2026/3/17,235.41,LX,PT8H5M,2026-03-17T14:55:00,2026-03-17T16:10:00,
LJU,BCN,2026/3/17,235.41,LX,PT12H30M,2026-03-17T06:30:00,2026-03-17T07:50:00,
LJU,BCN,2026/3/17,238.18,LH,PT5H25M,2026-03-17T06:35:00,2026-03-17T08:00:00,
LJU,BCN,2026/3/17,238.18,LH,PT5H45M,2026-03-17T10:35:00,2026-03-17T12:00:00,
LJU,BCN,2026/3/17,238.18,LH,PT6H25M,2026-03-17T06:35:00,2026-03-17T08:00:00,
LJU,BCN,2026/3/17,238.18,LH,PT7H10M,2026-03-17T10:35:00,2026-03-17T12:00:00,
LJU,BCN,2026/3/17,268.84,TK,PT7H45M,2026-03-17T09:20:00,2026-03-17T13:45:00,
LJU,BCN,2026/3/17,268.84,TK,PT14H30M,2026-03-17T09:20:00,2026-03-17T13:45:00,
LJU,BCN,2026/3/18,123.08,AF,PT6H15M,2026-03-18T12:50:00,2026-03-18T14:40:00,
LJU,BCN,2026/3/18,123.08,AF,PT10H15M,2026-03-18T12:50:00,2026-03-18T14:40:00,
LJU,BCN,2026/3/18,170.85,JU,PT12H20M,2026-03-18T20:45:00,2026-03-18T22:05:00,
LJU,BCN,2026/3/18,170.85,JU,PT23H20M,2026-03-18T09:45:00,2026-03-18T11:05:00,
LJU,BCN,2026/3/18,177.07,AF,PT6H55M,2026-03-18T12:25:00,2026-03-18T14:25:00,
LJU,BCN,2026/3/18,177.07,AF,PT10H30M,2026-03-18T12:25:00,2026-03-18T14:25:00,
LJU,BCN,2026/3/18,186.31,AF,PT10H40M,2026-03-18T12:25:00,2026-03-18T14:25:00,
LJU,BCN,2026/3/18,186.31,AF,PT10H40M,2026-03-18T12:25:00,2026-03-18T14:25:00,
LJU,BCN,2026/3/18,200.85,JU,PT10H,2026-03-18T09:45:00,2026-03-18T11:05:00,
LJU,BCN,2026/3/18,235.41,LX,PT4H5M,2026-03-18T14:55:00,2026-03-18T16:10:00,
LJU,BCN,2026/3/18,235.41,LX,PT7H35M,2026-03-18T06:30:00,2026-03-18T07:50:00,
LJU,BCN,2026/3/18,235.41,LX,PT8H5M,2026-03-18T14:55:00,2026-03-18T16:10:00,
LJU,BCN,2026/3/18,235.41,LX,PT12H30M,2026-03-18T06:30:00,2026-03-18T07:50:00,
LJU,BCN,2026/3/18,238.18,LH,PT5H20M,2026-03-18T06:35:00,2026-03-18T08:00:00,
LJU,BCN,2026/3/18,238.18,LH,PT5H45M,2026-03-18T10:35:00,2026-03-18T12:00:00,
LJU,BCN,2026/3/19,88.85,JU,PT23H,2026-03-19T20:45:00,2026-03-19T22:05:00,
LJU,BCN,2026/3/19,110.08,AF,PT6H15M,2026-03-19T12:50:00,2026-03-19T14:40:00,
LJU,BCN,2026/3/19,110.08,AF,PT10H15M,2026-03-19T12:50:00,2026-03-19T14:40:00,
LJU,BCN,2026/3/19,123.34,VY,PT2H10M,2026-03-19T15:15:00,2026-03-19T17:25:00,
LJU,BCN,2026/3/19,125.85,JU,PT23H20M,2026-03-19T09:45:00,2026-03-19T11:05:00,
LJU,BCN,2026/3/19,145.85,JU,PT12H20M,2026-03-19T20:45:00,2026-03-19T22:05:00,
LJU,BCN,2026/3/19,153.31,AF,PT10H40M,2026-03-19T12:25:00,2026-03-19T14:25:00,
LJU,BCN,2026/3/19,153.31,AF,PT10H40M,2026-03-19T12:25:00,2026-03-19T14:25:00,
LJU,BCN,2026/3/19,159.07,AF,PT6H55M,2026-03-19T12:25:00,2026-03-19T14:25:00,
LJU,BCN,2026/3/19,177.07,AF,PT10H30M,2026-03-19T12:25:00,2026-03-19T14:25:00,
LJU,BCN,2026/3/19,230.1,LH,PT4H15M,2026-03-19T13:20:00,2026-03-19T14:15:00,
LJU,BCN,2026/3/19,230.1,LH,PT9H45M,2026-03-19T13:20:00,2026-03-19T14:15:00,
LJU,BCN,2026/3/19,235.41,LX,PT4H35M,2026-03-19T14:25:00,2026-03-19T15:40:00,
LJU,BCN,2026/3/19,235.41,LX,PT7H35M,2026-03-19T06:30:00,2026-03-19T07:50:00,
LJU,BCN,2026/3/19,235.41,LX,PT8H35M,2026-03-19T14:25:00,2026-03-19T15:40:00,
FCO,BCN,2026/2/18,60.32,VY,PT1H50M,2026-02-18T09:45:00,2026-02-18T11:35:00,
FCO,BCN,2026/2/18,60.32,VY,PT1H50M,2026-02-18T10:30:00,2026-02-18T12:20:00,
FCO,BCN,2026/2/18,60.32,VY,PT1H50M,2026-02-18T11:45:00,2026-02-18T13:35:00,
FCO,BCN,2026/2/18,66.32,VY,PT1H50M,2026-02-18T19:30:00,2026-02-18T21:20:00,
FCO,BCN,2026/2/18,71.32,IB,PT1H50M,2026-02-18T09:45:00,2026-02-18T11:35:00,
FCO,BCN,2026/2/18,71.32,IB,PT1H50M,2026-02-18T10:30:00,2026-02-18T12:20:00,
FCO,BCN,2026/2/18,71.32,IB,PT1H50M,2026-02-18T11:45:00,2026-02-18T13:35:00,
FCO,BCN,2026/2/18,71.32,IB,PT1H50M,2026-02-18T19:30:00,2026-02-18T21:20:00,
FCO,BCN,2026/2/18,95.32,AZ,PT1H50M,2026-02-18T09:00:00,2026-02-18T10:50:00,
FCO,BCN,2026/2/18,95.32,AZ,PT1H50M,2026-02-18T14:05:00,2026-02-18T15:55:00,
FCO,BCN,2026/2/18,95.32,AZ,PT1H50M,2026-02-18T21:25:00,2026-02-18T23:15:00,
FCO,BCN,2026/2/18,147.04,A3,PT22H40M,2026-02-18T18:30:00,2026-02-18T21:30:00,
FCO,BCN,2026/2/18,150.17,UX,PT6H5M,2026-02-18T10:30:00,2026-02-18T13:05:00,
FCO,BCN,2026/2/18,152.86,VY,PT7H10M,2026-02-18T12:40:00,2026-02-18T14:50:00,
FCO,BCN,2026/2/18,159.86,VY,PT8H5M,2026-02-18T15:30:00,2026-02-18T17:45:00,
FCO,BCN,2026/2/19,66.32,VY,PT1H50M,2026-02-19T09:45:00,2026-02-19T11:35:00,
FCO,BCN,2026/2/19,66.32,VY,PT1H50M,2026-02-19T13:25:00,2026-02-19T15:15:00,
FCO,BCN,2026/2/19,66.32,VY,PT1H50M,2026-02-19T19:10:00,2026-02-19T21:00:00,
FCO,BCN,2026/2/19,71.32,IB,PT1H50M,2026-02-19T09:45:00,2026-02-19T11:35:00,
FCO,BCN,2026/2/19,71.32,IB,PT1H50M,2026-02-19T11:45:00,2026-02-19T13:35:00,
FCO,BCN,2026/2/19,71.32,IB,PT1H50M,2026-02-19T12:35:00,2026-02-19T14:25:00,
FCO,BCN,2026/2/19,71.32,IB,PT1H50M,2026-02-19T13:25:00,2026-02-19T15:15:00,
FCO,BCN,2026/2/19,71.32,IB,PT1H50M,2026-02-19T19:10:00,2026-02-19T21:00:00,
FCO,BCN,2026/2/19,71.32,VY,PT1H50M,2026-02-19T11:45:00,2026-02-19T13:35:00,
FCO,BCN,2026/2/19,71.32,VY,PT1H50M,2026-02-19T12:35:00,2026-02-19T14:25:00,
FCO,BCN,2026/2/19,95.24,V7,PT25H5M,2026-02-19T15:00:00,2026-02-19T17:10:00,
FCO,BCN,2026/2/19,95.32,AZ,PT1H50M,2026-02-19T09:00:00,2026-02-19T10:50:00,
FCO,BCN,2026/2/19,95.32,AZ,PT1H50M,2026-02-19T14:05:00,2026-02-19T15:55:00,
FCO,BCN,2026/2/19,95.32,AZ,PT1H50M,2026-02-19T21:25:00,2026-02-19T23:15:00,
FCO,BCN,2026/2/19,120.17,UX,PT6H5M,2026-02-19T10:30:00,2026-02-19T13:05:00,
FCO,BCN,2026/2/20,60.32,VY,PT1H50M,2026-02-20T09:45:00,2026-02-20T11:35:00,
FCO,BCN,2026/2/20,60.32,VY,PT1H50M,2026-02-20T11:45:00,2026-02-20T13:35:00,
FCO,BCN,2026/2/20,60.32,VY,PT1H50M,2026-02-20T12:35:00,2026-02-20T14:25:00,
FCO,BCN,2026/2/20,60.32,VY,PT1H50M,2026-02-20T14:05:00,2026-02-20T15:55:00,
FCO,BCN,2026/2/20,60.32,VY,PT1H50M,2026-02-20T19:10:00,2026-02-20T21:00:00,
FCO,BCN,2026/2/20,66.32,VY,PT1H45M,2026-02-20T07:40:00,2026-02-20T09:25:00,
FCO,BCN,2026/2/20,71.32,IB,PT1H45M,2026-02-20T07:40:00,2026-02-20T09:25:00,
FCO,BCN,2026/2/20,71.32,IB,PT1H50M,2026-02-20T09:45:00,2026-02-20T11:35:00,
FCO,BCN,2026/2/20,71.32,IB,PT1H50M,2026-02-20T11:45:00,2026-02-20T13:35:00,
FCO,BCN,2026/2/20,71.32,IB,PT1H50M,2026-02-20T12:35:00,2026-02-20T14:25:00,
FCO,BCN,2026/2/20,71.32,IB,PT1H50M,2026-02-20T13:25:00,2026-02-20T15:15:00,
FCO,BCN,2026/2/20,71.32,IB,PT1H50M,2026-02-20T19:10:00,2026-02-20T21:00:00,
FCO,BCN,2026/2/20,73.24,V7,PT4H20M,2026-02-20T11:45:00,2026-02-20T13:55:00,
FCO,BCN,2026/2/20,84.32,AZ,PT1H50M,2026-02-20T09:00:00,2026-02-20T10:50:00,
FCO,BCN,2026/2/20,84.32,AZ,PT1H50M,2026-02-20T14:05:00,2026-02-20T15:55:00,
FCO,BCN,2026/2/21,60.32,VY,PT1H50M,2026-02-21T19:10:00,2026-02-21T21:00:00,
FCO,BCN,2026/2/21,66.32,VY,PT1H50M,2026-02-21T09:45:00,2026-02-21T11:35:00,
FCO,BCN,2026/2/21,66.32,VY,PT1H50M,2026-02-21T11:45:00,2026-02-21T13:35:00,
FCO,BCN,2026/2/21,66.32,VY,PT1H50M,2026-02-21T12:35:00,2026-02-21T14:25:00,
FCO,BCN,2026/2/21,66.32,VY,PT1H50M,2026-02-21T14:05:00,2026-02-21T15:55:00,
FCO,BCN,2026/2/21,71.32,IB,PT1H45M,2026-02-21T07:40:00,2026-02-21T09:25:00,
FCO,BCN,2026/2/21,71.32,IB,PT1H50M,2026-02-21T09:45:00,2026-02-21T11:35:00,
FCO,BCN,2026/2/21,71.32,IB,PT1H50M,2026-02-21T11:45:00,2026-02-21T13:35:00,
FCO,BCN,2026/2/21,71.32,IB,PT1H50M,2026-02-21T12:35:00,2026-02-21T14:25:00,
FCO,BCN,2026/2/21,71.32,IB,PT1H50M,2026-02-21T13:25:00,2026-02-21T15:15:00,
FCO,BCN,2026/2/21,71.32,IB,PT1H50M,2026-02-21T19:10:00,2026-02-21T21:00:00,
FCO,BCN,2026/2/21,71.32,VY,PT1H45M,2026-02-21T07:40:00,2026-02-21T09:25:00,
FCO,BCN,2026/2/21,76.49,V7,PT12H50M,2026-02-21T19:10:00,2026-02-21T21:25:00,
FCO,BCN,2026/2/21,84.32,AZ,PT1H50M,2026-02-21T09:00:00,2026-02-21T10:50:00,
FCO,BCN,2026/2/21,84.32,AZ,PT1H50M,2026-02-21T14:05:00,2026-02-21T15:55:00,
FCO,BCN,2026/2/22,66.32,VY,PT1H50M,2026-02-22T19:10:00,2026-02-22T21:00:00,
FCO,BCN,2026/2/22,71.32,IB,PT1H45M,2026-02-22T07:40:00,2026-02-22T09:25:00,
FCO,BCN,2026/2/22,71.32,IB,PT1H50M,2026-02-22T10:55:00,2026-02-22T12:45:00,
FCO,BCN,2026/2/22,71.32,IB,PT1H50M,2026-02-22T11:45:00,2026-02-22T13:35:00,
FCO,BCN,2026/2/22,71.32,IB,PT1H50M,2026-02-22T12:35:00,2026-02-22T14:25:00,
FCO,BCN,2026/2/22,71.32,IB,PT1H50M,2026-02-22T13:25:00,2026-02-22T15:15:00,
FCO,BCN,2026/2/22,71.32,IB,PT1H50M,2026-02-22T19:10:00,2026-02-22T21:00:00,
FCO,BCN,2026/2/22,71.32,VY,PT1H45M,2026-02-22T07:40:00,2026-02-22T09:25:00,
FCO,BCN,2026/2/22,71.32,VY,PT1H50M,2026-02-22T10:55:00,2026-02-22T12:45:00,
FCO,BCN,2026/2/22,71.32,VY,PT1H50M,2026-02-22T11:45:00,2026-02-22T13:35:00,
FCO,BCN,2026/2/22,71.32,VY,PT1H50M,2026-02-22T12:35:00,2026-02-22T14:25:00,
FCO,BCN,2026/2/22,71.32,VY,PT1H50M,2026-02-22T13:25:00,2026-02-22T15:15:00,
FCO,BCN,2026/2/22,72.89,V7,PT20H5M,2026-02-22T12:25:00,2026-02-22T14:15:00,
FCO,BCN,2026/2/22,73.24,V7,PT22H50M,2026-02-22T17:05:00,2026-02-22T19:15:00,
FCO,BCN,2026/2/22,73.32,AZ,PT1H50M,2026-02-22T09:00:00,2026-02-22T10:50:00,
FCO,BCN,2026/2/23,60.32,VY,PT1H50M,2026-02-23T09:45:00,2026-02-23T11:35:00,
FCO,BCN,2026/2/23,60.32,VY,PT1H50M,2026-02-23T11:45:00,2026-02-23T13:35:00,
FCO,BCN,2026/2/23,60.32,VY,PT1H50M,2026-02-23T14:05:00,2026-02-23T15:55:00,
FCO,BCN,2026/2/23,60.32,VY,PT1H50M,2026-02-23T19:10:00,2026-02-23T21:00:00,
FCO,BCN,2026/2/23,66.32,VY,PT1H45M,2026-02-23T07:40:00,2026-02-23T09:25:00,
FCO,BCN,2026/2/23,66.32,VY,PT1H50M,2026-02-23T12:35:00,2026-02-23T14:25:00,
FCO,BCN,2026/2/23,71.32,IB,PT1H45M,2026-02-23T07:40:00,2026-02-23T09:25:00,
FCO,BCN,2026/2/23,71.32,IB,PT1H50M,2026-02-23T09:45:00,2026-02-23T11:35:00,
FCO,BCN,2026/2/23,71.32,IB,PT1H50M,2026-02-23T11:45:00,2026-02-23T13:35:00,
FCO,BCN,2026/2/23,71.32,IB,PT1H50M,2026-02-23T12:35:00,2026-02-23T14:25:00,
FCO,BCN,2026/2/23,71.32,IB,PT1H50M,2026-02-23T14:05:00,2026-02-23T15:55:00,
FCO,BCN,2026/2/23,71.32,IB,PT1H50M,2026-02-23T19:10:00,2026-02-23T21:00:00,
FCO,BCN,2026/2/23,73.32,AZ,PT1H50M,2026-02-23T09:00:00,2026-02-23T10:50:00,
FCO,BCN,2026/2/23,73.32,AZ,PT1H50M,2026-02-23T14:05:00,2026-02-23T15:55:00,
FCO,BCN,2026/2/23,73.32,AZ,PT1H50M,2026-02-23T21:25:00,2026-02-23T23:15:00,
FCO,BCN,2026/2/24,60.32,VY,PT1H45M,2026-02-24T07:40:00,2026-02-24T09:25:00,
FCO,BCN,2026/2/24,60.32,VY,PT1H50M,2026-02-24T09:45:00,2026-02-24T11:35:00,
FCO,BCN,2026/2/24,60.32,VY,PT1H50M,2026-02-24T11:45:00,2026-02-24T13:35:00,
FCO,BCN,2026/2/24,60.32,VY,PT1H50M,2026-02-24T15:30:00,2026-02-24T17:20:00,
FCO,BCN,2026/2/24,64.32,AZ,PT1H50M,2026-02-24T09:00:00,2026-02-24T10:50:00,
FCO,BCN,2026/2/24,64.32,AZ,PT1H50M,2026-02-24T14:05:00,2026-02-24T15:55:00,
FCO,BCN,2026/2/24,64.32,AZ,PT1H50M,2026-02-24T21:25:00,2026-02-24T23:15:00,
FCO,BCN,2026/2/24,71.32,IB,PT1H45M,2026-02-24T07:40:00,2026-02-24T09:25:00,
FCO,BCN,2026/2/24,71.32,IB,PT1H50M,2026-02-24T09:45:00,2026-02-24T11:35:00,
FCO,BCN,2026/2/24,71.32,IB,PT1H50M,2026-02-24T11:45:00,2026-02-24T13:35:00,
FCO,BCN,2026/2/24,71.32,IB,PT1H50M,2026-02-24T15:30:00,2026-02-24T17:20:00,
FCO,BCN,2026/2/24,71.32,IB,PT1H50M,2026-02-24T22:30:00,2026-02-25T00:20:00,
FCO,BCN,2026/2/24,71.32,VY,PT1H50M,2026-02-24T22:30:00,2026-02-25T00:20:00,
FCO,BCN,2026/2/24,120.17,UX,PT6H5M,2026-02-24T10:30:00,2026-02-24T13:05:00,
FCO,BCN,2026/2/24,139.17,IB,PT6H30M,2026-02-24T16:20:00,2026-02-24T18:55:00,
FCO,BCN,2026/2/25,60.32,VY,PT1H50M,2026-02-25T11:45:00,2026-02-25T13:35:00,
FCO,BCN,2026/2/25,60.32,VY,PT1H50M,2026-02-25T15:30:00,2026-02-25T17:20:00,
FCO,BCN,2026/2/25,64.32,AZ,PT1H50M,2026-02-25T09:00:00,2026-02-25T10:50:00,
FCO,BCN,2026/2/25,64.32,AZ,PT1H50M,2026-02-25T14:05:00,2026-02-25T15:55:00,
FCO,BCN,2026/2/25,64.32,AZ,PT1H50M,2026-02-25T21:25:00,2026-02-25T23:15:00,
FCO,BCN,2026/2/25,66.32,VY,PT1H50M,2026-02-25T09:45:00,2026-02-25T11:35:00,
FCO,BCN,2026/2/25,66.32,VY,PT1H50M,2026-02-25T10:30:00,2026-02-25T12:20:00,
FCO,BCN,2026/2/25,71.32,IB,PT1H50M,2026-02-25T09:45:00,2026-02-25T11:35:00,
FCO,BCN,2026/2/25,71.32,IB,PT1H50M,2026-02-25T10:30:00,2026-02-25T12:20:00,
FCO,BCN,2026/2/25,71.32,IB,PT1H50M,2026-02-25T11:45:00,2026-02-25T13:35:00,
FCO,BCN,2026/2/25,71.32,IB,PT1H50M,2026-02-25T15:30:00,2026-02-25T17:20:00,
FCO,BCN,2026/2/25,71.32,IB,PT1H50M,2026-02-25T19:30:00,2026-02-25T21:20:00,
FCO,BCN,2026/2/25,71.32,VY,PT1H50M,2026-02-25T19:30:00,2026-02-25T21:20:00,
FCO,BCN,2026/2/25,120.17,UX,PT6H5M,2026-02-25T10:30:00,2026-02-25T13:05:00,
FCO,BCN,2026/2/25,121.04,A3,PT22H40M,2026-02-25T18:30:00,2026-02-25T21:30:00,
FCO,BCN,2026/2/26,64.32,AZ,PT1H50M,2026-02-26T09:00:00,2026-02-26T10:50:00,
FCO,BCN,2026/2/26,64.32,AZ,PT1H50M,2026-02-26T14:05:00,2026-02-26T15:55:00,
FCO,BCN,2026/2/26,64.32,AZ,PT1H50M,2026-02-26T21:25:00,2026-02-26T23:15:00,
FCO,BCN,2026/2/26,66.32,VY,PT1H50M,2026-02-26T09:45:00,2026-02-26T11:35:00,
FCO,BCN,2026/2/26,66.32,VY,PT1H50M,2026-02-26T13:25:00,2026-02-26T15:15:00,
FCO,BCN,2026/2/26,71.32,IB,PT1H45M,2026-02-26T07:40:00,2026-02-26T09:25:00,
FCO,BCN,2026/2/26,71.32,IB,PT1H50M,2026-02-26T09:45:00,2026-02-26T11:35:00,
FCO,BCN,2026/2/26,71.32,IB,PT1H50M,2026-02-26T11:45:00,2026-02-26T13:35:00,
FCO,BCN,2026/2/26,71.32,IB,PT1H50M,2026-02-26T12:35:00,2026-02-26T14:25:00,
FCO,BCN,2026/2/26,71.32,IB,PT1H50M,2026-02-26T13:25:00,2026-02-26T15:15:00,
FCO,BCN,2026/2/26,71.32,IB,PT1H50M,2026-02-26T19:10:00,2026-02-26T21:00:00,
FCO,BCN,2026/2/26,71.32,VY,PT1H45M,2026-02-26T07:40:00,2026-02-26T09:25:00,
FCO,BCN,2026/2/26,71.32,VY,PT1H50M,2026-02-26T11:45:00,2026-02-26T13:35:00,
FCO,BCN,2026/2/26,71.32,VY,PT1H50M,2026-02-26T12:35:00,2026-02-26T14:25:00,
FCO,BCN,2026/2/26,71.32,VY,PT1H50M,2026-02-26T19:10:00,2026-02-26T21:00:00,
FCO,BCN,2026/2/27,60.32,VY,PT1H45M,2026-02-27T07:40:00,2026-02-27T09:25:00,
FCO,BCN,2026/2/27,60.32,VY,PT1H50M,2026-02-27T09:45:00,2026-02-27T11:35:00,
FCO,BCN,2026/2/27,60.32,VY,PT1H50M,2026-02-27T11:45:00,2026-02-27T13:35:00,
FCO,BCN,2026/2/27,60.32,VY,PT1H50M,2026-02-27T12:35:00,2026-02-27T14:25:00,
FCO,BCN,2026/2/27,60.32,VY,PT1H50M,2026-02-27T14:05:00,2026-02-27T15:55:00,
FCO,BCN,2026/2/27,64.32,AZ,PT1H50M,2026-02-27T09:00:00,2026-02-27T10:50:00,
FCO,BCN,2026/2/27,64.32,AZ,PT1H50M,2026-02-27T14:05:00,2026-02-27T15:55:00,
FCO,BCN,2026/2/27,64.32,AZ,PT1H50M,2026-02-27T21:25:00,2026-02-27T23:15:00,
FCO,BCN,2026/2/27,71.32,IB,PT1H45M,2026-02-27T07:40:00,2026-02-27T09:25:00,
FCO,BCN,2026/2/27,71.32,IB,PT1H50M,2026-02-27T09:45:00,2026-02-27T11:35:00,
FCO,BCN,2026/2/27,71.32,IB,PT1H50M,2026-02-27T11:45:00,2026-02-27T13:35:00,
FCO,BCN,2026/2/27,71.32,IB,PT1H50M,2026-02-27T12:35:00,2026-02-27T14:25:00,
FCO,BCN,2026/2/27,71.32,IB,PT1H50M,2026-02-27T13:25:00,2026-02-27T15:15:00,
FCO,BCN,2026/2/27,71.32,IB,PT1H50M,2026-02-27T19:10:00,2026-02-27T21:00:00,
FCO,BCN,2026/2/27,71.32,VY,PT1H50M,2026-02-27T19:10:00,2026-02-27T21:00:00,
FCO,BCN,2026/2/28,60.32,VY,PT1H50M,2026-02-28T09:45:00,2026-02-28T11:35:00,
FCO,BCN,2026/2/28,60.32,VY,PT1H50M,2026-02-28T11:45:00,2026-02-28T13:35:00,
FCO,BCN,2026/2/28,60.32,VY,PT1H50M,2026-02-28T12:35:00,2026-02-28T14:25:00,
FCO,BCN,2026/2/28,60.32,VY,PT1H50M,2026-02-28T14:05:00,2026-02-28T15:55:00,
FCO,BCN,2026/2/28,60.32,VY,PT1H50M,2026-02-28T19:10:00,2026-02-28T21:00:00,
FCO,BCN,2026/2/28,64.32,AZ,PT1H50M,2026-02-28T09:00:00,2026-02-28T10:50:00,
FCO,BCN,2026/2/28,64.32,AZ,PT1H50M,2026-02-28T14:05:00,2026-02-28T15:55:00,
FCO,BCN,2026/2/28,64.32,AZ,PT1H50M,2026-02-28T21:25:00,2026-02-28T23:15:00,
FCO,BCN,2026/2/28,66.32,VY,PT1H45M,2026-02-28T07:40:00,2026-02-28T09:25:00,
FCO,BCN,2026/2/28,71.32,IB,PT1H45M,2026-02-28T07:40:00,2026-02-28T09:25:00,
FCO,BCN,2026/2/28,71.32,IB,PT1H50M,2026-02-28T09:45:00,2026-02-28T11:35:00,
FCO,BCN,2026/2/28,71.32,IB,PT1H50M,2026-02-28T11:45:00,2026-02-28T13:35:00,
FCO,BCN,2026/2/28,71.32,IB,PT1H50M,2026-02-28T12:35:00,2026-02-28T14:25:00,
FCO,BCN,2026/2/28,71.32,IB,PT1H50M,2026-02-28T13:25:00,2026-02-28T15:15:00,
FCO,BCN,2026/2/28,71.32,IB,PT1H50M,2026-02-28T19:10:00,2026-02-28T21:00:00,
FCO,BCN,2026/3/1,60.32,VY,PT1H50M,2026-03-01T10:55:00,2026-03-01T12:45:00,
FCO,BCN,2026/3/1,60.32,VY,PT1H50M,2026-03-01T12:35:00,2026-03-01T14:25:00,
FCO,BCN,2026/3/1,60.32,VY,PT1H50M,2026-03-01T19:10:00,2026-03-01T21:00:00,
FCO,BCN,2026/3/1,64.32,AZ,PT1H50M,2026-03-01T09:00:00,2026-03-01T10:50:00,
FCO,BCN,2026/3/1,64.32,AZ,PT1H50M,2026-03-01T14:05:00,2026-03-01T15:55:00,
FCO,BCN,2026/3/1,64.32,AZ,PT1H50M,2026-03-01T21:25:00,2026-03-01T23:15:00,
FCO,BCN,2026/3/1,66.32,VY,PT1H45M,2026-03-01T07:40:00,2026-03-01T09:25:00,
FCO,BCN,2026/3/1,66.32,VY,PT1H50M,2026-03-01T11:45:00,2026-03-01T13:35:00,
FCO,BCN,2026/3/1,66.32,VY,PT1H50M,2026-03-01T13:25:00,2026-03-01T15:15:00,
FCO,BCN,2026/3/1,71.32,IB,PT1H45M,2026-03-01T07:40:00,2026-03-01T09:25:00,
FCO,BCN,2026/3/1,71.32,IB,PT1H50M,2026-03-01T10:55:00,2026-03-01T12:45:00,
FCO,BCN,2026/3/1,71.32,IB,PT1H50M,2026-03-01T11:45:00,2026-03-01T13:35:00,
FCO,BCN,2026/3/1,71.32,IB,PT1H50M,2026-03-01T12:35:00,2026-03-01T14:25:00,
FCO,BCN,2026/3/1,71.32,IB,PT1H50M,2026-03-01T13:25:00,2026-03-01T15:15:00,
FCO,BCN,2026/3/1,71.32,IB,PT1H50M,2026-03-01T19:10:00,2026-03-01T21:00:00,
FCO,BCN,2026/3/2,60.32,VY,PT1H50M,2026-03-02T14:05:00,2026-03-02T15:55:00,
FCO,BCN,2026/3/2,60.32,VY,PT1H50M,2026-03-02T19:10:00,2026-03-02T21:00:00,
FCO,BCN,2026/3/2,64.32,AZ,PT1H50M,2026-03-02T09:00:00,2026-03-02T10:50:00,
FCO,BCN,2026/3/2,64.32,AZ,PT1H50M,2026-03-02T14:05:00,2026-03-02T15:55:00,
FCO,BCN,2026/3/2,64.32,AZ,PT1H50M,2026-03-02T21:25:00,2026-03-02T23:15:00,
FCO,BCN,2026/3/2,66.32,VY,PT1H50M,2026-03-02T09:45:00,2026-03-02T11:35:00,
FCO,BCN,2026/3/2,71.32,IB,PT1H45M,2026-03-02T07:40:00,2026-03-02T09:25:00,
FCO,BCN,2026/3/2,71.32,IB,PT1H50M,2026-03-02T09:45:00,2026-03-02T11:35:00,
FCO,BCN,2026/3/2,71.32,IB,PT1H50M,2026-03-02T11:45:00,2026-03-02T13:35:00,
FCO,BCN,2026/3/2,71.32,IB,PT1H50M,2026-03-02T12:35:00,2026-03-02T14:25:00,
FCO,BCN,2026/3/2,71.32,IB,PT1H50M,2026-03-02T14:05:00,2026-03-02T15:55:00,
FCO,BCN,2026/3/2,71.32,IB,PT1H50M,2026-03-02T19:10:00,2026-03-02T21:00:00,
FCO,BCN,2026/3/2,71.32,VY,PT1H45M,2026-03-02T07:40:00,2026-03-02T09:25:00,
FCO,BCN,2026/3/2,71.32,VY,PT1H50M,2026-03-02T11:45:00,2026-03-02T13:35:00,
FCO,BCN,2026/3/2,77.32,VY,PT1H50M,2026-03-02T12:35:00,2026-03-02T14:25:00,
FCO,BCN,2026/3/3,60.32,VY,PT1H45M,2026-03-03T07:40:00,2026-03-03T09:25:00,
FCO,BCN,2026/3/3,60.32,VY,PT1H50M,2026-03-03T09:45:00,2026-03-03T11:35:00,
FCO,BCN,2026/3/3,60.32,VY,PT1H50M,2026-03-03T11:45:00,2026-03-03T13:35:00,
FCO,BCN,2026/3/3,60.32,VY,PT1H50M,2026-03-03T15:30:00,2026-03-03T17:20:00,
FCO,BCN,2026/3/3,64.32,AZ,PT1H50M,2026-03-03T09:00:00,2026-03-03T10:50:00,
FCO,BCN,2026/3/3,64.32,AZ,PT1H50M,2026-03-03T21:25:00,2026-03-03T23:15:00,
FCO,BCN,2026/3/3,71.32,IB,PT1H45M,2026-03-03T07:40:00,2026-03-03T09:25:00,
FCO,BCN,2026/3/3,71.32,IB,PT1H50M,2026-03-03T09:45:00,2026-03-03T11:35:00,
FCO,BCN,2026/3/3,71.32,IB,PT1H50M,2026-03-03T11:45:00,2026-03-03T13:35:00,
FCO,BCN,2026/3/3,71.32,IB,PT1H50M,2026-03-03T15:30:00,2026-03-03T17:20:00,
FCO,BCN,2026/3/3,71.32,IB,PT1H50M,2026-03-03T22:30:00,2026-03-04T00:20:00,
FCO,BCN,2026/3/3,71.32,VY,PT1H50M,2026-03-03T22:30:00,2026-03-04T00:20:00,
FCO,BCN,2026/3/3,109.04,A3,PT6H35M,2026-03-03T10:35:00,2026-03-03T13:35:00,
FCO,BCN,2026/3/3,109.04,A3,PT15H55M,2026-03-03T18:30:00,2026-03-03T21:30:00,
FCO,BCN,2026/3/3,109.04,A3,PT22H40M,2026-03-03T18:30:00,2026-03-03T21:30:00,
FCO,BCN,2026/3/4,60.32,VY,PT1H50M,2026-03-04T11:45:00,2026-03-04T13:35:00,
FCO,BCN,2026/3/4,60.32,VY,PT1H50M,2026-03-04T15:30:00,2026-03-04T17:20:00,
FCO,BCN,2026/3/4,64.32,AZ,PT1H50M,2026-03-04T09:00:00,2026-03-04T10:50:00,
FCO,BCN,2026/3/4,64.32,AZ,PT1H50M,2026-03-04T14:05:00,2026-03-04T15:55:00,
FCO,BCN,2026/3/4,64.32,AZ,PT1H50M,2026-03-04T21:25:00,2026-03-04T23:15:00,
FCO,BCN,2026/3/4,66.32,VY,PT1H50M,2026-03-04T09:45:00,2026-03-04T11:35:00,
FCO,BCN,2026/3/4,66.32,VY,PT1H50M,2026-03-04T10:30:00,2026-03-04T12:20:00,
FCO,BCN,2026/3/4,71.32,IB,PT1H50M,2026-03-04T09:45:00,2026-03-04T11:35:00,
FCO,BCN,2026/3/4,71.32,IB,PT1H50M,2026-03-04T10:30:00,2026-03-04T12:20:00,
FCO,BCN,2026/3/4,71.32,IB,PT1H50M,2026-03-04T11:45:00,2026-03-04T13:35:00,
FCO,BCN,2026/3/4,71.32,IB,PT1H50M,2026-03-04T15:30:00,2026-03-04T17:20:00,
FCO,BCN,2026/3/4,71.32,IB,PT1H50M,2026-03-04T19:30:00,2026-03-04T21:20:00,
FCO,BCN,2026/3/4,71.32,VY,PT1H50M,2026-03-04T19:30:00,2026-03-04T21:20:00,
FCO,BCN,2026/3/4,109.04,A3,PT22H40M,2026-03-04T18:30:00,2026-03-04T21:30:00,
FCO,BCN,2026/3/4,120.89,UX,PT6H5M,2026-03-04T10:30:00,2026-03-04T13:05:00,
FCO,BCN,2026/3/5,60.32,VY,PT1H50M,2026-03-05T12:35:00,2026-03-05T14:25:00,
FCO,BCN,2026/3/5,60.32,VY,PT1H50M,2026-03-05T13:25:00,2026-03-05T15:15:00,
FCO,BCN,2026/3/5,60.32,VY,PT1H50M,2026-03-05T19:10:00,2026-03-05T21:00:00,
FCO,BCN,2026/3/5,64.32,AZ,PT1H50M,2026-03-05T09:00:00,2026-03-05T10:50:00,
FCO,BCN,2026/3/5,64.32,AZ,PT1H50M,2026-03-05T14:05:00,2026-03-05T15:55:00,
FCO,BCN,2026/3/5,64.32,AZ,PT1H50M,2026-03-05T21:25:00,2026-03-05T23:15:00,
FCO,BCN,2026/3/5,66.32,VY,PT1H50M,2026-03-05T09:45:00,2026-03-05T11:35:00,
FCO,BCN,2026/3/5,66.32,VY,PT1H50M,2026-03-05T11:45:00,2026-03-05T13:35:00,
FCO,BCN,2026/3/5,71.32,IB,PT1H45M,2026-03-05T07:40:00,2026-03-05T09:25:00,
FCO,BCN,2026/3/5,71.32,IB,PT1H50M,2026-03-05T09:45:00,2026-03-05T11:35:00,
FCO,BCN,2026/3/5,71.32,IB,PT1H50M,2026-03-05T11:45:00,2026-03-05T13:35:00,
FCO,BCN,2026/3/5,71.32,IB,PT1H50M,2026-03-05T12:35:00,2026-03-05T14:25:00,
FCO,BCN,2026/3/5,71.32,IB,PT1H50M,2026-03-05T13:25:00,2026-03-05T15:15:00,
FCO,BCN,2026/3/5,71.32,IB,PT1H50M,2026-03-05T19:10:00,2026-03-05T21:00:00,
FCO,BCN,2026/3/5,71.32,VY,PT1H45M,2026-03-05T07:40:00,2026-03-05T09:25:00,
FCO,BCN,2026/3/6,60.32,VY,PT1H45M,2026-03-06T07:40:00,2026-03-06T09:25:00,
FCO,BCN,2026/3/6,60.32,VY,PT1H50M,2026-03-06T11:45:00,2026-03-06T13:35:00,
FCO,BCN,2026/3/6,60.32,VY,PT1H50M,2026-03-06T12:35:00,2026-03-06T14:25:00,
FCO,BCN,2026/3/6,60.32,VY,PT1H50M,2026-03-06T14:05:00,2026-03-06T15:55:00,
FCO,BCN,2026/3/6,64.32,AZ,PT1H50M,2026-03-06T09:00:00,2026-03-06T10:50:00,
FCO,BCN,2026/3/6,64.32,AZ,PT1H50M,2026-03-06T14:05:00,2026-03-06T15:55:00,
FCO,BCN,2026/3/6,64.32,AZ,PT1H50M,2026-03-06T21:25:00,2026-03-06T23:15:00,
FCO,BCN,2026/3/6,66.32,VY,PT1H50M,2026-03-06T09:45:00,2026-03-06T11:35:00,
FCO,BCN,2026/3/6,71.32,IB,PT1H45M,2026-03-06T07:40:00,2026-03-06T09:25:00,
FCO,BCN,2026/3/6,71.32,IB,PT1H50M,2026-03-06T09:45:00,2026-03-06T11:35:00,
FCO,BCN,2026/3/6,71.32,IB,PT1H50M,2026-03-06T11:45:00,2026-03-06T13:35:00,
FCO,BCN,2026/3/6,71.32,IB,PT1H50M,2026-03-06T12:35:00,2026-03-06T14:25:00,
FCO,BCN,2026/3/6,71.32,IB,PT1H50M,2026-03-06T13:25:00,2026-03-06T15:15:00,
FCO,BCN,2026/3/6,71.32,IB,PT1H50M,2026-03-06T19:10:00,2026-03-06T21:00:00,
FCO,BCN,2026/3/6,71.32,VY,PT1H50M,2026-03-06T19:10:00,2026-03-06T21:00:00,
FCO,BCN,2026/3/7,60.32,VY,PT1H45M,2026-03-07T07:40:00,2026-03-07T09:25:00,
FCO,BCN,2026/3/7,60.32,VY,PT1H50M,2026-03-07T09:45:00,2026-03-07T11:35:00,
FCO,BCN,2026/3/7,60.32,VY,PT1H50M,2026-03-07T11:45:00,2026-03-07T13:35:00,
FCO,BCN,2026/3/7,60.32,VY,PT1H50M,2026-03-07T12:35:00,2026-03-07T14:25:00,
FCO,BCN,2026/3/7,60.32,VY,PT1H50M,2026-03-07T14:05:00,2026-03-07T15:55:00,
FCO,BCN,2026/3/7,60.32,VY,PT1H50M,2026-03-07T19:10:00,2026-03-07T21:00:00,
FCO,BCN,2026/3/7,64.32,AZ,PT1H50M,2026-03-07T09:00:00,2026-03-07T10:50:00,
FCO,BCN,2026/3/7,64.32,AZ,PT1H50M,2026-03-07T14:05:00,2026-03-07T15:55:00,
FCO,BCN,2026/3/7,64.32,AZ,PT1H50M,2026-03-07T21:25:00,2026-03-07T23:15:00,
FCO,BCN,2026/3/7,71.32,IB,PT1H45M,2026-03-07T07:40:00,2026-03-07T09:25:00,
FCO,BCN,2026/3/7,71.32,IB,PT1H50M,2026-03-07T09:45:00,2026-03-07T11:35:00,
FCO,BCN,2026/3/7,71.32,IB,PT1H50M,2026-03-07T11:45:00,2026-03-07T13:35:00,
FCO,BCN,2026/3/7,71.32,IB,PT1H50M,2026-03-07T12:35:00,2026-03-07T14:25:00,
FCO,BCN,2026/3/7,71.32,IB,PT1H50M,2026-03-07T13:25:00,2026-03-07T15:15:00,
FCO,BCN,2026/3/7,71.32,IB,PT1H50M,2026-03-07T19:10:00,2026-03-07T21:00:00,
FCO,BCN,2026/3/8,60.32,VY,PT1H50M,2026-03-08T10:55:00,2026-03-08T12:45:00,
FCO,BCN,2026/3/8,60.32,VY,PT1H50M,2026-03-08T11:45:00,2026-03-08T13:35:00,
FCO,BCN,2026/3/8,60.32,VY,PT1H50M,2026-03-08T12:35:00,2026-03-08T14:25:00,
FCO,BCN,2026/3/8,60.32,VY,PT1H50M,2026-03-08T13:25:00,2026-03-08T15:15:00,
FCO,BCN,2026/3/8,60.32,VY,PT1H50M,2026-03-08T19:10:00,2026-03-08T21:00:00,
FCO,BCN,2026/3/8,64.32,AZ,PT1H50M,2026-03-08T09:00:00,2026-03-08T10:50:00,
FCO,BCN,2026/3/8,64.32,AZ,PT1H50M,2026-03-08T14:05:00,2026-03-08T15:55:00,
FCO,BCN,2026/3/8,64.32,AZ,PT1H50M,2026-03-08T21:25:00,2026-03-08T23:15:00,
FCO,BCN,2026/3/8,71.32,IB,PT1H45M,2026-03-08T07:40:00,2026-03-08T09:25:00,
FCO,BCN,2026/3/8,71.32,IB,PT1H50M,2026-03-08T10:55:00,2026-03-08T12:45:00,
FCO,BCN,2026/3/8,71.32,IB,PT1H50M,2026-03-08T11:45:00,2026-03-08T13:35:00,
FCO,BCN,2026/3/8,71.32,IB,PT1H50M,2026-03-08T12:35:00,2026-03-08T14:25:00,
FCO,BCN,2026/3/8,71.32,IB,PT1H50M,2026-03-08T13:25:00,2026-03-08T15:15:00,
FCO,BCN,2026/3/8,71.32,IB,PT1H50M,2026-03-08T19:10:00,2026-03-08T21:00:00,
FCO,BCN,2026/3/8,72.89,V7,PT20H5M,2026-03-08T12:25:00,2026-03-08T14:15:00,
FCO,BCN,2026/3/9,60.32,VY,PT1H50M,2026-03-09T12:35:00,2026-03-09T14:25:00,
FCO,BCN,2026/3/9,60.32,VY,PT1H50M,2026-03-09T19:10:00,2026-03-09T21:00:00,
FCO,BCN,2026/3/9,64.32,AZ,PT1H50M,2026-03-09T09:00:00,2026-03-09T10:50:00,
FCO,BCN,2026/3/9,64.32,AZ,PT1H50M,2026-03-09T14:05:00,2026-03-09T15:55:00,
FCO,BCN,2026/3/9,64.32,AZ,PT1H50M,2026-03-09T21:25:00,2026-03-09T23:15:00,
FCO,BCN,2026/3/9,66.32,VY,PT1H50M,2026-03-09T09:45:00,2026-03-09T11:35:00,
FCO,BCN,2026/3/9,66.32,VY,PT1H50M,2026-03-09T14:05:00,2026-03-09T15:55:00,
FCO,BCN,2026/3/9,71.32,IB,PT1H45M,2026-03-09T07:40:00,2026-03-09T09:25:00,
FCO,BCN,2026/3/9,71.32,IB,PT1H50M,2026-03-09T09:45:00,2026-03-09T11:35:00,
FCO,BCN,2026/3/9,71.32,IB,PT1H50M,2026-03-09T11:45:00,2026-03-09T13:35:00,
FCO,BCN,2026/3/9,71.32,IB,PT1H50M,2026-03-09T12:35:00,2026-03-09T14:25:00,
FCO,BCN,2026/3/9,71.32,IB,PT1H50M,2026-03-09T14:05:00,2026-03-09T15:55:00,
FCO,BCN,2026/3/9,71.32,IB,PT1H50M,2026-03-09T19:10:00,2026-03-09T21:00:00,
FCO,BCN,2026/3/9,71.32,VY,PT1H45M,2026-03-09T07:40:00,2026-03-09T09:25:00,
FCO,BCN,2026/3/9,71.32,VY,PT1H50M,2026-03-09T11:45:00,2026-03-09T13:35:00,
FCO,BCN,2026/3/10,60.32,VY,PT1H50M,2026-03-10T15:30:00,2026-03-10T17:20:00,
FCO,BCN,2026/3/10,64.32,AZ,PT1H50M,2026-03-10T09:00:00,2026-03-10T10:50:00,
FCO,BCN,2026/3/10,64.32,AZ,PT1H50M,2026-03-10T14:05:00,2026-03-10T15:55:00,
FCO,BCN,2026/3/10,64.32,AZ,PT1H50M,2026-03-10T21:25:00,2026-03-10T23:15:00,
FCO,BCN,2026/3/10,66.32,VY,PT1H50M,2026-03-10T09:45:00,2026-03-10T11:35:00,
FCO,BCN,2026/3/10,66.32,VY,PT1H50M,2026-03-10T11:45:00,2026-03-10T13:35:00,
FCO,BCN,2026/3/10,71.32,IB,PT1H45M,2026-03-10T07:40:00,2026-03-10T09:25:00,
FCO,BCN,2026/3/10,71.32,IB,PT1H50M,2026-03-10T09:45:00,2026-03-10T11:35:00,
FCO,BCN,2026/3/10,71.32,IB,PT1H50M,2026-03-10T11:45:00,2026-03-10T13:35:00,
FCO,BCN,2026/3/10,71.32,IB,PT1H50M,2026-03-10T15:30:00,2026-03-10T17:20:00,
FCO,BCN,2026/3/10,71.32,IB,PT1H50M,2026-03-10T22:30:00,2026-03-11T00:20:00,
FCO,BCN,2026/3/10,71.32,VY,PT1H45M,2026-03-10T07:40:00,2026-03-10T09:25:00,
FCO,BCN,2026/3/10,71.32,VY,PT1H50M,2026-03-10T22:30:00,2026-03-11T00:20:00,
FCO,BCN,2026/3/10,109.04,A3,PT6H35M,2026-03-10T10:35:00,2026-03-10T13:35:00,
FCO,BCN,2026/3/10,116.76,TP,PT11H15M,2026-03-10T06:00:00,2026-03-10T08:10:00,
FCO,BCN,2026/3/11,60.32,VY,PT1H50M,2026-03-11T11:45:00,2026-03-11T13:35:00,
FCO,BCN,2026/3/11,60.32,VY,PT1H50M,2026-03-11T15:30:00,2026-03-11T17:20:00,
FCO,BCN,2026/3/11,64.32,AZ,PT1H50M,2026-03-11T09:00:00,2026-03-11T10:50:00,
FCO,BCN,2026/3/11,64.32,AZ,PT1H50M,2026-03-11T14:05:00,2026-03-11T15:55:00,
FCO,BCN,2026/3/11,64.32,AZ,PT1H50M,2026-03-11T21:25:00,2026-03-11T23:15:00,
FCO,BCN,2026/3/11,66.32,VY,PT1H50M,2026-03-11T09:45:00,2026-03-11T11:35:00,
FCO,BCN,2026/3/11,66.32,VY,PT1H50M,2026-03-11T10:30:00,2026-03-11T12:20:00,
FCO,BCN,2026/3/11,71.32,IB,PT1H50M,2026-03-11T09:45:00,2026-03-11T11:35:00,
FCO,BCN,2026/3/11,71.32,IB,PT1H50M,2026-03-11T10:30:00,2026-03-11T12:20:00,
FCO,BCN,2026/3/11,71.32,IB,PT1H50M,2026-03-11T11:45:00,2026-03-11T13:35:00,
FCO,BCN,2026/3/11,71.32,IB,PT1H50M,2026-03-11T15:30:00,2026-03-11T17:20:00,
FCO,BCN,2026/3/11,71.32,IB,PT1H50M,2026-03-11T19:30:00,2026-03-11T21:20:00,
FCO,BCN,2026/3/11,71.32,VY,PT1H50M,2026-03-11T19:30:00,2026-03-11T21:20:00,
FCO,BCN,2026/3/11,120.89,UX,PT6H5M,2026-03-11T10:30:00,2026-03-11T13:05:00,
FCO,BCN,2026/3/11,136.05,AF,PT12H5M,2026-03-11T20:45:00,2026-03-11T22:55:00,
FCO,BCN,2026/3/12,60.32,VY,PT1H50M,2026-03-12T11:45:00,2026-03-12T13:35:00,
FCO,BCN,2026/3/12,60.32,VY,PT1H50M,2026-03-12T13:25:00,2026-03-12T15:15:00,
FCO,BCN,2026/3/12,60.32,VY,PT1H50M,2026-03-12T19:10:00,2026-03-12T21:00:00,
FCO,BCN,2026/3/12,64.32,AZ,PT1H50M,2026-03-12T09:00:00,2026-03-12T10:50:00,
FCO,BCN,2026/3/12,64.32,AZ,PT1H50M,2026-03-12T14:05:00,2026-03-12T15:55:00,
FCO,BCN,2026/3/12,64.32,AZ,PT1H50M,2026-03-12T21:25:00,2026-03-12T23:15:00,
FCO,BCN,2026/3/12,66.32,VY,PT1H50M,2026-03-12T09:45:00,2026-03-12T11:35:00,
FCO,BCN,2026/3/12,66.32,VY,PT1H50M,2026-03-12T12:35:00,2026-03-12T14:25:00,
FCO,BCN,2026/3/12,71.32,IB,PT1H45M,2026-03-12T07:40:00,2026-03-12T09:25:00,
FCO,BCN,2026/3/12,71.32,IB,PT1H50M,2026-03-12T09:45:00,2026-03-12T11:35:00,
FCO,BCN,2026/3/12,71.32,IB,PT1H50M,2026-03-12T11:45:00,2026-03-12T13:35:00,
FCO,BCN,2026/3/12,71.32,IB,PT1H50M,2026-03-12T12:35:00,2026-03-12T14:25:00,
FCO,BCN,2026/3/12,71.32,IB,PT1H50M,2026-03-12T13:25:00,2026-03-12T15:15:00,
FCO,BCN,2026/3/12,71.32,IB,PT1H50M,2026-03-12T19:10:00,2026-03-12T21:00:00,
FCO,BCN,2026/3/12,71.32,VY,PT1H45M,2026-03-12T07:40:00,2026-03-12T09:25:00,
FCO,BCN,2026/3/13,60.32,VY,PT1H45M,2026-03-13T07:40:00,2026-03-13T09:25:00,
FCO,BCN,2026/3/13,60.32,VY,PT1H50M,2026-03-13T09:45:00,2026-03-13T11:35:00,
FCO,BCN,2026/3/13,60.32,VY,PT1H50M,2026-03-13T11:45:00,2026-03-13T13:35:00,
FCO,BCN,2026/3/13,60.32,VY,PT1H50M,2026-03-13T12:35:00,2026-03-13T14:25:00,
FCO,BCN,2026/3/13,60.32,VY,PT1H50M,2026-03-13T14:05:00,2026-03-13T15:55:00,
FCO,BCN,2026/3/13,60.32,VY,PT1H50M,2026-03-13T19:10:00,2026-03-13T21:00:00,
FCO,BCN,2026/3/13,64.32,AZ,PT1H50M,2026-03-13T09:00:00,2026-03-13T10:50:00,
FCO,BCN,2026/3/13,64.32,AZ,PT1H50M,2026-03-13T14:05:00,2026-03-13T15:55:00,
FCO,BCN,2026/3/13,64.32,AZ,PT1H50M,2026-03-13T21:25:00,2026-03-13T23:15:00,
FCO,BCN,2026/3/13,71.32,IB,PT1H45M,2026-03-13T07:40:00,2026-03-13T09:25:00,
FCO,BCN,2026/3/13,71.32,IB,PT1H50M,2026-03-13T09:45:00,2026-03-13T11:35:00,
FCO,BCN,2026/3/13,71.32,IB,PT1H50M,2026-03-13T11:45:00,2026-03-13T13:35:00,
FCO,BCN,2026/3/13,71.32,IB,PT1H50M,2026-03-13T12:35:00,2026-03-13T14:25:00,
FCO,BCN,2026/3/13,71.32,IB,PT1H50M,2026-03-13T13:25:00,2026-03-13T15:15:00,
FCO,BCN,2026/3/13,71.32,IB,PT1H50M,2026-03-13T19:10:00,2026-03-13T21:00:00,
FCO,BCN,2026/3/14,60.32,VY,PT1H50M,2026-03-14T09:45:00,2026-03-14T11:35:00,
FCO,BCN,2026/3/14,60.32,VY,PT1H50M,2026-03-14T12:35:00,2026-03-14T14:25:00,
FCO,BCN,2026/3/14,60.32,VY,PT1H50M,2026-03-14T14:05:00,2026-03-14T15:55:00,
FCO,BCN,2026/3/14,60.32,VY,PT1H50M,2026-03-14T19:10:00,2026-03-14T21:00:00,
FCO,BCN,2026/3/14,64.32,AZ,PT1H50M,2026-03-14T09:00:00,2026-03-14T10:50:00,
FCO,BCN,2026/3/14,64.32,AZ,PT1H50M,2026-03-14T14:05:00,2026-03-14T15:55:00,
FCO,BCN,2026/3/14,64.32,AZ,PT1H50M,2026-03-14T21:25:00,2026-03-14T23:15:00,
FCO,BCN,2026/3/14,66.32,VY,PT1H50M,2026-03-14T11:45:00,2026-03-14T13:35:00,
FCO,BCN,2026/3/14,71.32,IB,PT1H45M,2026-03-14T07:40:00,2026-03-14T09:25:00,
FCO,BCN,2026/3/14,71.32,IB,PT1H50M,2026-03-14T09:45:00,2026-03-14T11:35:00,
FCO,BCN,2026/3/14,71.32,IB,PT1H50M,2026-03-14T11:45:00,2026-03-14T13:35:00,
FCO,BCN,2026/3/14,71.32,IB,PT1H50M,2026-03-14T12:35:00,2026-03-14T14:25:00,
FCO,BCN,2026/3/14,71.32,IB,PT1H50M,2026-03-14T13:25:00,2026-03-14T15:15:00,
FCO,BCN,2026/3/14,71.32,IB,PT1H50M,2026-03-14T19:10:00,2026-03-14T21:00:00,
FCO,BCN,2026/3/14,71.32,VY,PT1H45M,2026-03-14T07:40:00,2026-03-14T09:25:00,
FCO,BCN,2026/3/15,60.32,VY,PT1H45M,2026-03-15T07:40:00,2026-03-15T09:25:00,
FCO,BCN,2026/3/15,60.32,VY,PT1H50M,2026-03-15T10:55:00,2026-03-15T12:45:00,
FCO,BCN,2026/3/15,60.32,VY,PT1H50M,2026-03-15T12:35:00,2026-03-15T14:25:00,
FCO,BCN,2026/3/15,60.32,VY,PT1H50M,2026-03-15T13:25:00,2026-03-15T15:15:00,
FCO,BCN,2026/3/15,60.32,VY,PT1H50M,2026-03-15T19:10:00,2026-03-15T21:00:00,
FCO,BCN,2026/3/15,64.32,AZ,PT1H50M,2026-03-15T09:00:00,2026-03-15T10:50:00,
FCO,BCN,2026/3/15,64.32,AZ,PT1H50M,2026-03-15T14:05:00,2026-03-15T15:55:00,
FCO,BCN,2026/3/15,64.32,AZ,PT1H50M,2026-03-15T21:25:00,2026-03-15T23:15:00,
FCO,BCN,2026/3/15,66.32,VY,PT1H50M,2026-03-15T11:45:00,2026-03-15T13:35:00,
FCO,BCN,2026/3/15,71.32,IB,PT1H45M,2026-03-15T07:40:00,2026-03-15T09:25:00,
FCO,BCN,2026/3/15,71.32,IB,PT1H50M,2026-03-15T10:55:00,2026-03-15T12:45:00,
FCO,BCN,2026/3/15,71.32,IB,PT1H50M,2026-03-15T11:45:00,2026-03-15T13:35:00,
FCO,BCN,2026/3/15,71.32,IB,PT1H50M,2026-03-15T12:35:00,2026-03-15T14:25:00,
FCO,BCN,2026/3/15,71.32,IB,PT1H50M,2026-03-15T13:25:00,2026-03-15T15:15:00,
FCO,BCN,2026/3/15,71.32,IB,PT1H50M,2026-03-15T19:10:00,2026-03-15T21:00:00,
FCO,BCN,2026/3/16,60.32,VY,PT1H50M,2026-03-16T12:35:00,2026-03-16T14:25:00,
FCO,BCN,2026/3/16,60.32,VY,PT1H50M,2026-03-16T19:10:00,2026-03-16T21:00:00,
FCO,BCN,2026/3/16,64.32,AZ,PT1H50M,2026-03-16T09:00:00,2026-03-16T10:50:00,
FCO,BCN,2026/3/16,64.32,AZ,PT1H50M,2026-03-16T14:05:00,2026-03-16T15:55:00,
FCO,BCN,2026/3/16,64.32,AZ,PT1H50M,2026-03-16T21:25:00,2026-03-16T23:15:00,
FCO,BCN,2026/3/16,71.32,IB,PT1H45M,2026-03-16T07:40:00,2026-03-16T09:25:00,
FCO,BCN,2026/3/16,71.32,IB,PT1H50M,2026-03-16T09:45:00,2026-03-16T11:35:00,
FCO,BCN,2026/3/16,71.32,IB,PT1H50M,2026-03-16T11:45:00,2026-03-16T13:35:00,
FCO,BCN,2026/3/16,71.32,IB,PT1H50M,2026-03-16T12:35:00,2026-03-16T14:25:00,
FCO,BCN,2026/3/16,71.32,IB,PT1H50M,2026-03-16T14:05:00,2026-03-16T15:55:00,
FCO,BCN,2026/3/16,71.32,IB,PT1H50M,2026-03-16T19:10:00,2026-03-16T21:00:00,
FCO,BCN,2026/3/16,71.32,VY,PT1H45M,2026-03-16T07:40:00,2026-03-16T09:25:00,
FCO,BCN,2026/3/16,71.32,VY,PT1H50M,2026-03-16T11:45:00,2026-03-16T13:35:00,
FCO,BCN,2026/3/16,71.32,VY,PT1H50M,2026-03-16T09:45:00,2026-03-16T11:35:00,
FCO,BCN,2026/3/16,71.32,VY,PT1H50M,2026-03-16T14:05:00,2026-03-16T15:55:00,
FCO,BCN,2026/3/17,60.32,VY,PT1H45M,2026-03-17T07:40:00,2026-03-17T09:25:00,
FCO,BCN,2026/3/17,60.32,VY,PT1H50M,2026-03-17T09:45:00,2026-03-17T11:35:00,
FCO,BCN,2026/3/17,60.32,VY,PT1H50M,2026-03-17T15:30:00,2026-03-17T17:20:00,
FCO,BCN,2026/3/17,64.32,AZ,PT1H50M,2026-03-17T09:00:00,2026-03-17T10:50:00,
FCO,BCN,2026/3/17,64.32,AZ,PT1H50M,2026-03-17T14:05:00,2026-03-17T15:55:00,
FCO,BCN,2026/3/17,64.32,AZ,PT1H50M,2026-03-17T21:25:00,2026-03-17T23:15:00,
FCO,BCN,2026/3/17,66.32,VY,PT1H50M,2026-03-17T11:45:00,2026-03-17T13:35:00,
FCO,BCN,2026/3/17,71.32,IB,PT1H45M,2026-03-17T07:40:00,2026-03-17T09:25:00,
FCO,BCN,2026/3/17,71.32,IB,PT1H50M,2026-03-17T09:45:00,2026-03-17T11:35:00,
FCO,BCN,2026/3/17,71.32,IB,PT1H50M,2026-03-17T11:45:00,2026-03-17T13:35:00,
FCO,BCN,2026/3/17,71.32,IB,PT1H50M,2026-03-17T15:30:00,2026-03-17T17:20:00,
FCO,BCN,2026/3/17,71.32,IB,PT1H50M,2026-03-17T22:30:00,2026-03-18T00:20:00,
FCO,BCN,2026/3/17,71.32,VY,PT1H50M,2026-03-17T22:30:00,2026-03-18T00:20:00,
FCO,BCN,2026/3/17,109.04,A3,PT6H35M,2026-03-17T10:35:00,2026-03-17T13:35:00,
FCO,BCN,2026/3/17,109.04,A3,PT15H55M,2026-03-17T18:30:00,2026-03-17T21:30:00,
FCO,BCN,2026/3/18,60.32,VY,PT1H50M,2026-03-18T09:45:00,2026-03-18T11:35:00,
FCO,BCN,2026/3/18,60.32,VY,PT1H50M,2026-03-18T10:30:00,2026-03-18T12:20:00,
FCO,BCN,2026/3/18,60.32,VY,PT1H50M,2026-03-18T15:30:00,2026-03-18T17:20:00,
FCO,BCN,2026/3/18,64.32,AZ,PT1H50M,2026-03-18T09:00:00,2026-03-18T10:50:00,
FCO,BCN,2026/3/18,64.32,AZ,PT1H50M,2026-03-18T14:05:00,2026-03-18T15:55:00,
FCO,BCN,2026/3/18,64.32,AZ,PT1H50M,2026-03-18T21:25:00,2026-03-18T23:15:00,
FCO,BCN,2026/3/18,71.32,IB,PT1H50M,2026-03-18T09:45:00,2026-03-18T11:35:00,
FCO,BCN,2026/3/18,71.32,IB,PT1H50M,2026-03-18T10:30:00,2026-03-18T12:20:00,
FCO,BCN,2026/3/18,71.32,IB,PT1H50M,2026-03-18T11:45:00,2026-03-18T13:35:00,
FCO,BCN,2026/3/18,71.32,IB,PT1H50M,2026-03-18T15:30:00,2026-03-18T17:20:00,
FCO,BCN,2026/3/18,71.32,IB,PT1H50M,2026-03-18T19:30:00,2026-03-18T21:20:00,
FCO,BCN,2026/3/18,71.32,VY,PT1H50M,2026-03-18T11:45:00,2026-03-18T13:35:00,
FCO,BCN,2026/3/18,71.32,VY,PT1H50M,2026-03-18T19:30:00,2026-03-18T21:20:00,
FCO,BCN,2026/3/18,109.04,A3,PT15H55M,2026-03-18T18:30:00,2026-03-18T21:30:00,
FCO,BCN,2026/3/18,109.04,A3,PT22H40M,2026-03-18T18:30:00,2026-03-18T21:30:00,
FCO,BCN,2026/3/19,60.32,VY,PT1H50M,2026-03-19T09:45:00,2026-03-19T11:35:00,
FCO,BCN,2026/3/19,60.32,VY,PT1H50M,2026-03-19T12:35:00,2026-03-19T14:25:00,
FCO,BCN,2026/3/19,64.32,AZ,PT1H50M,2026-03-19T09:00:00,2026-03-19T10:50:00,
FCO,BCN,2026/3/19,64.32,AZ,PT1H50M,2026-03-19T14:05:00,2026-03-19T15:55:00,
FCO,BCN,2026/3/19,64.32,AZ,PT1H50M,2026-03-19T21:25:00,2026-03-19T23:15:00,
FCO,BCN,2026/3/19,66.32,VY,PT1H50M,2026-03-19T13:25:00,2026-03-19T15:15:00,
FCO,BCN,2026/3/19,71.32,IB,PT1H45M,2026-03-19T07:40:00,2026-03-19T09:25:00,
FCO,BCN,2026/3/19,71.32,IB,PT1H50M,2026-03-19T09:45:00,2026-03-19T11:35:00,
FCO,BCN,2026/3/19,71.32,IB,PT1H50M,2026-03-19T11:45:00,2026-03-19T13:35:00,
FCO,BCN,2026/3/19,71.32,IB,PT1H50M,2026-03-19T12:35:00,2026-03-19T14:25:00,
FCO,BCN,2026/3/19,71.32,IB,PT1H50M,2026-03-19T13:25:00,2026-03-19T15:15:00,
FCO,BCN,2026/3/19,71.32,IB,PT1H50M,2026-03-19T19:10:00,2026-03-19T21:00:00,
FCO,BCN,2026/3/19,71.32,VY,PT1H45M,2026-03-19T07:40:00,2026-03-19T09:25:00,
FCO,BCN,2026/3/19,71.32,VY,PT1H50M,2026-03-19T11:45:00,2026-03-19T13:35:00,
FCO,BCN,2026/3/19,71.32,VY,PT1H50M,2026-03-19T19:10:00,2026-03-19T21:00:00,
BUD,BCN,2026/2/18,147.2,JU,PT13H20M,2026-02-18T19:45:00,2026-02-18T20:40:00,
BUD,BCN,2026/2/18,147.2,JU,PT17H50M,2026-02-18T15:15:00,2026-02-18T16:10:00,
BUD,BCN,2026/2/18,197.54,IB,PT7H15M,2026-02-18T15:35:00,2026-02-18T18:55:00,
BUD,BCN,2026/2/18,207.79,SK,PT7H55M,2026-02-18T10:25:00,2026-02-18T12:25:00,
BUD,BCN,2026/2/18,215.42,AF,PT7H40M,2026-02-18T06:20:00,2026-02-18T08:45:00,
BUD,BCN,2026/2/18,217.98,DY,PT23H15M,2026-02-18T13:25:00,2026-02-18T15:55:00,
BUD,BCN,2026/2/18,242.42,AF,PT8H40M,2026-02-18T06:20:00,2026-02-18T08:45:00,
BUD,BCN,2026/2/18,242.43,AF,PT5H45M,2026-02-18T06:30:00,2026-02-18T08:45:00,
BUD,BCN,2026/2/18,242.43,AF,PT6H,2026-02-18T17:05:00,2026-02-18T19:15:00,
BUD,BCN,2026/2/18,242.43,AF,PT17H20M,2026-02-18T17:05:00,2026-02-18T19:15:00,
BUD,BCN,2026/2/18,242.43,AF,PT10H55M,2026-02-18T12:10:00,2026-02-18T14:21:00,
BUD,BCN,2026/2/18,242.43,AF,PT22H15M,2026-02-18T12:10:00,2026-02-18T14:21:00,
BUD,BCN,2026/2/18,243.76,AF,PT17H,2026-02-18T18:10:00,2026-02-18T20:35:00,
BUD,BCN,2026/2/18,250.53,LH,PT5H15M,2026-02-18T14:35:00,2026-02-18T16:20:00,
BUD,BCN,2026/2/18,259.84,LO,PT8H,2026-02-18T09:45:00,2026-02-18T11:00:00,
BUD,BCN,2026/2/19,117.2,JU,PT17H50M,2026-02-19T15:15:00,2026-02-19T16:10:00,
BUD,BCN,2026/2/19,117.2,JU,PT21H50M,2026-02-19T11:15:00,2026-02-19T12:10:00,
BUD,BCN,2026/2/19,197.54,IB,PT7H15M,2026-02-19T15:35:00,2026-02-19T18:55:00,
BUD,BCN,2026/2/19,219.98,DY,PT23H15M,2026-02-19T13:25:00,2026-02-19T15:55:00,
BUD,BCN,2026/2/19,226.84,LO,PT21H25M,2026-02-19T20:20:00,2026-02-19T21:35:00,
BUD,BCN,2026/2/19,226.84,LO,PT23H55M,2026-02-19T17:50:00,2026-02-19T19:05:00,
BUD,BCN,2026/2/19,242.42,AF,PT6H40M,2026-02-19T12:40:00,2026-02-19T15:05:00,
BUD,BCN,2026/2/19,242.43,AF,PT5H45M,2026-02-19T06:30:00,2026-02-19T08:45:00,
BUD,BCN,2026/2/19,242.43,AF,PT6H,2026-02-19T17:05:00,2026-02-19T19:15:00,
BUD,BCN,2026/2/19,242.43,AF,PT10H,2026-02-19T06:30:00,2026-02-19T08:45:00,
BUD,BCN,2026/2/19,242.43,AF,PT10H55M,2026-02-19T12:10:00,2026-02-19T14:22:00,
BUD,BCN,2026/2/19,242.43,AF,PT17H20M,2026-02-19T17:05:00,2026-02-19T19:15:00,
BUD,BCN,2026/2/19,242.43,AF,PT22H15M,2026-02-19T12:10:00,2026-02-19T14:22:00,
BUD,BCN,2026/2/19,286.79,SK,PT7H55M,2026-02-19T10:25:00,2026-02-19T12:25:00,
BUD,BCN,2026/2/19,287.42,AF,PT7H40M,2026-02-19T06:20:00,2026-02-19T08:45:00,
BUD,BCN,2026/2/20,120.41,A3,PT26H10M,2026-02-20T15:00:00,2026-02-20T18:00:00,
BUD,BCN,2026/2/20,141.41,A3,PT19H25M,2026-02-20T15:00:00,2026-02-20T18:00:00,
BUD,BCN,2026/2/20,147.2,JU,PT4H25M,2026-02-20T15:20:00,2026-02-20T16:15:00,
BUD,BCN,2026/2/20,147.2,JU,PT11H15M,2026-02-20T21:50:00,2026-02-20T22:45:00,
BUD,BCN,2026/2/20,147.2,JU,PT17H45M,2026-02-20T15:20:00,2026-02-20T16:15:00,
BUD,BCN,2026/2/20,181.06,IB,PT16H50M,2026-02-20T15:35:00,2026-02-20T18:55:00,
BUD,BCN,2026/2/20,197.54,IB,PT5H35M,2026-02-20T12:35:00,2026-02-20T15:55:00,
BUD,BCN,2026/2/20,197.54,IB,PT7H50M,2026-02-20T12:35:00,2026-02-20T15:55:00,
BUD,BCN,2026/2/20,226.84,LO,PT8H,2026-02-20T09:45:00,2026-02-20T11:00:00,
BUD,BCN,2026/2/20,226.84,LO,PT14H15M,2026-02-20T20:20:00,2026-02-20T21:35:00,
BUD,BCN,2026/2/20,235.98,DY,PT28H5M,2026-02-20T13:25:00,2026-02-20T15:55:00,
BUD,BCN,2026/2/20,240.76,LX,PT4H25M,2026-02-20T09:40:00,2026-02-20T11:20:00,
BUD,BCN,2026/2/20,240.76,LX,PT7H50M,2026-02-20T06:15:00,2026-02-20T07:55:00,
BUD,BCN,2026/2/20,242.43,AF,PT5H45M,2026-02-20T06:30:00,2026-02-20T08:45:00,
BUD,BCN,2026/2/20,242.43,AF,PT6H,2026-02-20T17:05:00,2026-02-20T19:15:00,
BUD,BCN,2026/2/21,120.41,A3,PT19H25M,2026-02-21T15:00:00,2026-02-21T18:00:00,
BUD,BCN,2026/2/21,120.41,A3,PT26H10M,2026-02-21T15:00:00,2026-02-21T18:00:00,
BUD,BCN,2026/2/21,226.84,LO,PT23H55M,2026-02-21T17:50:00,2026-02-21T19:05:00,
BUD,BCN,2026/2/21,242.43,AF,PT5H10M,2026-02-21T13:55:00,2026-02-21T16:05:00,
BUD,BCN,2026/2/21,242.43,AF,PT5H45M,2026-02-21T06:30:00,2026-02-21T08:45:00,
BUD,BCN,2026/2/21,242.43,AF,PT6H55M,2026-02-21T12:10:00,2026-02-21T14:20:00,
BUD,BCN,2026/2/21,242.43,AF,PT10H,2026-02-21T06:30:00,2026-02-21T08:45:00,
BUD,BCN,2026/2/21,242.43,AF,PT17H20M,2026-02-21T17:05:00,2026-02-21T19:15:00,
BUD,BCN,2026/2/21,242.43,AF,PT19H10M,2026-02-21T17:05:00,2026-02-21T19:15:00,
BUD,BCN,2026/2/21,242.43,AF,PT20H30M,2026-02-21T13:55:00,2026-02-21T16:05:00,
BUD,BCN,2026/2/21,242.45,LH,PT4H15M,2026-02-21T13:20:00,2026-02-21T14:35:00,
BUD,BCN,2026/2/21,278.45,LH,PT4H45M,2026-02-21T10:00:00,2026-02-21T11:15:00,
BUD,BCN,2026/2/21,278.45,LH,PT6H50M,2026-02-21T07:55:00,2026-02-21T09:10:00,
BUD,BCN,2026/2/21,278.45,LH,PT7H35M,2026-02-21T10:00:00,2026-02-21T11:15:00,
BUD,BCN,2026/2/21,345.19,TK,PT7H55M,2026-02-21T09:10:00,2026-02-21T13:25:00,
BUD,BCN,2026/2/22,117.2,JU,PT21H55M,2026-02-22T21:50:00,2026-02-22T22:45:00,
BUD,BCN,2026/2/22,120.41,A3,PT23H40M,2026-02-22T17:30:00,2026-02-22T20:30:00,
BUD,BCN,2026/2/22,141.41,A3,PT16H55M,2026-02-22T17:30:00,2026-02-22T20:30:00,
BUD,BCN,2026/2/22,147.2,JU,PT4H30M,2026-02-22T15:15:00,2026-02-22T16:10:00,
BUD,BCN,2026/2/22,147.2,JU,PT11H15M,2026-02-22T21:50:00,2026-02-22T22:45:00,
BUD,BCN,2026/2/22,147.2,JU,PT17H50M,2026-02-22T15:15:00,2026-02-22T16:10:00,
BUD,BCN,2026/2/22,196.84,LO,PT8H,2026-02-22T09:45:00,2026-02-22T11:00:00,
BUD,BCN,2026/2/22,196.84,LO,PT21H25M,2026-02-22T20:20:00,2026-02-22T21:35:00,
BUD,BCN,2026/2/22,197.54,IB,PT7H15M,2026-02-22T15:35:00,2026-02-22T18:55:00,
BUD,BCN,2026/2/22,213.43,AF,PT5H40M,2026-02-22T13:25:00,2026-02-22T15:35:00,
BUD,BCN,2026/2/22,213.43,AF,PT5H45M,2026-02-22T06:30:00,2026-02-22T08:45:00,
BUD,BCN,2026/2/22,213.43,AF,PT6H,2026-02-22T17:05:00,2026-02-22T19:15:00,
BUD,BCN,2026/2/22,213.43,AF,PT6H55M,2026-02-22T12:10:00,2026-02-22T14:20:00,
BUD,BCN,2026/2/22,213.43,AF,PT9H40M,2026-02-22T13:25:00,2026-02-22T15:35:00,
BUD,BCN,2026/2/22,213.43,AF,PT10H,2026-02-22T06:30:00,2026-02-22T08:45:00,
BUD,BCN,2026/2/23,117.2,JU,PT4H30M,2026-02-23T15:15:00,2026-02-23T16:10:00,
BUD,BCN,2026/2/23,117.2,JU,PT8H30M,2026-02-23T11:15:00,2026-02-23T12:10:00,
BUD,BCN,2026/2/23,174.2,JU,PT11H15M,2026-02-23T21:50:00,2026-02-23T22:45:00,
BUD,BCN,2026/2/23,174.2,JU,PT17H50M,2026-02-23T15:15:00,2026-02-23T16:10:00,
BUD,BCN,2026/2/23,196.84,LO,PT8H,2026-02-23T09:45:00,2026-02-23T11:00:00,
BUD,BCN,2026/2/23,197.54,IB,PT7H15M,2026-02-23T15:35:00,2026-02-23T18:55:00,
BUD,BCN,2026/2/23,199.98,DY,PT21H50M,2026-02-23T14:50:00,2026-02-23T17:20:00,
BUD,BCN,2026/2/23,213.43,AF,PT5H10M,2026-02-23T13:55:00,2026-02-23T16:05:00,
BUD,BCN,2026/2/23,213.43,AF,PT5H45M,2026-02-23T06:30:00,2026-02-23T08:45:00,
BUD,BCN,2026/2/23,213.43,AF,PT6H,2026-02-23T17:05:00,2026-02-23T19:15:00,
BUD,BCN,2026/2/23,213.43,AF,PT6H55M,2026-02-23T12:10:00,2026-02-23T14:20:00,
BUD,BCN,2026/2/23,213.43,AF,PT9H10M,2026-02-23T13:55:00,2026-02-23T16:05:00,
BUD,BCN,2026/2/23,213.43,AF,PT10H,2026-02-23T06:30:00,2026-02-23T08:45:00,
BUD,BCN,2026/2/23,213.43,AF,PT17H20M,2026-02-23T17:05:00,2026-02-23T19:15:00,
BUD,BCN,2026/2/23,215.42,AF,PT6H40M,2026-02-23T12:40:00,2026-02-23T15:05:00,
BUD,BCN,2026/2/24,196.84,LO,PT21H25M,2026-02-24T20:20:00,2026-02-24T21:35:00,
BUD,BCN,2026/2/24,196.84,LO,PT23H55M,2026-02-24T17:50:00,2026-02-24T19:05:00,
BUD,BCN,2026/2/24,197.54,IB,PT7H15M,2026-02-24T15:35:00,2026-02-24T18:55:00,
BUD,BCN,2026/2/24,213.43,AF,PT5H10M,2026-02-24T13:55:00,2026-02-24T16:05:00,
BUD,BCN,2026/2/24,213.43,AF,PT6H,2026-02-24T17:05:00,2026-02-24T19:30:00,
BUD,BCN,2026/2/24,213.43,AF,PT9H10M,2026-02-24T13:55:00,2026-02-24T16:05:00,
BUD,BCN,2026/2/24,213.43,AF,PT17H20M,2026-02-24T17:05:00,2026-02-24T19:30:00,
BUD,BCN,2026/2/24,215.42,AF,PT6H40M,2026-02-24T12:40:00,2026-02-24T15:05:00,
BUD,BCN,2026/2/24,215.42,AF,PT7H40M,2026-02-24T06:20:00,2026-02-24T08:45:00,
BUD,BCN,2026/2/24,215.42,AF,PT8H40M,2026-02-24T06:20:00,2026-02-24T08:45:00,
BUD,BCN,2026/2/24,215.42,AF,PT10H15M,2026-02-24T12:40:00,2026-02-24T15:05:00,
BUD,BCN,2026/2/24,228.53,LH,PT5H55M,2026-02-24T06:05:00,2026-02-24T07:50:00,
BUD,BCN,2026/2/24,228.53,LH,PT6H55M,2026-02-24T06:05:00,2026-02-24T07:50:00,
BUD,BCN,2026/2/24,229.43,SN,PT20H25M,2026-02-24T17:50:00,2026-02-24T20:00:00,
BUD,BCN,2026/2/24,229.43,SN,PT26H35M,2026-02-24T17:50:00,2026-02-24T20:00:00,
BUD,BCN,2026/2/25,120.41,A3,PT26H10M,2026-02-25T15:00:00,2026-02-25T18:00:00,
BUD,BCN,2026/2/25,136.98,DY,PT23H15M,2026-02-25T13:25:00,2026-02-25T15:55:00,
BUD,BCN,2026/2/25,174.2,JU,PT4H30M,2026-02-25T15:15:00,2026-02-25T16:10:00,
BUD,BCN,2026/2/25,174.2,JU,PT8H30M,2026-02-25T11:15:00,2026-02-25T12:10:00,
BUD,BCN,2026/2/25,174.2,JU,PT17H50M,2026-02-25T15:15:00,2026-02-25T16:10:00,
BUD,BCN,2026/2/25,197.54,IB,PT7H15M,2026-02-25T15:35:00,2026-02-25T18:55:00,
BUD,BCN,2026/2/25,207.79,SK,PT7H55M,2026-02-25T10:25:00,2026-02-25T12:25:00,
BUD,BCN,2026/2/25,213.43,AF,PT5H10M,2026-02-25T13:55:00,2026-02-25T16:05:00,
BUD,BCN,2026/2/25,213.43,AF,PT6H,2026-02-25T17:05:00,2026-02-25T19:15:00,
BUD,BCN,2026/2/25,213.43,AF,PT6H55M,2026-02-25T12:10:00,2026-02-25T14:20:00,
BUD,BCN,2026/2/25,213.43,AF,PT9H10M,2026-02-25T13:55:00,2026-02-25T16:05:00,
BUD,BCN,2026/2/25,213.43,AF,PT10H,2026-02-25T06:30:00,2026-02-25T08:45:00,
BUD,BCN,2026/2/25,213.43,AF,PT17H20M,2026-02-25T17:05:00,2026-02-25T19:15:00,
BUD,BCN,2026/2/25,213.43,AF,PT5H45M,2026-02-25T06:30:00,2026-02-25T08:45:00,
BUD,BCN,2026/2/25,214.09,EI,PT23H55M,2026-02-25T10:55:00,2026-02-25T13:10:00,
BUD,BCN,2026/2/26,109.2,JU,PT17H50M,2026-02-26T15:15:00,2026-02-26T16:10:00,
BUD,BCN,2026/2/26,109.2,JU,PT21H50M,2026-02-26T11:15:00,2026-02-26T12:10:00,
BUD,BCN,2026/2/26,170.98,DY,PT23H15M,2026-02-26T13:25:00,2026-02-26T15:55:00,
BUD,BCN,2026/2/26,213.43,AF,PT5H10M,2026-02-26T13:55:00,2026-02-26T16:05:00,
BUD,BCN,2026/2/26,213.43,AF,PT5H45M,2026-02-26T06:30:00,2026-02-26T08:45:00,
BUD,BCN,2026/2/26,213.43,AF,PT6H,2026-02-26T17:05:00,2026-02-26T19:15:00,
BUD,BCN,2026/2/26,213.43,AF,PT6H55M,2026-02-26T12:10:00,2026-02-26T14:20:00,
BUD,BCN,2026/2/26,213.43,AF,PT9H10M,2026-02-26T13:55:00,2026-02-26T16:05:00,
BUD,BCN,2026/2/26,213.43,AF,PT10H,2026-02-26T06:30:00,2026-02-26T08:45:00,
BUD,BCN,2026/2/26,213.43,AF,PT17H20M,2026-02-26T17:05:00,2026-02-26T19:15:00,
BUD,BCN,2026/2/26,242.42,AF,PT6H40M,2026-02-26T12:40:00,2026-02-26T15:05:00,
BUD,BCN,2026/2/26,242.42,AF,PT7H40M,2026-02-26T06:20:00,2026-02-26T08:45:00,
BUD,BCN,2026/2/26,242.42,AF,PT10H15M,2026-02-26T12:40:00,2026-02-26T15:05:00,
BUD,BCN,2026/2/26,279.77,BT,PT23H,2026-02-26T14:20:00,2026-02-26T17:10:00,
BUD,BCN,2026/2/26,306.79,SK,PT7H55M,2026-02-26T10:25:00,2026-02-26T12:25:00,
BUD,BCN,2026/2/27,120.41,A3,PT19H25M,2026-02-27T15:00:00,2026-02-27T18:00:00,
BUD,BCN,2026/2/27,120.41,A3,PT26H10M,2026-02-27T15:00:00,2026-02-27T18:00:00,
BUD,BCN,2026/2/27,147.2,JU,PT4H25M,2026-02-27T15:20:00,2026-02-27T16:15:00,
BUD,BCN,2026/2/27,147.2,JU,PT11H15M,2026-02-27T21:50:00,2026-02-27T22:45:00,
BUD,BCN,2026/2/27,147.2,JU,PT17H45M,2026-02-27T15:20:00,2026-02-27T16:15:00,
BUD,BCN,2026/2/27,167.84,LO,PT14H15M,2026-02-27T20:20:00,2026-02-27T21:35:00,
BUD,BCN,2026/2/27,185.43,AF,PT5H10M,2026-02-27T13:55:00,2026-02-27T16:05:00,
BUD,BCN,2026/2/27,185.43,AF,PT6H55M,2026-02-27T12:10:00,2026-02-27T14:20:00,
BUD,BCN,2026/2/27,185.43,AF,PT9H10M,2026-02-27T13:55:00,2026-02-27T16:05:00,
BUD,BCN,2026/2/27,187.43,AF,PT5H45M,2026-02-27T06:30:00,2026-02-27T08:45:00,
BUD,BCN,2026/2/27,187.43,AF,PT6H,2026-02-27T17:05:00,2026-02-27T19:15:00,
BUD,BCN,2026/2/27,187.43,AF,PT10H,2026-02-27T06:30:00,2026-02-27T08:45:00,
BUD,BCN,2026/2/27,187.43,AF,PT17H20M,2026-02-27T17:05:00,2026-02-27T19:15:00,
BUD,BCN,2026/2/27,190.98,DY,PT28H5M,2026-02-27T13:25:00,2026-02-27T15:55:00,
BUD,BCN,2026/2/27,193.74,EI,PT9H30M,2026-02-27T10:55:00,2026-02-27T13:10:00,
BUD,BCN,2026/2/28,120.41,A3,PT19H25M,2026-02-28T15:00:00,2026-02-28T18:00:00,
BUD,BCN,2026/2/28,120.41,A3,PT26H10M,2026-02-28T15:00:00,2026-02-28T18:00:00,
BUD,BCN,2026/2/28,167.84,LO,PT23H55M,2026-02-28T17:50:00,2026-02-28T19:05:00,
BUD,BCN,2026/2/28,185.43,AF,PT5H10M,2026-02-28T13:55:00,2026-02-28T16:05:00,
BUD,BCN,2026/2/28,185.43,AF,PT5H45M,2026-02-28T06:30:00,2026-02-28T08:45:00,
BUD,BCN,2026/2/28,185.43,AF,PT6H55M,2026-02-28T12:10:00,2026-02-28T14:20:00,
BUD,BCN,2026/2/28,185.43,AF,PT10H,2026-02-28T06:30:00,2026-02-28T08:45:00,
BUD,BCN,2026/2/28,185.43,AF,PT17H20M,2026-02-28T17:05:00,2026-02-28T19:15:00,
BUD,BCN,2026/2/28,185.43,AF,PT19H10M,2026-02-28T17:05:00,2026-02-28T19:15:00,
BUD,BCN,2026/2/28,185.43,AF,PT20H30M,2026-02-28T13:55:00,2026-02-28T16:05:00,
BUD,BCN,2026/2/28,345.19,TK,PT7H55M,2026-02-28T09:10:00,2026-02-28T13:25:00,
BUD,BCN,2026/2/28,345.19,TK,PT9H50M,2026-02-28T14:00:00,2026-02-28T18:15:00,
BUD,BCN,2026/2/28,345.19,TK,PT14H40M,2026-02-28T09:10:00,2026-02-28T13:25:00,
BUD,BCN,2026/2/28,345.19,TK,PT14H40M,2026-02-28T20:05:00,2026-03-01T00:15:00,
BUD,BCN,2026/2/28,345.19,TK,PT17H20M,2026-02-28T20:05:00,2026-03-01T00:15:00,
BUD,BCN,2026/3/1,109.2,JU,PT11H15M,2026-03-01T21:50:00,2026-03-01T22:45:00,
BUD,BCN,2026/3/1,109.2,JU,PT17H50M,2026-03-01T15:15:00,2026-03-01T16:10:00,
BUD,BCN,2026/3/1,120.41,A3,PT23H40M,2026-03-01T17:30:00,2026-03-01T20:30:00,
BUD,BCN,2026/3/1,141.41,A3,PT16H55M,2026-03-01T17:30:00,2026-03-01T20:30:00,
BUD,BCN,2026/3/1,147.2,JU,PT4H30M,2026-03-01T15:15:00,2026-03-01T16:10:00,
BUD,BCN,2026/3/1,147.2,JU,PT21H55M,2026-03-01T21:50:00,2026-03-01T22:45:00,
BUD,BCN,2026/3/1,185.43,AF,PT5H45M,2026-03-01T06:30:00,2026-03-01T08:45:00,
BUD,BCN,2026/3/1,185.43,AF,PT10H,2026-03-01T06:30:00,2026-03-01T08:45:00,
BUD,BCN,2026/3/1,187.43,AF,PT5H40M,2026-03-01T13:25:00,2026-03-01T15:35:00,
BUD,BCN,2026/3/1,187.43,AF,PT6H,2026-03-01T17:05:00,2026-03-01T19:15:00,
BUD,BCN,2026/3/1,187.43,AF,PT6H55M,2026-03-01T12:10:00,2026-03-01T14:20:00,
BUD,BCN,2026/3/1,187.43,AF,PT9H40M,2026-03-01T13:25:00,2026-03-01T15:35:00,
BUD,BCN,2026/3/1,187.43,AF,PT17H20M,2026-03-01T17:05:00,2026-03-01T19:15:00,
BUD,BCN,2026/3/1,194.09,EI,PT23H55M,2026-03-01T10:55:00,2026-03-01T13:10:00,
BUD,BCN,2026/3/1,198.26,IB,PT7H15M,2026-03-01T15:35:00,2026-03-01T18:55:00,
BUD,BCN,2026/3/2,147.2,JU,PT4H30M,2026-03-02T15:15:00,2026-03-02T16:10:00,
BUD,BCN,2026/3/2,147.2,JU,PT8H30M,2026-03-02T11:15:00,2026-03-02T12:10:00,
BUD,BCN,2026/3/2,167.84,LO,PT14H15M,2026-03-02T20:20:00,2026-03-02T21:35:00,
BUD,BCN,2026/3/2,174.2,JU,PT11H15M,2026-03-02T21:50:00,2026-03-02T22:45:00,
BUD,BCN,2026/3/2,174.2,JU,PT17H50M,2026-03-02T15:15:00,2026-03-02T16:10:00,
BUD,BCN,2026/3/2,185.43,AF,PT5H10M,2026-03-02T13:55:00,2026-03-02T16:05:00,
BUD,BCN,2026/3/2,185.43,AF,PT5H45M,2026-03-02T06:30:00,2026-03-02T08:45:00,
BUD,BCN,2026/3/2,185.43,AF,PT6H,2026-03-02T17:05:00,2026-03-02T19:15:00,
BUD,BCN,2026/3/2,185.43,AF,PT6H55M,2026-03-02T12:10:00,2026-03-02T14:20:00,
BUD,BCN,2026/3/2,185.43,AF,PT9H10M,2026-03-02T13:55:00,2026-03-02T16:05:00,
BUD,BCN,2026/3/2,185.43,AF,PT10H,2026-03-02T06:30:00,2026-03-02T08:45:00,
BUD,BCN,2026/3/2,185.43,AF,PT17H20M,2026-03-02T17:05:00,2026-03-02T19:15:00,
BUD,BCN,2026/3/2,198.26,IB,PT7H15M,2026-03-02T15:35:00,2026-03-02T18:55:00,
BUD,BCN,2026/3/2,217.86,SN,PT7H55M,2026-03-02T06:20:00,2026-03-02T08:30:00,
BUD,BCN,2026/3/2,217.86,SN,PT14H5M,2026-03-02T06:20:00,2026-03-02T08:30:00,
BUD,BCN,2026/3/3,154.84,LO,PT21H25M,2026-03-03T20:20:00,2026-03-03T21:35:00,
BUD,BCN,2026/3/3,154.84,LO,PT23H55M,2026-03-03T17:50:00,2026-03-03T19:05:00,
BUD,BCN,2026/3/3,174.41,A3,PT19H25M,2026-03-03T15:00:00,2026-03-03T18:00:00,
BUD,BCN,2026/3/3,174.41,A3,PT26H10M,2026-03-03T15:00:00,2026-03-03T18:00:00,
BUD,BCN,2026/3/3,185.43,AF,PT5H10M,2026-03-03T13:55:00,2026-03-03T16:05:00,
BUD,BCN,2026/3/3,185.43,AF,PT5H45M,2026-03-03T06:30:00,2026-03-03T08:45:00,
BUD,BCN,2026/3/3,185.43,AF,PT6H,2026-03-03T17:05:00,2026-03-03T19:15:00,
BUD,BCN,2026/3/3,185.43,AF,PT6H55M,2026-03-03T12:10:00,2026-03-03T14:20:00,
BUD,BCN,2026/3/3,185.43,AF,PT9H10M,2026-03-03T13:55:00,2026-03-03T16:05:00,
BUD,BCN,2026/3/3,185.43,AF,PT10H,2026-03-03T06:30:00,2026-03-03T08:45:00,
BUD,BCN,2026/3/3,185.43,AF,PT17H20M,2026-03-03T17:05:00,2026-03-03T19:15:00,
BUD,BCN,2026/3/3,198.26,IB,PT7H15M,2026-03-03T15:35:00,2026-03-03T18:55:00,
BUD,BCN,2026/3/3,217.75,OS,PT15H20M,2026-03-03T17:50:00,2026-03-03T18:45:00,
BUD,BCN,2026/3/3,217.75,OS,PT22H10M,2026-03-03T11:00:00,2026-03-03T11:55:00,
BUD,BCN,2026/3/3,217.86,SN,PT7H55M,2026-03-03T06:20:00,2026-03-03T08:30:00,
BUD,BCN,2026/3/4,120.41,A3,PT19H25M,2026-03-04T15:00:00,2026-03-04T18:00:00,
BUD,BCN,2026/3/4,120.41,A3,PT26H10M,2026-03-04T15:00:00,2026-03-04T18:00:00,
BUD,BCN,2026/3/4,154.84,LO,PT8H,2026-03-04T09:45:00,2026-03-04T11:00:00,
BUD,BCN,2026/3/4,154.84,LO,PT14H15M,2026-03-04T20:20:00,2026-03-04T21:35:00,
BUD,BCN,2026/3/4,167.43,AF,PT5H10M,2026-03-04T13:55:00,2026-03-04T16:05:00,
BUD,BCN,2026/3/4,167.43,AF,PT5H45M,2026-03-04T06:30:00,2026-03-04T08:45:00,
BUD,BCN,2026/3/4,167.43,AF,PT6H,2026-03-04T17:05:00,2026-03-04T19:15:00,
BUD,BCN,2026/3/4,167.43,AF,PT6H55M,2026-03-04T12:10:00,2026-03-04T14:20:00,
BUD,BCN,2026/3/4,167.43,AF,PT9H10M,2026-03-04T13:55:00,2026-03-04T16:05:00,
BUD,BCN,2026/3/4,167.43,AF,PT10H,2026-03-04T06:30:00,2026-03-04T08:45:00,
BUD,BCN,2026/3/4,167.43,AF,PT17H20M,2026-03-04T17:05:00,2026-03-04T19:15:00,
BUD,BCN,2026/3/4,174.2,JU,PT13H20M,2026-03-04T19:45:00,2026-03-04T20:40:00,
BUD,BCN,2026/3/4,174.2,JU,PT17H50M,2026-03-04T15:15:00,2026-03-04T16:10:00,
BUD,BCN,2026/3/4,175.79,SK,PT7H55M,2026-03-04T10:25:00,2026-03-04T12:25:00,
BUD,BCN,2026/3/4,182.98,DY,PT23H15M,2026-03-04T13:25:00,2026-03-04T15:55:00,
BUD,BCN,2026/3/5,145.84,LO,PT21H25M,2026-03-05T20:20:00,2026-03-05T21:35:00,
BUD,BCN,2026/3/5,145.84,LO,PT23H55M,2026-03-05T17:50:00,2026-03-05T19:05:00,
BUD,BCN,2026/3/5,147.2,JU,PT17H50M,2026-03-05T15:15:00,2026-03-05T16:10:00,
BUD,BCN,2026/3/5,147.2,JU,PT21H50M,2026-03-05T11:15:00,2026-03-05T12:10:00,
BUD,BCN,2026/3/5,157.98,DY,PT23H15M,2026-03-05T13:25:00,2026-03-05T15:55:00,
BUD,BCN,2026/3/5,167.43,AF,PT5H10M,2026-03-05T13:55:00,2026-03-05T16:05:00,
BUD,BCN,2026/3/5,167.43,AF,PT5H45M,2026-03-05T06:30:00,2026-03-05T08:45:00,
BUD,BCN,2026/3/5,167.43,AF,PT6H,2026-03-05T17:05:00,2026-03-05T19:15:00,
BUD,BCN,2026/3/5,167.43,AF,PT6H55M,2026-03-05T12:10:00,2026-03-05T14:20:00,
BUD,BCN,2026/3/5,167.43,AF,PT9H10M,2026-03-05T13:55:00,2026-03-05T16:05:00,
BUD,BCN,2026/3/5,167.43,AF,PT10H,2026-03-05T06:30:00,2026-03-05T08:45:00,
BUD,BCN,2026/3/5,167.43,AF,PT17H20M,2026-03-05T17:05:00,2026-03-05T19:15:00,
BUD,BCN,2026/3/5,197.76,LX,PT4H5M,2026-03-05T14:55:00,2026-03-05T16:35:00,
BUD,BCN,2026/3/5,197.76,LX,PT8H5M,2026-03-05T14:55:00,2026-03-05T16:35:00,
BUD,BCN,2026/3/5,199.45,LH,PT4H15M,2026-03-05T13:20:00,2026-03-05T14:35:00,
BUD,BCN,2026/3/6,120.41,A3,PT19H25M,2026-03-06T15:00:00,2026-03-06T18:00:00,
BUD,BCN,2026/3/6,120.41,A3,PT26H10M,2026-03-06T15:00:00,2026-03-06T18:00:00,
BUD,BCN,2026/3/6,145.84,LO,PT8H,2026-03-06T09:45:00,2026-03-06T11:00:00,
BUD,BCN,2026/3/6,145.84,LO,PT14H15M,2026-03-06T20:20:00,2026-03-06T21:35:00,
BUD,BCN,2026/3/6,147.2,JU,PT4H25M,2026-03-06T15:20:00,2026-03-06T16:15:00,
BUD,BCN,2026/3/6,147.2,JU,PT11H15M,2026-03-06T21:50:00,2026-03-06T22:45:00,
BUD,BCN,2026/3/6,147.2,JU,PT17H45M,2026-03-06T15:20:00,2026-03-06T16:15:00,
BUD,BCN,2026/3/6,167.43,AF,PT5H10M,2026-03-06T13:55:00,2026-03-06T16:05:00,
BUD,BCN,2026/3/6,167.43,AF,PT5H45M,2026-03-06T06:30:00,2026-03-06T08:45:00,
BUD,BCN,2026/3/6,167.43,AF,PT6H,2026-03-06T17:05:00,2026-03-06T19:15:00,
BUD,BCN,2026/3/6,167.43,AF,PT6H55M,2026-03-06T12:10:00,2026-03-06T14:20:00,
BUD,BCN,2026/3/6,167.43,AF,PT9H10M,2026-03-06T13:55:00,2026-03-06T16:05:00,
BUD,BCN,2026/3/6,167.43,AF,PT10H,2026-03-06T06:30:00,2026-03-06T08:45:00,
BUD,BCN,2026/3/6,167.43,AF,PT17H20M,2026-03-06T17:05:00,2026-03-06T19:15:00,
BUD,BCN,2026/3/6,190.98,DY,PT28H5M,2026-03-06T13:25:00,2026-03-06T15:55:00,
BUD,BCN,2026/3/7,120.41,A3,PT19H25M,2026-03-07T15:00:00,2026-03-07T18:00:00,
BUD,BCN,2026/3/7,120.41,A3,PT26H10M,2026-03-07T15:00:00,2026-03-07T18:00:00,
BUD,BCN,2026/3/7,145.84,LO,PT23H55M,2026-03-07T17:50:00,2026-03-07T19:05:00,
BUD,BCN,2026/3/7,167.43,AF,PT5H10M,2026-03-07T13:55:00,2026-03-07T16:05:00,
BUD,BCN,2026/3/7,167.43,AF,PT5H45M,2026-03-07T06:30:00,2026-03-07T08:45:00,
BUD,BCN,2026/3/7,167.43,AF,PT6H55M,2026-03-07T12:10:00,2026-03-07T14:20:00,
BUD,BCN,2026/3/7,167.43,AF,PT10H,2026-03-07T06:30:00,2026-03-07T08:45:00,
BUD,BCN,2026/3/7,167.43,AF,PT17H20M,2026-03-07T17:05:00,2026-03-07T19:15:00,
BUD,BCN,2026/3/7,167.43,AF,PT19H10M,2026-03-07T17:05:00,2026-03-07T19:15:00,
BUD,BCN,2026/3/7,167.43,AF,PT20H30M,2026-03-07T13:55:00,2026-03-07T16:05:00,
BUD,BCN,2026/3/7,198.26,IB,PT5H45M,2026-03-07T15:35:00,2026-03-07T18:55:00,
BUD,BCN,2026/3/7,198.26,IB,PT7H15M,2026-03-07T15:35:00,2026-03-07T18:55:00,
BUD,BCN,2026/3/7,299.42,AF,PT7H40M,2026-03-07T06:20:00,2026-03-07T08:45:00,
BUD,BCN,2026/3/7,332.42,AF,PT14H40M,2026-03-07T18:10:00,2026-03-07T20:35:00,
BUD,BCN,2026/3/7,345.19,TK,PT7H55M,2026-03-07T09:10:00,2026-03-07T13:25:00,
BUD,BCN,2026/3/8,120.41,A3,PT16H55M,2026-03-08T17:30:00,2026-03-08T20:30:00,
BUD,BCN,2026/3/8,120.41,A3,PT23H40M,2026-03-08T17:30:00,2026-03-08T20:30:00,
BUD,BCN,2026/3/8,136.98,DY,PT15H50M,2026-03-08T20:50:00,2026-03-08T23:20:00,
BUD,BCN,2026/3/8,145.84,LO,PT8H,2026-03-08T09:45:00,2026-03-08T11:00:00,
BUD,BCN,2026/3/8,147.2,JU,PT4H30M,2026-03-08T15:15:00,2026-03-08T16:10:00,
BUD,BCN,2026/3/8,147.2,JU,PT17H50M,2026-03-08T15:15:00,2026-03-08T16:10:00,
BUD,BCN,2026/3/8,147.2,JU,PT11H15M,2026-03-08T21:50:00,2026-03-08T22:45:00,
BUD,BCN,2026/3/8,147.2,JU,PT21H55M,2026-03-08T21:50:00,2026-03-08T22:45:00,
BUD,BCN,2026/3/8,167.43,AF,PT5H40M,2026-03-08T13:25:00,2026-03-08T15:35:00,
BUD,BCN,2026/3/8,167.43,AF,PT5H45M,2026-03-08T06:30:00,2026-03-08T08:45:00,
BUD,BCN,2026/3/8,167.43,AF,PT6H,2026-03-08T17:05:00,2026-03-08T19:15:00,
BUD,BCN,2026/3/8,167.43,AF,PT6H55M,2026-03-08T12:10:00,2026-03-08T14:20:00,
BUD,BCN,2026/3/8,167.43,AF,PT9H40M,2026-03-08T13:25:00,2026-03-08T15:35:00,
BUD,BCN,2026/3/8,167.43,AF,PT10H,2026-03-08T06:30:00,2026-03-08T08:45:00,
BUD,BCN,2026/3/8,167.43,AF,PT17H20M,2026-03-08T17:05:00,2026-03-08T19:15:00,
BUD,BCN,2026/3/9,145.84,LO,PT14H15M,2026-03-09T20:20:00,2026-03-09T21:35:00,
BUD,BCN,2026/3/9,147.2,JU,PT4H30M,2026-03-09T15:15:00,2026-03-09T16:10:00,
BUD,BCN,2026/3/9,147.2,JU,PT8H30M,2026-03-09T11:15:00,2026-03-09T12:10:00,
BUD,BCN,2026/3/9,149.43,AF,PT5H45M,2026-03-09T06:30:00,2026-03-09T08:45:00,
BUD,BCN,2026/3/9,149.43,AF,PT6H,2026-03-09T17:05:00,2026-03-09T19:15:00,
BUD,BCN,2026/3/9,149.43,AF,PT6H55M,2026-03-09T12:10:00,2026-03-09T14:20:00,
BUD,BCN,2026/3/9,149.43,AF,PT10H,2026-03-09T06:30:00,2026-03-09T08:45:00,
BUD,BCN,2026/3/9,149.43,AF,PT17H20M,2026-03-09T17:05:00,2026-03-09T19:15:00,
BUD,BCN,2026/3/9,177.75,OS,PT8H45M,2026-03-09T11:00:00,2026-03-09T11:55:00,
BUD,BCN,2026/3/9,177.75,OS,PT11H55M,2026-03-09T07:50:00,2026-03-09T08:45:00,
BUD,BCN,2026/3/9,177.75,OS,PT14H50M,2026-03-09T18:20:00,2026-03-09T19:15:00,
BUD,BCN,2026/3/9,177.75,OS,PT22H10M,2026-03-09T11:00:00,2026-03-09T11:55:00,
BUD,BCN,2026/3/9,177.76,LX,PT4H5M,2026-03-09T14:55:00,2026-03-09T16:35:00,
BUD,BCN,2026/3/9,177.76,LX,PT4H25M,2026-03-09T09:40:00,2026-03-09T11:20:00,
BUD,BCN,2026/3/9,177.76,LX,PT7H50M,2026-03-09T06:15:00,2026-03-09T07:55:00,
BUD,BCN,2026/3/10,138.42,AF,PT6H40M,2026-03-10T12:40:00,2026-03-10T15:05:00,
BUD,BCN,2026/3/10,138.42,AF,PT7H40M,2026-03-10T06:20:00,2026-03-10T08:45:00,
BUD,BCN,2026/3/10,138.42,AF,PT8H40M,2026-03-10T06:20:00,2026-03-10T08:45:00,
BUD,BCN,2026/3/10,138.42,AF,PT10H15M,2026-03-10T12:40:00,2026-03-10T15:05:00,
BUD,BCN,2026/3/10,141.41,A3,PT26H10M,2026-03-10T15:00:00,2026-03-10T18:00:00,
BUD,BCN,2026/3/10,145.84,LO,PT21H25M,2026-03-10T20:20:00,2026-03-10T21:35:00,
BUD,BCN,2026/3/10,145.84,LO,PT23H55M,2026-03-10T17:50:00,2026-03-10T19:05:00,
BUD,BCN,2026/3/10,149.43,AF,PT5H45M,2026-03-10T06:30:00,2026-03-10T08:45:00,
BUD,BCN,2026/3/10,149.43,AF,PT6H,2026-03-10T17:05:00,2026-03-10T19:15:00,
BUD,BCN,2026/3/10,149.43,AF,PT6H55M,2026-03-10T12:10:00,2026-03-10T14:20:00,
BUD,BCN,2026/3/10,149.43,AF,PT10H,2026-03-10T06:30:00,2026-03-10T08:45:00,
BUD,BCN,2026/3/10,177.75,OS,PT8H45M,2026-03-10T11:00:00,2026-03-10T11:55:00,
BUD,BCN,2026/3/10,177.75,OS,PT11H55M,2026-03-10T07:50:00,2026-03-10T08:45:00,
BUD,BCN,2026/3/10,177.75,OS,PT15H20M,2026-03-10T17:50:00,2026-03-10T18:45:00,
BUD,BCN,2026/3/10,177.75,OS,PT22H10M,2026-03-10T11:00:00,2026-03-10T11:55:00,
BUD,BCN,2026/3/11,120.41,A3,PT26H10M,2026-03-11T15:00:00,2026-03-11T18:00:00,
BUD,BCN,2026/3/11,138.42,AF,PT14H40M,2026-03-11T18:10:00,2026-03-11T20:35:00,
BUD,BCN,2026/3/11,141.41,A3,PT19H25M,2026-03-11T15:00:00,2026-03-11T18:00:00,
BUD,BCN,2026/3/11,145.84,LO,PT8H,2026-03-11T09:45:00,2026-03-11T11:00:00,
BUD,BCN,2026/3/11,145.84,LO,PT14H15M,2026-03-11T20:20:00,2026-03-11T21:35:00,
BUD,BCN,2026/3/11,149.43,AF,PT6H,2026-03-11T17:05:00,2026-03-11T19:15:00,
BUD,BCN,2026/3/11,149.43,AF,PT9H10M,2026-03-11T13:55:00,2026-03-11T16:05:00,
BUD,BCN,2026/3/11,149.43,AF,PT10H,2026-03-11T06:30:00,2026-03-11T08:45:00,
BUD,BCN,2026/3/11,149.43,AF,PT6H55M,2026-03-11T12:10:00,2026-03-11T14:20:00,
BUD,BCN,2026/3/11,172.76,AF,PT17H,2026-03-11T18:10:00,2026-03-11T20:35:00,
BUD,BCN,2026/3/11,175.79,SK,PT7H55M,2026-03-11T10:25:00,2026-03-11T12:25:00,
BUD,BCN,2026/3/11,180.45,LH,PT4H15M,2026-03-11T13:20:00,2026-03-11T14:35:00,
BUD,BCN,2026/3/11,180.45,LH,PT4H45M,2026-03-11T10:00:00,2026-03-11T11:15:00,
BUD,BCN,2026/3/11,180.45,LH,PT6H5M,2026-03-11T17:00:00,2026-03-11T18:15:00,
BUD,BCN,2026/3/11,180.45,LH,PT6H50M,2026-03-11T07:55:00,2026-03-11T09:10:00,
BUD,BCN,2026/3/12,145.84,LO,PT21H25M,2026-03-12T20:20:00,2026-03-12T21:35:00,
BUD,BCN,2026/3/12,145.84,LO,PT23H55M,2026-03-12T17:50:00,2026-03-12T19:05:00,
BUD,BCN,2026/3/12,147.2,JU,PT17H50M,2026-03-12T15:15:00,2026-03-12T16:10:00,
BUD,BCN,2026/3/12,147.2,JU,PT21H50M,2026-03-12T11:15:00,2026-03-12T12:10:00,
BUD,BCN,2026/3/12,149.43,AF,PT5H10M,2026-03-12T13:55:00,2026-03-12T16:05:00,
BUD,BCN,2026/3/12,149.43,AF,PT5H45M,2026-03-12T06:30:00,2026-03-12T08:45:00,
BUD,BCN,2026/3/12,149.43,AF,PT6H,2026-03-12T17:05:00,2026-03-12T19:15:00,
BUD,BCN,2026/3/12,149.43,AF,PT6H55M,2026-03-12T12:10:00,2026-03-12T14:20:00,
BUD,BCN,2026/3/12,149.43,AF,PT9H10M,2026-03-12T13:55:00,2026-03-12T16:05:00,
BUD,BCN,2026/3/12,149.43,AF,PT10H,2026-03-12T06:30:00,2026-03-12T08:45:00,
BUD,BCN,2026/3/12,149.43,AF,PT17H20M,2026-03-12T17:05:00,2026-03-12T19:15:00,
BUD,BCN,2026/3/12,177.86,SN,PT7H55M,2026-03-12T06:20:00,2026-03-12T08:30:00,
BUD,BCN,2026/3/12,177.86,SN,PT14H5M,2026-03-12T06:20:00,2026-03-12T08:30:00,
BUD,BCN,2026/3/12,180.45,LH,PT6H50M,2026-03-12T07:55:00,2026-03-12T09:10:00,
BUD,BCN,2026/3/12,188.53,LH,PT4H35M,2026-03-12T14:25:00,2026-03-12T16:10:00,
BUD,BCN,2026/3/13,145.84,LO,PT14H15M,2026-03-13T20:20:00,2026-03-13T21:35:00,
BUD,BCN,2026/3/13,147.2,JU,PT4H25M,2026-03-13T15:20:00,2026-03-13T16:15:00,
BUD,BCN,2026/3/13,147.2,JU,PT11H15M,2026-03-13T21:50:00,2026-03-13T22:45:00,
BUD,BCN,2026/3/13,147.2,JU,PT17H45M,2026-03-13T15:20:00,2026-03-13T16:15:00,
BUD,BCN,2026/3/13,149.43,AF,PT17H20M,2026-03-13T17:05:00,2026-03-13T19:15:00,
BUD,BCN,2026/3/13,177.75,OS,PT15H20M,2026-03-13T17:50:00,2026-03-13T18:45:00,
BUD,BCN,2026/3/13,177.75,OS,PT22H10M,2026-03-13T11:00:00,2026-03-13T11:55:00,
BUD,BCN,2026/3/13,177.76,LX,PT4H5M,2026-03-13T14:55:00,2026-03-13T16:35:00,
BUD,BCN,2026/3/13,177.76,LX,PT9H20M,2026-03-13T09:40:00,2026-03-13T11:20:00,
BUD,BCN,2026/3/13,177.76,LX,PT13H20M,2026-03-13T19:45:00,2026-03-13T21:25:00,
BUD,BCN,2026/3/13,177.76,LX,PT4H25M,2026-03-13T09:40:00,2026-03-13T11:20:00,
BUD,BCN,2026/3/13,177.76,LX,PT7H50M,2026-03-13T06:15:00,2026-03-13T07:55:00,
BUD,BCN,2026/3/13,177.86,SN,PT7H55M,2026-03-13T06:20:00,2026-03-13T08:30:00,
BUD,BCN,2026/3/13,177.86,SN,PT14H5M,2026-03-13T06:20:00,2026-03-13T08:30:00,
BUD,BCN,2026/3/13,180.45,LH,PT4H15M,2026-03-13T13:20:00,2026-03-13T14:35:00,
BUD,BCN,2026/3/14,134.43,AF,PT5H10M,2026-03-14T13:55:00,2026-03-14T16:05:00,
BUD,BCN,2026/3/14,134.43,AF,PT5H45M,2026-03-14T06:30:00,2026-03-14T08:45:00,
BUD,BCN,2026/3/14,134.43,AF,PT6H55M,2026-03-14T12:10:00,2026-03-14T14:20:00,
BUD,BCN,2026/3/14,134.43,AF,PT10H,2026-03-14T06:30:00,2026-03-14T08:45:00,
BUD,BCN,2026/3/14,134.43,AF,PT17H20M,2026-03-14T17:05:00,2026-03-14T19:15:00,
BUD,BCN,2026/3/14,134.43,AF,PT19H10M,2026-03-14T17:05:00,2026-03-14T19:15:00,
BUD,BCN,2026/3/14,134.43,AF,PT20H30M,2026-03-14T13:55:00,2026-03-14T16:05:00,
BUD,BCN,2026/3/14,138.42,AF,PT14H40M,2026-03-14T18:10:00,2026-03-14T20:35:00,
BUD,BCN,2026/3/14,139.76,AF,PT17H,2026-03-14T18:10:00,2026-03-14T20:35:00,
BUD,BCN,2026/3/14,145.84,LO,PT23H55M,2026-03-14T17:50:00,2026-03-14T19:05:00,
BUD,BCN,2026/3/14,177.76,LX,PT4H5M,2026-03-14T14:55:00,2026-03-14T16:35:00,
BUD,BCN,2026/3/14,177.76,LX,PT8H5M,2026-03-14T14:55:00,2026-03-14T16:35:00,
BUD,BCN,2026/3/14,180.45,LH,PT4H15M,2026-03-14T13:20:00,2026-03-14T14:35:00,
BUD,BCN,2026/3/14,180.45,LH,PT9H45M,2026-03-14T13:20:00,2026-03-14T14:35:00,
BUD,BCN,2026/3/14,180.45,LH,PT9H45M,2026-03-14T13:20:00,2026-03-14T14:40:00,
BUD,BCN,2026/3/15,104.2,JU,PT21H55M,2026-03-15T21:50:00,2026-03-15T22:45:00,
BUD,BCN,2026/3/15,134.43,AF,PT5H45M,2026-03-15T06:30:00,2026-03-15T08:45:00,
BUD,BCN,2026/3/15,134.43,AF,PT6H55M,2026-03-15T12:10:00,2026-03-15T14:20:00,
BUD,BCN,2026/3/15,134.43,AF,PT10H,2026-03-15T06:30:00,2026-03-15T08:45:00,
BUD,BCN,2026/3/15,138.42,AF,PT7H40M,2026-03-15T06:20:00,2026-03-15T08:45:00,
BUD,BCN,2026/3/15,138.42,AF,PT8H40M,2026-03-15T06:20:00,2026-03-15T08:45:00,
BUD,BCN,2026/3/15,147.2,JU,PT4H30M,2026-03-15T15:15:00,2026-03-15T16:10:00,
BUD,BCN,2026/3/15,147.2,JU,PT11H15M,2026-03-15T21:50:00,2026-03-15T22:45:00,
BUD,BCN,2026/3/15,149.43,AF,PT6H,2026-03-15T17:05:00,2026-03-15T19:15:00,
BUD,BCN,2026/3/15,149.43,AF,PT17H20M,2026-03-15T17:05:00,2026-03-15T19:15:00,
BUD,BCN,2026/3/15,171.42,AF,PT6H40M,2026-03-15T12:40:00,2026-03-15T15:05:00,
BUD,BCN,2026/3/15,174.2,JU,PT17H50M,2026-03-15T15:15:00,2026-03-15T16:10:00,
BUD,BCN,2026/3/15,177.76,LX,PT4H25M,2026-03-15T09:40:00,2026-03-15T11:20:00,
BUD,BCN,2026/3/15,177.76,LX,PT7H50M,2026-03-15T06:15:00,2026-03-15T07:55:00,
BUD,BCN,2026/3/15,177.76,LX,PT13H5M,2026-03-15T20:00:00,2026-03-15T21:40:00,
BUD,BCN,2026/3/16,104.2,JU,PT4H30M,2026-03-16T15:15:00,2026-03-16T16:10:00,
BUD,BCN,2026/3/16,104.2,JU,PT8H30M,2026-03-16T11:15:00,2026-03-16T12:10:00,
BUD,BCN,2026/3/16,131.98,DY,PT21H50M,2026-03-16T14:50:00,2026-03-16T17:20:00,
BUD,BCN,2026/3/16,134.43,AF,PT5H10M,2026-03-16T13:55:00,2026-03-16T16:05:00,
BUD,BCN,2026/3/16,134.43,AF,PT9H10M,2026-03-16T13:55:00,2026-03-16T16:05:00,
BUD,BCN,2026/3/16,134.43,AF,PT5H45M,2026-03-16T06:30:00,2026-03-16T08:45:00,
BUD,BCN,2026/3/16,134.43,AF,PT6H,2026-03-16T17:05:00,2026-03-16T19:15:00,
BUD,BCN,2026/3/16,134.43,AF,PT6H55M,2026-03-16T12:10:00,2026-03-16T14:20:00,
BUD,BCN,2026/3/16,134.43,AF,PT10H,2026-03-16T06:30:00,2026-03-16T08:45:00,
BUD,BCN,2026/3/16,134.43,AF,PT17H20M,2026-03-16T17:05:00,2026-03-16T19:15:00,
BUD,BCN,2026/3/16,138.42,AF,PT7H40M,2026-03-16T06:20:00,2026-03-16T08:45:00,
BUD,BCN,2026/3/16,138.42,AF,PT14H40M,2026-03-16T18:10:00,2026-03-16T20:35:00,
BUD,BCN,2026/3/16,139.76,AF,PT17H,2026-03-16T18:10:00,2026-03-16T20:35:00,
BUD,BCN,2026/3/16,145.84,LO,PT8H,2026-03-16T09:45:00,2026-03-16T11:00:00,
BUD,BCN,2026/3/16,145.84,LO,PT14H15M,2026-03-16T20:20:00,2026-03-16T21:35:00,
BUD,BCN,2026/3/17,120.41,A3,PT19H25M,2026-03-17T15:00:00,2026-03-17T18:00:00,
BUD,BCN,2026/3/17,120.41,A3,PT26H10M,2026-03-17T15:00:00,2026-03-17T18:00:00,
BUD,BCN,2026/3/17,134.43,AF,PT5H45M,2026-03-17T06:30:00,2026-03-17T08:45:00,
BUD,BCN,2026/3/17,134.43,AF,PT6H,2026-03-17T17:05:00,2026-03-17T19:15:00,
BUD,BCN,2026/3/17,134.43,AF,PT6H55M,2026-03-17T12:10:00,2026-03-17T14:20:00,
BUD,BCN,2026/3/17,134.43,AF,PT10H,2026-03-17T06:30:00,2026-03-17T08:45:00,
BUD,BCN,2026/3/17,134.43,AF,PT17H20M,2026-03-17T17:05:00,2026-03-17T19:15:00,
BUD,BCN,2026/3/17,138.42,AF,PT6H40M,2026-03-17T12:40:00,2026-03-17T15:05:00,
BUD,BCN,2026/3/17,138.42,AF,PT7H40M,2026-03-17T06:20:00,2026-03-17T08:45:00,
BUD,BCN,2026/3/17,138.42,AF,PT8H40M,2026-03-17T06:20:00,2026-03-17T08:45:00,
BUD,BCN,2026/3/17,138.42,AF,PT10H15M,2026-03-17T12:40:00,2026-03-17T15:05:00,
BUD,BCN,2026/3/17,138.42,AF,PT14H40M,2026-03-17T18:10:00,2026-03-17T20:35:00,
BUD,BCN,2026/3/17,139.76,AF,PT17H,2026-03-17T18:10:00,2026-03-17T20:35:00,
BUD,BCN,2026/3/17,149.43,AF,PT5H10M,2026-03-17T13:55:00,2026-03-17T16:05:00,
BUD,BCN,2026/3/17,149.43,AF,PT9H10M,2026-03-17T13:55:00,2026-03-17T16:05:00,
BUD,BCN,2026/3/18,120.41,A3,PT19H25M,2026-03-18T15:00:00,2026-03-18T18:00:00,
BUD,BCN,2026/3/18,120.41,A3,PT26H10M,2026-03-18T15:00:00,2026-03-18T18:00:00,
BUD,BCN,2026/3/18,134.43,AF,PT5H10M,2026-03-18T13:55:00,2026-03-18T16:05:00,
BUD,BCN,2026/3/18,134.43,AF,PT5H45M,2026-03-18T06:30:00,2026-03-18T08:45:00,
BUD,BCN,2026/3/18,134.43,AF,PT6H,2026-03-18T17:05:00,2026-03-18T19:15:00,
BUD,BCN,2026/3/18,134.43,AF,PT6H55M,2026-03-18T12:10:00,2026-03-18T14:20:00,
BUD,BCN,2026/3/18,134.43,AF,PT9H10M,2026-03-18T13:55:00,2026-03-18T16:05:00,
BUD,BCN,2026/3/18,134.43,AF,PT10H,2026-03-18T06:30:00,2026-03-18T08:45:00,
BUD,BCN,2026/3/18,134.43,AF,PT17H20M,2026-03-18T17:05:00,2026-03-18T19:15:00,
BUD,BCN,2026/3/18,138.42,AF,PT6H40M,2026-03-18T12:40:00,2026-03-18T15:05:00,
BUD,BCN,2026/3/18,138.42,AF,PT10H15M,2026-03-18T12:40:00,2026-03-18T15:05:00,
BUD,BCN,2026/3/18,138.42,AF,PT14H40M,2026-03-18T18:10:00,2026-03-18T20:35:00,
BUD,BCN,2026/3/18,172.76,AF,PT17H,2026-03-18T18:10:00,2026-03-18T20:35:00,
BUD,BCN,2026/3/18,174.2,JU,PT13H20M,2026-03-18T19:45:00,2026-03-18T20:40:00,
BUD,BCN,2026/3/18,174.2,JU,PT17H50M,2026-03-18T15:15:00,2026-03-18T16:10:00,
BUD,BCN,2026/3/19,120.43,AF,PT5H10M,2026-03-19T13:55:00,2026-03-19T16:05:00,
BUD,BCN,2026/3/19,120.43,AF,PT9H10M,2026-03-19T13:55:00,2026-03-19T16:05:00,
BUD,BCN,2026/3/19,120.43,AF,PT5H45M,2026-03-19T06:30:00,2026-03-19T08:45:00,
BUD,BCN,2026/3/19,120.43,AF,PT6H,2026-03-19T17:05:00,2026-03-19T19:15:00,
BUD,BCN,2026/3/19,120.43,AF,PT6H55M,2026-03-19T12:10:00,2026-03-19T14:20:00,
BUD,BCN,2026/3/19,120.43,AF,PT10H,2026-03-19T06:30:00,2026-03-19T08:45:00,
BUD,BCN,2026/3/19,120.43,AF,PT17H20M,2026-03-19T17:05:00,2026-03-19T19:15:00,
BUD,BCN,2026/3/19,138.42,AF,PT14H40M,2026-03-19T18:10:00,2026-03-19T20:35:00,
BUD,BCN,2026/3/19,139.84,LO,PT21H25M,2026-03-19T20:20:00,2026-03-19T21:35:00,
BUD,BCN,2026/3/19,139.84,LO,PT23H55M,2026-03-19T17:50:00,2026-03-19T19:05:00,
BUD,BCN,2026/3/19,147.2,JU,PT17H50M,2026-03-19T15:15:00,2026-03-19T16:10:00,
BUD,BCN,2026/3/19,147.2,JU,PT21H50M,2026-03-19T11:15:00,2026-03-19T12:10:00,
BUD,BCN,2026/3/19,153.42,AF,PT6H40M,2026-03-19T12:40:00,2026-03-19T15:05:00,
BUD,BCN,2026/3/19,153.42,AF,PT7H40M,2026-03-19T06:20:00,2026-03-19T08:45:00,
BUD,BCN,2026/3/19,154.76,AF,PT17H,2026-03-19T18:10:00,2026-03-19T20:35:00,
ZAG,BCN,2026/2/18,115.06,A3,PT22H5M,2026-02-18T19:05:00,2026-02-18T21:55:00,
ZAG,BCN,2026/2/18,127.06,A3,PT15H20M,2026-02-18T19:05:00,2026-02-18T21:55:00,
ZAG,BCN,2026/2/18,174.85,JU,PT14H15M,2026-02-18T18:50:00,2026-02-18T19:55:00,
ZAG,BCN,2026/2/18,240.08,AF,PT5H45M,2026-02-18T06:30:00,2026-02-18T08:40:00,
ZAG,BCN,2026/2/18,240.08,AF,PT8H,2026-02-18T15:05:00,2026-02-18T17:15:00,
ZAG,BCN,2026/2/18,240.08,AF,PT19H20M,2026-02-18T15:05:00,2026-02-18T17:15:00,
ZAG,BCN,2026/2/18,258.51,OU,PT7H20M,2026-02-18T06:55:00,2026-02-18T08:45:00,
ZAG,BCN,2026/2/18,274.84,TK,PT7H40M,2026-02-18T09:25:00,2026-02-18T13:45:00,
ZAG,BCN,2026/2/18,274.84,TK,PT14H25M,2026-02-18T09:25:00,2026-02-18T13:45:00,
ZAG,BCN,2026/2/18,274.84,TK,PT14H35M,2026-02-18T19:55:00,2026-02-19T00:15:00,
ZAG,BCN,2026/2/18,274.84,TK,PT17H30M,2026-02-18T19:55:00,2026-02-19T00:15:00,
ZAG,BCN,2026/2/18,285.49,LO,PT21H50M,2026-02-18T12:45:00,2026-02-18T14:20:00,
ZAG,BCN,2026/2/18,305.08,AF,PT14H40M,2026-02-18T08:25:00,2026-02-18T10:30:00,
ZAG,BCN,2026/2/18,305.08,AF,PT26H,2026-02-18T08:25:00,2026-02-18T10:30:00,
ZAG,BCN,2026/2/19,124.85,JU,PT21H45M,2026-02-19T11:20:00,2026-02-19T12:25:00,
ZAG,BCN,2026/2/19,146.34,OU,PT2H10M,2026-02-19T15:30:00,2026-02-19T17:40:00,
ZAG,BCN,2026/2/19,225.57,OU,PT13H40M,2026-02-19T18:45:00,2026-02-19T19:50:00,
ZAG,BCN,2026/2/19,240.08,AF,PT5H45M,2026-02-19T06:30:00,2026-02-19T08:40:00,
ZAG,BCN,2026/2/19,240.08,AF,PT8H,2026-02-19T15:05:00,2026-02-19T17:15:00,
ZAG,BCN,2026/2/19,240.08,AF,PT10H,2026-02-19T06:30:00,2026-02-19T08:40:00,
ZAG,BCN,2026/2/19,240.08,AF,PT19H20M,2026-02-19T15:05:00,2026-02-19T17:15:00,
ZAG,BCN,2026/2/19,245.49,LO,PT23H45M,2026-02-19T18:00:00,2026-02-19T19:35:00,
ZAG,BCN,2026/2/19,274.84,TK,PT7H40M,2026-02-19T09:25:00,2026-02-19T13:45:00,
ZAG,BCN,2026/2/19,274.84,TK,PT10H,2026-02-19T13:50:00,2026-02-19T18:10:00,
ZAG,BCN,2026/2/19,274.84,TK,PT14H25M,2026-02-19T09:25:00,2026-02-19T13:45:00,
ZAG,BCN,2026/2/19,274.84,TK,PT14H50M,2026-02-19T19:55:00,2026-02-20T00:15:00,
ZAG,BCN,2026/2/19,274.84,TK,PT20H55M,2026-02-19T13:50:00,2026-02-19T18:10:00,
ZAG,BCN,2026/2/19,274.84,TK,PT21H30M,2026-02-19T19:55:00,2026-02-20T00:15:00,
ZAG,BCN,2026/2/20,124.85,JU,PT8H25M,2026-02-20T11:20:00,2026-02-20T12:25:00,
ZAG,BCN,2026/2/20,124.85,JU,PT14H15M,2026-02-20T18:50:00,2026-02-20T19:55:00,
ZAG,BCN,2026/2/20,124.85,JU,PT21H45M,2026-02-20T11:20:00,2026-02-20T12:25:00,
ZAG,BCN,2026/2/20,195.06,A3,PT15H20M,2026-02-20T19:05:00,2026-02-20T21:55:00,
ZAG,BCN,2026/2/20,195.06,A3,PT22H5M,2026-02-20T19:05:00,2026-02-20T21:55:00,
ZAG,BCN,2026/2/20,195.08,AF,PT19H20M,2026-02-20T15:05:00,2026-02-20T17:15:00,
ZAG,BCN,2026/2/20,214.41,OU,PT15H20M,2026-02-20T17:45:00,2026-02-20T19:15:00,
ZAG,BCN,2026/2/20,230.75,LH,PT6H15M,2026-02-20T12:50:00,2026-02-20T14:15:00,
ZAG,BCN,2026/2/20,240.08,AF,PT5H45M,2026-02-20T06:30:00,2026-02-20T08:40:00,
ZAG,BCN,2026/2/20,240.08,AF,PT8H,2026-02-20T15:05:00,2026-02-20T17:15:00,
ZAG,BCN,2026/2/20,240.08,AF,PT10H,2026-02-20T06:30:00,2026-02-20T08:40:00,
ZAG,BCN,2026/2/20,245.49,LO,PT16H35M,2026-02-20T18:00:00,2026-02-20T19:35:00,
ZAG,BCN,2026/2/20,245.49,LO,PT21H50M,2026-02-20T12:45:00,2026-02-20T14:20:00,
ZAG,BCN,2026/2/20,274.84,TK,PT8H,2026-02-20T09:25:00,2026-02-20T13:45:00,
ZAG,BCN,2026/2/20,274.84,TK,PT14H25M,2026-02-20T09:25:00,2026-02-20T13:45:00,
ZAG,BCN,2026/2/21,180.08,AF,PT10H,2026-02-21T06:30:00,2026-02-21T08:40:00,
ZAG,BCN,2026/2/21,180.08,AF,PT16H50M,2026-02-21T17:35:00,2026-02-21T19:45:00,
ZAG,BCN,2026/2/21,180.08,AF,PT18H40M,2026-02-21T17:35:00,2026-02-21T19:45:00,
ZAG,BCN,2026/2/21,230.08,AF,PT8H5M,2026-02-21T08:25:00,2026-02-21T10:30:00,
ZAG,BCN,2026/2/21,230.08,AF,PT10H40M,2026-02-21T08:25:00,2026-02-21T10:30:00,
ZAG,BCN,2026/2/21,240.08,AF,PT5H45M,2026-02-21T06:30:00,2026-02-21T08:40:00,
ZAG,BCN,2026/2/21,245.49,LO,PT23H45M,2026-02-21T18:00:00,2026-02-21T19:35:00,
ZAG,BCN,2026/2/21,250.1,LH,PT4H,2026-02-21T13:35:00,2026-02-21T14:40:00,
ZAG,BCN,2026/2/21,274.84,TK,PT7H40M,2026-02-21T09:25:00,2026-02-21T13:45:00,
ZAG,BCN,2026/2/21,274.84,TK,PT10H,2026-02-21T13:50:00,2026-02-21T18:10:00,
ZAG,BCN,2026/2/21,274.84,TK,PT14H25M,2026-02-21T09:25:00,2026-02-21T13:45:00,
ZAG,BCN,2026/2/21,274.84,TK,PT14H50M,2026-02-21T19:55:00,2026-02-22T00:15:00,
ZAG,BCN,2026/2/21,274.84,TK,PT17H30M,2026-02-21T19:55:00,2026-02-22T00:15:00,
ZAG,BCN,2026/2/21,274.84,TK,PT20H55M,2026-02-21T13:50:00,2026-02-21T18:10:00,
ZAG,BCN,2026/2/21,285.4,OS,PT25H55M,2026-02-21T17:50:00,2026-02-21T18:45:00,
ZAG,BCN,2026/2/22,124.85,JU,PT24H55M,2026-02-22T18:50:00,2026-02-22T19:55:00,
ZAG,BCN,2026/2/22,144.85,JU,PT14H15M,2026-02-22T18:50:00,2026-02-22T19:55:00,
ZAG,BCN,2026/2/22,146.34,OU,PT2H10M,2026-02-22T15:30:00,2026-02-22T17:40:00,
ZAG,BCN,2026/2/22,211.08,AF,PT5H35M,2026-02-22T17:30:00,2026-02-22T19:40:00,
ZAG,BCN,2026/2/22,211.08,AF,PT5H45M,2026-02-22T06:30:00,2026-02-22T08:40:00,
ZAG,BCN,2026/2/22,211.08,AF,PT10H,2026-02-22T06:30:00,2026-02-22T08:40:00,
ZAG,BCN,2026/2/22,211.08,AF,PT16H55M,2026-02-22T17:30:00,2026-02-22T19:40:00,
ZAG,BCN,2026/2/22,213.49,LO,PT23H45M,2026-02-22T18:00:00,2026-02-22T19:35:00,
ZAG,BCN,2026/2/22,220.75,LH,PT7H10M,2026-02-22T12:50:00,2026-02-22T14:15:00,
ZAG,BCN,2026/2/22,267.08,AF,PT8H5M,2026-02-22T08:25:00,2026-02-22T10:30:00,
ZAG,BCN,2026/2/22,267.08,AF,PT10H40M,2026-02-22T08:25:00,2026-02-22T10:30:00,
ZAG,BCN,2026/2/22,270.08,OU,PT20H10M,2026-02-22T18:05:00,2026-02-22T19:55:00,
ZAG,BCN,2026/2/22,270.08,OU,PT26H20M,2026-02-22T18:05:00,2026-02-22T19:55:00,
ZAG,BCN,2026/2/22,274.84,TK,PT8H,2026-02-22T09:25:00,2026-02-22T13:45:00,
ZAG,BCN,2026/2/22,274.84,TK,PT14H25M,2026-02-22T09:25:00,2026-02-22T13:45:00,
ZAG,BCN,2026/2/23,115.06,A3,PT15H20M,2026-02-23T19:05:00,2026-02-23T21:55:00,
ZAG,BCN,2026/2/23,115.06,A3,PT22H5M,2026-02-23T19:05:00,2026-02-23T21:55:00,
ZAG,BCN,2026/2/23,124.85,JU,PT8H25M,2026-02-23T11:20:00,2026-02-23T12:25:00,
ZAG,BCN,2026/2/23,144.85,JU,PT14H15M,2026-02-23T18:50:00,2026-02-23T19:55:00,
ZAG,BCN,2026/2/23,204.85,JU,PT21H45M,2026-02-23T11:20:00,2026-02-23T12:25:00,
ZAG,BCN,2026/2/23,211.08,AF,PT5H45M,2026-02-23T06:30:00,2026-02-23T08:40:00,
ZAG,BCN,2026/2/23,211.08,AF,PT8H,2026-02-23T15:05:00,2026-02-23T17:15:00,
ZAG,BCN,2026/2/23,211.08,AF,PT10H,2026-02-23T06:30:00,2026-02-23T08:40:00,
ZAG,BCN,2026/2/23,211.08,AF,PT19H20M,2026-02-23T15:05:00,2026-02-23T17:15:00,
ZAG,BCN,2026/2/23,214.41,OU,PT15H20M,2026-02-23T17:45:00,2026-02-23T19:15:00,
ZAG,BCN,2026/2/23,218.41,LX,PT10H25M,2026-02-23T08:35:00,2026-02-23T10:05:00,
ZAG,BCN,2026/2/23,232.08,OU,PT26H20M,2026-02-23T18:05:00,2026-02-23T19:55:00,
ZAG,BCN,2026/2/23,247.08,OU,PT20H10M,2026-02-23T18:05:00,2026-02-23T19:55:00,
ZAG,BCN,2026/2/23,247.4,OS,PT5H10M,2026-02-23T14:35:00,2026-02-23T15:40:00,
ZAG,BCN,2026/2/23,247.4,OS,PT15H20M,2026-02-23T17:50:00,2026-02-23T18:45:00,
ZAG,BCN,2026/2/24,146.34,OU,PT2H10M,2026-02-24T15:30:00,2026-02-24T17:40:00,
ZAG,BCN,2026/2/24,211.08,AF,PT5H45M,2026-02-24T06:30:00,2026-02-24T08:40:00,
ZAG,BCN,2026/2/24,211.08,AF,PT10H,2026-02-24T06:30:00,2026-02-24T08:40:00,
ZAG,BCN,2026/2/24,211.08,AF,PT8H,2026-02-24T15:05:00,2026-02-24T17:15:00,
ZAG,BCN,2026/2/24,211.08,AF,PT19H20M,2026-02-24T15:05:00,2026-02-24T17:15:00,
ZAG,BCN,2026/2/24,220.51,OU,PT13H30M,2026-02-24T06:55:00,2026-02-24T08:45:00,
ZAG,BCN,2026/2/24,235.51,OU,PT7H20M,2026-02-24T06:55:00,2026-02-24T08:45:00,
ZAG,BCN,2026/2/24,236.41,AF,PT17H25M,2026-02-24T15:25:00,2026-02-24T17:35:00,
ZAG,BCN,2026/2/24,247.08,OU,PT20H10M,2026-02-24T18:05:00,2026-02-24T19:55:00,
ZAG,BCN,2026/2/24,247.08,OU,PT26H20M,2026-02-24T18:05:00,2026-02-24T19:55:00,
ZAG,BCN,2026/2/24,247.4,OS,PT15H20M,2026-02-24T17:50:00,2026-02-24T18:45:00,
ZAG,BCN,2026/2/24,248.41,LX,PT5H15M,2026-02-24T17:45:00,2026-02-24T19:15:00,
ZAG,BCN,2026/2/24,248.41,LX,PT15H20M,2026-02-24T17:45:00,2026-02-24T19:15:00,
ZAG,BCN,2026/2/24,250.1,LH,PT4H,2026-02-24T13:35:00,2026-02-24T14:40:00,
ZAG,BCN,2026/2/24,250.1,LH,PT6H25M,2026-02-24T16:40:00,2026-02-24T17:45:00,
ZAG,BCN,2026/2/25,115.06,A3,PT22H5M,2026-02-25T19:05:00,2026-02-25T21:55:00,
ZAG,BCN,2026/2/25,144.85,JU,PT14H15M,2026-02-25T18:50:00,2026-02-25T19:55:00,
ZAG,BCN,2026/2/25,153.06,A3,PT15H20M,2026-02-25T19:05:00,2026-02-25T21:55:00,
ZAG,BCN,2026/2/25,211.08,AF,PT5H45M,2026-02-25T06:30:00,2026-02-25T08:40:00,
ZAG,BCN,2026/2/25,211.08,AF,PT8H,2026-02-25T15:05:00,2026-02-25T17:15:00,
ZAG,BCN,2026/2/25,211.08,AF,PT10H,2026-02-25T06:30:00,2026-02-25T08:40:00,
ZAG,BCN,2026/2/25,211.08,AF,PT19H20M,2026-02-25T15:05:00,2026-02-25T17:15:00,
ZAG,BCN,2026/2/25,213.49,LO,PT21H50M,2026-02-25T12:45:00,2026-02-25T14:20:00,
ZAG,BCN,2026/2/25,232.08,OU,PT20H10M,2026-02-25T18:05:00,2026-02-25T19:55:00,
ZAG,BCN,2026/2/25,232.08,OU,PT26H20M,2026-02-25T18:05:00,2026-02-25T19:55:00,
ZAG,BCN,2026/2/25,235.07,AF,PT5H35M,2026-02-25T08:25:00,2026-02-25T10:30:00,
ZAG,BCN,2026/2/25,235.07,AF,PT7H30M,2026-02-25T15:25:00,2026-02-25T17:35:00,
ZAG,BCN,2026/2/25,235.51,OU,PT7H20M,2026-02-25T06:55:00,2026-02-25T08:45:00,
ZAG,BCN,2026/2/25,235.51,OU,PT13H30M,2026-02-25T06:55:00,2026-02-25T08:45:00,
ZAG,BCN,2026/2/25,236.41,AF,PT17H25M,2026-02-25T15:25:00,2026-02-25T17:35:00,
ZAG,BCN,2026/2/26,124.85,JU,PT21H45M,2026-02-26T11:20:00,2026-02-26T12:25:00,
ZAG,BCN,2026/2/26,146.34,OU,PT2H10M,2026-02-26T15:30:00,2026-02-26T17:40:00,
ZAG,BCN,2026/2/26,210.07,AF,PT5H35M,2026-02-26T08:25:00,2026-02-26T10:30:00,
ZAG,BCN,2026/2/26,210.07,AF,PT7H30M,2026-02-26T15:25:00,2026-02-26T17:35:00,
ZAG,BCN,2026/2/26,211.08,AF,PT5H45M,2026-02-26T06:30:00,2026-02-26T08:40:00,
ZAG,BCN,2026/2/26,211.08,AF,PT8H,2026-02-26T15:05:00,2026-02-26T17:15:00,
ZAG,BCN,2026/2/26,211.08,AF,PT10H,2026-02-26T06:30:00,2026-02-26T08:40:00,
ZAG,BCN,2026/2/26,211.08,AF,PT19H20M,2026-02-26T15:05:00,2026-02-26T17:15:00,
ZAG,BCN,2026/2/26,220.51,OU,PT7H20M,2026-02-26T06:55:00,2026-02-26T08:45:00,
ZAG,BCN,2026/2/26,220.51,OU,PT13H30M,2026-02-26T06:55:00,2026-02-26T08:45:00,
ZAG,BCN,2026/2/26,232.08,OU,PT20H10M,2026-02-26T18:05:00,2026-02-26T19:55:00,
ZAG,BCN,2026/2/26,232.08,OU,PT26H20M,2026-02-26T18:05:00,2026-02-26T19:55:00,
ZAG,BCN,2026/2/26,236.41,AF,PT17H25M,2026-02-26T15:25:00,2026-02-26T17:35:00,
ZAG,BCN,2026/2/26,247.4,OS,PT11H30M,2026-02-26T08:15:00,2026-02-26T09:10:00,
ZAG,BCN,2026/2/26,248.41,LX,PT5H15M,2026-02-26T17:45:00,2026-02-26T19:15:00,
ZAG,BCN,2026/2/27,115.06,A3,PT15H20M,2026-02-27T19:05:00,2026-02-27T21:55:00,
ZAG,BCN,2026/2/27,115.06,A3,PT22H5M,2026-02-27T19:05:00,2026-02-27T21:55:00,
ZAG,BCN,2026/2/27,124.85,JU,PT14H15M,2026-02-27T18:50:00,2026-02-27T19:55:00,
ZAG,BCN,2026/2/27,144.85,JU,PT8H25M,2026-02-27T11:20:00,2026-02-27T12:25:00,
ZAG,BCN,2026/2/27,144.85,JU,PT21H45M,2026-02-27T11:20:00,2026-02-27T12:25:00,
ZAG,BCN,2026/2/27,183.08,AF,PT5H45M,2026-02-27T06:30:00,2026-02-27T08:40:00,
ZAG,BCN,2026/2/27,183.08,AF,PT10H,2026-02-27T06:30:00,2026-02-27T08:40:00,
ZAG,BCN,2026/2/27,183.08,AF,PT8H,2026-02-27T15:05:00,2026-02-27T17:15:00,
ZAG,BCN,2026/2/27,183.08,AF,PT19H20M,2026-02-27T15:05:00,2026-02-27T17:15:00,
ZAG,BCN,2026/2/27,189.49,LO,PT16H35M,2026-02-27T18:00:00,2026-02-27T19:35:00,
ZAG,BCN,2026/2/27,189.49,LO,PT21H50M,2026-02-27T12:45:00,2026-02-27T14:20:00,
ZAG,BCN,2026/2/27,217.4,OS,PT5H10M,2026-02-27T14:35:00,2026-02-27T15:40:00,
ZAG,BCN,2026/2/27,217.4,OS,PT11H30M,2026-02-27T08:15:00,2026-02-27T09:10:00,
ZAG,BCN,2026/2/27,217.4,OS,PT15H20M,2026-02-27T17:50:00,2026-02-27T18:45:00,
ZAG,BCN,2026/2/27,217.4,OS,PT18H35M,2026-02-27T14:35:00,2026-02-27T15:40:00,
ZAG,BCN,2026/2/28,145.08,AF,PT10H,2026-02-28T06:30:00,2026-02-28T08:40:00,
ZAG,BCN,2026/2/28,145.08,AF,PT16H50M,2026-02-28T17:35:00,2026-02-28T19:45:00,
ZAG,BCN,2026/2/28,145.08,AF,PT18H40M,2026-02-28T17:35:00,2026-02-28T19:45:00,
ZAG,BCN,2026/2/28,183.08,AF,PT5H45M,2026-02-28T06:30:00,2026-02-28T08:40:00,
ZAG,BCN,2026/2/28,189.49,LO,PT23H45M,2026-02-28T18:00:00,2026-02-28T19:35:00,
ZAG,BCN,2026/2/28,195.08,AF,PT8H5M,2026-02-28T08:25:00,2026-02-28T10:30:00,
ZAG,BCN,2026/2/28,195.08,AF,PT10H40M,2026-02-28T08:25:00,2026-02-28T10:30:00,
ZAG,BCN,2026/2/28,218.41,LX,PT5H15M,2026-02-28T17:45:00,2026-02-28T19:15:00,
ZAG,BCN,2026/2/28,218.41,LX,PT5H30M,2026-02-28T08:35:00,2026-02-28T10:05:00,
ZAG,BCN,2026/2/28,218.41,LX,PT10H25M,2026-02-28T08:35:00,2026-02-28T10:05:00,
ZAG,BCN,2026/2/28,218.41,LX,PT15H20M,2026-02-28T17:45:00,2026-02-28T19:15:00,
ZAG,BCN,2026/2/28,220.1,LH,PT4H,2026-02-28T13:35:00,2026-02-28T14:40:00,
ZAG,BCN,2026/2/28,220.1,LH,PT6H25M,2026-02-28T16:40:00,2026-02-28T17:45:00,
ZAG,BCN,2026/2/28,220.1,LH,PT4H20M,2026-02-28T18:45:00,2026-02-28T19:50:00,
ZAG,BCN,2026/2/28,220.1,LH,PT6H5M,2026-02-28T08:40:00,2026-02-28T09:45:00,
ZAG,BCN,2026/3/1,124.85,JU,PT14H15M,2026-03-01T18:50:00,2026-03-01T19:55:00,
ZAG,BCN,2026/3/1,144.85,JU,PT24H55M,2026-03-01T18:50:00,2026-03-01T19:55:00,
ZAG,BCN,2026/3/1,146.34,OU,PT2H10M,2026-03-01T15:30:00,2026-03-01T17:40:00,
ZAG,BCN,2026/3/1,183.08,AF,PT5H35M,2026-03-01T17:30:00,2026-03-01T19:40:00,
ZAG,BCN,2026/3/1,183.08,AF,PT5H45M,2026-03-01T06:30:00,2026-03-01T08:40:00,
ZAG,BCN,2026/3/1,183.08,AF,PT10H,2026-03-01T06:30:00,2026-03-01T08:40:00,
ZAG,BCN,2026/3/1,183.08,AF,PT16H55M,2026-03-01T17:30:00,2026-03-01T19:40:00,
ZAG,BCN,2026/3/1,220.1,LH,PT4H20M,2026-03-01T18:45:00,2026-03-01T19:50:00,
ZAG,BCN,2026/3/1,220.1,LH,PT6H5M,2026-03-01T08:40:00,2026-03-01T09:45:00,
ZAG,BCN,2026/3/1,220.1,LH,PT8H55M,2026-03-01T08:40:00,2026-03-01T09:45:00,
ZAG,BCN,2026/3/1,220.1,LH,PT5H,2026-03-01T09:45:00,2026-03-01T10:50:00,
ZAG,BCN,2026/3/1,220.1,LH,PT6H25M,2026-03-01T16:40:00,2026-03-01T17:45:00,
ZAG,BCN,2026/3/1,220.1,LH,PT7H50M,2026-03-01T09:45:00,2026-03-01T10:50:00,
ZAG,BCN,2026/3/1,228.18,LH,PT4H25M,2026-03-01T14:35:00,2026-03-01T16:10:00,
ZAG,BCN,2026/3/1,228.18,LH,PT5H15M,2026-03-01T14:35:00,2026-03-01T16:10:00,
ZAG,BCN,2026/3/2,115.06,A3,PT22H5M,2026-03-02T19:05:00,2026-03-02T21:55:00,
ZAG,BCN,2026/3/2,144.85,JU,PT8H25M,2026-03-02T11:20:00,2026-03-02T12:25:00,
ZAG,BCN,2026/3/2,174.85,JU,PT14H15M,2026-03-02T18:50:00,2026-03-02T19:55:00,
ZAG,BCN,2026/3/2,183.08,AF,PT5H45M,2026-03-02T06:30:00,2026-03-02T08:40:00,
ZAG,BCN,2026/3/2,183.08,AF,PT8H,2026-03-02T15:05:00,2026-03-02T17:15:00,
ZAG,BCN,2026/3/2,183.08,AF,PT10H,2026-03-02T06:30:00,2026-03-02T08:40:00,
ZAG,BCN,2026/3/2,183.08,AF,PT19H20M,2026-03-02T15:05:00,2026-03-02T17:15:00,
ZAG,BCN,2026/3/2,204.85,JU,PT21H45M,2026-03-02T11:20:00,2026-03-02T12:25:00,
ZAG,BCN,2026/3/2,218.41,LX,PT5H15M,2026-03-02T17:45:00,2026-03-02T19:15:00,
ZAG,BCN,2026/3/2,218.41,LX,PT5H30M,2026-03-02T08:35:00,2026-03-02T10:05:00,
ZAG,BCN,2026/3/2,218.41,LX,PT10H25M,2026-03-02T08:35:00,2026-03-02T10:05:00,
ZAG,BCN,2026/3/2,218.41,LX,PT15H20M,2026-03-02T17:45:00,2026-03-02T19:15:00,
ZAG,BCN,2026/3/2,220.1,LH,PT4H20M,2026-03-02T18:45:00,2026-03-02T19:50:00,
ZAG,BCN,2026/3/2,220.1,LH,PT6H5M,2026-03-02T08:40:00,2026-03-02T09:45:00,
ZAG,BCN,2026/3/2,220.1,LH,PT8H55M,2026-03-02T08:40:00,2026-03-02T09:45:00,
ZAG,BCN,2026/3/3,146.34,OU,PT2H10M,2026-03-03T15:30:00,2026-03-03T17:40:00,
ZAG,BCN,2026/3/3,183.08,AF,PT5H45M,2026-03-03T06:30:00,2026-03-03T08:40:00,
ZAG,BCN,2026/3/3,183.08,AF,PT8H,2026-03-03T15:05:00,2026-03-03T17:15:00,
ZAG,BCN,2026/3/3,183.08,AF,PT10H,2026-03-03T06:30:00,2026-03-03T08:40:00,
ZAG,BCN,2026/3/3,183.08,AF,PT19H20M,2026-03-03T15:05:00,2026-03-03T17:15:00,
ZAG,BCN,2026/3/3,189.49,LO,PT23H45M,2026-03-03T18:00:00,2026-03-03T19:35:00,
ZAG,BCN,2026/3/3,217.4,OS,PT15H20M,2026-03-03T17:50:00,2026-03-03T18:45:00,
ZAG,BCN,2026/3/3,217.4,OS,PT18H35M,2026-03-03T14:35:00,2026-03-03T15:40:00,
ZAG,BCN,2026/3/3,218.41,LX,PT5H15M,2026-03-03T17:45:00,2026-03-03T19:15:00,
ZAG,BCN,2026/3/3,218.41,LX,PT5H30M,2026-03-03T08:35:00,2026-03-03T10:05:00,
ZAG,BCN,2026/3/3,218.41,LX,PT10H25M,2026-03-03T08:35:00,2026-03-03T10:05:00,
ZAG,BCN,2026/3/3,218.41,LX,PT15H20M,2026-03-03T17:45:00,2026-03-03T19:15:00,
ZAG,BCN,2026/3/3,220.1,LH,PT4H,2026-03-03T13:35:00,2026-03-03T14:40:00,
ZAG,BCN,2026/3/3,220.1,LH,PT9H30M,2026-03-03T13:35:00,2026-03-03T14:40:00,
ZAG,BCN,2026/3/3,220.1,LH,PT4H20M,2026-03-03T18:45:00,2026-03-03T19:50:00,
ZAG,BCN,2026/3/4,115.06,A3,PT15H20M,2026-03-04T19:05:00,2026-03-04T21:55:00,
ZAG,BCN,2026/3/4,115.06,A3,PT22H5M,2026-03-04T19:05:00,2026-03-04T21:55:00,
ZAG,BCN,2026/3/4,165.08,AF,PT5H45M,2026-03-04T06:30:00,2026-03-04T08:40:00,
ZAG,BCN,2026/3/4,165.08,AF,PT8H,2026-03-04T15:05:00,2026-03-04T17:15:00,
ZAG,BCN,2026/3/4,165.08,AF,PT10H,2026-03-04T06:30:00,2026-03-04T08:40:00,
ZAG,BCN,2026/3/4,165.08,AF,PT19H20M,2026-03-04T15:05:00,2026-03-04T17:15:00,
ZAG,BCN,2026/3/4,174.85,JU,PT14H15M,2026-03-04T18:50:00,2026-03-04T19:55:00,
ZAG,BCN,2026/3/4,187.4,OS,PT5H10M,2026-03-04T14:35:00,2026-03-04T15:40:00,
ZAG,BCN,2026/3/4,187.4,OS,PT11H30M,2026-03-04T08:15:00,2026-03-04T09:10:00,
ZAG,BCN,2026/3/4,187.4,OS,PT15H20M,2026-03-04T17:50:00,2026-03-04T18:45:00,
ZAG,BCN,2026/3/4,187.4,OS,PT18H35M,2026-03-04T14:35:00,2026-03-04T15:40:00,
ZAG,BCN,2026/3/4,189.49,LO,PT21H50M,2026-03-04T12:45:00,2026-03-04T14:20:00,
ZAG,BCN,2026/3/4,190.1,LH,PT4H,2026-03-04T13:35:00,2026-03-04T14:40:00,
ZAG,BCN,2026/3/4,190.1,LH,PT6H25M,2026-03-04T16:40:00,2026-03-04T17:45:00,
ZAG,BCN,2026/3/4,190.1,LH,PT4H20M,2026-03-04T18:45:00,2026-03-04T19:50:00,
ZAG,BCN,2026/3/5,144.85,JU,PT21H45M,2026-03-05T11:20:00,2026-03-05T12:25:00,
ZAG,BCN,2026/3/5,146.34,OU,PT2H10M,2026-03-05T15:30:00,2026-03-05T17:40:00,
ZAG,BCN,2026/3/5,165.08,AF,PT5H45M,2026-03-05T06:30:00,2026-03-05T08:40:00,
ZAG,BCN,2026/3/5,165.08,AF,PT8H,2026-03-05T15:05:00,2026-03-05T17:15:00,
ZAG,BCN,2026/3/5,165.08,AF,PT10H,2026-03-05T06:30:00,2026-03-05T08:40:00,
ZAG,BCN,2026/3/5,165.08,AF,PT19H20M,2026-03-05T15:05:00,2026-03-05T17:15:00,
ZAG,BCN,2026/3/5,187.4,OS,PT5H10M,2026-03-05T14:35:00,2026-03-05T15:40:00,
ZAG,BCN,2026/3/5,187.4,OS,PT11H30M,2026-03-05T08:15:00,2026-03-05T09:10:00,
ZAG,BCN,2026/3/5,187.4,OS,PT15H20M,2026-03-05T17:50:00,2026-03-05T18:45:00,
ZAG,BCN,2026/3/5,187.4,OS,PT18H35M,2026-03-05T14:35:00,2026-03-05T15:40:00,
ZAG,BCN,2026/3/5,189.49,LO,PT23H45M,2026-03-05T18:00:00,2026-03-05T19:35:00,
ZAG,BCN,2026/3/5,190.1,LH,PT4H20M,2026-03-05T18:45:00,2026-03-05T19:50:00,
ZAG,BCN,2026/3/5,190.1,LH,PT6H5M,2026-03-05T08:40:00,2026-03-05T09:45:00,
ZAG,BCN,2026/3/5,190.1,LH,PT8H55M,2026-03-05T08:40:00,2026-03-05T09:45:00,
ZAG,BCN,2026/3/5,190.1,LH,PT4H55M,2026-03-05T09:50:00,2026-03-05T10:55:00,
ZAG,BCN,2026/3/6,115.06,A3,PT15H20M,2026-03-06T19:05:00,2026-03-06T21:55:00,
ZAG,BCN,2026/3/6,115.06,A3,PT22H5M,2026-03-06T19:05:00,2026-03-06T21:55:00,
ZAG,BCN,2026/3/6,124.85,JU,PT14H15M,2026-03-06T18:50:00,2026-03-06T19:55:00,
ZAG,BCN,2026/3/6,144.85,JU,PT8H25M,2026-03-06T11:20:00,2026-03-06T12:25:00,
ZAG,BCN,2026/3/6,144.85,JU,PT21H45M,2026-03-06T11:20:00,2026-03-06T12:25:00,
ZAG,BCN,2026/3/6,164.08,AF,PT19H20M,2026-03-06T15:05:00,2026-03-06T17:15:00,
ZAG,BCN,2026/3/6,165.08,AF,PT5H45M,2026-03-06T06:30:00,2026-03-06T08:40:00,
ZAG,BCN,2026/3/6,165.08,AF,PT8H,2026-03-06T15:05:00,2026-03-06T17:15:00,
ZAG,BCN,2026/3/6,165.08,AF,PT10H,2026-03-06T06:30:00,2026-03-06T08:40:00,
ZAG,BCN,2026/3/6,179.49,LO,PT16H35M,2026-03-06T18:00:00,2026-03-06T19:35:00,
ZAG,BCN,2026/3/6,187.4,OS,PT5H10M,2026-03-06T14:35:00,2026-03-06T15:40:00,
ZAG,BCN,2026/3/6,187.4,OS,PT11H30M,2026-03-06T08:15:00,2026-03-06T09:10:00,
ZAG,BCN,2026/3/6,187.4,OS,PT18H35M,2026-03-06T14:35:00,2026-03-06T15:40:00,
ZAG,BCN,2026/3/6,189.49,LO,PT21H50M,2026-03-06T12:45:00,2026-03-06T14:20:00,
ZAG,BCN,2026/3/6,190.1,LH,PT4H20M,2026-03-06T18:45:00,2026-03-06T19:50:00,
ZAG,BCN,2026/3/7,145.08,AF,PT10H,2026-03-07T06:30:00,2026-03-07T08:40:00,
ZAG,BCN,2026/3/7,145.08,AF,PT16H50M,2026-03-07T17:35:00,2026-03-07T19:45:00,
ZAG,BCN,2026/3/7,145.08,AF,PT18H40M,2026-03-07T17:35:00,2026-03-07T19:45:00,
ZAG,BCN,2026/3/7,165.08,AF,PT5H45M,2026-03-07T06:30:00,2026-03-07T08:40:00,
ZAG,BCN,2026/3/7,187.4,OS,PT11H30M,2026-03-07T08:15:00,2026-03-07T09:10:00,
ZAG,BCN,2026/3/7,189.49,LO,PT23H45M,2026-03-07T18:00:00,2026-03-07T19:35:00,
ZAG,BCN,2026/3/7,190.1,LH,PT4H,2026-03-07T13:35:00,2026-03-07T14:40:00,
ZAG,BCN,2026/3/7,190.1,LH,PT9H30M,2026-03-07T13:35:00,2026-03-07T14:40:00,
ZAG,BCN,2026/3/7,190.1,LH,PT4H20M,2026-03-07T18:45:00,2026-03-07T19:50:00,
ZAG,BCN,2026/3/7,190.1,LH,PT6H5M,2026-03-07T08:40:00,2026-03-07T09:45:00,
ZAG,BCN,2026/3/7,190.1,LH,PT8H55M,2026-03-07T08:40:00,2026-03-07T09:45:00,
ZAG,BCN,2026/3/7,195.08,AF,PT8H5M,2026-03-07T08:25:00,2026-03-07T10:30:00,
ZAG,BCN,2026/3/7,195.08,AF,PT10H40M,2026-03-07T08:25:00,2026-03-07T10:30:00,
ZAG,BCN,2026/3/7,198.18,LH,PT4H25M,2026-03-07T14:35:00,2026-03-07T16:10:00,
ZAG,BCN,2026/3/7,198.18,LH,PT5H15M,2026-03-07T14:35:00,2026-03-07T16:10:00,
ZAG,BCN,2026/3/8,146.34,OU,PT2H10M,2026-03-08T15:30:00,2026-03-08T17:40:00,
ZAG,BCN,2026/3/8,183.08,AF,PT5H35M,2026-03-08T17:30:00,2026-03-08T19:40:00,
ZAG,BCN,2026/3/8,183.08,AF,PT5H45M,2026-03-08T06:30:00,2026-03-08T08:40:00,
ZAG,BCN,2026/3/8,183.08,AF,PT10H,2026-03-08T06:30:00,2026-03-08T08:40:00,
ZAG,BCN,2026/3/8,183.08,AF,PT16H55M,2026-03-08T17:30:00,2026-03-08T19:40:00,
ZAG,BCN,2026/3/8,187.4,OS,PT5H10M,2026-03-08T14:35:00,2026-03-08T15:40:00,
ZAG,BCN,2026/3/8,187.4,OS,PT11H30M,2026-03-08T08:15:00,2026-03-08T09:10:00,
ZAG,BCN,2026/3/8,187.4,OS,PT15H20M,2026-03-08T17:50:00,2026-03-08T18:45:00,
ZAG,BCN,2026/3/8,187.4,OS,PT18H35M,2026-03-08T14:35:00,2026-03-08T15:40:00,
ZAG,BCN,2026/3/8,190.1,LH,PT5H,2026-03-08T09:45:00,2026-03-08T10:50:00,
ZAG,BCN,2026/3/8,190.1,LH,PT6H25M,2026-03-08T16:40:00,2026-03-08T17:45:00,
ZAG,BCN,2026/3/8,190.1,LH,PT7H50M,2026-03-08T09:45:00,2026-03-08T10:50:00,
ZAG,BCN,2026/3/8,198.18,LH,PT4H25M,2026-03-08T14:35:00,2026-03-08T16:10:00,
ZAG,BCN,2026/3/8,198.18,LH,PT5H15M,2026-03-08T14:35:00,2026-03-08T16:10:00,
ZAG,BCN,2026/3/8,214.1,LH,PT15H45M,2026-03-08T16:40:00,2026-03-08T17:45:00,
ZAG,BCN,2026/3/9,115.06,A3,PT15H20M,2026-03-09T19:05:00,2026-03-09T21:55:00,
ZAG,BCN,2026/3/9,115.06,A3,PT22H5M,2026-03-09T19:05:00,2026-03-09T21:55:00,
ZAG,BCN,2026/3/9,144.85,JU,PT8H25M,2026-03-09T11:20:00,2026-03-09T12:25:00,
ZAG,BCN,2026/3/9,147.08,AF,PT5H45M,2026-03-09T06:30:00,2026-03-09T08:40:00,
ZAG,BCN,2026/3/9,147.08,AF,PT8H,2026-03-09T15:05:00,2026-03-09T17:15:00,
ZAG,BCN,2026/3/9,147.08,AF,PT10H,2026-03-09T06:30:00,2026-03-09T08:40:00,
ZAG,BCN,2026/3/9,147.08,AF,PT19H20M,2026-03-09T15:05:00,2026-03-09T17:15:00,
ZAG,BCN,2026/3/9,174.85,JU,PT14H15M,2026-03-09T18:50:00,2026-03-09T19:55:00,
ZAG,BCN,2026/3/9,187.4,OS,PT5H10M,2026-03-09T14:35:00,2026-03-09T15:40:00,
ZAG,BCN,2026/3/9,187.4,OS,PT18H35M,2026-03-09T14:35:00,2026-03-09T15:40:00,
ZAG,BCN,2026/3/9,197.08,AF,PT8H5M,2026-03-09T08:25:00,2026-03-09T10:30:00,
ZAG,BCN,2026/3/9,197.08,AF,PT10H40M,2026-03-09T08:25:00,2026-03-09T10:30:00,
ZAG,BCN,2026/3/9,198.18,LH,PT5H25M,2026-03-09T17:55:00,2026-03-09T19:30:00,
ZAG,BCN,2026/3/9,204.85,JU,PT21H45M,2026-03-09T11:20:00,2026-03-09T12:25:00,
ZAG,BCN,2026/3/9,217.4,OS,PT11H30M,2026-03-09T08:15:00,2026-03-09T09:10:00,
ZAG,BCN,2026/3/10,146.34,OU,PT2H10M,2026-03-10T15:30:00,2026-03-10T17:40:00,
ZAG,BCN,2026/3/10,147.08,AF,PT5H45M,2026-03-10T06:30:00,2026-03-10T08:40:00,
ZAG,BCN,2026/3/10,147.08,AF,PT8H,2026-03-10T15:05:00,2026-03-10T17:15:00,
ZAG,BCN,2026/3/10,147.08,AF,PT10H,2026-03-10T06:30:00,2026-03-10T08:40:00,
ZAG,BCN,2026/3/10,147.08,AF,PT19H20M,2026-03-10T15:05:00,2026-03-10T17:15:00,
ZAG,BCN,2026/3/10,165.4,OS,PT15H20M,2026-03-10T17:50:00,2026-03-10T18:45:00,
ZAG,BCN,2026/3/10,187.07,AF,PT7H30M,2026-03-10T15:25:00,2026-03-10T17:35:00,
ZAG,BCN,2026/3/10,187.4,OS,PT5H10M,2026-03-10T14:35:00,2026-03-10T15:40:00,
ZAG,BCN,2026/3/10,189.49,LO,PT23H45M,2026-03-10T18:00:00,2026-03-10T19:35:00,
ZAG,BCN,2026/3/10,190.1,LH,PT4H,2026-03-10T13:35:00,2026-03-10T14:40:00,
ZAG,BCN,2026/3/10,190.1,LH,PT6H25M,2026-03-10T16:40:00,2026-03-10T17:45:00,
ZAG,BCN,2026/3/10,190.1,LH,PT4H20M,2026-03-10T18:45:00,2026-03-10T19:50:00,
ZAG,BCN,2026/3/10,197.08,AF,PT8H5M,2026-03-10T08:25:00,2026-03-10T10:30:00,
ZAG,BCN,2026/3/10,197.08,AF,PT10H40M,2026-03-10T08:25:00,2026-03-10T10:30:00,
ZAG,BCN,2026/3/10,198.18,LH,PT4H25M,2026-03-10T14:35:00,2026-03-10T16:10:00,
ZAG,BCN,2026/3/11,115.06,A3,PT22H5M,2026-03-11T19:05:00,2026-03-11T21:55:00,
ZAG,BCN,2026/3/11,127.06,A3,PT15H20M,2026-03-11T19:05:00,2026-03-11T21:55:00,
ZAG,BCN,2026/3/11,147.08,AF,PT5H45M,2026-03-11T06:30:00,2026-03-11T08:40:00,
ZAG,BCN,2026/3/11,147.08,AF,PT10H,2026-03-11T06:30:00,2026-03-11T08:40:00,
ZAG,BCN,2026/3/11,165.08,AF,PT8H,2026-03-11T15:05:00,2026-03-11T17:15:00,
ZAG,BCN,2026/3/11,165.08,AF,PT19H20M,2026-03-11T15:05:00,2026-03-11T17:15:00,
ZAG,BCN,2026/3/11,168.1,LH,PT4H,2026-03-11T13:35:00,2026-03-11T14:40:00,
ZAG,BCN,2026/3/11,168.1,LH,PT6H25M,2026-03-11T16:40:00,2026-03-11T17:45:00,
ZAG,BCN,2026/3/11,174.85,JU,PT14H15M,2026-03-11T18:50:00,2026-03-11T19:55:00,
ZAG,BCN,2026/3/11,176.18,LH,PT4H35M,2026-03-11T14:25:00,2026-03-11T16:00:00,
ZAG,BCN,2026/3/11,176.18,LH,PT5H25M,2026-03-11T14:25:00,2026-03-11T16:00:00,
ZAG,BCN,2026/3/11,189.49,LO,PT21H50M,2026-03-11T12:45:00,2026-03-11T14:20:00,
ZAG,BCN,2026/3/11,190.1,LH,PT4H20M,2026-03-11T18:45:00,2026-03-11T19:50:00,
ZAG,BCN,2026/3/11,190.1,LH,PT6H5M,2026-03-11T08:40:00,2026-03-11T09:45:00,
ZAG,BCN,2026/3/11,190.1,LH,PT8H55M,2026-03-11T08:40:00,2026-03-11T09:45:00,
ZAG,BCN,2026/3/12,146.34,OU,PT2H10M,2026-03-12T15:30:00,2026-03-12T17:40:00,
ZAG,BCN,2026/3/12,147.08,AF,PT5H45M,2026-03-12T06:30:00,2026-03-12T08:40:00,
ZAG,BCN,2026/3/12,147.08,AF,PT8H,2026-03-12T15:05:00,2026-03-12T17:15:00,
ZAG,BCN,2026/3/12,147.08,AF,PT10H,2026-03-12T06:30:00,2026-03-12T08:40:00,
ZAG,BCN,2026/3/12,147.08,AF,PT19H20M,2026-03-12T15:05:00,2026-03-12T17:15:00,
ZAG,BCN,2026/3/12,165.49,LO,PT23H45M,2026-03-12T18:00:00,2026-03-12T19:35:00,
ZAG,BCN,2026/3/12,168.1,LH,PT4H55M,2026-03-12T09:50:00,2026-03-12T10:55:00,
ZAG,BCN,2026/3/12,168.1,LH,PT7H45M,2026-03-12T09:50:00,2026-03-12T10:55:00,
ZAG,BCN,2026/3/12,176.18,LH,PT4H15M,2026-03-12T14:45:00,2026-03-12T16:20:00,
ZAG,BCN,2026/3/12,176.18,LH,PT5H5M,2026-03-12T14:45:00,2026-03-12T16:20:00,
ZAG,BCN,2026/3/12,184.22,LH,PT14H45M,2026-03-12T17:55:00,2026-03-12T19:30:00,
ZAG,BCN,2026/3/12,187.07,AF,PT5H35M,2026-03-12T08:25:00,2026-03-12T10:30:00,
ZAG,BCN,2026/3/12,187.07,AF,PT7H30M,2026-03-12T15:25:00,2026-03-12T17:35:00,
ZAG,BCN,2026/3/12,190.1,LH,PT6H5M,2026-03-12T08:40:00,2026-03-12T09:45:00,
ZAG,BCN,2026/3/12,190.1,LH,PT8H55M,2026-03-12T08:40:00,2026-03-12T09:45:00,
ZAG,BCN,2026/3/13,115.06,A3,PT15H20M,2026-03-13T19:05:00,2026-03-13T21:55:00,
ZAG,BCN,2026/3/13,115.06,A3,PT22H5M,2026-03-13T19:05:00,2026-03-13T21:55:00,
ZAG,BCN,2026/3/13,124.85,JU,PT14H15M,2026-03-13T18:50:00,2026-03-13T19:55:00,
ZAG,BCN,2026/3/13,144.85,JU,PT8H25M,2026-03-13T11:20:00,2026-03-13T12:25:00,
ZAG,BCN,2026/3/13,144.85,JU,PT21H45M,2026-03-13T11:20:00,2026-03-13T12:25:00,
ZAG,BCN,2026/3/13,145.08,AF,PT19H20M,2026-03-13T15:05:00,2026-03-13T17:15:00,
ZAG,BCN,2026/3/13,147.08,AF,PT5H45M,2026-03-13T06:30:00,2026-03-13T08:40:00,
ZAG,BCN,2026/3/13,147.08,AF,PT8H,2026-03-13T15:05:00,2026-03-13T17:15:00,
ZAG,BCN,2026/3/13,147.08,AF,PT10H,2026-03-13T06:30:00,2026-03-13T08:40:00,
ZAG,BCN,2026/3/13,165.4,OS,PT5H10M,2026-03-13T14:35:00,2026-03-13T15:40:00,
ZAG,BCN,2026/3/13,165.4,OS,PT18H35M,2026-03-13T14:35:00,2026-03-13T15:40:00,
ZAG,BCN,2026/3/13,168.1,LH,PT4H55M,2026-03-13T09:50:00,2026-03-13T10:55:00,
ZAG,BCN,2026/3/13,168.1,LH,PT6H25M,2026-03-13T16:40:00,2026-03-13T17:45:00,
ZAG,BCN,2026/3/13,168.1,LH,PT7H45M,2026-03-13T09:50:00,2026-03-13T10:55:00,
ZAG,BCN,2026/3/13,176.18,LH,PT4H25M,2026-03-13T14:35:00,2026-03-13T16:10:00,
ZAG,BCN,2026/3/14,132.08,AF,PT5H45M,2026-03-14T06:30:00,2026-03-14T08:40:00,
ZAG,BCN,2026/3/14,132.08,AF,PT10H,2026-03-14T06:30:00,2026-03-14T08:40:00,
ZAG,BCN,2026/3/14,132.08,AF,PT16H50M,2026-03-14T17:35:00,2026-03-14T19:45:00,
ZAG,BCN,2026/3/14,132.08,AF,PT18H40M,2026-03-14T17:35:00,2026-03-14T19:45:00,
ZAG,BCN,2026/3/14,137.41,AF,PT17H25M,2026-03-14T15:25:00,2026-03-14T17:35:00,
ZAG,BCN,2026/3/14,165.49,LO,PT23H45M,2026-03-14T18:00:00,2026-03-14T19:35:00,
ZAG,BCN,2026/3/14,168.07,AF,PT7H30M,2026-03-14T15:25:00,2026-03-14T17:35:00,
ZAG,BCN,2026/3/14,168.1,LH,PT9H30M,2026-03-14T13:35:00,2026-03-14T14:40:00,
ZAG,BCN,2026/3/14,176.18,LH,PT4H25M,2026-03-14T14:35:00,2026-03-14T16:10:00,
ZAG,BCN,2026/3/14,176.18,LH,PT5H15M,2026-03-14T14:35:00,2026-03-14T16:10:00,
ZAG,BCN,2026/3/14,176.18,LH,PT5H25M,2026-03-14T17:55:00,2026-03-14T19:30:00,
ZAG,BCN,2026/3/14,182.08,AF,PT8H5M,2026-03-14T08:25:00,2026-03-14T10:30:00,
ZAG,BCN,2026/3/14,182.08,AF,PT10H40M,2026-03-14T08:25:00,2026-03-14T10:30:00,
ZAG,BCN,2026/3/14,190.1,LH,PT4H20M,2026-03-14T18:45:00,2026-03-14T19:50:00,
ZAG,BCN,2026/3/14,198.57,LH,PT13H40M,2026-03-14T18:45:00,2026-03-14T19:50:00,
ZAG,BCN,2026/3/15,124.85,JU,PT24H55M,2026-03-15T18:50:00,2026-03-15T19:55:00,
ZAG,BCN,2026/3/15,132.08,AF,PT5H35M,2026-03-15T17:30:00,2026-03-15T19:40:00,
ZAG,BCN,2026/3/15,132.08,AF,PT5H45M,2026-03-15T06:30:00,2026-03-15T08:40:00,
ZAG,BCN,2026/3/15,132.08,AF,PT10H,2026-03-15T06:30:00,2026-03-15T08:40:00,
ZAG,BCN,2026/3/15,132.08,AF,PT16H55M,2026-03-15T17:30:00,2026-03-15T19:40:00,
ZAG,BCN,2026/3/15,146.34,OU,PT2H10M,2026-03-15T15:30:00,2026-03-15T17:40:00,
ZAG,BCN,2026/3/15,165.49,LO,PT23H45M,2026-03-15T18:00:00,2026-03-15T19:35:00,
ZAG,BCN,2026/3/15,168.1,LH,PT5H,2026-03-15T09:45:00,2026-03-15T10:50:00,
ZAG,BCN,2026/3/15,168.1,LH,PT6H25M,2026-03-15T16:40:00,2026-03-15T17:45:00,
ZAG,BCN,2026/3/15,174.85,JU,PT14H15M,2026-03-15T18:50:00,2026-03-15T19:55:00,
ZAG,BCN,2026/3/15,176.18,LH,PT5H20M,2026-03-15T06:55:00,2026-03-15T08:30:00,
ZAG,BCN,2026/3/15,176.18,LH,PT6H15M,2026-03-15T06:55:00,2026-03-15T08:30:00,
ZAG,BCN,2026/3/15,176.18,LH,PT6H,2026-03-15T06:15:00,2026-03-15T07:50:00,
ZAG,BCN,2026/3/15,176.18,LH,PT6H55M,2026-03-15T06:15:00,2026-03-15T07:50:00,
ZAG,BCN,2026/3/15,184.22,LH,PT14H45M,2026-03-15T17:55:00,2026-03-15T19:30:00,
ZAG,BCN,2026/3/16,115.06,A3,PT15H20M,2026-03-16T19:05:00,2026-03-16T21:55:00,
ZAG,BCN,2026/3/16,115.06,A3,PT22H5M,2026-03-16T19:05:00,2026-03-16T21:55:00,
ZAG,BCN,2026/3/16,124.85,JU,PT8H25M,2026-03-16T11:20:00,2026-03-16T12:25:00,
ZAG,BCN,2026/3/16,132.08,AF,PT19H20M,2026-03-16T15:05:00,2026-03-16T17:15:00,
ZAG,BCN,2026/3/16,165.08,AF,PT8H,2026-03-16T15:05:00,2026-03-16T17:15:00,
ZAG,BCN,2026/3/16,165.4,OS,PT5H10M,2026-03-16T14:35:00,2026-03-16T15:40:00,
ZAG,BCN,2026/3/16,165.49,LO,PT21H50M,2026-03-16T12:45:00,2026-03-16T14:20:00,
ZAG,BCN,2026/3/16,168.1,LH,PT4H55M,2026-03-16T09:50:00,2026-03-16T10:55:00,
ZAG,BCN,2026/3/16,168.1,LH,PT6H25M,2026-03-16T16:40:00,2026-03-16T17:45:00,
ZAG,BCN,2026/3/16,174.85,JU,PT14H15M,2026-03-16T18:50:00,2026-03-16T19:55:00,
ZAG,BCN,2026/3/16,176.18,LH,PT4H20M,2026-03-16T14:40:00,2026-03-16T16:15:00,
ZAG,BCN,2026/3/16,176.18,LH,PT5H10M,2026-03-16T14:40:00,2026-03-16T16:15:00,
ZAG,BCN,2026/3/16,183.08,AF,PT5H45M,2026-03-16T06:30:00,2026-03-16T08:40:00,
ZAG,BCN,2026/3/16,183.08,AF,PT10H,2026-03-16T06:30:00,2026-03-16T08:40:00,
ZAG,BCN,2026/3/16,190.1,LH,PT7H45M,2026-03-16T09:50:00,2026-03-16T10:55:00,
ZAG,BCN,2026/3/17,132.08,AF,PT5H45M,2026-03-17T06:30:00,2026-03-17T08:40:00,
ZAG,BCN,2026/3/17,132.08,AF,PT10H,2026-03-17T06:30:00,2026-03-17T08:40:00,
ZAG,BCN,2026/3/17,146.34,OU,PT2H10M,2026-03-17T15:30:00,2026-03-17T17:40:00,
ZAG,BCN,2026/3/17,149.49,LO,PT23H45M,2026-03-17T18:00:00,2026-03-17T19:35:00,
ZAG,BCN,2026/3/17,165.08,AF,PT8H,2026-03-17T15:05:00,2026-03-17T17:15:00,
ZAG,BCN,2026/3/17,165.08,AF,PT19H20M,2026-03-17T15:05:00,2026-03-17T17:15:00,
ZAG,BCN,2026/3/17,165.4,OS,PT5H10M,2026-03-17T14:35:00,2026-03-17T15:40:00,
ZAG,BCN,2026/3/17,165.4,OS,PT18H35M,2026-03-17T14:35:00,2026-03-17T15:40:00,
ZAG,BCN,2026/3/17,168.1,LH,PT4H,2026-03-17T13:35:00,2026-03-17T14:40:00,
ZAG,BCN,2026/3/17,168.1,LH,PT6H25M,2026-03-17T16:40:00,2026-03-17T17:45:00,
ZAG,BCN,2026/3/17,176.18,LH,PT4H25M,2026-03-17T14:35:00,2026-03-17T16:10:00,
ZAG,BCN,2026/3/17,176.18,LH,PT5H25M,2026-03-17T14:35:00,2026-03-17T16:10:00,
ZAG,BCN,2026/3/17,176.18,LH,PT5H45M,2026-03-17T06:15:00,2026-03-17T07:50:00,
ZAG,BCN,2026/3/17,176.18,LH,PT6H45M,2026-03-17T06:15:00,2026-03-17T07:50:00,
ZAG,BCN,2026/3/17,182.08,AF,PT8H5M,2026-03-17T08:25:00,2026-03-17T10:30:00,
ZAG,BCN,2026/3/18,127.06,A3,PT15H20M,2026-03-18T19:05:00,2026-03-18T21:55:00,
ZAG,BCN,2026/3/18,127.06,A3,PT22H5M,2026-03-18T19:05:00,2026-03-18T21:55:00,
ZAG,BCN,2026/3/18,147.08,AF,PT5H45M,2026-03-18T06:30:00,2026-03-18T08:40:00,
ZAG,BCN,2026/3/18,147.08,AF,PT10H,2026-03-18T06:30:00,2026-03-18T08:40:00,
ZAG,BCN,2026/3/18,165.08,AF,PT8H,2026-03-18T15:05:00,2026-03-18T17:15:00,
ZAG,BCN,2026/3/18,165.08,AF,PT19H20M,2026-03-18T15:05:00,2026-03-18T17:15:00,
ZAG,BCN,2026/3/18,168.1,LH,PT6H25M,2026-03-18T16:40:00,2026-03-18T17:45:00,
ZAG,BCN,2026/3/18,182.08,AF,PT8H5M,2026-03-18T08:25:00,2026-03-18T10:30:00,
ZAG,BCN,2026/3/18,182.08,AF,PT10H40M,2026-03-18T08:25:00,2026-03-18T10:30:00,
ZAG,BCN,2026/3/18,190.1,LH,PT4H20M,2026-03-18T18:45:00,2026-03-18T19:50:00,
ZAG,BCN,2026/3/18,192.1,LH,PT15H45M,2026-03-18T16:40:00,2026-03-18T17:45:00,
ZAG,BCN,2026/3/18,196.91,IB,PT5H55M,2026-03-18T12:15:00,2026-03-18T15:15:00,
ZAG,BCN,2026/3/18,196.91,IB,PT7H,2026-03-18T12:15:00,2026-03-18T15:15:00,
ZAG,BCN,2026/3/18,198.18,LH,PT5H25M,2026-03-18T17:55:00,2026-03-18T19:30:00,
ZAG,BCN,2026/3/18,198.57,LH,PT13H40M,2026-03-18T18:45:00,2026-03-18T19:50:00,
ZAG,BCN,2026/3/19,118.08,AF,PT5H45M,2026-03-19T06:30:00,2026-03-19T08:40:00,
ZAG,BCN,2026/3/19,118.08,AF,PT10H,2026-03-19T06:30:00,2026-03-19T08:40:00,
ZAG,BCN,2026/3/19,118.08,AF,PT8H,2026-03-19T15:05:00,2026-03-19T17:15:00,
ZAG,BCN,2026/3/19,118.08,AF,PT19H20M,2026-03-19T15:05:00,2026-03-19T17:15:00,
ZAG,BCN,2026/3/19,146.34,OU,PT2H10M,2026-03-19T15:30:00,2026-03-19T17:40:00,
ZAG,BCN,2026/3/19,149.49,LO,PT23H45M,2026-03-19T18:00:00,2026-03-19T19:35:00,
ZAG,BCN,2026/3/19,165.4,OS,PT5H10M,2026-03-19T14:35:00,2026-03-19T15:40:00,
ZAG,BCN,2026/3/19,165.4,OS,PT18H35M,2026-03-19T14:35:00,2026-03-19T15:40:00,
ZAG,BCN,2026/3/19,168.1,LH,PT4H55M,2026-03-19T09:50:00,2026-03-19T10:55:00,
ZAG,BCN,2026/3/19,168.1,LH,PT6H25M,2026-03-19T16:40:00,2026-03-19T17:45:00,
ZAG,BCN,2026/3/19,168.1,LH,PT7H45M,2026-03-19T09:50:00,2026-03-19T10:55:00,
ZAG,BCN,2026/3/19,174.85,JU,PT21H45M,2026-03-19T11:20:00,2026-03-19T12:25:00,
ZAG,BCN,2026/3/19,176.18,LH,PT4H15M,2026-03-19T14:45:00,2026-03-19T16:20:00,
ZAG,BCN,2026/3/19,176.18,LH,PT5H5M,2026-03-19T14:45:00,2026-03-19T16:20:00,
ZAG,BCN,2026/3/19,176.18,LH,PT5H50M,2026-03-19T06:10:00,2026-03-19T07:45:00,
OTP,BCN,2026/2/18,76.32,H4,PT3H10M,2026-02-18T10:15:00,2026-02-18T12:25:00,
OTP,BCN,2026/2/18,108.83,JU,PT4H40M,2026-02-18T16:05:00,2026-02-18T16:15:00,
OTP,BCN,2026/2/18,108.83,JU,PT18H,2026-02-18T16:05:00,2026-02-18T16:15:00,
OTP,BCN,2026/2/18,138.0,QS,PT23H25M,2026-02-18T15:45:00,2026-02-18T16:45:00,
OTP,BCN,2026/2/18,193.32,GP,PT3H10M,2026-02-18T10:15:00,2026-02-18T12:25:00,
OTP,BCN,2026/2/18,196.95,RO,PT6H10M,2026-02-18T10:45:00,2026-02-18T11:55:00,
OTP,BCN,2026/2/18,196.95,RO,PT13H30M,2026-02-18T10:45:00,2026-02-18T11:55:00,
OTP,BCN,2026/2/18,199.05,AF,PT6H5M,2026-02-18T06:05:00,2026-02-18T08:25:00,
OTP,BCN,2026/2/18,199.05,AF,PT7H15M,2026-02-18T13:05:00,2026-02-18T15:15:00,
OTP,BCN,2026/2/18,199.05,AF,PT8H55M,2026-02-18T06:05:00,2026-02-18T08:25:00,
OTP,BCN,2026/2/18,199.05,AF,PT10H50M,2026-02-18T13:05:00,2026-02-18T15:15:00,
OTP,BCN,2026/2/18,202.04,A3,PT7H20M,2026-02-18T10:50:00,2026-02-18T12:25:00,
OTP,BCN,2026/2/18,202.04,A3,PT14H10M,2026-02-18T21:15:00,2026-02-18T22:50:00,
OTP,BCN,2026/2/18,202.04,A3,PT20H55M,2026-02-18T21:15:00,2026-02-18T22:50:00,
OTP,BCN,2026/2/18,202.04,A3,PT24H35M,2026-02-18T10:50:00,2026-02-18T12:25:00,
OTP,BCN,2026/2/19,108.83,JU,PT5H35M,2026-02-19T04:30:00,2026-02-19T05:00:00,
OTP,BCN,2026/2/19,133.83,JU,PT18H,2026-02-19T16:05:00,2026-02-19T16:15:00,
OTP,BCN,2026/2/19,138.0,QS,PT23H25M,2026-02-19T15:45:00,2026-02-19T16:45:00,
OTP,BCN,2026/2/19,199.05,AF,PT6H5M,2026-02-19T06:05:00,2026-02-19T08:25:00,
OTP,BCN,2026/2/19,199.05,AF,PT7H15M,2026-02-19T13:05:00,2026-02-19T15:15:00,
OTP,BCN,2026/2/19,199.05,AF,PT8H55M,2026-02-19T06:05:00,2026-02-19T08:25:00,
OTP,BCN,2026/2/19,199.05,AF,PT10H50M,2026-02-19T13:05:00,2026-02-19T15:15:00,
OTP,BCN,2026/2/19,202.04,A3,PT7H20M,2026-02-19T10:50:00,2026-02-19T12:25:00,
OTP,BCN,2026/2/19,202.04,A3,PT14H10M,2026-02-19T21:15:00,2026-02-19T22:50:00,
OTP,BCN,2026/2/19,202.04,A3,PT24H35M,2026-02-19T10:50:00,2026-02-19T12:25:00,
OTP,BCN,2026/2/19,222.06,AF,PT6H5M,2026-02-19T18:00:00,2026-02-19T20:00:00,
OTP,BCN,2026/2/19,222.06,AF,PT7H15M,2026-02-19T06:00:00,2026-02-19T08:00:00,
OTP,BCN,2026/2/19,222.06,AF,PT11H30M,2026-02-19T06:00:00,2026-02-19T08:00:00,
OTP,BCN,2026/2/19,222.06,AF,PT17H25M,2026-02-19T18:00:00,2026-02-19T20:00:00,
OTP,BCN,2026/2/19,243.82,TK,PT9H20M,2026-02-19T15:30:00,2026-02-19T18:05:00,
OTP,BCN,2026/2/20,76.32,H4,PT3H10M,2026-02-20T10:15:00,2026-02-20T12:25:00,
OTP,BCN,2026/2/20,108.83,JU,PT4H40M,2026-02-20T16:05:00,2026-02-20T16:15:00,
OTP,BCN,2026/2/20,108.83,JU,PT5H35M,2026-02-20T04:30:00,2026-02-20T05:00:00,
OTP,BCN,2026/2/20,108.83,JU,PT16H15M,2026-02-20T04:30:00,2026-02-20T05:00:00,
OTP,BCN,2026/2/20,108.83,JU,PT18H,2026-02-20T16:05:00,2026-02-20T16:15:00,
OTP,BCN,2026/2/20,193.32,GP,PT3H10M,2026-02-20T10:15:00,2026-02-20T12:25:00,
OTP,BCN,2026/2/20,196.95,RO,PT6H20M,2026-02-20T10:35:00,2026-02-20T11:45:00,
OTP,BCN,2026/2/20,202.04,A3,PT14H10M,2026-02-20T21:15:00,2026-02-20T22:50:00,
OTP,BCN,2026/2/20,202.04,A3,PT20H55M,2026-02-20T21:15:00,2026-02-20T22:50:00,
OTP,BCN,2026/2/20,202.04,A3,PT24H35M,2026-02-20T10:50:00,2026-02-20T12:25:00,
OTP,BCN,2026/2/20,222.06,AF,PT6H5M,2026-02-20T18:00:00,2026-02-20T20:00:00,
OTP,BCN,2026/2/20,222.06,AF,PT7H15M,2026-02-20T06:00:00,2026-02-20T08:00:00,
OTP,BCN,2026/2/20,222.06,AF,PT11H30M,2026-02-20T06:00:00,2026-02-20T08:00:00,
OTP,BCN,2026/2/20,222.06,AF,PT17H25M,2026-02-20T18:00:00,2026-02-20T20:00:00,
OTP,BCN,2026/2/20,241.61,DY,PT25H30M,2026-02-20T17:00:00,2026-02-20T19:15:00,
OTP,BCN,2026/2/21,108.83,JU,PT5H35M,2026-02-21T04:30:00,2026-02-21T05:00:00,
OTP,BCN,2026/2/21,138.0,QS,PT23H25M,2026-02-21T15:45:00,2026-02-21T16:45:00,
OTP,BCN,2026/2/21,198.17,RO,PT9H15M,2026-02-21T08:20:00,2026-02-21T11:25:00,
OTP,BCN,2026/2/21,202.04,A3,PT7H20M,2026-02-21T10:50:00,2026-02-21T12:25:00,
OTP,BCN,2026/2/21,202.04,A3,PT24H35M,2026-02-21T10:50:00,2026-02-21T12:25:00,
OTP,BCN,2026/2/21,222.06,AF,PT6H10M,2026-02-21T13:55:00,2026-02-21T15:55:00,
OTP,BCN,2026/2/21,222.06,AF,PT7H15M,2026-02-21T06:00:00,2026-02-21T08:00:00,
OTP,BCN,2026/2/21,222.06,AF,PT11H30M,2026-02-21T06:00:00,2026-02-21T08:00:00,
OTP,BCN,2026/2/21,222.06,AF,PT17H25M,2026-02-21T18:00:00,2026-02-21T20:00:00,
OTP,BCN,2026/2/21,222.06,AF,PT19H15M,2026-02-21T18:00:00,2026-02-21T20:00:00,
OTP,BCN,2026/2/21,233.82,TK,PT9H20M,2026-02-21T15:30:00,2026-02-21T18:05:00,
OTP,BCN,2026/2/21,233.82,TK,PT13H55M,2026-02-21T21:50:00,2026-02-22T00:20:00,
OTP,BCN,2026/2/21,233.82,TK,PT16H35M,2026-02-21T21:50:00,2026-02-22T00:20:00,
OTP,BCN,2026/2/21,243.82,TK,PT7H55M,2026-02-21T10:10:00,2026-02-21T12:45:00,
OTP,BCN,2026/2/21,243.82,TK,PT14H40M,2026-02-21T10:10:00,2026-02-21T12:45:00,
OTP,BCN,2026/2/22,108.83,JU,PT4H40M,2026-02-22T16:05:00,2026-02-22T16:15:00,
OTP,BCN,2026/2/22,108.83,JU,PT18H,2026-02-22T16:05:00,2026-02-22T16:15:00,
OTP,BCN,2026/2/22,138.0,QS,PT23H25M,2026-02-22T15:45:00,2026-02-22T16:45:00,
OTP,BCN,2026/2/22,195.06,AF,PT6H5M,2026-02-22T18:00:00,2026-02-22T20:00:00,
OTP,BCN,2026/2/22,195.06,AF,PT6H10M,2026-02-22T13:55:00,2026-02-22T15:55:00,
OTP,BCN,2026/2/22,195.06,AF,PT7H15M,2026-02-22T06:00:00,2026-02-22T08:00:00,
OTP,BCN,2026/2/22,195.06,AF,PT11H30M,2026-02-22T06:00:00,2026-02-22T08:00:00,
OTP,BCN,2026/2/22,195.06,AF,PT17H25M,2026-02-22T18:00:00,2026-02-22T20:00:00,
OTP,BCN,2026/2/22,196.95,RO,PT5H25M,2026-02-22T11:30:00,2026-02-22T12:40:00,
OTP,BCN,2026/2/22,196.95,RO,PT12H45M,2026-02-22T11:30:00,2026-02-22T12:40:00,
OTP,BCN,2026/2/22,198.17,RO,PT9H15M,2026-02-22T08:20:00,2026-02-22T11:25:00,
OTP,BCN,2026/2/22,202.04,A3,PT14H10M,2026-02-22T21:15:00,2026-02-22T22:50:00,
OTP,BCN,2026/2/22,202.04,A3,PT20H55M,2026-02-22T21:15:00,2026-02-22T22:50:00,
OTP,BCN,2026/2/22,223.05,AF,PT8H55M,2026-02-22T06:05:00,2026-02-22T08:25:00,
OTP,BCN,2026/2/22,233.82,TK,PT9H20M,2026-02-22T15:30:00,2026-02-22T18:05:00,
OTP,BCN,2026/2/23,76.32,H4,PT3H10M,2026-02-23T10:15:00,2026-02-23T12:25:00,
OTP,BCN,2026/2/23,108.83,JU,PT4H40M,2026-02-23T16:05:00,2026-02-23T16:15:00,
OTP,BCN,2026/2/23,108.83,JU,PT5H35M,2026-02-23T04:30:00,2026-02-23T05:00:00,
OTP,BCN,2026/2/23,133.83,JU,PT18H,2026-02-23T16:05:00,2026-02-23T16:15:00,
OTP,BCN,2026/2/23,163.83,JU,PT12H45M,2026-02-23T08:00:00,2026-02-23T08:35:00,
OTP,BCN,2026/2/23,193.32,GP,PT3H10M,2026-02-23T10:15:00,2026-02-23T12:25:00,
OTP,BCN,2026/2/23,195.06,AF,PT6H5M,2026-02-23T18:00:00,2026-02-23T20:00:00,
OTP,BCN,2026/2/23,195.06,AF,PT6H10M,2026-02-23T13:55:00,2026-02-23T15:55:00,
OTP,BCN,2026/2/23,195.06,AF,PT7H15M,2026-02-23T06:00:00,2026-02-23T08:00:00,
OTP,BCN,2026/2/23,195.06,AF,PT11H30M,2026-02-23T06:00:00,2026-02-23T08:00:00,
OTP,BCN,2026/2/23,195.06,AF,PT17H25M,2026-02-23T18:00:00,2026-02-23T20:00:00,
OTP,BCN,2026/2/23,195.61,DY,PT19H30M,2026-02-23T18:10:00,2026-02-23T20:25:00,
OTP,BCN,2026/2/23,196.95,RO,PT6H10M,2026-02-23T10:45:00,2026-02-23T11:55:00,
OTP,BCN,2026/2/23,198.17,RO,PT8H,2026-02-23T09:35:00,2026-02-23T12:40:00,
OTP,BCN,2026/2/23,199.05,AF,PT6H5M,2026-02-23T06:05:00,2026-02-23T08:25:00,
OTP,BCN,2026/2/24,195.06,AF,PT6H5M,2026-02-24T18:00:00,2026-02-24T20:00:00,
OTP,BCN,2026/2/24,195.06,AF,PT6H10M,2026-02-24T13:55:00,2026-02-24T15:55:00,
OTP,BCN,2026/2/24,195.06,AF,PT7H15M,2026-02-24T06:00:00,2026-02-24T08:00:00,
OTP,BCN,2026/2/24,195.06,AF,PT11H30M,2026-02-24T06:00:00,2026-02-24T08:00:00,
OTP,BCN,2026/2/24,195.06,AF,PT17H25M,2026-02-24T18:00:00,2026-02-24T20:00:00,
OTP,BCN,2026/2/24,199.05,AF,PT6H5M,2026-02-24T06:05:00,2026-02-24T08:25:00,
OTP,BCN,2026/2/24,199.05,AF,PT7H15M,2026-02-24T13:05:00,2026-02-24T15:15:00,
OTP,BCN,2026/2/24,199.05,AF,PT8H55M,2026-02-24T06:05:00,2026-02-24T08:25:00,
OTP,BCN,2026/2/24,199.05,AF,PT10H50M,2026-02-24T13:05:00,2026-02-24T15:15:00,
OTP,BCN,2026/2/24,233.82,TK,PT9H20M,2026-02-24T15:30:00,2026-02-24T18:05:00,
OTP,BCN,2026/2/24,233.82,TK,PT13H55M,2026-02-24T21:50:00,2026-02-25T00:20:00,
OTP,BCN,2026/2/24,243.82,TK,PT7H55M,2026-02-24T10:10:00,2026-02-24T12:45:00,
OTP,BCN,2026/2/24,243.82,TK,PT14H40M,2026-02-24T10:10:00,2026-02-24T12:45:00,
OTP,BCN,2026/2/24,249.04,A3,PT7H20M,2026-02-24T10:50:00,2026-02-24T12:25:00,
OTP,BCN,2026/2/24,249.04,A3,PT24H35M,2026-02-24T10:50:00,2026-02-24T12:25:00,
OTP,BCN,2026/2/25,76.32,H4,PT3H10M,2026-02-25T10:15:00,2026-02-25T12:25:00,
OTP,BCN,2026/2/25,133.83,JU,PT4H40M,2026-02-25T16:05:00,2026-02-25T16:15:00,
OTP,BCN,2026/2/25,133.83,JU,PT18H,2026-02-25T16:05:00,2026-02-25T16:15:00,
OTP,BCN,2026/2/25,138.0,QS,PT23H25M,2026-02-25T15:45:00,2026-02-25T16:45:00,
OTP,BCN,2026/2/25,192.97,HR,PT17H20M,2026-02-25T18:30:00,2026-02-25T20:20:00,
OTP,BCN,2026/2/25,193.32,GP,PT3H10M,2026-02-25T10:15:00,2026-02-25T12:25:00,
OTP,BCN,2026/2/25,195.06,AF,PT6H5M,2026-02-25T18:00:00,2026-02-25T20:00:00,
OTP,BCN,2026/2/25,195.06,AF,PT6H10M,2026-02-25T13:55:00,2026-02-25T15:55:00,
OTP,BCN,2026/2/25,195.06,AF,PT7H15M,2026-02-25T06:00:00,2026-02-25T08:00:00,
OTP,BCN,2026/2/25,195.06,AF,PT11H30M,2026-02-25T06:00:00,2026-02-25T08:00:00,
OTP,BCN,2026/2/25,195.06,AF,PT17H25M,2026-02-25T18:00:00,2026-02-25T20:00:00,
OTP,BCN,2026/2/25,196.95,RO,PT6H10M,2026-02-25T10:45:00,2026-02-25T11:55:00,
OTP,BCN,2026/2/25,196.95,RO,PT13H30M,2026-02-25T10:45:00,2026-02-25T11:55:00,
OTP,BCN,2026/2/25,199.05,AF,PT6H5M,2026-02-25T06:05:00,2026-02-25T08:25:00,
OTP,BCN,2026/2/25,199.05,AF,PT7H15M,2026-02-25T13:05:00,2026-02-25T15:15:00,
OTP,BCN,2026/2/26,103.83,JU,PT5H35M,2026-02-26T04:30:00,2026-02-26T05:00:00,
OTP,BCN,2026/2/26,103.83,JU,PT18H,2026-02-26T16:05:00,2026-02-26T16:15:00,
OTP,BCN,2026/2/26,138.0,QS,PT23H25M,2026-02-26T15:45:00,2026-02-26T16:45:00,
OTP,BCN,2026/2/26,195.06,AF,PT6H5M,2026-02-26T18:00:00,2026-02-26T20:00:00,
OTP,BCN,2026/2/26,195.06,AF,PT6H10M,2026-02-26T13:55:00,2026-02-26T15:55:00,
OTP,BCN,2026/2/26,195.06,AF,PT7H15M,2026-02-26T06:00:00,2026-02-26T08:00:00,
OTP,BCN,2026/2/26,195.06,AF,PT11H30M,2026-02-26T06:00:00,2026-02-26T08:00:00,
OTP,BCN,2026/2/26,195.06,AF,PT17H25M,2026-02-26T18:00:00,2026-02-26T20:00:00,
OTP,BCN,2026/2/26,199.05,AF,PT6H5M,2026-02-26T06:05:00,2026-02-26T08:25:00,
OTP,BCN,2026/2/26,199.05,AF,PT7H15M,2026-02-26T13:05:00,2026-02-26T15:15:00,
OTP,BCN,2026/2/26,199.05,AF,PT8H55M,2026-02-26T06:05:00,2026-02-26T08:25:00,
OTP,BCN,2026/2/26,199.05,AF,PT10H50M,2026-02-26T13:05:00,2026-02-26T15:15:00,
OTP,BCN,2026/2/26,202.04,A3,PT7H20M,2026-02-26T10:50:00,2026-02-26T12:25:00,
OTP,BCN,2026/2/26,202.04,A3,PT14H10M,2026-02-26T21:15:00,2026-02-26T22:50:00,
OTP,BCN,2026/2/26,202.04,A3,PT20H55M,2026-02-26T21:15:00,2026-02-26T22:50:00,
OTP,BCN,2026/2/27,76.32,H4,PT3H10M,2026-02-27T10:15:00,2026-02-27T12:25:00,
OTP,BCN,2026/2/27,103.83,JU,PT4H40M,2026-02-27T16:05:00,2026-02-27T16:15:00,
OTP,BCN,2026/2/27,103.83,JU,PT5H35M,2026-02-27T04:30:00,2026-02-27T05:00:00,
OTP,BCN,2026/2/27,103.83,JU,PT16H15M,2026-02-27T04:30:00,2026-02-27T05:00:00,
OTP,BCN,2026/2/27,103.83,JU,PT18H,2026-02-27T16:05:00,2026-02-27T16:15:00,
OTP,BCN,2026/2/27,169.06,AF,PT6H5M,2026-02-27T18:00:00,2026-02-27T20:00:00,
OTP,BCN,2026/2/27,169.06,AF,PT6H10M,2026-02-27T13:55:00,2026-02-27T15:55:00,
OTP,BCN,2026/2/27,169.06,AF,PT7H15M,2026-02-27T06:00:00,2026-02-27T08:00:00,
OTP,BCN,2026/2/27,169.06,AF,PT11H30M,2026-02-27T06:00:00,2026-02-27T08:00:00,
OTP,BCN,2026/2/27,169.06,AF,PT17H25M,2026-02-27T18:00:00,2026-02-27T20:00:00,
OTP,BCN,2026/2/27,192.97,HR,PT17H20M,2026-02-27T18:30:00,2026-02-27T20:20:00,
OTP,BCN,2026/2/27,193.32,GP,PT3H10M,2026-02-27T10:15:00,2026-02-27T12:25:00,
OTP,BCN,2026/2/27,195.61,DY,PT25H30M,2026-02-27T17:00:00,2026-02-27T19:15:00,
OTP,BCN,2026/2/27,196.95,RO,PT6H20M,2026-02-27T10:35:00,2026-02-27T11:45:00,
OTP,BCN,2026/2/27,199.05,AF,PT6H5M,2026-02-27T06:05:00,2026-02-27T08:25:00,
OTP,BCN,2026/2/28,103.83,JU,PT5H35M,2026-02-28T04:30:00,2026-02-28T05:00:00,
OTP,BCN,2026/2/28,138.0,QS,PT23H25M,2026-02-28T15:45:00,2026-02-28T16:45:00,
OTP,BCN,2026/2/28,169.06,AF,PT7H15M,2026-02-28T06:00:00,2026-02-28T08:00:00,
OTP,BCN,2026/2/28,169.06,AF,PT11H30M,2026-02-28T06:00:00,2026-02-28T08:00:00,
OTP,BCN,2026/2/28,198.17,RO,PT9H15M,2026-02-28T08:20:00,2026-02-28T11:25:00,
OTP,BCN,2026/2/28,202.04,A3,PT7H20M,2026-02-28T10:50:00,2026-02-28T12:25:00,
OTP,BCN,2026/2/28,202.04,A3,PT24H35M,2026-02-28T10:50:00,2026-02-28T12:25:00,
OTP,BCN,2026/2/28,233.82,TK,PT9H20M,2026-02-28T15:30:00,2026-02-28T18:05:00,
OTP,BCN,2026/2/28,233.82,TK,PT13H55M,2026-02-28T21:50:00,2026-03-01T00:20:00,
OTP,BCN,2026/2/28,233.82,TK,PT16H35M,2026-02-28T21:50:00,2026-03-01T00:20:00,
OTP,BCN,2026/2/28,243.82,TK,PT7H55M,2026-02-28T10:10:00,2026-02-28T12:45:00,
OTP,BCN,2026/2/28,243.82,TK,PT14H40M,2026-02-28T10:10:00,2026-02-28T12:45:00,
OTP,BCN,2026/2/28,262.08,LH,PT5H30M,2026-02-28T13:05:00,2026-02-28T14:15:00,
OTP,BCN,2026/2/28,262.08,LH,PT11H,2026-02-28T13:05:00,2026-02-28T14:15:00,
OTP,BCN,2026/2/28,267.39,LX,PT7H20M,2026-02-28T16:40:00,2026-02-28T18:20:00,
OTP,BCN,2026/3/1,103.83,JU,PT4H40M,2026-03-01T16:05:00,2026-03-01T16:15:00,
OTP,BCN,2026/3/1,103.83,JU,PT18H,2026-03-01T16:05:00,2026-03-01T16:15:00,
OTP,BCN,2026/3/1,138.0,QS,PT23H25M,2026-03-01T15:45:00,2026-03-01T16:45:00,
OTP,BCN,2026/3/1,169.06,AF,PT6H5M,2026-03-01T18:00:00,2026-03-01T20:00:00,
OTP,BCN,2026/3/1,169.06,AF,PT6H10M,2026-03-01T13:55:00,2026-03-01T15:55:00,
OTP,BCN,2026/3/1,169.06,AF,PT7H15M,2026-03-01T06:00:00,2026-03-01T08:00:00,
OTP,BCN,2026/3/1,169.06,AF,PT11H30M,2026-03-01T06:00:00,2026-03-01T08:00:00,
OTP,BCN,2026/3/1,169.06,AF,PT17H25M,2026-03-01T18:00:00,2026-03-01T20:00:00,
OTP,BCN,2026/3/1,196.95,RO,PT5H25M,2026-03-01T11:30:00,2026-03-01T12:40:00,
OTP,BCN,2026/3/1,196.95,RO,PT12H45M,2026-03-01T11:30:00,2026-03-01T12:40:00,
OTP,BCN,2026/3/1,198.89,RO,PT9H15M,2026-03-01T08:20:00,2026-03-01T11:25:00,
OTP,BCN,2026/3/1,202.04,A3,PT7H20M,2026-03-01T10:50:00,2026-03-01T12:25:00,
OTP,BCN,2026/3/1,202.04,A3,PT20H55M,2026-03-01T21:15:00,2026-03-01T22:50:00,
OTP,BCN,2026/3/1,233.82,TK,PT9H20M,2026-03-01T15:30:00,2026-03-01T18:05:00,
OTP,BCN,2026/3/1,233.82,TK,PT13H55M,2026-03-01T21:50:00,2026-03-02T00:20:00,
OTP,BCN,2026/3/2,76.32,H4,PT3H10M,2026-03-02T10:15:00,2026-03-02T12:25:00,
OTP,BCN,2026/3/2,103.83,JU,PT4H40M,2026-03-02T16:05:00,2026-03-02T16:15:00,
OTP,BCN,2026/3/2,103.83,JU,PT5H35M,2026-03-02T04:30:00,2026-03-02T05:00:00,
OTP,BCN,2026/3/2,133.83,JU,PT18H,2026-03-02T16:05:00,2026-03-02T16:15:00,
OTP,BCN,2026/3/2,163.83,JU,PT12H45M,2026-03-02T08:00:00,2026-03-02T08:35:00,
OTP,BCN,2026/3/2,169.06,AF,PT6H5M,2026-03-02T18:00:00,2026-03-02T20:00:00,
OTP,BCN,2026/3/2,169.06,AF,PT6H10M,2026-03-02T13:55:00,2026-03-02T15:55:00,
OTP,BCN,2026/3/2,169.06,AF,PT7H15M,2026-03-02T06:00:00,2026-03-02T08:00:00,
OTP,BCN,2026/3/2,169.06,AF,PT11H30M,2026-03-02T06:00:00,2026-03-02T08:00:00,
OTP,BCN,2026/3/2,169.06,AF,PT17H25M,2026-03-02T18:00:00,2026-03-02T20:00:00,
OTP,BCN,2026/3/2,193.32,GP,PT3H10M,2026-03-02T10:15:00,2026-03-02T12:25:00,
OTP,BCN,2026/3/2,196.95,RO,PT6H10M,2026-03-02T10:45:00,2026-03-02T11:55:00,
OTP,BCN,2026/3/2,198.89,RO,PT8H,2026-03-02T09:35:00,2026-03-02T12:40:00,
OTP,BCN,2026/3/2,202.04,A3,PT7H20M,2026-03-02T10:50:00,2026-03-02T12:25:00,
OTP,BCN,2026/3/2,202.04,A3,PT20H55M,2026-03-02T21:15:00,2026-03-02T22:50:00,
OTP,BCN,2026/3/3,169.06,AF,PT6H5M,2026-03-03T18:00:00,2026-03-03T20:00:00,
OTP,BCN,2026/3/3,169.06,AF,PT6H10M,2026-03-03T13:55:00,2026-03-03T15:55:00,
OTP,BCN,2026/3/3,169.06,AF,PT7H15M,2026-03-03T06:00:00,2026-03-03T08:00:00,
OTP,BCN,2026/3/3,169.06,AF,PT11H30M,2026-03-03T06:00:00,2026-03-03T08:00:00,
OTP,BCN,2026/3/3,169.06,AF,PT17H25M,2026-03-03T18:00:00,2026-03-03T20:00:00,
OTP,BCN,2026/3/3,199.05,AF,PT7H15M,2026-03-03T13:05:00,2026-03-03T15:15:00,
OTP,BCN,2026/3/3,199.05,AF,PT8H55M,2026-03-03T06:05:00,2026-03-03T08:25:00,
OTP,BCN,2026/3/3,199.05,AF,PT10H50M,2026-03-03T13:05:00,2026-03-03T15:15:00,
OTP,BCN,2026/3/3,202.04,A3,PT7H20M,2026-03-03T10:50:00,2026-03-03T12:25:00,
OTP,BCN,2026/3/3,202.04,A3,PT24H35M,2026-03-03T10:50:00,2026-03-03T12:25:00,
OTP,BCN,2026/3/3,223.05,AF,PT6H5M,2026-03-03T06:05:00,2026-03-03T08:25:00,
OTP,BCN,2026/3/3,233.82,TK,PT9H20M,2026-03-03T15:30:00,2026-03-03T18:05:00,
OTP,BCN,2026/3/3,233.82,TK,PT13H55M,2026-03-03T21:50:00,2026-03-04T00:20:00,
OTP,BCN,2026/3/3,237.47,LO,PT6H,2026-03-03T05:35:00,2026-03-03T06:25:00,
OTP,BCN,2026/3/3,237.47,LO,PT24H20M,2026-03-03T18:25:00,2026-03-03T19:20:00,
OTP,BCN,2026/3/4,76.32,H4,PT3H10M,2026-03-04T10:15:00,2026-03-04T12:25:00,
OTP,BCN,2026/3/4,129.05,AF,PT6H5M,2026-03-04T06:05:00,2026-03-04T08:25:00,
OTP,BCN,2026/3/4,129.05,AF,PT8H55M,2026-03-04T06:05:00,2026-03-04T08:25:00,
OTP,BCN,2026/3/4,129.05,AF,PT7H15M,2026-03-04T13:05:00,2026-03-04T15:15:00,
OTP,BCN,2026/3/4,129.05,AF,PT10H50M,2026-03-04T13:05:00,2026-03-04T15:15:00,
OTP,BCN,2026/3/4,133.83,JU,PT18H,2026-03-04T16:05:00,2026-03-04T16:15:00,
OTP,BCN,2026/3/4,138.0,QS,PT23H25M,2026-03-04T15:45:00,2026-03-04T16:45:00,
OTP,BCN,2026/3/4,153.83,JU,PT4H40M,2026-03-04T16:05:00,2026-03-04T16:15:00,
OTP,BCN,2026/3/4,169.06,AF,PT6H5M,2026-03-04T18:00:00,2026-03-04T20:00:00,
OTP,BCN,2026/3/4,169.06,AF,PT6H10M,2026-03-04T13:55:00,2026-03-04T15:55:00,
OTP,BCN,2026/3/4,169.06,AF,PT7H15M,2026-03-04T06:00:00,2026-03-04T08:00:00,
OTP,BCN,2026/3/4,169.06,AF,PT11H30M,2026-03-04T06:00:00,2026-03-04T08:00:00,
OTP,BCN,2026/3/4,169.06,AF,PT17H25M,2026-03-04T18:00:00,2026-03-04T20:00:00,
OTP,BCN,2026/3/4,192.97,HR,PT17H20M,2026-03-04T18:30:00,2026-03-04T20:20:00,
OTP,BCN,2026/3/4,193.32,GP,PT3H10M,2026-03-04T10:15:00,2026-03-04T12:25:00,
OTP,BCN,2026/3/5,98.83,JU,PT18H,2026-03-05T16:05:00,2026-03-05T16:15:00,
OTP,BCN,2026/3/5,133.83,JU,PT5H35M,2026-03-05T04:30:00,2026-03-05T05:00:00,
OTP,BCN,2026/3/5,138.0,QS,PT23H25M,2026-03-05T15:45:00,2026-03-05T16:45:00,
OTP,BCN,2026/3/5,152.06,AF,PT6H5M,2026-03-05T18:00:00,2026-03-05T20:00:00,
OTP,BCN,2026/3/5,152.06,AF,PT17H25M,2026-03-05T18:00:00,2026-03-05T20:00:00,
OTP,BCN,2026/3/5,152.06,AF,PT6H10M,2026-03-05T13:55:00,2026-03-05T15:55:00,
OTP,BCN,2026/3/5,159.05,AF,PT6H5M,2026-03-05T06:05:00,2026-03-05T08:25:00,
OTP,BCN,2026/3/5,159.05,AF,PT7H15M,2026-03-05T13:05:00,2026-03-05T15:15:00,
OTP,BCN,2026/3/5,159.05,AF,PT8H55M,2026-03-05T06:05:00,2026-03-05T08:25:00,
OTP,BCN,2026/3/5,169.06,AF,PT7H15M,2026-03-05T06:00:00,2026-03-05T08:00:00,
OTP,BCN,2026/3/5,169.06,AF,PT11H30M,2026-03-05T06:00:00,2026-03-05T08:00:00,
OTP,BCN,2026/3/5,177.05,AF,PT10H50M,2026-03-05T13:05:00,2026-03-05T15:15:00,
OTP,BCN,2026/3/5,202.04,A3,PT7H20M,2026-03-05T10:50:00,2026-03-05T12:25:00,
OTP,BCN,2026/3/5,202.04,A3,PT14H10M,2026-03-05T21:15:00,2026-03-05T22:50:00,
OTP,BCN,2026/3/5,202.04,A3,PT20H55M,2026-03-05T21:15:00,2026-03-05T22:50:00,
OTP,BCN,2026/3/6,76.32,H4,PT3H10M,2026-03-06T10:15:00,2026-03-06T12:25:00,
OTP,BCN,2026/3/6,133.83,JU,PT5H35M,2026-03-06T04:30:00,2026-03-06T05:00:00,
OTP,BCN,2026/3/6,152.06,AF,PT6H5M,2026-03-06T18:00:00,2026-03-06T20:00:00,
OTP,BCN,2026/3/6,152.06,AF,PT6H10M,2026-03-06T13:55:00,2026-03-06T15:55:00,
OTP,BCN,2026/3/6,152.06,AF,PT7H15M,2026-03-06T06:00:00,2026-03-06T08:00:00,
OTP,BCN,2026/3/6,152.06,AF,PT11H30M,2026-03-06T06:00:00,2026-03-06T08:00:00,
OTP,BCN,2026/3/6,152.06,AF,PT17H25M,2026-03-06T18:00:00,2026-03-06T20:00:00,
OTP,BCN,2026/3/6,153.83,JU,PT4H40M,2026-03-06T16:05:00,2026-03-06T16:15:00,
OTP,BCN,2026/3/6,153.83,JU,PT16H15M,2026-03-06T04:30:00,2026-03-06T05:00:00,
OTP,BCN,2026/3/6,153.83,JU,PT18H,2026-03-06T16:05:00,2026-03-06T16:15:00,
OTP,BCN,2026/3/6,195.61,DY,PT25H30M,2026-03-06T17:00:00,2026-03-06T19:15:00,
OTP,BCN,2026/3/6,196.95,RO,PT6H20M,2026-03-06T10:35:00,2026-03-06T11:45:00,
OTP,BCN,2026/3/6,198.05,AF,PT8H55M,2026-03-06T06:05:00,2026-03-06T08:25:00,
OTP,BCN,2026/3/6,199.05,AF,PT9H25M,2026-03-06T08:40:00,2026-03-06T11:00:00,
OTP,BCN,2026/3/6,199.05,AF,PT10H45M,2026-03-06T13:10:00,2026-03-06T15:30:00,
OTP,BCN,2026/3/7,138.0,QS,PT23H25M,2026-03-07T15:45:00,2026-03-07T16:45:00,
OTP,BCN,2026/3/7,152.06,AF,PT11H30M,2026-03-07T06:00:00,2026-03-07T08:00:00,
OTP,BCN,2026/3/7,153.83,JU,PT5H35M,2026-03-07T04:30:00,2026-03-07T05:00:00,
OTP,BCN,2026/3/7,169.06,AF,PT6H10M,2026-03-07T13:55:00,2026-03-07T15:55:00,
OTP,BCN,2026/3/7,169.06,AF,PT7H15M,2026-03-07T06:00:00,2026-03-07T08:00:00,
OTP,BCN,2026/3/7,169.06,AF,PT17H25M,2026-03-07T18:00:00,2026-03-07T20:00:00,
OTP,BCN,2026/3/7,169.06,AF,PT19H15M,2026-03-07T18:00:00,2026-03-07T20:00:00,
OTP,BCN,2026/3/7,198.89,RO,PT9H15M,2026-03-07T08:20:00,2026-03-07T11:25:00,
OTP,BCN,2026/3/7,202.04,A3,PT7H20M,2026-03-07T10:50:00,2026-03-07T12:25:00,
OTP,BCN,2026/3/7,202.04,A3,PT24H35M,2026-03-07T10:50:00,2026-03-07T12:25:00,
OTP,BCN,2026/3/7,227.06,AF,PT8H55M,2026-03-07T08:35:00,2026-03-07T10:40:00,
OTP,BCN,2026/3/7,231.08,LH,PT5H30M,2026-03-07T13:05:00,2026-03-07T14:15:00,
OTP,BCN,2026/3/7,231.08,LH,PT6H,2026-03-07T06:05:00,2026-03-07T07:15:00,
OTP,BCN,2026/3/7,231.08,LH,PT9H40M,2026-03-07T06:05:00,2026-03-07T07:15:00,
OTP,BCN,2026/3/7,231.08,LH,PT11H,2026-03-07T13:05:00,2026-03-07T14:15:00,
OTP,BCN,2026/3/8,133.83,JU,PT4H40M,2026-03-08T16:05:00,2026-03-08T16:15:00,
OTP,BCN,2026/3/8,138.0,QS,PT23H25M,2026-03-08T15:45:00,2026-03-08T16:45:00,
OTP,BCN,2026/3/8,152.06,AF,PT6H10M,2026-03-08T13:55:00,2026-03-08T15:55:00,
OTP,BCN,2026/3/8,152.06,AF,PT7H15M,2026-03-08T06:00:00,2026-03-08T08:00:00,
OTP,BCN,2026/3/8,152.06,AF,PT11H30M,2026-03-08T06:00:00,2026-03-08T08:00:00,
OTP,BCN,2026/3/8,153.83,JU,PT18H,2026-03-08T16:05:00,2026-03-08T16:15:00,
OTP,BCN,2026/3/8,169.06,AF,PT6H5M,2026-03-08T18:00:00,2026-03-08T20:00:00,
OTP,BCN,2026/3/8,169.06,AF,PT17H25M,2026-03-08T18:00:00,2026-03-08T20:00:00,
OTP,BCN,2026/3/8,177.05,AF,PT8H55M,2026-03-08T06:05:00,2026-03-08T08:25:00,
OTP,BCN,2026/3/8,196.95,RO,PT5H25M,2026-03-08T11:30:00,2026-03-08T12:40:00,
OTP,BCN,2026/3/8,196.95,RO,PT12H45M,2026-03-08T11:30:00,2026-03-08T12:40:00,
OTP,BCN,2026/3/8,198.05,AF,PT7H15M,2026-03-08T13:05:00,2026-03-08T15:15:00,
OTP,BCN,2026/3/8,198.05,AF,PT10H50M,2026-03-08T13:05:00,2026-03-08T15:15:00,
OTP,BCN,2026/3/8,198.89,RO,PT9H15M,2026-03-08T08:20:00,2026-03-08T11:25:00,
OTP,BCN,2026/3/8,199.05,AF,PT7H10M,2026-03-08T13:10:00,2026-03-08T15:30:00,
OTP,BCN,2026/3/9,76.32,H4,PT3H10M,2026-03-09T10:15:00,2026-03-09T12:25:00,
OTP,BCN,2026/3/9,98.83,JU,PT5H35M,2026-03-09T04:30:00,2026-03-09T05:00:00,
OTP,BCN,2026/3/9,129.05,AF,PT6H5M,2026-03-09T06:05:00,2026-03-09T08:25:00,
OTP,BCN,2026/3/9,129.05,AF,PT7H15M,2026-03-09T13:05:00,2026-03-09T15:15:00,
OTP,BCN,2026/3/9,129.05,AF,PT8H55M,2026-03-09T06:05:00,2026-03-09T08:25:00,
OTP,BCN,2026/3/9,129.05,AF,PT10H50M,2026-03-09T13:05:00,2026-03-09T15:15:00,
OTP,BCN,2026/3/9,133.83,JU,PT4H40M,2026-03-09T16:05:00,2026-03-09T16:15:00,
OTP,BCN,2026/3/9,135.06,AF,PT6H5M,2026-03-09T18:00:00,2026-03-09T20:00:00,
OTP,BCN,2026/3/9,135.06,AF,PT6H10M,2026-03-09T13:55:00,2026-03-09T15:55:00,
OTP,BCN,2026/3/9,135.06,AF,PT7H15M,2026-03-09T06:00:00,2026-03-09T08:00:00,
OTP,BCN,2026/3/9,135.06,AF,PT11H30M,2026-03-09T06:00:00,2026-03-09T08:00:00,
OTP,BCN,2026/3/9,135.06,AF,PT17H25M,2026-03-09T18:00:00,2026-03-09T20:00:00,
OTP,BCN,2026/3/9,163.83,JU,PT12H45M,2026-03-09T08:00:00,2026-03-09T08:35:00,
OTP,BCN,2026/3/9,183.83,JU,PT18H,2026-03-09T16:05:00,2026-03-09T16:15:00,
OTP,BCN,2026/3/9,195.61,DY,PT19H30M,2026-03-09T18:10:00,2026-03-09T20:25:00,
OTP,BCN,2026/3/10,129.05,AF,PT6H5M,2026-03-10T06:05:00,2026-03-10T08:25:00,
OTP,BCN,2026/3/10,129.05,AF,PT7H15M,2026-03-10T13:05:00,2026-03-10T15:15:00,
OTP,BCN,2026/3/10,129.05,AF,PT8H55M,2026-03-10T06:05:00,2026-03-10T08:25:00,
OTP,BCN,2026/3/10,129.05,AF,PT10H50M,2026-03-10T13:05:00,2026-03-10T15:15:00,
OTP,BCN,2026/3/10,135.06,AF,PT6H5M,2026-03-10T18:00:00,2026-03-10T20:00:00,
OTP,BCN,2026/3/10,135.06,AF,PT6H10M,2026-03-10T13:55:00,2026-03-10T15:55:00,
OTP,BCN,2026/3/10,135.06,AF,PT7H15M,2026-03-10T06:00:00,2026-03-10T08:00:00,
OTP,BCN,2026/3/10,135.06,AF,PT11H30M,2026-03-10T06:00:00,2026-03-10T08:00:00,
OTP,BCN,2026/3/10,135.06,AF,PT17H25M,2026-03-10T18:00:00,2026-03-10T20:00:00,
OTP,BCN,2026/3/10,199.05,AF,PT7H10M,2026-03-10T13:10:00,2026-03-10T15:30:00,
OTP,BCN,2026/3/10,199.05,AF,PT10H45M,2026-03-10T13:10:00,2026-03-10T15:30:00,
OTP,BCN,2026/3/10,202.04,A3,PT7H20M,2026-03-10T10:50:00,2026-03-10T12:25:00,
OTP,BCN,2026/3/10,204.05,AF,PT6H20M,2026-03-10T08:40:00,2026-03-10T11:00:00,
OTP,BCN,2026/3/10,204.05,AF,PT7H20M,2026-03-10T08:40:00,2026-03-10T11:00:00,
OTP,BCN,2026/3/10,206.08,LH,PT5H30M,2026-03-10T13:05:00,2026-03-10T14:15:00,
OTP,BCN,2026/3/11,76.32,H4,PT3H10M,2026-03-11T10:15:00,2026-03-11T12:25:00,
OTP,BCN,2026/3/11,135.06,AF,PT7H15M,2026-03-11T06:00:00,2026-03-11T08:00:00,
OTP,BCN,2026/3/11,135.06,AF,PT11H30M,2026-03-11T06:00:00,2026-03-11T08:00:00,
OTP,BCN,2026/3/11,138.0,QS,PT23H25M,2026-03-11T15:45:00,2026-03-11T16:45:00,
OTP,BCN,2026/3/11,152.06,AF,PT6H10M,2026-03-11T13:55:00,2026-03-11T15:55:00,
OTP,BCN,2026/3/11,159.05,AF,PT7H15M,2026-03-11T13:05:00,2026-03-11T15:15:00,
OTP,BCN,2026/3/11,169.06,AF,PT6H5M,2026-03-11T18:00:00,2026-03-11T20:00:00,
OTP,BCN,2026/3/11,169.06,AF,PT17H25M,2026-03-11T18:00:00,2026-03-11T20:00:00,
OTP,BCN,2026/3/11,183.83,JU,PT18H,2026-03-11T16:05:00,2026-03-11T16:15:00,
OTP,BCN,2026/3/11,196.95,RO,PT6H10M,2026-03-11T10:45:00,2026-03-11T11:55:00,
OTP,BCN,2026/3/11,196.95,RO,PT13H30M,2026-03-11T10:45:00,2026-03-11T11:55:00,
OTP,BCN,2026/3/11,198.05,AF,PT8H55M,2026-03-11T06:05:00,2026-03-11T08:25:00,
OTP,BCN,2026/3/11,198.05,AF,PT10H50M,2026-03-11T13:05:00,2026-03-11T15:15:00,
OTP,BCN,2026/3/11,199.32,HR,PT26H55M,2026-03-11T18:30:00,2026-03-11T20:20:00,
OTP,BCN,2026/3/11,200.39,AF,PT18H10M,2026-03-11T15:40:00,2026-03-11T18:00:00,
OTP,BCN,2026/3/12,129.05,AF,PT6H5M,2026-03-12T06:05:00,2026-03-12T08:25:00,
OTP,BCN,2026/3/12,129.05,AF,PT8H55M,2026-03-12T06:05:00,2026-03-12T08:25:00,
OTP,BCN,2026/3/12,133.83,JU,PT5H35M,2026-03-12T04:30:00,2026-03-12T05:00:00,
OTP,BCN,2026/3/12,135.06,AF,PT6H5M,2026-03-12T18:00:00,2026-03-12T20:00:00,
OTP,BCN,2026/3/12,135.06,AF,PT6H10M,2026-03-12T13:55:00,2026-03-12T15:55:00,
OTP,BCN,2026/3/12,135.06,AF,PT7H15M,2026-03-12T06:00:00,2026-03-12T08:00:00,
OTP,BCN,2026/3/12,135.06,AF,PT11H30M,2026-03-12T06:00:00,2026-03-12T08:00:00,
OTP,BCN,2026/3/12,135.06,AF,PT17H25M,2026-03-12T18:00:00,2026-03-12T20:00:00,
OTP,BCN,2026/3/12,138.0,QS,PT23H25M,2026-03-12T15:45:00,2026-03-12T16:45:00,
OTP,BCN,2026/3/12,183.83,JU,PT18H,2026-03-12T16:05:00,2026-03-12T16:15:00,
OTP,BCN,2026/3/12,202.04,A3,PT14H10M,2026-03-12T21:15:00,2026-03-12T22:50:00,
OTP,BCN,2026/3/12,202.04,A3,PT20H55M,2026-03-12T21:15:00,2026-03-12T22:50:00,
OTP,BCN,2026/3/12,204.05,AF,PT7H10M,2026-03-12T13:10:00,2026-03-12T15:30:00,
OTP,BCN,2026/3/12,204.05,AF,PT10H45M,2026-03-12T13:10:00,2026-03-12T15:30:00,
OTP,BCN,2026/3/12,206.08,LH,PT5H30M,2026-03-12T13:05:00,2026-03-12T14:15:00,
OTP,BCN,2026/3/13,76.32,H4,PT3H10M,2026-03-13T10:15:00,2026-03-13T12:25:00,
OTP,BCN,2026/3/13,133.83,JU,PT5H35M,2026-03-13T04:30:00,2026-03-13T05:00:00,
OTP,BCN,2026/3/13,135.06,AF,PT17H25M,2026-03-13T18:00:00,2026-03-13T20:00:00,
OTP,BCN,2026/3/13,153.83,JU,PT4H40M,2026-03-13T16:05:00,2026-03-13T16:15:00,
OTP,BCN,2026/3/13,153.83,JU,PT16H15M,2026-03-13T04:30:00,2026-03-13T05:00:00,
OTP,BCN,2026/3/13,153.83,JU,PT18H,2026-03-13T16:05:00,2026-03-13T16:15:00,
OTP,BCN,2026/3/13,169.06,AF,PT6H5M,2026-03-13T18:00:00,2026-03-13T20:00:00,
OTP,BCN,2026/3/13,169.06,AF,PT6H10M,2026-03-13T13:55:00,2026-03-13T15:55:00,
OTP,BCN,2026/3/13,169.06,AF,PT7H15M,2026-03-13T06:00:00,2026-03-13T08:00:00,
OTP,BCN,2026/3/13,169.06,AF,PT11H30M,2026-03-13T06:00:00,2026-03-13T08:00:00,
OTP,BCN,2026/3/13,192.97,HR,PT17H20M,2026-03-13T18:30:00,2026-03-13T20:20:00,
OTP,BCN,2026/3/13,196.95,RO,PT6H20M,2026-03-13T10:35:00,2026-03-13T11:45:00,
OTP,BCN,2026/3/13,202.04,A3,PT14H10M,2026-03-13T21:15:00,2026-03-13T22:50:00,
OTP,BCN,2026/3/13,202.04,A3,PT20H55M,2026-03-13T21:15:00,2026-03-13T22:50:00,
OTP,BCN,2026/3/13,206.08,LH,PT5H30M,2026-03-13T13:05:00,2026-03-13T14:15:00,
OTP,BCN,2026/3/14,121.06,AF,PT6H10M,2026-03-14T13:55:00,2026-03-14T15:55:00,
OTP,BCN,2026/3/14,121.06,AF,PT7H15M,2026-03-14T06:00:00,2026-03-14T08:00:00,
OTP,BCN,2026/3/14,121.06,AF,PT11H30M,2026-03-14T06:00:00,2026-03-14T08:00:00,
OTP,BCN,2026/3/14,121.06,AF,PT17H25M,2026-03-14T18:00:00,2026-03-14T20:00:00,
OTP,BCN,2026/3/14,121.06,AF,PT19H15M,2026-03-14T18:00:00,2026-03-14T20:00:00,
OTP,BCN,2026/3/14,130.39,AF,PT19H,2026-03-14T14:50:00,2026-03-14T17:00:00,
OTP,BCN,2026/3/14,138.0,QS,PT23H25M,2026-03-14T15:45:00,2026-03-14T16:45:00,
OTP,BCN,2026/3/14,153.83,JU,PT5H35M,2026-03-14T04:30:00,2026-03-14T05:00:00,
OTP,BCN,2026/3/14,196.06,AF,PT8H55M,2026-03-14T08:35:00,2026-03-14T10:40:00,
OTP,BCN,2026/3/14,196.06,AF,PT11H30M,2026-03-14T08:35:00,2026-03-14T10:40:00,
OTP,BCN,2026/3/14,196.06,AF,PT18H35M,2026-03-14T16:50:00,2026-03-14T18:55:00,
OTP,BCN,2026/3/14,198.89,RO,PT9H15M,2026-03-14T08:20:00,2026-03-14T11:25:00,
OTP,BCN,2026/3/14,202.04,A3,PT7H20M,2026-03-14T10:50:00,2026-03-14T12:25:00,
OTP,BCN,2026/3/14,202.04,A3,PT24H35M,2026-03-14T10:50:00,2026-03-14T12:25:00,
OTP,BCN,2026/3/14,207.47,LO,PT6H,2026-03-14T05:35:00,2026-03-14T06:25:00,
OTP,BCN,2026/3/15,98.83,JU,PT4H40M,2026-03-15T16:05:00,2026-03-15T16:15:00,
OTP,BCN,2026/3/15,98.83,JU,PT18H,2026-03-15T16:05:00,2026-03-15T16:15:00,
OTP,BCN,2026/3/15,121.06,AF,PT6H10M,2026-03-15T13:55:00,2026-03-15T15:55:00,
OTP,BCN,2026/3/15,121.06,AF,PT7H15M,2026-03-15T06:00:00,2026-03-15T08:00:00,
OTP,BCN,2026/3/15,121.06,AF,PT11H30M,2026-03-15T06:00:00,2026-03-15T08:00:00,
OTP,BCN,2026/3/15,138.0,QS,PT23H25M,2026-03-15T15:45:00,2026-03-15T16:45:00,
OTP,BCN,2026/3/15,144.05,AF,PT8H55M,2026-03-15T06:05:00,2026-03-15T08:25:00,
OTP,BCN,2026/3/15,169.06,AF,PT6H5M,2026-03-15T18:00:00,2026-03-15T20:00:00,
OTP,BCN,2026/3/15,169.06,AF,PT17H25M,2026-03-15T18:00:00,2026-03-15T20:00:00,
OTP,BCN,2026/3/15,177.05,AF,PT6H5M,2026-03-15T06:05:00,2026-03-15T08:25:00,
OTP,BCN,2026/3/15,177.05,AF,PT7H15M,2026-03-15T13:05:00,2026-03-15T15:15:00,
OTP,BCN,2026/3/15,196.06,AF,PT7H15M,2026-03-15T16:50:00,2026-03-15T18:55:00,
OTP,BCN,2026/3/15,196.06,AF,PT18H35M,2026-03-15T16:50:00,2026-03-15T18:55:00,
OTP,BCN,2026/3/15,196.95,RO,PT5H25M,2026-03-15T11:30:00,2026-03-15T12:40:00,
OTP,BCN,2026/3/15,196.95,RO,PT12H45M,2026-03-15T11:30:00,2026-03-15T12:40:00,
OTP,BCN,2026/3/16,76.32,H4,PT3H10M,2026-03-16T10:15:00,2026-03-16T12:25:00,
OTP,BCN,2026/3/16,98.83,JU,PT5H35M,2026-03-16T04:30:00,2026-03-16T05:00:00,
OTP,BCN,2026/3/16,121.06,AF,PT6H5M,2026-03-16T18:00:00,2026-03-16T20:00:00,
OTP,BCN,2026/3/16,121.06,AF,PT6H10M,2026-03-16T13:55:00,2026-03-16T15:55:00,
OTP,BCN,2026/3/16,121.06,AF,PT7H15M,2026-03-16T06:00:00,2026-03-16T08:00:00,
OTP,BCN,2026/3/16,121.06,AF,PT11H30M,2026-03-16T06:00:00,2026-03-16T08:00:00,
OTP,BCN,2026/3/16,121.06,AF,PT17H25M,2026-03-16T18:00:00,2026-03-16T20:00:00,
OTP,BCN,2026/3/16,128.61,DY,PT19H30M,2026-03-16T18:10:00,2026-03-16T20:25:00,
OTP,BCN,2026/3/16,129.05,AF,PT7H15M,2026-03-16T13:05:00,2026-03-16T15:15:00,
OTP,BCN,2026/3/16,129.05,AF,PT10H50M,2026-03-16T13:05:00,2026-03-16T15:15:00,
OTP,BCN,2026/3/16,129.05,AF,PT8H55M,2026-03-16T06:05:00,2026-03-16T08:25:00,
OTP,BCN,2026/3/16,133.83,JU,PT4H40M,2026-03-16T16:05:00,2026-03-16T16:15:00,
OTP,BCN,2026/3/16,153.83,JU,PT18H,2026-03-16T16:05:00,2026-03-16T16:15:00,
OTP,BCN,2026/3/16,163.83,JU,PT12H45M,2026-03-16T08:00:00,2026-03-16T08:35:00,
OTP,BCN,2026/3/16,177.05,AF,PT6H5M,2026-03-16T06:05:00,2026-03-16T08:25:00,
OTP,BCN,2026/3/17,121.06,AF,PT6H10M,2026-03-17T13:55:00,2026-03-17T15:55:00,
OTP,BCN,2026/3/17,121.06,AF,PT7H15M,2026-03-17T06:00:00,2026-03-17T08:00:00,
OTP,BCN,2026/3/17,121.06,AF,PT11H30M,2026-03-17T06:00:00,2026-03-17T08:00:00,
OTP,BCN,2026/3/17,152.06,AF,PT6H5M,2026-03-17T18:00:00,2026-03-17T20:00:00,
OTP,BCN,2026/3/17,152.06,AF,PT17H25M,2026-03-17T18:00:00,2026-03-17T20:00:00,
OTP,BCN,2026/3/17,196.06,AF,PT7H15M,2026-03-17T16:50:00,2026-03-17T18:55:00,
OTP,BCN,2026/3/17,196.06,AF,PT8H55M,2026-03-17T08:35:00,2026-03-17T10:40:00,
OTP,BCN,2026/3/17,196.06,AF,PT11H30M,2026-03-17T08:35:00,2026-03-17T10:40:00,
OTP,BCN,2026/3/17,196.06,AF,PT18H35M,2026-03-17T16:50:00,2026-03-17T18:55:00,
OTP,BCN,2026/3/17,199.05,AF,PT7H10M,2026-03-17T13:10:00,2026-03-17T15:30:00,
OTP,BCN,2026/3/17,202.04,A3,PT7H20M,2026-03-17T10:50:00,2026-03-17T12:25:00,
OTP,BCN,2026/3/17,202.04,A3,PT24H35M,2026-03-17T10:50:00,2026-03-17T12:25:00,
OTP,BCN,2026/3/17,206.08,LH,PT6H,2026-03-17T06:05:00,2026-03-17T07:15:00,
OTP,BCN,2026/3/17,206.08,LH,PT9H40M,2026-03-17T06:05:00,2026-03-17T07:15:00,
OTP,BCN,2026/3/17,206.08,LH,PT11H,2026-03-17T13:05:00,2026-03-17T14:15:00,
OTP,BCN,2026/3/18,76.32,H4,PT3H10M,2026-03-18T10:15:00,2026-03-18T12:25:00,
OTP,BCN,2026/3/18,121.06,AF,PT6H5M,2026-03-18T18:00:00,2026-03-18T20:00:00,
OTP,BCN,2026/3/18,121.06,AF,PT6H10M,2026-03-18T13:55:00,2026-03-18T15:55:00,
OTP,BCN,2026/3/18,121.06,AF,PT7H15M,2026-03-18T06:00:00,2026-03-18T08:00:00,
OTP,BCN,2026/3/18,121.06,AF,PT11H30M,2026-03-18T06:00:00,2026-03-18T08:00:00,
OTP,BCN,2026/3/18,121.06,AF,PT17H25M,2026-03-18T18:00:00,2026-03-18T20:00:00,
OTP,BCN,2026/3/18,129.05,AF,PT6H5M,2026-03-18T06:05:00,2026-03-18T08:25:00,
OTP,BCN,2026/3/18,129.05,AF,PT8H55M,2026-03-18T06:05:00,2026-03-18T08:25:00,
OTP,BCN,2026/3/18,133.83,JU,PT18H,2026-03-18T16:05:00,2026-03-18T16:15:00,
OTP,BCN,2026/3/18,138.0,QS,PT23H25M,2026-03-18T15:45:00,2026-03-18T16:45:00,
OTP,BCN,2026/3/18,153.83,JU,PT4H40M,2026-03-18T16:05:00,2026-03-18T16:15:00,
OTP,BCN,2026/3/18,177.05,AF,PT7H15M,2026-03-18T13:05:00,2026-03-18T15:15:00,
OTP,BCN,2026/3/18,177.05,AF,PT10H50M,2026-03-18T13:05:00,2026-03-18T15:15:00,
OTP,BCN,2026/3/18,192.97,HR,PT17H20M,2026-03-18T18:30:00,2026-03-18T20:20:00,
OTP,BCN,2026/3/18,196.06,AF,PT7H15M,2026-03-18T16:50:00,2026-03-18T18:55:00,
OTP,BCN,2026/3/19,108.06,AF,PT6H10M,2026-03-19T13:55:00,2026-03-19T15:55:00,
OTP,BCN,2026/3/19,108.06,AF,PT7H15M,2026-03-19T06:00:00,2026-03-19T08:00:00,
OTP,BCN,2026/3/19,108.06,AF,PT11H30M,2026-03-19T06:00:00,2026-03-19T08:00:00,
OTP,BCN,2026/3/19,133.83,JU,PT5H35M,2026-03-19T04:30:00,2026-03-19T05:00:00,
OTP,BCN,2026/3/19,133.83,JU,PT18H,2026-03-19T16:05:00,2026-03-19T16:15:00,
OTP,BCN,2026/3/19,138.0,QS,PT23H25M,2026-03-19T15:45:00,2026-03-19T16:45:00,
OTP,BCN,2026/3/19,152.06,AF,PT6H5M,2026-03-19T18:00:00,2026-03-19T20:00:00,
OTP,BCN,2026/3/19,152.06,AF,PT17H25M,2026-03-19T18:00:00,2026-03-19T20:00:00,
OTP,BCN,2026/3/19,159.05,AF,PT6H5M,2026-03-19T06:05:00,2026-03-19T08:25:00,
OTP,BCN,2026/3/19,159.05,AF,PT8H55M,2026-03-19T06:05:00,2026-03-19T08:25:00,
OTP,BCN,2026/3/19,183.06,AF,PT7H15M,2026-03-19T16:50:00,2026-03-19T18:55:00,
OTP,BCN,2026/3/19,183.06,AF,PT8H55M,2026-03-19T08:35:00,2026-03-19T10:40:00,
OTP,BCN,2026/3/19,183.06,AF,PT11H30M,2026-03-19T08:35:00,2026-03-19T10:40:00,
OTP,BCN,2026/3/19,183.06,AF,PT18H35M,2026-03-19T16:50:00,2026-03-19T18:55:00,
OTP,BCN,2026/3/19,198.05,AF,PT7H15M,2026-03-19T13:05:00,2026-03-19T15:15:00,
SOF,BCN,2026/2/18,124.45,PC,PT22H30M,2026-02-18T14:15:00,2026-02-18T16:30:00,
SOF,BCN,2026/2/18,129.68,JU,PT4H45M,2026-02-18T16:00:00,2026-02-18T16:10:00,
SOF,BCN,2026/2/18,129.68,JU,PT18H5M,2026-02-18T16:00:00,2026-02-18T16:10:00,
SOF,BCN,2026/2/18,188.02,IB,PT9H,2026-02-18T10:10:00,2026-02-18T13:05:00,
SOF,BCN,2026/2/18,197.89,A3,PT7H15M,2026-02-18T10:55:00,2026-02-18T12:10:00,
SOF,BCN,2026/2/18,197.89,A3,PT24H30M,2026-02-18T10:55:00,2026-02-18T12:10:00,
SOF,BCN,2026/2/18,200.67,TK,PT8H50M,2026-02-18T16:00:00,2026-02-18T18:30:00,
SOF,BCN,2026/2/18,200.67,TK,PT13H50M,2026-02-18T21:40:00,2026-02-19T00:15:00,
SOF,BCN,2026/2/18,200.67,TK,PT16H45M,2026-02-18T21:40:00,2026-02-19T00:15:00,
SOF,BCN,2026/2/18,200.67,TK,PT19H30M,2026-02-18T16:00:00,2026-02-18T18:30:00,
SOF,BCN,2026/2/18,210.67,TK,PT8H,2026-02-18T10:05:00,2026-02-18T12:35:00,
SOF,BCN,2026/2/18,210.67,TK,PT14H45M,2026-02-18T10:05:00,2026-02-18T12:35:00,
SOF,BCN,2026/2/18,218.91,AF,PT6H15M,2026-02-18T07:00:00,2026-02-18T09:00:00,
SOF,BCN,2026/2/18,218.91,AF,PT17H5M,2026-02-18T07:00:00,2026-02-18T09:00:00,
SOF,BCN,2026/2/18,225.32,LO,PT17H,2026-02-18T18:35:00,2026-02-18T19:35:00,
SOF,BCN,2026/2/19,107.68,JU,PT18H5M,2026-02-19T16:00:00,2026-02-19T16:10:00,
SOF,BCN,2026/2/19,129.68,JU,PT5H5M,2026-02-19T05:00:00,2026-02-19T05:10:00,
SOF,BCN,2026/2/19,197.89,A3,PT7H15M,2026-02-19T10:55:00,2026-02-19T12:10:00,
SOF,BCN,2026/2/19,197.89,A3,PT15H5M,2026-02-19T20:20:00,2026-02-19T21:35:00,
SOF,BCN,2026/2/19,197.89,A3,PT21H50M,2026-02-19T20:20:00,2026-02-19T21:35:00,
SOF,BCN,2026/2/19,200.67,TK,PT8H50M,2026-02-19T16:00:00,2026-02-19T18:30:00,
SOF,BCN,2026/2/19,200.67,TK,PT14H5M,2026-02-19T21:40:00,2026-02-20T00:15:00,
SOF,BCN,2026/2/19,200.67,TK,PT19H45M,2026-02-19T16:00:00,2026-02-19T18:30:00,
SOF,BCN,2026/2/19,200.67,TK,PT20H45M,2026-02-19T21:40:00,2026-02-20T00:15:00,
SOF,BCN,2026/2/19,210.67,TK,PT8H,2026-02-19T10:05:00,2026-02-19T12:35:00,
SOF,BCN,2026/2/19,210.67,TK,PT14H45M,2026-02-19T10:05:00,2026-02-19T12:35:00,
SOF,BCN,2026/2/19,218.91,AF,PT6H15M,2026-02-19T07:00:00,2026-02-19T09:00:00,
SOF,BCN,2026/2/19,218.91,AF,PT10H30M,2026-02-19T07:00:00,2026-02-19T09:00:00,
SOF,BCN,2026/2/19,225.32,LO,PT24H10M,2026-02-19T18:35:00,2026-02-19T19:35:00,
SOF,BCN,2026/2/19,225.32,LO,PT28H10M,2026-02-19T14:35:00,2026-02-19T15:35:00,
SOF,BCN,2026/2/20,107.68,JU,PT5H5M,2026-02-20T05:00:00,2026-02-20T05:10:00,
SOF,BCN,2026/2/20,129.68,JU,PT4H45M,2026-02-20T16:00:00,2026-02-20T16:10:00,
SOF,BCN,2026/2/20,129.68,JU,PT15H45M,2026-02-20T05:00:00,2026-02-20T05:10:00,
SOF,BCN,2026/2/20,129.68,JU,PT18H5M,2026-02-20T16:00:00,2026-02-20T16:10:00,
SOF,BCN,2026/2/20,188.02,IB,PT7H55M,2026-02-20T13:30:00,2026-02-20T16:20:00,
SOF,BCN,2026/2/20,188.02,IB,PT10H20M,2026-02-20T13:30:00,2026-02-20T16:20:00,
SOF,BCN,2026/2/20,195.32,LO,PT17H,2026-02-20T18:35:00,2026-02-20T19:35:00,
SOF,BCN,2026/2/20,197.89,A3,PT15H5M,2026-02-20T20:20:00,2026-02-20T21:35:00,
SOF,BCN,2026/2/20,197.89,A3,PT21H50M,2026-02-20T20:20:00,2026-02-20T21:35:00,
SOF,BCN,2026/2/20,200.32,LO,PT21H,2026-02-20T14:35:00,2026-02-20T15:35:00,
SOF,BCN,2026/2/20,200.67,TK,PT8H50M,2026-02-20T16:00:00,2026-02-20T18:30:00,
SOF,BCN,2026/2/20,200.67,TK,PT13H50M,2026-02-20T21:40:00,2026-02-21T00:15:00,
SOF,BCN,2026/2/20,200.67,TK,PT16H45M,2026-02-20T21:40:00,2026-02-21T00:15:00,
SOF,BCN,2026/2/20,200.67,TK,PT19H30M,2026-02-20T16:00:00,2026-02-20T18:30:00,
SOF,BCN,2026/2/20,210.67,TK,PT8H20M,2026-02-20T10:05:00,2026-02-20T12:35:00,
SOF,BCN,2026/2/21,129.68,JU,PT5H5M,2026-02-21T05:00:00,2026-02-21T05:10:00,
SOF,BCN,2026/2/21,197.89,A3,PT7H15M,2026-02-21T10:55:00,2026-02-21T12:10:00,
SOF,BCN,2026/2/21,197.89,A3,PT24H30M,2026-02-21T10:55:00,2026-02-21T12:10:00,
SOF,BCN,2026/2/21,200.32,LO,PT24H10M,2026-02-21T18:35:00,2026-02-21T19:35:00,
SOF,BCN,2026/2/21,200.32,LO,PT28H10M,2026-02-21T14:35:00,2026-02-21T15:35:00,
SOF,BCN,2026/2/21,200.67,TK,PT8H50M,2026-02-21T16:00:00,2026-02-21T18:30:00,
SOF,BCN,2026/2/21,200.67,TK,PT14H5M,2026-02-21T21:40:00,2026-02-22T00:15:00,
SOF,BCN,2026/2/21,200.67,TK,PT16H45M,2026-02-21T21:40:00,2026-02-22T00:15:00,
SOF,BCN,2026/2/21,200.67,TK,PT19H45M,2026-02-21T16:00:00,2026-02-21T18:30:00,
SOF,BCN,2026/2/21,210.67,TK,PT8H,2026-02-21T10:05:00,2026-02-21T12:35:00,
SOF,BCN,2026/2/21,210.67,TK,PT14H45M,2026-02-21T10:05:00,2026-02-21T12:35:00,
SOF,BCN,2026/2/21,218.91,AF,PT6H15M,2026-02-21T07:00:00,2026-02-21T09:00:00,
SOF,BCN,2026/2/21,218.91,AF,PT10H30M,2026-02-21T07:00:00,2026-02-21T09:00:00,
SOF,BCN,2026/2/21,259.0,A3,PT7H,2026-02-21T10:55:00,2026-02-21T12:10:00,
SOF,BCN,2026/2/21,291.91,FB,PT6H15M,2026-02-21T07:00:00,2026-02-21T09:00:00,
SOF,BCN,2026/2/22,129.68,JU,PT4H45M,2026-02-22T16:00:00,2026-02-22T16:10:00,
SOF,BCN,2026/2/22,129.68,JU,PT18H5M,2026-02-22T16:00:00,2026-02-22T16:10:00,
SOF,BCN,2026/2/22,197.89,A3,PT15H5M,2026-02-22T20:20:00,2026-02-22T21:35:00,
SOF,BCN,2026/2/22,197.89,A3,PT21H50M,2026-02-22T20:20:00,2026-02-22T21:35:00,
SOF,BCN,2026/2/22,200.32,LO,PT24H10M,2026-02-22T18:35:00,2026-02-22T19:35:00,
SOF,BCN,2026/2/22,200.32,LO,PT28H10M,2026-02-22T14:35:00,2026-02-22T15:35:00,
SOF,BCN,2026/2/22,200.67,TK,PT8H50M,2026-02-22T16:00:00,2026-02-22T18:30:00,
SOF,BCN,2026/2/22,200.67,TK,PT14H5M,2026-02-22T21:40:00,2026-02-23T00:15:00,
SOF,BCN,2026/2/22,200.67,TK,PT19H45M,2026-02-22T16:00:00,2026-02-22T18:30:00,
SOF,BCN,2026/2/22,200.67,TK,PT20H25M,2026-02-22T21:40:00,2026-02-23T00:15:00,
SOF,BCN,2026/2/22,201.91,AF,PT6H15M,2026-02-22T07:00:00,2026-02-22T09:00:00,
SOF,BCN,2026/2/22,201.91,AF,PT10H30M,2026-02-22T07:00:00,2026-02-22T09:00:00,
SOF,BCN,2026/2/22,258.67,TK,PT8H20M,2026-02-22T10:05:00,2026-02-22T12:35:00,
SOF,BCN,2026/2/22,258.67,TK,PT14H45M,2026-02-22T10:05:00,2026-02-22T12:35:00,
SOF,BCN,2026/2/22,291.91,FB,PT6H15M,2026-02-22T07:00:00,2026-02-22T09:00:00,
SOF,BCN,2026/2/23,107.68,JU,PT4H45M,2026-02-23T16:00:00,2026-02-23T16:10:00,
SOF,BCN,2026/2/23,107.68,JU,PT15H45M,2026-02-23T05:00:00,2026-02-23T05:10:00,
SOF,BCN,2026/2/23,129.68,JU,PT5H5M,2026-02-23T05:00:00,2026-02-23T05:10:00,
SOF,BCN,2026/2/23,149.68,JU,PT18H5M,2026-02-23T16:00:00,2026-02-23T16:10:00,
SOF,BCN,2026/2/23,197.89,A3,PT7H15M,2026-02-23T10:55:00,2026-02-23T12:10:00,
SOF,BCN,2026/2/23,197.89,A3,PT24H30M,2026-02-23T10:55:00,2026-02-23T12:10:00,
SOF,BCN,2026/2/23,200.32,LO,PT17H,2026-02-23T18:35:00,2026-02-23T19:35:00,
SOF,BCN,2026/2/23,200.32,LO,PT21H,2026-02-23T14:35:00,2026-02-23T15:35:00,
SOF,BCN,2026/2/23,200.67,TK,PT8H50M,2026-02-23T16:00:00,2026-02-23T18:30:00,
SOF,BCN,2026/2/23,200.67,TK,PT14H5M,2026-02-23T21:40:00,2026-02-24T00:15:00,
SOF,BCN,2026/2/23,200.67,TK,PT16H45M,2026-02-23T21:40:00,2026-02-24T00:15:00,
SOF,BCN,2026/2/23,200.67,TK,PT19H45M,2026-02-23T16:00:00,2026-02-23T18:30:00,
SOF,BCN,2026/2/23,201.91,AF,PT6H15M,2026-02-23T07:00:00,2026-02-23T09:00:00,
SOF,BCN,2026/2/23,201.91,AF,PT10H30M,2026-02-23T07:00:00,2026-02-23T09:00:00,
SOF,BCN,2026/2/23,210.67,TK,PT8H,2026-02-23T10:05:00,2026-02-23T12:35:00,
SOF,BCN,2026/2/24,149.68,JU,PT5H5M,2026-02-24T05:00:00,2026-02-24T05:10:00,
SOF,BCN,2026/2/24,197.89,A3,PT15H5M,2026-02-24T20:20:00,2026-02-24T21:35:00,
SOF,BCN,2026/2/24,200.67,TK,PT8H50M,2026-02-24T16:00:00,2026-02-24T18:30:00,
SOF,BCN,2026/2/24,200.67,TK,PT14H5M,2026-02-24T21:40:00,2026-02-25T00:15:00,
SOF,BCN,2026/2/24,200.67,TK,PT19H45M,2026-02-24T16:00:00,2026-02-24T18:30:00,
SOF,BCN,2026/2/24,200.67,TK,PT20H25M,2026-02-24T21:40:00,2026-02-25T00:15:00,
SOF,BCN,2026/2/24,201.91,AF,PT6H15M,2026-02-24T07:00:00,2026-02-24T09:00:00,
SOF,BCN,2026/2/24,201.91,AF,PT10H30M,2026-02-24T07:00:00,2026-02-24T09:00:00,
SOF,BCN,2026/2/24,210.67,TK,PT8H,2026-02-24T10:05:00,2026-02-24T12:35:00,
SOF,BCN,2026/2/24,210.67,TK,PT14H45M,2026-02-24T10:05:00,2026-02-24T12:35:00,
SOF,BCN,2026/2/24,225.32,LO,PT24H10M,2026-02-24T18:35:00,2026-02-24T19:35:00,
SOF,BCN,2026/2/24,225.32,LO,PT28H10M,2026-02-24T14:35:00,2026-02-24T15:35:00,
SOF,BCN,2026/2/24,244.89,A3,PT21H50M,2026-02-24T20:20:00,2026-02-24T21:35:00,
SOF,BCN,2026/2/24,291.91,FB,PT6H15M,2026-02-24T07:00:00,2026-02-24T09:00:00,
SOF,BCN,2026/2/24,291.91,FB,PT10H30M,2026-02-24T07:00:00,2026-02-24T09:00:00,
SOF,BCN,2026/2/25,98.91,PC,PT22H30M,2026-02-25T14:15:00,2026-02-25T16:30:00,
SOF,BCN,2026/2/25,129.68,JU,PT4H45M,2026-02-25T16:00:00,2026-02-25T16:10:00,
SOF,BCN,2026/2/25,129.68,JU,PT18H5M,2026-02-25T16:00:00,2026-02-25T16:10:00,
SOF,BCN,2026/2/25,180.32,LO,PT17H,2026-02-25T18:35:00,2026-02-25T19:35:00,
SOF,BCN,2026/2/25,180.32,LO,PT21H,2026-02-25T14:35:00,2026-02-25T15:35:00,
SOF,BCN,2026/2/25,197.89,A3,PT7H15M,2026-02-25T10:55:00,2026-02-25T12:10:00,
SOF,BCN,2026/2/25,197.89,A3,PT24H30M,2026-02-25T10:55:00,2026-02-25T12:10:00,
SOF,BCN,2026/2/25,200.67,TK,PT8H50M,2026-02-25T16:00:00,2026-02-25T18:30:00,
SOF,BCN,2026/2/25,200.67,TK,PT13H50M,2026-02-25T21:40:00,2026-02-26T00:15:00,
SOF,BCN,2026/2/25,200.67,TK,PT16H45M,2026-02-25T21:40:00,2026-02-26T00:15:00,
SOF,BCN,2026/2/25,200.67,TK,PT19H30M,2026-02-25T16:00:00,2026-02-25T18:30:00,
SOF,BCN,2026/2/25,201.91,AF,PT6H15M,2026-02-25T07:00:00,2026-02-25T09:00:00,
SOF,BCN,2026/2/25,201.91,AF,PT10H30M,2026-02-25T07:00:00,2026-02-25T09:00:00,
SOF,BCN,2026/2/25,210.67,TK,PT8H,2026-02-25T10:05:00,2026-02-25T12:35:00,
SOF,BCN,2026/2/25,210.67,TK,PT14H45M,2026-02-25T10:05:00,2026-02-25T12:35:00,
SOF,BCN,2026/2/26,99.68,JU,PT18H5M,2026-02-26T16:00:00,2026-02-26T16:10:00,
SOF,BCN,2026/2/26,129.68,JU,PT5H5M,2026-02-26T05:00:00,2026-02-26T05:10:00,
SOF,BCN,2026/2/26,180.32,LO,PT24H10M,2026-02-26T18:35:00,2026-02-26T19:35:00,
SOF,BCN,2026/2/26,180.32,LO,PT28H10M,2026-02-26T14:35:00,2026-02-26T15:35:00,
SOF,BCN,2026/2/26,197.89,A3,PT7H15M,2026-02-26T10:55:00,2026-02-26T12:10:00,
SOF,BCN,2026/2/26,197.89,A3,PT15H5M,2026-02-26T20:20:00,2026-02-26T21:35:00,
SOF,BCN,2026/2/26,197.89,A3,PT21H50M,2026-02-26T20:20:00,2026-02-26T21:35:00,
SOF,BCN,2026/2/26,200.67,TK,PT8H50M,2026-02-26T16:00:00,2026-02-26T18:30:00,
SOF,BCN,2026/2/26,200.67,TK,PT14H5M,2026-02-26T21:40:00,2026-02-27T00:15:00,
SOF,BCN,2026/2/26,200.67,TK,PT19H45M,2026-02-26T16:00:00,2026-02-26T18:30:00,
SOF,BCN,2026/2/26,200.67,TK,PT20H45M,2026-02-26T21:40:00,2026-02-27T00:15:00,
SOF,BCN,2026/2/26,201.91,AF,PT6H15M,2026-02-26T07:00:00,2026-02-26T09:00:00,
SOF,BCN,2026/2/26,201.91,AF,PT10H30M,2026-02-26T07:00:00,2026-02-26T09:00:00,
SOF,BCN,2026/2/26,210.67,TK,PT8H,2026-02-26T10:05:00,2026-02-26T12:35:00,
SOF,BCN,2026/2/26,210.67,TK,PT14H45M,2026-02-26T10:05:00,2026-02-26T12:35:00,
SOF,BCN,2026/2/27,99.68,JU,PT5H5M,2026-02-27T05:00:00,2026-02-27T05:10:00,
SOF,BCN,2026/2/27,129.68,JU,PT4H45M,2026-02-27T16:00:00,2026-02-27T16:10:00,
SOF,BCN,2026/2/27,129.68,JU,PT15H45M,2026-02-27T05:00:00,2026-02-27T05:10:00,
SOF,BCN,2026/2/27,129.68,JU,PT18H5M,2026-02-27T16:00:00,2026-02-27T16:10:00,
SOF,BCN,2026/2/27,180.32,LO,PT17H,2026-02-27T18:35:00,2026-02-27T19:35:00,
SOF,BCN,2026/2/27,180.32,LO,PT21H,2026-02-27T14:35:00,2026-02-27T15:35:00,
SOF,BCN,2026/2/27,188.02,IB,PT10H20M,2026-02-27T13:30:00,2026-02-27T16:20:00,
SOF,BCN,2026/2/27,190.91,AF,PT6H15M,2026-02-27T07:00:00,2026-02-27T09:00:00,
SOF,BCN,2026/2/27,190.91,AF,PT10H30M,2026-02-27T07:00:00,2026-02-27T09:00:00,
SOF,BCN,2026/2/27,197.89,A3,PT15H5M,2026-02-27T20:20:00,2026-02-27T21:35:00,
SOF,BCN,2026/2/27,197.89,A3,PT21H50M,2026-02-27T20:20:00,2026-02-27T21:35:00,
SOF,BCN,2026/2/27,200.67,TK,PT13H50M,2026-02-27T21:40:00,2026-02-28T00:15:00,
SOF,BCN,2026/2/27,200.67,TK,PT16H45M,2026-02-27T21:40:00,2026-02-28T00:15:00,
SOF,BCN,2026/2/27,200.67,TK,PT19H30M,2026-02-27T16:00:00,2026-02-27T18:30:00,
SOF,BCN,2026/2/27,210.67,TK,PT8H20M,2026-02-27T10:05:00,2026-02-27T12:35:00,
SOF,BCN,2026/2/28,129.68,JU,PT5H5M,2026-02-28T05:00:00,2026-02-28T05:10:00,
SOF,BCN,2026/2/28,180.32,LO,PT24H10M,2026-02-28T18:35:00,2026-02-28T19:35:00,
SOF,BCN,2026/2/28,180.32,LO,PT28H10M,2026-02-28T14:35:00,2026-02-28T15:35:00,
SOF,BCN,2026/2/28,190.91,AF,PT6H15M,2026-02-28T07:00:00,2026-02-28T09:00:00,
SOF,BCN,2026/2/28,190.91,AF,PT10H30M,2026-02-28T07:00:00,2026-02-28T09:00:00,
SOF,BCN,2026/2/28,197.89,A3,PT7H15M,2026-02-28T10:55:00,2026-02-28T12:10:00,
SOF,BCN,2026/2/28,197.89,A3,PT24H30M,2026-02-28T10:55:00,2026-02-28T12:10:00,
SOF,BCN,2026/2/28,200.67,TK,PT14H5M,2026-02-28T21:40:00,2026-03-01T00:15:00,
SOF,BCN,2026/2/28,200.67,TK,PT16H45M,2026-02-28T21:40:00,2026-03-01T00:15:00,
SOF,BCN,2026/2/28,210.67,TK,PT8H,2026-02-28T10:05:00,2026-02-28T12:35:00,
SOF,BCN,2026/2/28,210.67,TK,PT14H45M,2026-02-28T10:05:00,2026-02-28T12:35:00,
SOF,BCN,2026/2/28,223.73,PC,PT26H,2026-02-28T10:45:00,2026-02-28T13:00:00,
SOF,BCN,2026/2/28,259.0,A3,PT7H,2026-02-28T10:55:00,2026-02-28T12:10:00,
SOF,BCN,2026/2/28,271.93,LH,PT5H,2026-02-28T19:05:00,2026-02-28T20:15:00,
SOF,BCN,2026/2/28,271.93,LH,PT6H,2026-02-28T06:05:00,2026-02-28T07:15:00,
SOF,BCN,2026/3/1,99.68,JU,PT18H5M,2026-03-01T16:00:00,2026-03-01T16:10:00,
SOF,BCN,2026/3/1,122.45,PC,PT19H45M,2026-03-01T20:00:00,2026-03-01T22:15:00,
SOF,BCN,2026/3/1,129.68,JU,PT4H45M,2026-03-01T16:00:00,2026-03-01T16:10:00,
SOF,BCN,2026/3/1,163.73,PC,PT16H45M,2026-03-01T20:00:00,2026-03-01T22:15:00,
SOF,BCN,2026/3/1,190.91,AF,PT6H15M,2026-03-01T07:00:00,2026-03-01T09:00:00,
SOF,BCN,2026/3/1,190.91,AF,PT10H30M,2026-03-01T07:00:00,2026-03-01T09:00:00,
SOF,BCN,2026/3/1,197.89,A3,PT15H5M,2026-03-01T20:20:00,2026-03-01T21:35:00,
SOF,BCN,2026/3/1,197.89,A3,PT21H50M,2026-03-01T20:20:00,2026-03-01T21:35:00,
SOF,BCN,2026/3/1,200.67,TK,PT8H50M,2026-03-01T16:00:00,2026-03-01T18:30:00,
SOF,BCN,2026/3/1,200.67,TK,PT14H5M,2026-03-01T21:40:00,2026-03-02T00:15:00,
SOF,BCN,2026/3/1,200.67,TK,PT19H45M,2026-03-01T16:00:00,2026-03-01T18:30:00,
SOF,BCN,2026/3/1,200.67,TK,PT20H25M,2026-03-01T21:40:00,2026-03-02T00:15:00,
SOF,BCN,2026/3/1,210.67,TK,PT8H20M,2026-03-01T10:05:00,2026-03-01T12:35:00,
SOF,BCN,2026/3/1,210.67,TK,PT14H45M,2026-03-01T10:05:00,2026-03-01T12:35:00,
SOF,BCN,2026/3/1,271.93,LH,PT5H,2026-03-01T19:05:00,2026-03-01T20:15:00,
SOF,BCN,2026/3/2,98.91,PC,PT27H15M,2026-03-02T09:30:00,2026-03-02T11:45:00,
SOF,BCN,2026/3/2,99.68,JU,PT5H5M,2026-03-02T05:00:00,2026-03-02T05:10:00,
SOF,BCN,2026/3/2,129.68,JU,PT4H45M,2026-03-02T16:00:00,2026-03-02T16:10:00,
SOF,BCN,2026/3/2,129.68,JU,PT15H45M,2026-03-02T05:00:00,2026-03-02T05:10:00,
SOF,BCN,2026/3/2,149.68,JU,PT18H5M,2026-03-02T16:00:00,2026-03-02T16:10:00,
SOF,BCN,2026/3/2,180.32,LO,PT17H,2026-03-02T18:35:00,2026-03-02T19:35:00,
SOF,BCN,2026/3/2,180.32,LO,PT21H,2026-03-02T14:35:00,2026-03-02T15:35:00,
SOF,BCN,2026/3/2,190.91,AF,PT6H15M,2026-03-02T07:00:00,2026-03-02T09:00:00,
SOF,BCN,2026/3/2,190.91,AF,PT10H30M,2026-03-02T07:00:00,2026-03-02T09:00:00,
SOF,BCN,2026/3/2,197.89,A3,PT7H15M,2026-03-02T10:55:00,2026-03-02T12:10:00,
SOF,BCN,2026/3/2,197.89,A3,PT24H30M,2026-03-02T10:55:00,2026-03-02T12:10:00,
SOF,BCN,2026/3/2,200.67,TK,PT8H50M,2026-03-02T16:00:00,2026-03-02T18:30:00,
SOF,BCN,2026/3/2,200.67,TK,PT19H45M,2026-03-02T16:00:00,2026-03-02T18:30:00,
SOF,BCN,2026/3/2,200.67,TK,PT14H5M,2026-03-02T21:40:00,2026-03-03T00:15:00,
SOF,BCN,2026/3/2,200.67,TK,PT16H45M,2026-03-02T21:40:00,2026-03-03T00:15:00,
SOF,BCN,2026/3/3,98.91,PC,PT26H45M,2026-03-03T13:00:00,2026-03-03T15:15:00,
SOF,BCN,2026/3/3,160.32,LO,PT24H10M,2026-03-03T18:35:00,2026-03-03T19:35:00,
SOF,BCN,2026/3/3,160.32,LO,PT28H10M,2026-03-03T14:35:00,2026-03-03T15:35:00,
SOF,BCN,2026/3/3,179.68,JU,PT5H5M,2026-03-03T05:00:00,2026-03-03T05:10:00,
SOF,BCN,2026/3/3,190.91,AF,PT6H15M,2026-03-03T07:00:00,2026-03-03T09:00:00,
SOF,BCN,2026/3/3,190.91,AF,PT10H30M,2026-03-03T07:00:00,2026-03-03T09:00:00,
SOF,BCN,2026/3/3,197.89,A3,PT15H5M,2026-03-03T20:20:00,2026-03-03T21:35:00,
SOF,BCN,2026/3/3,197.89,A3,PT21H50M,2026-03-03T20:20:00,2026-03-03T21:35:00,
SOF,BCN,2026/3/3,200.67,TK,PT8H50M,2026-03-03T16:00:00,2026-03-03T18:30:00,
SOF,BCN,2026/3/3,200.67,TK,PT14H5M,2026-03-03T21:40:00,2026-03-04T00:15:00,
SOF,BCN,2026/3/3,200.67,TK,PT19H45M,2026-03-03T16:00:00,2026-03-03T18:30:00,
SOF,BCN,2026/3/3,200.67,TK,PT20H25M,2026-03-03T21:40:00,2026-03-04T00:15:00,
SOF,BCN,2026/3/3,210.67,TK,PT8H,2026-03-03T10:05:00,2026-03-03T12:35:00,
SOF,BCN,2026/3/3,210.67,TK,PT14H45M,2026-03-03T10:05:00,2026-03-03T12:35:00,
SOF,BCN,2026/3/3,223.73,PC,PT23H45M,2026-03-03T13:00:00,2026-03-03T15:15:00,
SOF,BCN,2026/3/4,98.91,PC,PT22H30M,2026-03-04T14:15:00,2026-03-04T16:30:00,
SOF,BCN,2026/3/4,129.68,JU,PT18H5M,2026-03-04T16:00:00,2026-03-04T16:10:00,
SOF,BCN,2026/3/4,160.32,LO,PT17H,2026-03-04T18:35:00,2026-03-04T19:35:00,
SOF,BCN,2026/3/4,160.32,LO,PT21H,2026-03-04T14:35:00,2026-03-04T15:35:00,
SOF,BCN,2026/3/4,179.68,JU,PT4H45M,2026-03-04T16:00:00,2026-03-04T16:10:00,
SOF,BCN,2026/3/4,188.74,IB,PT8H,2026-03-04T10:10:00,2026-03-04T13:05:00,
SOF,BCN,2026/3/4,190.91,AF,PT6H15M,2026-03-04T07:00:00,2026-03-04T09:00:00,
SOF,BCN,2026/3/4,190.91,AF,PT10H30M,2026-03-04T07:00:00,2026-03-04T09:00:00,
SOF,BCN,2026/3/4,197.89,A3,PT7H15M,2026-03-04T10:55:00,2026-03-04T12:10:00,
SOF,BCN,2026/3/4,197.89,A3,PT24H30M,2026-03-04T10:55:00,2026-03-04T12:10:00,
SOF,BCN,2026/3/4,200.67,TK,PT8H50M,2026-03-04T16:00:00,2026-03-04T18:30:00,
SOF,BCN,2026/3/4,200.67,TK,PT13H50M,2026-03-04T21:40:00,2026-03-05T00:15:00,
SOF,BCN,2026/3/4,200.67,TK,PT16H45M,2026-03-04T21:40:00,2026-03-05T00:15:00,
SOF,BCN,2026/3/4,200.67,TK,PT19H30M,2026-03-04T16:00:00,2026-03-04T18:30:00,
SOF,BCN,2026/3/4,210.67,TK,PT8H,2026-03-04T10:05:00,2026-03-04T12:35:00,
SOF,BCN,2026/3/5,98.91,PC,PT23H40M,2026-03-05T13:05:00,2026-03-05T15:20:00,
SOF,BCN,2026/3/5,98.91,PC,PT26H40M,2026-03-05T13:05:00,2026-03-05T15:20:00,
SOF,BCN,2026/3/5,129.68,JU,PT5H5M,2026-03-05T05:00:00,2026-03-05T05:10:00,
SOF,BCN,2026/3/5,129.68,JU,PT18H5M,2026-03-05T16:00:00,2026-03-05T16:10:00,
SOF,BCN,2026/3/5,160.32,LO,PT24H10M,2026-03-05T18:35:00,2026-03-05T19:35:00,
SOF,BCN,2026/3/5,160.32,LO,PT28H10M,2026-03-05T14:35:00,2026-03-05T15:35:00,
SOF,BCN,2026/3/5,190.91,AF,PT6H15M,2026-03-05T07:00:00,2026-03-05T09:00:00,
SOF,BCN,2026/3/5,190.91,AF,PT10H30M,2026-03-05T07:00:00,2026-03-05T09:00:00,
SOF,BCN,2026/3/5,197.89,A3,PT7H15M,2026-03-05T10:55:00,2026-03-05T12:10:00,
SOF,BCN,2026/3/5,197.89,A3,PT15H5M,2026-03-05T20:20:00,2026-03-05T21:35:00,
SOF,BCN,2026/3/5,197.89,A3,PT21H50M,2026-03-05T20:20:00,2026-03-05T21:35:00,
SOF,BCN,2026/3/5,200.67,TK,PT8H50M,2026-03-05T16:00:00,2026-03-05T18:30:00,
SOF,BCN,2026/3/5,200.67,TK,PT14H5M,2026-03-05T21:40:00,2026-03-06T00:15:00,
SOF,BCN,2026/3/5,200.67,TK,PT19H45M,2026-03-05T16:00:00,2026-03-05T18:30:00,
SOF,BCN,2026/3/5,200.67,TK,PT20H45M,2026-03-05T21:40:00,2026-03-06T00:15:00,
SOF,BCN,2026/3/6,129.68,JU,PT4H45M,2026-03-06T16:00:00,2026-03-06T16:10:00,
SOF,BCN,2026/3/6,129.68,JU,PT5H5M,2026-03-06T05:00:00,2026-03-06T05:10:00,
SOF,BCN,2026/3/6,129.68,JU,PT15H45M,2026-03-06T05:00:00,2026-03-06T05:10:00,
SOF,BCN,2026/3/6,129.68,JU,PT18H5M,2026-03-06T16:00:00,2026-03-06T16:10:00,
SOF,BCN,2026/3/6,160.32,LO,PT17H,2026-03-06T18:35:00,2026-03-06T19:35:00,
SOF,BCN,2026/3/6,160.32,LO,PT21H,2026-03-06T14:35:00,2026-03-06T15:35:00,
SOF,BCN,2026/3/6,163.73,PC,PT22H30M,2026-03-06T14:15:00,2026-03-06T16:30:00,
SOF,BCN,2026/3/6,190.91,AF,PT6H15M,2026-03-06T07:00:00,2026-03-06T09:00:00,
SOF,BCN,2026/3/6,190.91,AF,PT10H30M,2026-03-06T07:00:00,2026-03-06T09:00:00,
SOF,BCN,2026/3/6,197.89,A3,PT15H5M,2026-03-06T20:20:00,2026-03-06T21:35:00,
SOF,BCN,2026/3/6,197.89,A3,PT21H50M,2026-03-06T20:20:00,2026-03-06T21:35:00,
SOF,BCN,2026/3/6,199.74,IB,PT7H55M,2026-03-06T13:30:00,2026-03-06T16:20:00,
SOF,BCN,2026/3/6,199.74,IB,PT10H20M,2026-03-06T13:30:00,2026-03-06T16:20:00,
SOF,BCN,2026/3/6,200.67,TK,PT8H50M,2026-03-06T16:00:00,2026-03-06T18:30:00,
SOF,BCN,2026/3/6,200.67,TK,PT13H50M,2026-03-06T21:40:00,2026-03-07T00:15:00,
SOF,BCN,2026/3/7,129.68,JU,PT5H5M,2026-03-07T05:00:00,2026-03-07T05:10:00,
SOF,BCN,2026/3/7,160.32,LO,PT24H10M,2026-03-07T18:35:00,2026-03-07T19:35:00,
SOF,BCN,2026/3/7,160.32,LO,PT28H10M,2026-03-07T14:35:00,2026-03-07T15:35:00,
SOF,BCN,2026/3/7,163.73,PC,PT26H,2026-03-07T10:45:00,2026-03-07T13:00:00,
SOF,BCN,2026/3/7,190.91,AF,PT6H15M,2026-03-07T07:00:00,2026-03-07T09:00:00,
SOF,BCN,2026/3/7,190.91,AF,PT10H30M,2026-03-07T07:00:00,2026-03-07T09:00:00,
SOF,BCN,2026/3/7,197.89,A3,PT7H15M,2026-03-07T10:55:00,2026-03-07T12:10:00,
SOF,BCN,2026/3/7,197.89,A3,PT24H30M,2026-03-07T10:55:00,2026-03-07T12:10:00,
SOF,BCN,2026/3/7,200.67,TK,PT8H50M,2026-03-07T16:00:00,2026-03-07T18:30:00,
SOF,BCN,2026/3/7,200.67,TK,PT14H5M,2026-03-07T21:40:00,2026-03-08T00:15:00,
SOF,BCN,2026/3/7,200.67,TK,PT16H45M,2026-03-07T21:40:00,2026-03-08T00:15:00,
SOF,BCN,2026/3/7,200.67,TK,PT19H45M,2026-03-07T16:00:00,2026-03-07T18:30:00,
SOF,BCN,2026/3/7,210.67,TK,PT8H,2026-03-07T10:05:00,2026-03-07T12:35:00,
SOF,BCN,2026/3/7,210.67,TK,PT14H45M,2026-03-07T10:05:00,2026-03-07T12:35:00,
SOF,BCN,2026/3/7,213.8,AZ,PT4H50M,2026-03-07T07:00:00,2026-03-07T07:55:00,
SOF,BCN,2026/3/8,122.45,PC,PT19H45M,2026-03-08T20:00:00,2026-03-08T22:15:00,
SOF,BCN,2026/3/8,129.68,JU,PT4H45M,2026-03-08T16:00:00,2026-03-08T16:10:00,
SOF,BCN,2026/3/8,129.68,JU,PT18H5M,2026-03-08T16:00:00,2026-03-08T16:10:00,
SOF,BCN,2026/3/8,188.74,IB,PT6H25M,2026-03-08T15:00:00,2026-03-08T17:55:00,
SOF,BCN,2026/3/8,190.91,AF,PT6H15M,2026-03-08T07:00:00,2026-03-08T09:00:00,
SOF,BCN,2026/3/8,190.91,AF,PT10H30M,2026-03-08T07:00:00,2026-03-08T09:00:00,
SOF,BCN,2026/3/8,197.89,A3,PT15H5M,2026-03-08T20:20:00,2026-03-08T21:35:00,
SOF,BCN,2026/3/8,197.89,A3,PT21H50M,2026-03-08T20:20:00,2026-03-08T21:35:00,
SOF,BCN,2026/3/8,200.67,TK,PT8H50M,2026-03-08T16:00:00,2026-03-08T18:30:00,
SOF,BCN,2026/3/8,200.67,TK,PT14H5M,2026-03-08T21:40:00,2026-03-09T00:15:00,
SOF,BCN,2026/3/8,200.67,TK,PT19H45M,2026-03-08T16:00:00,2026-03-08T18:30:00,
SOF,BCN,2026/3/8,200.67,TK,PT20H25M,2026-03-08T21:40:00,2026-03-09T00:15:00,
SOF,BCN,2026/3/8,210.67,TK,PT8H20M,2026-03-08T10:05:00,2026-03-08T12:35:00,
SOF,BCN,2026/3/8,210.67,TK,PT14H45M,2026-03-08T10:05:00,2026-03-08T12:35:00,
SOF,BCN,2026/3/8,223.73,PC,PT16H45M,2026-03-08T20:00:00,2026-03-08T22:15:00,
SOF,BCN,2026/3/9,98.91,PC,PT27H15M,2026-03-09T09:30:00,2026-03-09T11:45:00,
SOF,BCN,2026/3/9,129.68,JU,PT4H45M,2026-03-09T16:00:00,2026-03-09T16:10:00,
SOF,BCN,2026/3/9,129.68,JU,PT5H5M,2026-03-09T05:00:00,2026-03-09T05:10:00,
SOF,BCN,2026/3/9,129.68,JU,PT15H45M,2026-03-09T05:00:00,2026-03-09T05:10:00,
SOF,BCN,2026/3/9,160.32,LO,PT17H,2026-03-09T18:35:00,2026-03-09T19:35:00,
SOF,BCN,2026/3/9,160.32,LO,PT21H,2026-03-09T14:35:00,2026-03-09T15:35:00,
SOF,BCN,2026/3/9,179.68,JU,PT18H5M,2026-03-09T16:00:00,2026-03-09T16:10:00,
SOF,BCN,2026/3/9,188.74,IB,PT8H,2026-03-09T10:10:00,2026-03-09T13:05:00,
SOF,BCN,2026/3/9,190.91,AF,PT6H15M,2026-03-09T07:00:00,2026-03-09T09:00:00,
SOF,BCN,2026/3/9,190.91,AF,PT10H30M,2026-03-09T07:00:00,2026-03-09T09:00:00,
SOF,BCN,2026/3/9,197.89,A3,PT7H15M,2026-03-09T10:55:00,2026-03-09T12:10:00,
SOF,BCN,2026/3/9,197.89,A3,PT24H30M,2026-03-09T10:55:00,2026-03-09T12:10:00,
SOF,BCN,2026/3/9,200.67,TK,PT8H50M,2026-03-09T16:00:00,2026-03-09T18:30:00,
SOF,BCN,2026/3/9,200.67,TK,PT14H5M,2026-03-09T21:40:00,2026-03-10T00:15:00,
SOF,BCN,2026/3/9,200.67,TK,PT16H45M,2026-03-09T21:40:00,2026-03-10T00:15:00,
SOF,BCN,2026/3/10,98.91,PC,PT23H45M,2026-03-10T13:00:00,2026-03-10T15:15:00,
SOF,BCN,2026/3/10,98.91,PC,PT26H45M,2026-03-10T13:00:00,2026-03-10T15:15:00,
SOF,BCN,2026/3/10,160.32,LO,PT24H10M,2026-03-10T18:35:00,2026-03-10T19:35:00,
SOF,BCN,2026/3/10,160.32,LO,PT28H10M,2026-03-10T14:35:00,2026-03-10T15:35:00,
SOF,BCN,2026/3/10,179.68,JU,PT5H5M,2026-03-10T05:00:00,2026-03-10T05:10:00,
SOF,BCN,2026/3/10,190.91,AF,PT6H15M,2026-03-10T07:00:00,2026-03-10T09:00:00,
SOF,BCN,2026/3/10,190.91,AF,PT10H30M,2026-03-10T07:00:00,2026-03-10T09:00:00,
SOF,BCN,2026/3/10,197.89,A3,PT21H50M,2026-03-10T20:20:00,2026-03-10T21:35:00,
SOF,BCN,2026/3/10,200.67,TK,PT8H50M,2026-03-10T16:00:00,2026-03-10T18:30:00,
SOF,BCN,2026/3/10,200.67,TK,PT20H25M,2026-03-10T21:40:00,2026-03-11T00:15:00,
SOF,BCN,2026/3/10,200.67,TK,PT14H5M,2026-03-10T21:40:00,2026-03-11T00:15:00,
SOF,BCN,2026/3/10,213.8,AZ,PT4H45M,2026-03-10T07:05:00,2026-03-10T07:55:00,
SOF,BCN,2026/3/10,213.8,AZ,PT9H50M,2026-03-10T07:05:00,2026-03-10T07:55:00,
SOF,BCN,2026/3/10,215.93,LH,PT5H,2026-03-10T19:05:00,2026-03-10T20:15:00,
SOF,BCN,2026/3/10,215.93,LH,PT6H,2026-03-10T06:05:00,2026-03-10T07:15:00,
SOF,BCN,2026/3/11,98.91,PC,PT22H30M,2026-03-11T14:15:00,2026-03-11T16:30:00,
SOF,BCN,2026/3/11,149.68,JU,PT18H5M,2026-03-11T16:00:00,2026-03-11T16:10:00,
SOF,BCN,2026/3/11,160.32,LO,PT17H,2026-03-11T18:35:00,2026-03-11T19:35:00,
SOF,BCN,2026/3/11,160.32,LO,PT21H,2026-03-11T14:35:00,2026-03-11T15:35:00,
SOF,BCN,2026/3/11,179.68,JU,PT4H45M,2026-03-11T16:00:00,2026-03-11T16:10:00,
SOF,BCN,2026/3/11,190.91,AF,PT6H15M,2026-03-11T07:00:00,2026-03-11T09:00:00,
SOF,BCN,2026/3/11,190.91,AF,PT10H30M,2026-03-11T07:00:00,2026-03-11T09:00:00,
SOF,BCN,2026/3/11,197.89,A3,PT7H15M,2026-03-11T10:55:00,2026-03-11T12:10:00,
SOF,BCN,2026/3/11,197.89,A3,PT24H30M,2026-03-11T10:55:00,2026-03-11T12:10:00,
SOF,BCN,2026/3/11,200.67,TK,PT8H50M,2026-03-11T16:00:00,2026-03-11T18:30:00,
SOF,BCN,2026/3/11,200.67,TK,PT13H50M,2026-03-11T21:40:00,2026-03-12T00:15:00,
SOF,BCN,2026/3/11,200.67,TK,PT16H45M,2026-03-11T21:40:00,2026-03-12T00:15:00,
SOF,BCN,2026/3/11,200.67,TK,PT19H30M,2026-03-11T16:00:00,2026-03-11T18:30:00,
SOF,BCN,2026/3/11,210.67,TK,PT8H,2026-03-11T10:05:00,2026-03-11T12:35:00,
SOF,BCN,2026/3/11,210.67,TK,PT14H45M,2026-03-11T10:05:00,2026-03-11T12:35:00,
SOF,BCN,2026/3/12,98.91,PC,PT23H40M,2026-03-12T13:05:00,2026-03-12T15:20:00,
SOF,BCN,2026/3/12,129.68,JU,PT18H5M,2026-03-12T16:00:00,2026-03-12T16:10:00,
SOF,BCN,2026/3/12,149.68,JU,PT5H5M,2026-03-12T05:00:00,2026-03-12T05:10:00,
SOF,BCN,2026/3/12,160.32,LO,PT24H10M,2026-03-12T18:35:00,2026-03-12T19:35:00,
SOF,BCN,2026/3/12,160.32,LO,PT28H10M,2026-03-12T14:35:00,2026-03-12T15:35:00,
SOF,BCN,2026/3/12,190.91,AF,PT6H15M,2026-03-12T07:00:00,2026-03-12T09:00:00,
SOF,BCN,2026/3/12,190.91,AF,PT10H30M,2026-03-12T07:00:00,2026-03-12T09:00:00,
SOF,BCN,2026/3/12,197.89,A3,PT7H15M,2026-03-12T10:55:00,2026-03-12T12:10:00,
SOF,BCN,2026/3/12,197.89,A3,PT15H5M,2026-03-12T20:20:00,2026-03-12T21:35:00,
SOF,BCN,2026/3/12,197.89,A3,PT21H50M,2026-03-12T20:20:00,2026-03-12T21:35:00,
SOF,BCN,2026/3/12,200.67,TK,PT8H50M,2026-03-12T16:00:00,2026-03-12T18:30:00,
SOF,BCN,2026/3/12,200.67,TK,PT14H5M,2026-03-12T21:40:00,2026-03-13T00:15:00,
SOF,BCN,2026/3/12,200.67,TK,PT19H45M,2026-03-12T16:00:00,2026-03-12T18:30:00,
SOF,BCN,2026/3/12,200.67,TK,PT20H45M,2026-03-12T21:40:00,2026-03-13T00:15:00,
SOF,BCN,2026/3/12,210.67,TK,PT8H,2026-03-12T10:05:00,2026-03-12T12:35:00,
SOF,BCN,2026/3/13,129.68,JU,PT4H45M,2026-03-13T16:00:00,2026-03-13T16:10:00,
SOF,BCN,2026/3/13,129.68,JU,PT5H5M,2026-03-13T05:00:00,2026-03-13T05:10:00,
SOF,BCN,2026/3/13,129.68,JU,PT15H45M,2026-03-13T05:00:00,2026-03-13T05:10:00,
SOF,BCN,2026/3/13,129.68,JU,PT18H5M,2026-03-13T16:00:00,2026-03-13T16:10:00,
SOF,BCN,2026/3/13,160.32,LO,PT17H,2026-03-13T18:35:00,2026-03-13T19:35:00,
SOF,BCN,2026/3/13,160.32,LO,PT21H,2026-03-13T14:35:00,2026-03-13T15:35:00,
SOF,BCN,2026/3/13,188.74,IB,PT10H20M,2026-03-13T13:30:00,2026-03-13T16:20:00,
SOF,BCN,2026/3/13,190.91,AF,PT6H15M,2026-03-13T07:00:00,2026-03-13T09:00:00,
SOF,BCN,2026/3/13,190.91,AF,PT10H30M,2026-03-13T07:00:00,2026-03-13T09:00:00,
SOF,BCN,2026/3/13,197.89,A3,PT15H5M,2026-03-13T20:20:00,2026-03-13T21:35:00,
SOF,BCN,2026/3/13,197.89,A3,PT21H50M,2026-03-13T20:20:00,2026-03-13T21:35:00,
SOF,BCN,2026/3/13,200.67,TK,PT8H50M,2026-03-13T16:00:00,2026-03-13T18:30:00,
SOF,BCN,2026/3/13,200.67,TK,PT16H45M,2026-03-13T21:40:00,2026-03-14T00:15:00,
SOF,BCN,2026/3/13,215.93,LH,PT6H,2026-03-13T06:05:00,2026-03-13T07:15:00,
SOF,BCN,2026/3/13,215.93,LH,PT9H40M,2026-03-13T06:05:00,2026-03-13T07:15:00,
SOF,BCN,2026/3/14,129.68,JU,PT5H5M,2026-03-14T05:00:00,2026-03-14T05:10:00,
SOF,BCN,2026/3/14,160.32,LO,PT24H10M,2026-03-14T18:35:00,2026-03-14T19:35:00,
SOF,BCN,2026/3/14,160.32,LO,PT28H10M,2026-03-14T14:35:00,2026-03-14T15:35:00,
SOF,BCN,2026/3/14,190.91,AF,PT6H15M,2026-03-14T07:00:00,2026-03-14T09:00:00,
SOF,BCN,2026/3/14,190.91,AF,PT10H30M,2026-03-14T07:00:00,2026-03-14T09:00:00,
SOF,BCN,2026/3/14,197.89,A3,PT7H15M,2026-03-14T10:55:00,2026-03-14T12:10:00,
SOF,BCN,2026/3/14,197.89,A3,PT24H30M,2026-03-14T10:55:00,2026-03-14T12:10:00,
SOF,BCN,2026/3/14,200.67,TK,PT8H50M,2026-03-14T16:00:00,2026-03-14T18:30:00,
SOF,BCN,2026/3/14,200.67,TK,PT19H45M,2026-03-14T16:00:00,2026-03-14T18:30:00,
SOF,BCN,2026/3/14,210.67,TK,PT8H,2026-03-14T10:05:00,2026-03-14T12:35:00,
SOF,BCN,2026/3/14,210.67,TK,PT14H45M,2026-03-14T10:05:00,2026-03-14T12:35:00,
SOF,BCN,2026/3/14,215.93,LH,PT5H,2026-03-14T19:05:00,2026-03-14T20:15:00,
SOF,BCN,2026/3/14,215.93,LH,PT6H,2026-03-14T06:05:00,2026-03-14T07:15:00,
SOF,BCN,2026/3/14,215.93,LH,PT9H40M,2026-03-14T06:05:00,2026-03-14T07:15:00,
SOF,BCN,2026/3/14,215.93,LH,PT10H5M,2026-03-14T14:00:00,2026-03-14T15:10:00,
SOF,BCN,2026/3/15,129.68,JU,PT4H45M,2026-03-15T16:00:00,2026-03-15T16:10:00,
SOF,BCN,2026/3/15,129.68,JU,PT18H5M,2026-03-15T16:00:00,2026-03-15T16:10:00,
SOF,BCN,2026/3/15,160.32,LO,PT24H10M,2026-03-15T18:35:00,2026-03-15T19:35:00,
SOF,BCN,2026/3/15,160.32,LO,PT28H10M,2026-03-15T14:35:00,2026-03-15T15:35:00,
SOF,BCN,2026/3/15,190.91,AF,PT6H15M,2026-03-15T07:00:00,2026-03-15T09:00:00,
SOF,BCN,2026/3/15,190.91,AF,PT10H30M,2026-03-15T07:00:00,2026-03-15T09:00:00,
SOF,BCN,2026/3/15,197.89,A3,PT15H5M,2026-03-15T20:20:00,2026-03-15T21:35:00,
SOF,BCN,2026/3/15,197.89,A3,PT21H50M,2026-03-15T20:20:00,2026-03-15T21:35:00,
SOF,BCN,2026/3/15,200.67,TK,PT8H50M,2026-03-15T16:00:00,2026-03-15T18:30:00,
SOF,BCN,2026/3/15,200.67,TK,PT14H5M,2026-03-15T21:40:00,2026-03-16T00:15:00,
SOF,BCN,2026/3/15,200.67,TK,PT19H45M,2026-03-15T16:00:00,2026-03-15T18:30:00,
SOF,BCN,2026/3/15,200.67,TK,PT20H25M,2026-03-15T21:40:00,2026-03-16T00:15:00,
SOF,BCN,2026/3/15,215.93,LH,PT5H,2026-03-15T19:05:00,2026-03-15T20:15:00,
SOF,BCN,2026/3/15,215.93,LH,PT6H,2026-03-15T06:05:00,2026-03-15T07:15:00,
SOF,BCN,2026/3/15,215.93,LH,PT9H40M,2026-03-15T06:05:00,2026-03-15T07:15:00,
SOF,BCN,2026/3/16,94.68,JU,PT4H45M,2026-03-16T16:00:00,2026-03-16T16:10:00,
SOF,BCN,2026/3/16,94.68,JU,PT15H45M,2026-03-16T05:00:00,2026-03-16T05:10:00,
SOF,BCN,2026/3/16,129.68,JU,PT5H5M,2026-03-16T05:00:00,2026-03-16T05:10:00,
SOF,BCN,2026/3/16,160.32,LO,PT17H,2026-03-16T18:35:00,2026-03-16T19:35:00,
SOF,BCN,2026/3/16,160.32,LO,PT21H,2026-03-16T14:35:00,2026-03-16T15:35:00,
SOF,BCN,2026/3/16,179.68,JU,PT18H5M,2026-03-16T16:00:00,2026-03-16T16:10:00,
SOF,BCN,2026/3/16,190.91,AF,PT6H15M,2026-03-16T07:00:00,2026-03-16T09:00:00,
SOF,BCN,2026/3/16,190.91,AF,PT10H30M,2026-03-16T07:00:00,2026-03-16T09:00:00,
SOF,BCN,2026/3/16,197.89,A3,PT7H15M,2026-03-16T10:55:00,2026-03-16T12:10:00,
SOF,BCN,2026/3/16,197.89,A3,PT24H30M,2026-03-16T10:55:00,2026-03-16T12:10:00,
SOF,BCN,2026/3/16,200.67,TK,PT8H50M,2026-03-16T16:00:00,2026-03-16T18:30:00,
SOF,BCN,2026/3/16,200.67,TK,PT14H5M,2026-03-16T21:40:00,2026-03-17T00:15:00,
SOF,BCN,2026/3/16,200.67,TK,PT16H45M,2026-03-16T21:40:00,2026-03-17T00:15:00,
SOF,BCN,2026/3/16,200.67,TK,PT19H45M,2026-03-16T16:00:00,2026-03-16T18:30:00,
SOF,BCN,2026/3/16,210.67,TK,PT8H,2026-03-16T10:05:00,2026-03-16T12:35:00,
SOF,BCN,2026/3/17,160.32,LO,PT24H10M,2026-03-17T18:35:00,2026-03-17T19:35:00,
SOF,BCN,2026/3/17,160.32,LO,PT28H10M,2026-03-17T14:35:00,2026-03-17T15:35:00,
SOF,BCN,2026/3/17,179.68,JU,PT5H5M,2026-03-17T05:00:00,2026-03-17T05:10:00,
SOF,BCN,2026/3/17,190.91,AF,PT6H15M,2026-03-17T07:00:00,2026-03-17T09:00:00,
SOF,BCN,2026/3/17,190.91,AF,PT10H30M,2026-03-17T07:00:00,2026-03-17T09:00:00,
SOF,BCN,2026/3/17,197.89,A3,PT15H5M,2026-03-17T20:20:00,2026-03-17T21:35:00,
SOF,BCN,2026/3/17,197.89,A3,PT21H50M,2026-03-17T20:20:00,2026-03-17T21:35:00,
SOF,BCN,2026/3/17,200.67,TK,PT8H50M,2026-03-17T16:00:00,2026-03-17T18:30:00,
SOF,BCN,2026/3/17,200.67,TK,PT20H25M,2026-03-17T21:40:00,2026-03-18T00:15:00,
SOF,BCN,2026/3/17,210.67,TK,PT8H,2026-03-17T10:05:00,2026-03-17T12:35:00,
SOF,BCN,2026/3/17,210.67,TK,PT14H45M,2026-03-17T10:05:00,2026-03-17T12:35:00,
SOF,BCN,2026/3/17,215.93,LH,PT5H,2026-03-17T19:05:00,2026-03-17T20:15:00,
SOF,BCN,2026/3/17,215.93,LH,PT6H,2026-03-17T06:05:00,2026-03-17T07:15:00,
SOF,BCN,2026/3/17,215.93,LH,PT9H40M,2026-03-17T06:05:00,2026-03-17T07:15:00,
SOF,BCN,2026/3/17,215.93,LH,PT10H5M,2026-03-17T14:00:00,2026-03-17T15:10:00,
SOF,BCN,2026/3/18,149.68,JU,PT18H5M,2026-03-18T16:00:00,2026-03-18T16:10:00,
SOF,BCN,2026/3/18,179.68,JU,PT4H45M,2026-03-18T16:00:00,2026-03-18T16:10:00,
SOF,BCN,2026/3/18,190.91,AF,PT6H15M,2026-03-18T07:00:00,2026-03-18T09:00:00,
SOF,BCN,2026/3/18,190.91,AF,PT10H30M,2026-03-18T07:00:00,2026-03-18T09:00:00,
SOF,BCN,2026/3/18,197.89,A3,PT7H15M,2026-03-18T10:55:00,2026-03-18T12:10:00,
SOF,BCN,2026/3/18,197.89,A3,PT24H30M,2026-03-18T10:55:00,2026-03-18T12:10:00,
SOF,BCN,2026/3/18,200.32,LO,PT17H,2026-03-18T18:35:00,2026-03-18T19:35:00,
SOF,BCN,2026/3/18,200.67,TK,PT8H50M,2026-03-18T16:00:00,2026-03-18T18:30:00,
SOF,BCN,2026/3/18,210.67,TK,PT8H,2026-03-18T10:05:00,2026-03-18T12:35:00,
SOF,BCN,2026/3/18,210.67,TK,PT14H45M,2026-03-18T10:05:00,2026-03-18T12:35:00,
SOF,BCN,2026/3/18,215.93,LH,PT5H,2026-03-18T19:05:00,2026-03-18T20:15:00,
SOF,BCN,2026/3/18,215.93,LH,PT6H,2026-03-18T06:05:00,2026-03-18T07:15:00,
SOF,BCN,2026/3/18,215.93,LH,PT9H40M,2026-03-18T06:05:00,2026-03-18T07:15:00,
SOF,BCN,2026/3/18,215.93,LH,PT10H5M,2026-03-18T14:00:00,2026-03-18T15:10:00,
SOF,BCN,2026/3/18,223.73,PC,PT22H30M,2026-03-18T14:15:00,2026-03-18T16:30:00,
SOF,BCN,2026/3/19,129.68,JU,PT18H5M,2026-03-19T16:00:00,2026-03-19T16:10:00,
SOF,BCN,2026/3/19,149.68,JU,PT5H5M,2026-03-19T05:00:00,2026-03-19T05:10:00,
SOF,BCN,2026/3/19,160.32,LO,PT24H10M,2026-03-19T18:35:00,2026-03-19T19:35:00,
SOF,BCN,2026/3/19,160.32,LO,PT28H10M,2026-03-19T14:35:00,2026-03-19T15:35:00,
SOF,BCN,2026/3/19,190.91,AF,PT6H15M,2026-03-19T07:00:00,2026-03-19T09:00:00,
SOF,BCN,2026/3/19,190.91,AF,PT10H30M,2026-03-19T07:00:00,2026-03-19T09:00:00,
SOF,BCN,2026/3/19,197.89,A3,PT7H15M,2026-03-19T10:55:00,2026-03-19T12:10:00,
SOF,BCN,2026/3/19,197.89,A3,PT15H5M,2026-03-19T20:20:00,2026-03-19T21:35:00,
SOF,BCN,2026/3/19,197.89,A3,PT21H50M,2026-03-19T20:20:00,2026-03-19T21:35:00,
SOF,BCN,2026/3/19,200.67,TK,PT8H50M,2026-03-19T16:00:00,2026-03-19T18:30:00,
SOF,BCN,2026/3/19,200.67,TK,PT20H45M,2026-03-19T21:40:00,2026-03-20T00:15:00,
SOF,BCN,2026/3/19,210.67,TK,PT8H,2026-03-19T10:05:00,2026-03-19T12:35:00,
SOF,BCN,2026/3/19,210.67,TK,PT14H45M,2026-03-19T10:05:00,2026-03-19T12:35:00,
SOF,BCN,2026/3/19,213.8,AZ,PT4H50M,2026-03-19T07:00:00,2026-03-19T07:55:00,
SOF,BCN,2026/3/19,213.8,AZ,PT9H55M,2026-03-19T07:00:00,2026-03-19T07:55:00,
ATH,BCN,2026/2/18,110.45,A3,PT3H15M,2026-02-18T08:10:00,2026-02-18T10:25:00,
ATH,BCN,2026/2/18,110.45,A3,PT3H15M,2026-02-18T14:55:00,2026-02-18T17:10:00,
ATH,BCN,2026/2/18,113.45,IB,PT3H10M,2026-02-18T12:05:00,2026-02-18T14:15:00,
ATH,BCN,2026/2/18,113.45,VY,PT3H10M,2026-02-18T12:05:00,2026-02-18T14:15:00,
ATH,BCN,2026/2/18,117.04,PC,PT27H15M,2026-02-18T09:30:00,2026-02-18T11:50:00,
ATH,BCN,2026/2/18,132.45,V7,PT3H15M,2026-02-18T08:10:00,2026-02-18T10:25:00,
ATH,BCN,2026/2/18,132.45,V7,PT3H15M,2026-02-18T14:55:00,2026-02-18T17:10:00,
ATH,BCN,2026/2/18,170.86,AZ,PT5H45M,2026-02-18T06:05:00,2026-02-18T07:15:00,
ATH,BCN,2026/2/18,170.86,AZ,PT10H50M,2026-02-18T06:05:00,2026-02-18T07:15:00,
ATH,BCN,2026/2/18,173.27,JU,PT18H15M,2026-02-18T15:50:00,2026-02-18T16:30:00,
ATH,BCN,2026/2/18,191.55,SK,PT10H30M,2026-02-18T08:50:00,2026-02-18T11:15:00,
ATH,BCN,2026/2/18,193.27,JU,PT7H10M,2026-02-18T13:35:00,2026-02-18T14:15:00,
ATH,BCN,2026/2/18,193.27,JU,PT20H30M,2026-02-18T13:35:00,2026-02-18T14:15:00,
ATH,BCN,2026/2/18,194.18,AF,PT9H20M,2026-02-18T14:35:00,2026-02-18T17:10:00,
ATH,BCN,2026/2/18,195.52,AF,PT19H15M,2026-02-18T14:35:00,2026-02-18T17:10:00,
ATH,BCN,2026/2/19,110.45,A3,PT3H15M,2026-02-19T08:10:00,2026-02-19T10:25:00,
ATH,BCN,2026/2/19,110.45,A3,PT3H15M,2026-02-19T14:55:00,2026-02-19T17:10:00,
ATH,BCN,2026/2/19,113.45,IB,PT3H10M,2026-02-19T12:05:00,2026-02-19T14:15:00,
ATH,BCN,2026/2/19,113.45,IB,PT3H20M,2026-02-19T21:55:00,2026-02-20T00:15:00,
ATH,BCN,2026/2/19,113.45,VY,PT3H10M,2026-02-19T12:05:00,2026-02-19T14:15:00,
ATH,BCN,2026/2/19,113.45,VY,PT3H20M,2026-02-19T21:55:00,2026-02-20T00:15:00,
ATH,BCN,2026/2/19,123.27,JU,PT5H45M,2026-02-19T04:20:00,2026-02-19T05:45:00,
ATH,BCN,2026/2/19,123.27,JU,PT17H40M,2026-02-19T16:25:00,2026-02-19T17:05:00,
ATH,BCN,2026/2/19,132.45,V7,PT3H15M,2026-02-19T08:10:00,2026-02-19T10:25:00,
ATH,BCN,2026/2/19,132.45,V7,PT3H15M,2026-02-19T14:55:00,2026-02-19T17:10:00,
ATH,BCN,2026/2/19,170.86,AZ,PT4H50M,2026-02-19T19:25:00,2026-02-19T20:40:00,
ATH,BCN,2026/2/19,170.86,AZ,PT11H35M,2026-02-19T12:40:00,2026-02-19T13:50:00,
ATH,BCN,2026/2/19,170.86,AZ,PT16H25M,2026-02-19T19:25:00,2026-02-19T20:40:00,
ATH,BCN,2026/2/19,203.45,LH,PT10H5M,2026-02-19T09:40:00,2026-02-19T11:55:00,
ATH,BCN,2026/2/19,219.26,TK,PT8H15M,2026-02-19T09:50:00,2026-02-19T12:25:00,
ATH,BCN,2026/2/20,93.45,VY,PT3H10M,2026-02-20T12:05:00,2026-02-20T14:15:00,
ATH,BCN,2026/2/20,113.45,IB,PT3H10M,2026-02-20T12:05:00,2026-02-20T14:15:00,
ATH,BCN,2026/2/20,113.45,IB,PT3H20M,2026-02-20T21:25:00,2026-02-20T23:45:00,
ATH,BCN,2026/2/20,113.45,VY,PT3H20M,2026-02-20T21:25:00,2026-02-20T23:45:00,
ATH,BCN,2026/2/20,132.45,V7,PT3H15M,2026-02-20T08:10:00,2026-02-20T10:25:00,
ATH,BCN,2026/2/20,132.45,V7,PT3H15M,2026-02-20T14:55:00,2026-02-20T17:10:00,
ATH,BCN,2026/2/20,143.27,JU,PT5H35M,2026-02-20T04:30:00,2026-02-20T05:10:00,
ATH,BCN,2026/2/20,143.27,JU,PT16H15M,2026-02-20T04:30:00,2026-02-20T05:10:00,
ATH,BCN,2026/2/20,143.27,JU,PT18H15M,2026-02-20T15:50:00,2026-02-20T16:30:00,
ATH,BCN,2026/2/20,149.86,AZ,PT5H45M,2026-02-20T06:05:00,2026-02-20T07:15:00,
ATH,BCN,2026/2/20,149.86,AZ,PT10H50M,2026-02-20T06:05:00,2026-02-20T07:15:00,
ATH,BCN,2026/2/20,149.86,AZ,PT16H25M,2026-02-20T19:25:00,2026-02-20T20:40:00,
ATH,BCN,2026/2/20,155.18,A3,PT18H10M,2026-02-20T23:45:00,2026-02-21T00:40:00,
ATH,BCN,2026/2/20,155.18,A3,PT20H25M,2026-02-20T21:30:00,2026-02-20T22:25:00,
ATH,BCN,2026/2/20,198.3,IB,PT7H55M,2026-02-20T15:55:00,2026-02-20T18:50:00,
ATH,BCN,2026/2/21,113.45,IB,PT3H10M,2026-02-21T12:05:00,2026-02-21T14:15:00,
ATH,BCN,2026/2/21,113.45,IB,PT3H20M,2026-02-21T21:55:00,2026-02-22T00:15:00,
ATH,BCN,2026/2/21,113.45,VY,PT3H10M,2026-02-21T12:05:00,2026-02-21T14:15:00,
ATH,BCN,2026/2/21,113.45,VY,PT3H20M,2026-02-21T21:55:00,2026-02-22T00:15:00,
ATH,BCN,2026/2/21,132.45,V7,PT3H15M,2026-02-21T08:10:00,2026-02-21T10:25:00,
ATH,BCN,2026/2/21,132.45,V7,PT3H15M,2026-02-21T14:55:00,2026-02-21T17:10:00,
ATH,BCN,2026/2/21,143.27,JU,PT5H45M,2026-02-21T04:20:00,2026-02-21T05:45:00,
ATH,BCN,2026/2/21,149.86,AZ,PT5H45M,2026-02-21T06:05:00,2026-02-21T07:15:00,
ATH,BCN,2026/2/21,149.86,AZ,PT10H50M,2026-02-21T06:05:00,2026-02-21T07:15:00,
ATH,BCN,2026/2/21,149.86,AZ,PT11H35M,2026-02-21T12:40:00,2026-02-21T13:50:00,
ATH,BCN,2026/2/21,155.18,A3,PT4H50M,2026-02-21T13:05:00,2026-02-21T14:00:00,
ATH,BCN,2026/2/21,155.18,A3,PT6H30M,2026-02-21T11:25:00,2026-02-21T12:20:00,
ATH,BCN,2026/2/21,170.19,AF,PT18H,2026-02-21T17:25:00,2026-02-21T20:00:00,
ATH,BCN,2026/2/21,170.19,AF,PT19H50M,2026-02-21T17:25:00,2026-02-21T20:00:00,
ATH,BCN,2026/2/21,170.19,AF,PT22H,2026-02-21T13:25:00,2026-02-21T16:00:00,
ATH,BCN,2026/2/22,113.45,IB,PT3H10M,2026-02-22T12:05:00,2026-02-22T14:15:00,
ATH,BCN,2026/2/22,113.45,IB,PT3H20M,2026-02-22T21:55:00,2026-02-23T00:15:00,
ATH,BCN,2026/2/22,113.45,VY,PT3H10M,2026-02-22T12:05:00,2026-02-22T14:15:00,
ATH,BCN,2026/2/22,113.45,VY,PT3H20M,2026-02-22T21:55:00,2026-02-23T00:15:00,
ATH,BCN,2026/2/22,132.45,V7,PT3H15M,2026-02-22T08:10:00,2026-02-22T10:25:00,
ATH,BCN,2026/2/22,132.45,V7,PT3H15M,2026-02-22T14:55:00,2026-02-22T17:10:00,
ATH,BCN,2026/2/22,133.86,AZ,PT5H45M,2026-02-22T06:05:00,2026-02-22T07:15:00,
ATH,BCN,2026/2/22,142.45,A3,PT3H15M,2026-02-22T14:55:00,2026-02-22T17:10:00,
ATH,BCN,2026/2/22,149.86,AZ,PT10H50M,2026-02-22T06:05:00,2026-02-22T07:15:00,
ATH,BCN,2026/2/22,164.19,AF,PT7H10M,2026-02-22T06:05:00,2026-02-22T08:40:00,
ATH,BCN,2026/2/22,164.19,AF,PT11H25M,2026-02-22T06:05:00,2026-02-22T08:40:00,
ATH,BCN,2026/2/22,168.3,IB,PT6H25M,2026-02-22T07:15:00,2026-02-22T10:10:00,
ATH,BCN,2026/2/22,168.3,IB,PT7H55M,2026-02-22T15:55:00,2026-02-22T18:50:00,
ATH,BCN,2026/2/22,170.86,AZ,PT4H50M,2026-02-22T19:25:00,2026-02-22T20:40:00,
ATH,BCN,2026/2/22,170.86,AZ,PT11H35M,2026-02-22T12:40:00,2026-02-22T13:50:00,
ATH,BCN,2026/2/23,113.45,IB,PT3H10M,2026-02-23T12:05:00,2026-02-23T14:15:00,
ATH,BCN,2026/2/23,113.45,IB,PT3H20M,2026-02-23T21:55:00,2026-02-24T00:15:00,
ATH,BCN,2026/2/23,113.45,VY,PT3H10M,2026-02-23T12:05:00,2026-02-23T14:15:00,
ATH,BCN,2026/2/23,113.45,VY,PT3H20M,2026-02-23T21:55:00,2026-02-24T00:15:00,
ATH,BCN,2026/2/23,132.45,V7,PT3H15M,2026-02-23T08:10:00,2026-02-23T10:25:00,
ATH,BCN,2026/2/23,132.45,V7,PT3H15M,2026-02-23T14:55:00,2026-02-23T17:10:00,
ATH,BCN,2026/2/23,133.86,AZ,PT4H50M,2026-02-23T19:25:00,2026-02-23T20:40:00,
ATH,BCN,2026/2/23,133.86,AZ,PT5H45M,2026-02-23T06:05:00,2026-02-23T07:15:00,
ATH,BCN,2026/2/23,133.86,AZ,PT10H50M,2026-02-23T06:05:00,2026-02-23T07:15:00,
ATH,BCN,2026/2/23,133.86,AZ,PT11H35M,2026-02-23T12:40:00,2026-02-23T13:50:00,
ATH,BCN,2026/2/23,133.86,AZ,PT16H25M,2026-02-23T19:25:00,2026-02-23T20:40:00,
ATH,BCN,2026/2/23,143.27,JU,PT5H35M,2026-02-23T04:30:00,2026-02-23T05:10:00,
ATH,BCN,2026/2/23,143.27,JU,PT16H15M,2026-02-23T04:30:00,2026-02-23T05:10:00,
ATH,BCN,2026/2/23,193.27,JU,PT7H10M,2026-02-23T13:35:00,2026-02-23T14:15:00,
ATH,BCN,2026/2/23,194.18,AF,PT6H25M,2026-02-23T03:25:00,2026-02-23T06:00:00,
ATH,BCN,2026/2/24,113.45,IB,PT3H10M,2026-02-24T12:05:00,2026-02-24T14:15:00,
ATH,BCN,2026/2/24,113.45,VY,PT3H10M,2026-02-24T12:05:00,2026-02-24T14:15:00,
ATH,BCN,2026/2/24,117.86,AZ,PT4H50M,2026-02-24T19:25:00,2026-02-24T20:40:00,
ATH,BCN,2026/2/24,117.86,AZ,PT5H45M,2026-02-24T06:05:00,2026-02-24T07:15:00,
ATH,BCN,2026/2/24,117.86,AZ,PT10H50M,2026-02-24T06:05:00,2026-02-24T07:15:00,
ATH,BCN,2026/2/24,117.86,AZ,PT11H35M,2026-02-24T12:40:00,2026-02-24T13:50:00,
ATH,BCN,2026/2/24,117.86,AZ,PT16H25M,2026-02-24T19:25:00,2026-02-24T20:40:00,
ATH,BCN,2026/2/24,132.45,V7,PT3H15M,2026-02-24T08:10:00,2026-02-24T10:25:00,
ATH,BCN,2026/2/24,132.45,V7,PT3H15M,2026-02-24T14:55:00,2026-02-24T17:10:00,
ATH,BCN,2026/2/24,142.45,A3,PT3H15M,2026-02-24T08:10:00,2026-02-24T10:25:00,
ATH,BCN,2026/2/24,142.45,A3,PT3H15M,2026-02-24T14:55:00,2026-02-24T17:10:00,
ATH,BCN,2026/2/24,155.18,A3,PT5H,2026-02-24T13:05:00,2026-02-24T14:00:00,
ATH,BCN,2026/2/24,155.18,A3,PT6H40M,2026-02-24T11:25:00,2026-02-24T12:20:00,
ATH,BCN,2026/2/24,164.19,AF,PT6H20M,2026-02-24T13:45:00,2026-02-24T16:10:00,
ATH,BCN,2026/2/24,164.19,AF,PT6H45M,2026-02-24T17:20:00,2026-02-24T19:55:00,
ATH,BCN,2026/2/25,105.5,PC,PT27H15M,2026-02-25T09:30:00,2026-02-25T11:50:00,
ATH,BCN,2026/2/25,113.45,IB,PT3H10M,2026-02-25T12:05:00,2026-02-25T14:15:00,
ATH,BCN,2026/2/25,113.45,VY,PT3H10M,2026-02-25T12:05:00,2026-02-25T14:15:00,
ATH,BCN,2026/2/25,117.86,AZ,PT5H45M,2026-02-25T06:05:00,2026-02-25T07:15:00,
ATH,BCN,2026/2/25,117.86,AZ,PT10H50M,2026-02-25T06:05:00,2026-02-25T07:15:00,
ATH,BCN,2026/2/25,117.86,AZ,PT11H35M,2026-02-25T12:40:00,2026-02-25T13:50:00,
ATH,BCN,2026/2/25,132.45,V7,PT3H15M,2026-02-25T08:10:00,2026-02-25T10:25:00,
ATH,BCN,2026/2/25,132.45,V7,PT3H15M,2026-02-25T14:55:00,2026-02-25T17:10:00,
ATH,BCN,2026/2/25,133.86,AZ,PT4H50M,2026-02-25T19:25:00,2026-02-25T20:40:00,
ATH,BCN,2026/2/25,133.86,AZ,PT16H25M,2026-02-25T19:25:00,2026-02-25T20:40:00,
ATH,BCN,2026/2/25,168.3,IB,PT7H55M,2026-02-25T15:55:00,2026-02-25T18:50:00,
ATH,BCN,2026/2/25,191.55,SK,PT10H30M,2026-02-25T08:50:00,2026-02-25T11:15:00,
ATH,BCN,2026/2/25,193.27,JU,PT7H10M,2026-02-25T13:35:00,2026-02-25T14:15:00,
ATH,BCN,2026/2/25,193.27,JU,PT20H30M,2026-02-25T13:35:00,2026-02-25T14:15:00,
ATH,BCN,2026/2/25,194.18,AF,PT9H20M,2026-02-25T14:35:00,2026-02-25T17:10:00,
ATH,BCN,2026/2/26,93.27,JU,PT17H40M,2026-02-26T16:25:00,2026-02-26T17:05:00,
ATH,BCN,2026/2/26,113.45,IB,PT3H10M,2026-02-26T12:05:00,2026-02-26T14:15:00,
ATH,BCN,2026/2/26,113.45,IB,PT3H20M,2026-02-26T21:55:00,2026-02-27T00:15:00,
ATH,BCN,2026/2/26,113.45,VY,PT3H10M,2026-02-26T12:05:00,2026-02-26T14:15:00,
ATH,BCN,2026/2/26,113.45,VY,PT3H20M,2026-02-26T21:55:00,2026-02-27T00:15:00,
ATH,BCN,2026/2/26,117.86,AZ,PT4H50M,2026-02-26T19:25:00,2026-02-26T20:40:00,
ATH,BCN,2026/2/26,117.86,AZ,PT5H45M,2026-02-26T06:05:00,2026-02-26T07:15:00,
ATH,BCN,2026/2/26,117.86,AZ,PT10H50M,2026-02-26T06:05:00,2026-02-26T07:15:00,
ATH,BCN,2026/2/26,117.86,AZ,PT11H35M,2026-02-26T12:40:00,2026-02-26T13:50:00,
ATH,BCN,2026/2/26,132.45,V7,PT3H15M,2026-02-26T08:10:00,2026-02-26T10:25:00,
ATH,BCN,2026/2/26,132.45,V7,PT3H15M,2026-02-26T14:55:00,2026-02-26T17:10:00,
ATH,BCN,2026/2/26,142.45,A3,PT3H15M,2026-02-26T08:10:00,2026-02-26T10:25:00,
ATH,BCN,2026/2/26,142.45,A3,PT3H15M,2026-02-26T14:55:00,2026-02-26T17:10:00,
ATH,BCN,2026/2/26,173.27,JU,PT5H45M,2026-02-26T04:20:00,2026-02-26T05:45:00,
ATH,BCN,2026/2/26,194.18,AF,PT9H20M,2026-02-26T14:35:00,2026-02-26T17:10:00,
ATH,BCN,2026/2/27,93.27,JU,PT5H35M,2026-02-27T04:30:00,2026-02-27T05:10:00,
ATH,BCN,2026/2/27,101.86,AZ,PT4H50M,2026-02-27T19:25:00,2026-02-27T20:40:00,
ATH,BCN,2026/2/27,101.86,AZ,PT10H50M,2026-02-27T06:05:00,2026-02-27T07:15:00,
ATH,BCN,2026/2/27,101.86,AZ,PT11H35M,2026-02-27T12:40:00,2026-02-27T13:50:00,
ATH,BCN,2026/2/27,113.45,IB,PT3H10M,2026-02-27T12:05:00,2026-02-27T14:15:00,
ATH,BCN,2026/2/27,113.45,IB,PT3H20M,2026-02-27T21:25:00,2026-02-27T23:45:00,
ATH,BCN,2026/2/27,113.45,VY,PT3H10M,2026-02-27T12:05:00,2026-02-27T14:15:00,
ATH,BCN,2026/2/27,113.45,VY,PT3H20M,2026-02-27T21:25:00,2026-02-27T23:45:00,
ATH,BCN,2026/2/27,123.27,JU,PT16H15M,2026-02-27T04:30:00,2026-02-27T05:10:00,
ATH,BCN,2026/2/27,132.45,V7,PT3H15M,2026-02-27T08:10:00,2026-02-27T10:25:00,
ATH,BCN,2026/2/27,132.45,V7,PT3H15M,2026-02-27T14:55:00,2026-02-27T17:10:00,
ATH,BCN,2026/2/27,142.45,A3,PT3H15M,2026-02-27T08:10:00,2026-02-27T10:25:00,
ATH,BCN,2026/2/27,142.45,A3,PT3H15M,2026-02-27T14:55:00,2026-02-27T17:10:00,
ATH,BCN,2026/2/27,155.18,A3,PT18H10M,2026-02-27T23:45:00,2026-02-28T00:40:00,
ATH,BCN,2026/2/27,168.3,IB,PT7H55M,2026-02-27T15:55:00,2026-02-27T18:50:00,
ATH,BCN,2026/2/28,101.86,AZ,PT4H50M,2026-02-28T19:25:00,2026-02-28T20:40:00,
ATH,BCN,2026/2/28,101.86,AZ,PT10H50M,2026-02-28T06:05:00,2026-02-28T07:15:00,
ATH,BCN,2026/2/28,101.86,AZ,PT11H35M,2026-02-28T12:40:00,2026-02-28T13:50:00,
ATH,BCN,2026/2/28,101.86,AZ,PT16H25M,2026-02-28T19:25:00,2026-02-28T20:40:00,
ATH,BCN,2026/2/28,113.45,IB,PT3H10M,2026-02-28T12:05:00,2026-02-28T14:15:00,
ATH,BCN,2026/2/28,113.45,IB,PT3H20M,2026-02-28T21:55:00,2026-03-01T00:15:00,
ATH,BCN,2026/2/28,113.45,VY,PT3H10M,2026-02-28T12:05:00,2026-02-28T14:15:00,
ATH,BCN,2026/2/28,113.45,VY,PT3H20M,2026-02-28T21:55:00,2026-03-01T00:15:00,
ATH,BCN,2026/2/28,132.45,V7,PT3H15M,2026-02-28T08:10:00,2026-02-28T10:25:00,
ATH,BCN,2026/2/28,132.45,V7,PT3H15M,2026-02-28T14:55:00,2026-02-28T17:10:00,
ATH,BCN,2026/2/28,142.45,A3,PT3H15M,2026-02-28T08:10:00,2026-02-28T10:25:00,
ATH,BCN,2026/2/28,142.45,A3,PT3H15M,2026-02-28T14:55:00,2026-02-28T17:10:00,
ATH,BCN,2026/2/28,155.18,A3,PT4H50M,2026-02-28T13:05:00,2026-02-28T14:00:00,
ATH,BCN,2026/2/28,155.18,A3,PT6H30M,2026-02-28T11:25:00,2026-02-28T12:20:00,
ATH,BCN,2026/2/28,169.19,AF,PT18H,2026-02-28T17:25:00,2026-02-28T20:00:00,
ATH,BCN,2026/3/1,101.86,AZ,PT4H50M,2026-03-01T19:25:00,2026-03-01T20:40:00,
ATH,BCN,2026/3/1,101.86,AZ,PT5H45M,2026-03-01T06:05:00,2026-03-01T07:15:00,
ATH,BCN,2026/3/1,101.86,AZ,PT10H50M,2026-03-01T06:05:00,2026-03-01T07:15:00,
ATH,BCN,2026/3/1,101.86,AZ,PT11H35M,2026-03-01T12:40:00,2026-03-01T13:50:00,
ATH,BCN,2026/3/1,101.86,AZ,PT16H25M,2026-03-01T19:25:00,2026-03-01T20:40:00,
ATH,BCN,2026/3/1,104.45,VY,PT3H10M,2026-03-01T12:05:00,2026-03-01T14:15:00,
ATH,BCN,2026/3/1,105.5,PC,PT21H40M,2026-03-01T18:05:00,2026-03-01T20:25:00,
ATH,BCN,2026/3/1,113.45,IB,PT3H10M,2026-03-01T12:05:00,2026-03-01T14:15:00,
ATH,BCN,2026/3/1,113.45,IB,PT3H20M,2026-03-01T21:55:00,2026-03-02T00:15:00,
ATH,BCN,2026/3/1,113.45,VY,PT3H20M,2026-03-01T21:55:00,2026-03-02T00:15:00,
ATH,BCN,2026/3/1,132.45,V7,PT3H15M,2026-03-01T08:10:00,2026-03-01T10:25:00,
ATH,BCN,2026/3/1,132.45,V7,PT3H15M,2026-03-01T14:55:00,2026-03-01T17:10:00,
ATH,BCN,2026/3/1,142.45,A3,PT3H15M,2026-03-01T08:10:00,2026-03-01T10:25:00,
ATH,BCN,2026/3/1,142.45,A3,PT3H15M,2026-03-01T14:55:00,2026-03-01T17:10:00,
ATH,BCN,2026/3/1,143.27,JU,PT18H15M,2026-03-01T15:50:00,2026-03-01T16:30:00,
ATH,BCN,2026/3/2,101.86,AZ,PT4H50M,2026-03-02T19:25:00,2026-03-02T20:40:00,
ATH,BCN,2026/3/2,101.86,AZ,PT5H45M,2026-03-02T06:05:00,2026-03-02T07:15:00,
ATH,BCN,2026/3/2,101.86,AZ,PT10H50M,2026-03-02T06:05:00,2026-03-02T07:15:00,
ATH,BCN,2026/3/2,101.86,AZ,PT11H35M,2026-03-02T12:40:00,2026-03-02T13:50:00,
ATH,BCN,2026/3/2,101.86,AZ,PT16H25M,2026-03-02T19:25:00,2026-03-02T20:40:00,
ATH,BCN,2026/3/2,105.5,PC,PT21H25M,2026-03-02T15:20:00,2026-03-02T17:40:00,
ATH,BCN,2026/3/2,105.5,PC,PT27H15M,2026-03-02T09:30:00,2026-03-02T11:50:00,
ATH,BCN,2026/3/2,110.45,A3,PT3H15M,2026-03-02T08:10:00,2026-03-02T10:25:00,
ATH,BCN,2026/3/2,110.45,A3,PT3H15M,2026-03-02T14:55:00,2026-03-02T17:10:00,
ATH,BCN,2026/3/2,113.45,IB,PT3H10M,2026-03-02T12:05:00,2026-03-02T14:15:00,
ATH,BCN,2026/3/2,113.45,IB,PT3H20M,2026-03-02T21:55:00,2026-03-03T00:15:00,
ATH,BCN,2026/3/2,113.45,VY,PT3H10M,2026-03-02T12:05:00,2026-03-02T14:15:00,
ATH,BCN,2026/3/2,113.45,VY,PT3H20M,2026-03-02T21:55:00,2026-03-03T00:15:00,
ATH,BCN,2026/3/2,123.27,JU,PT5H35M,2026-03-02T04:30:00,2026-03-02T05:10:00,
ATH,BCN,2026/3/2,123.27,JU,PT16H15M,2026-03-02T04:30:00,2026-03-02T05:10:00,
ATH,BCN,2026/3/3,101.86,AZ,PT4H50M,2026-03-03T19:25:00,2026-03-03T20:40:00,
ATH,BCN,2026/3/3,101.86,AZ,PT5H45M,2026-03-03T06:05:00,2026-03-03T07:15:00,
ATH,BCN,2026/3/3,101.86,AZ,PT10H50M,2026-03-03T06:05:00,2026-03-03T07:15:00,
ATH,BCN,2026/3/3,101.86,AZ,PT11H35M,2026-03-03T12:40:00,2026-03-03T13:50:00,
ATH,BCN,2026/3/3,101.86,AZ,PT16H25M,2026-03-03T19:25:00,2026-03-03T20:40:00,
ATH,BCN,2026/3/3,113.45,IB,PT3H10M,2026-03-03T12:05:00,2026-03-03T14:15:00,
ATH,BCN,2026/3/3,113.45,VY,PT3H10M,2026-03-03T12:05:00,2026-03-03T14:15:00,
ATH,BCN,2026/3/3,132.45,V7,PT3H15M,2026-03-03T08:10:00,2026-03-03T10:25:00,
ATH,BCN,2026/3/3,132.45,V7,PT3H15M,2026-03-03T14:55:00,2026-03-03T17:10:00,
ATH,BCN,2026/3/3,142.45,A3,PT3H15M,2026-03-03T14:55:00,2026-03-03T17:10:00,
ATH,BCN,2026/3/3,155.18,A3,PT5H,2026-03-03T13:05:00,2026-03-03T14:00:00,
ATH,BCN,2026/3/3,169.19,AF,PT6H20M,2026-03-03T13:45:00,2026-03-03T16:10:00,
ATH,BCN,2026/3/3,169.19,AF,PT6H45M,2026-03-03T17:20:00,2026-03-03T19:55:00,
ATH,BCN,2026/3/3,169.19,AF,PT10H20M,2026-03-03T13:45:00,2026-03-03T16:10:00,
ATH,BCN,2026/3/3,169.19,AF,PT18H5M,2026-03-03T17:20:00,2026-03-03T19:55:00,
ATH,BCN,2026/3/4,101.86,AZ,PT4H50M,2026-03-04T19:25:00,2026-03-04T20:40:00,
ATH,BCN,2026/3/4,101.86,AZ,PT5H45M,2026-03-04T06:05:00,2026-03-04T07:15:00,
ATH,BCN,2026/3/4,101.86,AZ,PT10H50M,2026-03-04T06:05:00,2026-03-04T07:15:00,
ATH,BCN,2026/3/4,101.86,AZ,PT11H35M,2026-03-04T12:40:00,2026-03-04T13:50:00,
ATH,BCN,2026/3/4,101.86,AZ,PT16H25M,2026-03-04T19:25:00,2026-03-04T20:40:00,
ATH,BCN,2026/3/4,105.5,PC,PT27H15M,2026-03-04T09:30:00,2026-03-04T11:50:00,
ATH,BCN,2026/3/4,113.45,IB,PT3H10M,2026-03-04T12:05:00,2026-03-04T14:15:00,
ATH,BCN,2026/3/4,113.45,VY,PT3H10M,2026-03-04T12:05:00,2026-03-04T14:15:00,
ATH,BCN,2026/3/4,125.52,AF,PT19H15M,2026-03-04T14:35:00,2026-03-04T17:10:00,
ATH,BCN,2026/3/4,132.45,V7,PT3H15M,2026-03-04T08:10:00,2026-03-04T10:25:00,
ATH,BCN,2026/3/4,132.45,V7,PT3H15M,2026-03-04T14:55:00,2026-03-04T17:10:00,
ATH,BCN,2026/3/4,146.19,AF,PT6H20M,2026-03-04T13:45:00,2026-03-04T16:10:00,
ATH,BCN,2026/3/4,146.19,AF,PT10H20M,2026-03-04T13:45:00,2026-03-04T16:10:00,
ATH,BCN,2026/3/4,152.19,AF,PT6H45M,2026-03-04T17:20:00,2026-03-04T19:55:00,
ATH,BCN,2026/3/4,152.19,AF,PT18H5M,2026-03-04T17:20:00,2026-03-04T19:55:00,
ATH,BCN,2026/3/5,101.86,AZ,PT4H50M,2026-03-05T19:25:00,2026-03-05T20:40:00,
ATH,BCN,2026/3/5,101.86,AZ,PT5H45M,2026-03-05T06:05:00,2026-03-05T07:15:00,
ATH,BCN,2026/3/5,101.86,AZ,PT10H50M,2026-03-05T06:05:00,2026-03-05T07:15:00,
ATH,BCN,2026/3/5,101.86,AZ,PT11H35M,2026-03-05T12:40:00,2026-03-05T13:50:00,
ATH,BCN,2026/3/5,101.86,AZ,PT16H25M,2026-03-05T19:25:00,2026-03-05T20:40:00,
ATH,BCN,2026/3/5,105.5,PC,PT27H15M,2026-03-05T09:30:00,2026-03-05T11:50:00,
ATH,BCN,2026/3/5,113.45,IB,PT3H10M,2026-03-05T12:05:00,2026-03-05T14:15:00,
ATH,BCN,2026/3/5,113.45,IB,PT3H20M,2026-03-05T21:55:00,2026-03-06T00:15:00,
ATH,BCN,2026/3/5,113.45,VY,PT3H10M,2026-03-05T12:05:00,2026-03-05T14:15:00,
ATH,BCN,2026/3/5,113.45,VY,PT3H20M,2026-03-05T21:55:00,2026-03-06T00:15:00,
ATH,BCN,2026/3/5,124.18,AF,PT9H20M,2026-03-05T14:35:00,2026-03-05T17:10:00,
ATH,BCN,2026/3/5,125.52,AF,PT19H15M,2026-03-05T14:35:00,2026-03-05T17:10:00,
ATH,BCN,2026/3/5,132.45,V7,PT3H15M,2026-03-05T08:10:00,2026-03-05T10:25:00,
ATH,BCN,2026/3/5,132.45,V7,PT3H15M,2026-03-05T14:55:00,2026-03-05T17:10:00,
ATH,BCN,2026/3/5,142.45,A3,PT3H15M,2026-03-05T08:10:00,2026-03-05T10:25:00,
ATH,BCN,2026/3/6,101.86,AZ,PT4H50M,2026-03-06T19:25:00,2026-03-06T20:40:00,
ATH,BCN,2026/3/6,101.86,AZ,PT5H45M,2026-03-06T06:05:00,2026-03-06T07:15:00,
ATH,BCN,2026/3/6,101.86,AZ,PT10H50M,2026-03-06T06:05:00,2026-03-06T07:15:00,
ATH,BCN,2026/3/6,101.86,AZ,PT11H35M,2026-03-06T12:40:00,2026-03-06T13:50:00,
ATH,BCN,2026/3/6,101.86,AZ,PT16H25M,2026-03-06T19:25:00,2026-03-06T20:40:00,
ATH,BCN,2026/3/6,113.45,IB,PT3H10M,2026-03-06T12:05:00,2026-03-06T14:15:00,
ATH,BCN,2026/3/6,113.45,IB,PT3H20M,2026-03-06T21:25:00,2026-03-06T23:45:00,
ATH,BCN,2026/3/6,113.45,VY,PT3H10M,2026-03-06T12:05:00,2026-03-06T14:15:00,
ATH,BCN,2026/3/6,113.45,VY,PT3H20M,2026-03-06T21:25:00,2026-03-06T23:45:00,
ATH,BCN,2026/3/6,123.27,JU,PT16H15M,2026-03-06T04:30:00,2026-03-06T05:10:00,
ATH,BCN,2026/3/6,124.18,AF,PT9H20M,2026-03-06T14:35:00,2026-03-06T17:10:00,
ATH,BCN,2026/3/6,125.52,AF,PT19H15M,2026-03-06T14:35:00,2026-03-06T17:10:00,
ATH,BCN,2026/3/6,132.45,V7,PT3H15M,2026-03-06T08:10:00,2026-03-06T10:25:00,
ATH,BCN,2026/3/6,132.45,V7,PT3H15M,2026-03-06T14:55:00,2026-03-06T17:10:00,
ATH,BCN,2026/3/6,142.45,A3,PT3H15M,2026-03-06T08:10:00,2026-03-06T10:25:00,
ATH,BCN,2026/3/7,101.86,AZ,PT4H50M,2026-03-07T19:25:00,2026-03-07T20:40:00,
ATH,BCN,2026/3/7,101.86,AZ,PT5H45M,2026-03-07T06:05:00,2026-03-07T07:15:00,
ATH,BCN,2026/3/7,101.86,AZ,PT10H50M,2026-03-07T06:05:00,2026-03-07T07:15:00,
ATH,BCN,2026/3/7,101.86,AZ,PT11H35M,2026-03-07T12:40:00,2026-03-07T13:50:00,
ATH,BCN,2026/3/7,101.86,AZ,PT16H25M,2026-03-07T19:25:00,2026-03-07T20:40:00,
ATH,BCN,2026/3/7,104.45,VY,PT3H20M,2026-03-07T21:55:00,2026-03-08T00:15:00,
ATH,BCN,2026/3/7,113.45,IB,PT3H10M,2026-03-07T12:05:00,2026-03-07T14:15:00,
ATH,BCN,2026/3/7,113.45,IB,PT3H20M,2026-03-07T21:55:00,2026-03-08T00:15:00,
ATH,BCN,2026/3/7,113.45,VY,PT3H10M,2026-03-07T12:05:00,2026-03-07T14:15:00,
ATH,BCN,2026/3/7,132.45,V7,PT3H15M,2026-03-07T08:10:00,2026-03-07T10:25:00,
ATH,BCN,2026/3/7,132.45,V7,PT3H15M,2026-03-07T14:55:00,2026-03-07T17:10:00,
ATH,BCN,2026/3/7,142.45,A3,PT3H15M,2026-03-07T08:10:00,2026-03-07T10:25:00,
ATH,BCN,2026/3/7,142.45,A3,PT3H15M,2026-03-07T14:55:00,2026-03-07T17:10:00,
ATH,BCN,2026/3/7,152.19,AF,PT7H10M,2026-03-07T06:05:00,2026-03-07T08:40:00,
ATH,BCN,2026/3/7,152.19,AF,PT11H25M,2026-03-07T06:05:00,2026-03-07T08:40:00,
ATH,BCN,2026/3/8,93.45,VY,PT3H10M,2026-03-08T12:05:00,2026-03-08T14:15:00,
ATH,BCN,2026/3/8,101.86,AZ,PT4H50M,2026-03-08T19:25:00,2026-03-08T20:40:00,
ATH,BCN,2026/3/8,101.86,AZ,PT16H25M,2026-03-08T19:25:00,2026-03-08T20:40:00,
ATH,BCN,2026/3/8,101.86,AZ,PT5H45M,2026-03-08T06:05:00,2026-03-08T07:15:00,
ATH,BCN,2026/3/8,101.86,AZ,PT10H50M,2026-03-08T06:05:00,2026-03-08T07:15:00,
ATH,BCN,2026/3/8,101.86,AZ,PT11H35M,2026-03-08T12:40:00,2026-03-08T13:50:00,
ATH,BCN,2026/3/8,105.5,PC,PT21H40M,2026-03-08T18:05:00,2026-03-08T20:25:00,
ATH,BCN,2026/3/8,113.45,IB,PT3H10M,2026-03-08T12:05:00,2026-03-08T14:15:00,
ATH,BCN,2026/3/8,113.45,IB,PT3H20M,2026-03-08T21:55:00,2026-03-09T00:15:00,
ATH,BCN,2026/3/8,113.45,VY,PT3H20M,2026-03-08T21:55:00,2026-03-09T00:15:00,
ATH,BCN,2026/3/8,132.45,V7,PT3H15M,2026-03-08T08:10:00,2026-03-08T10:25:00,
ATH,BCN,2026/3/8,132.45,V7,PT3H15M,2026-03-08T14:55:00,2026-03-08T17:10:00,
ATH,BCN,2026/3/8,142.45,A3,PT3H15M,2026-03-08T08:10:00,2026-03-08T10:25:00,
ATH,BCN,2026/3/8,142.45,A3,PT3H15M,2026-03-08T14:55:00,2026-03-08T17:10:00,
ATH,BCN,2026/3/8,179.6,LO,PT28H55M,2026-03-08T13:50:00,2026-03-08T15:30:00,
ATH,BCN,2026/3/9,101.86,AZ,PT4H50M,2026-03-09T19:25:00,2026-03-09T20:40:00,
ATH,BCN,2026/3/9,101.86,AZ,PT5H45M,2026-03-09T06:05:00,2026-03-09T07:15:00,
ATH,BCN,2026/3/9,101.86,AZ,PT10H50M,2026-03-09T06:05:00,2026-03-09T07:15:00,
ATH,BCN,2026/3/9,101.86,AZ,PT11H35M,2026-03-09T12:40:00,2026-03-09T13:50:00,
ATH,BCN,2026/3/9,101.86,AZ,PT16H25M,2026-03-09T19:25:00,2026-03-09T20:40:00,
ATH,BCN,2026/3/9,105.5,PC,PT21H25M,2026-03-09T15:20:00,2026-03-09T17:40:00,
ATH,BCN,2026/3/9,105.5,PC,PT27H15M,2026-03-09T09:30:00,2026-03-09T11:50:00,
ATH,BCN,2026/3/9,113.45,IB,PT3H10M,2026-03-09T12:05:00,2026-03-09T14:15:00,
ATH,BCN,2026/3/9,113.45,IB,PT3H20M,2026-03-09T21:55:00,2026-03-10T00:15:00,
ATH,BCN,2026/3/9,113.45,VY,PT3H10M,2026-03-09T12:05:00,2026-03-09T14:15:00,
ATH,BCN,2026/3/9,113.45,VY,PT3H20M,2026-03-09T21:55:00,2026-03-10T00:15:00,
ATH,BCN,2026/3/9,124.18,AF,PT6H25M,2026-03-09T03:25:00,2026-03-09T06:00:00,
ATH,BCN,2026/3/9,132.45,V7,PT3H15M,2026-03-09T08:10:00,2026-03-09T10:25:00,
ATH,BCN,2026/3/9,132.45,V7,PT3H15M,2026-03-09T14:55:00,2026-03-09T17:10:00,
ATH,BCN,2026/3/9,155.18,A3,PT18H20M,2026-03-09T23:45:00,2026-03-10T00:40:00,
ATH,BCN,2026/3/10,101.86,AZ,PT4H50M,2026-03-10T19:25:00,2026-03-10T20:40:00,
ATH,BCN,2026/3/10,101.86,AZ,PT5H45M,2026-03-10T06:05:00,2026-03-10T07:15:00,
ATH,BCN,2026/3/10,101.86,AZ,PT10H50M,2026-03-10T06:05:00,2026-03-10T07:15:00,
ATH,BCN,2026/3/10,101.86,AZ,PT11H35M,2026-03-10T12:40:00,2026-03-10T13:50:00,
ATH,BCN,2026/3/10,101.86,AZ,PT16H25M,2026-03-10T19:25:00,2026-03-10T20:40:00,
ATH,BCN,2026/3/10,113.45,IB,PT3H10M,2026-03-10T12:05:00,2026-03-10T14:15:00,
ATH,BCN,2026/3/10,113.45,VY,PT3H10M,2026-03-10T12:05:00,2026-03-10T14:15:00,
ATH,BCN,2026/3/10,124.18,AF,PT9H20M,2026-03-10T14:35:00,2026-03-10T17:10:00,
ATH,BCN,2026/3/10,132.45,V7,PT3H15M,2026-03-10T08:10:00,2026-03-10T10:25:00,
ATH,BCN,2026/3/10,132.45,V7,PT3H15M,2026-03-10T14:55:00,2026-03-10T17:10:00,
ATH,BCN,2026/3/10,154.32,PC,PT27H15M,2026-03-10T09:30:00,2026-03-10T11:50:00,
ATH,BCN,2026/3/10,169.19,AF,PT6H20M,2026-03-10T13:45:00,2026-03-10T16:10:00,
ATH,BCN,2026/3/10,169.19,AF,PT6H45M,2026-03-10T17:20:00,2026-03-10T19:55:00,
ATH,BCN,2026/3/10,169.19,AF,PT7H10M,2026-03-10T06:05:00,2026-03-10T08:40:00,
ATH,BCN,2026/3/10,169.19,AF,PT10H20M,2026-03-10T13:45:00,2026-03-10T16:10:00,
ATH,BCN,2026/3/11,101.86,AZ,PT4H50M,2026-03-11T19:25:00,2026-03-11T20:40:00,
ATH,BCN,2026/3/11,101.86,AZ,PT5H45M,2026-03-11T06:05:00,2026-03-11T07:15:00,
ATH,BCN,2026/3/11,101.86,AZ,PT10H50M,2026-03-11T06:05:00,2026-03-11T07:15:00,
ATH,BCN,2026/3/11,101.86,AZ,PT11H35M,2026-03-11T12:40:00,2026-03-11T13:50:00,
ATH,BCN,2026/3/11,101.86,AZ,PT16H25M,2026-03-11T19:25:00,2026-03-11T20:40:00,
ATH,BCN,2026/3/11,105.5,PC,PT27H15M,2026-03-11T09:30:00,2026-03-11T11:50:00,
ATH,BCN,2026/3/11,113.45,IB,PT3H10M,2026-03-11T12:05:00,2026-03-11T14:15:00,
ATH,BCN,2026/3/11,113.45,VY,PT3H10M,2026-03-11T12:05:00,2026-03-11T14:15:00,
ATH,BCN,2026/3/11,125.52,AF,PT19H15M,2026-03-11T14:35:00,2026-03-11T17:10:00,
ATH,BCN,2026/3/11,132.45,V7,PT3H15M,2026-03-11T14:55:00,2026-03-11T17:10:00,
ATH,BCN,2026/3/11,135.19,AF,PT6H20M,2026-03-11T13:45:00,2026-03-11T16:10:00,
ATH,BCN,2026/3/11,135.19,AF,PT7H10M,2026-03-11T06:05:00,2026-03-11T08:40:00,
ATH,BCN,2026/3/11,135.19,AF,PT10H20M,2026-03-11T13:45:00,2026-03-11T16:10:00,
ATH,BCN,2026/3/11,135.19,AF,PT11H25M,2026-03-11T06:05:00,2026-03-11T08:40:00,
ATH,BCN,2026/3/11,138.18,AF,PT9H20M,2026-03-11T14:35:00,2026-03-11T17:10:00,
ATH,BCN,2026/3/12,101.86,AZ,PT4H50M,2026-03-12T19:25:00,2026-03-12T20:40:00,
ATH,BCN,2026/3/12,101.86,AZ,PT5H45M,2026-03-12T06:05:00,2026-03-12T07:15:00,
ATH,BCN,2026/3/12,101.86,AZ,PT10H50M,2026-03-12T06:05:00,2026-03-12T07:15:00,
ATH,BCN,2026/3/12,101.86,AZ,PT11H35M,2026-03-12T12:40:00,2026-03-12T13:50:00,
ATH,BCN,2026/3/12,101.86,AZ,PT16H25M,2026-03-12T19:25:00,2026-03-12T20:40:00,
ATH,BCN,2026/3/12,105.5,PC,PT27H15M,2026-03-12T09:30:00,2026-03-12T11:50:00,
ATH,BCN,2026/3/12,113.45,IB,PT3H10M,2026-03-12T12:05:00,2026-03-12T14:15:00,
ATH,BCN,2026/3/12,113.45,IB,PT3H20M,2026-03-12T21:55:00,2026-03-13T00:15:00,
ATH,BCN,2026/3/12,113.45,VY,PT3H10M,2026-03-12T12:05:00,2026-03-12T14:15:00,
ATH,BCN,2026/3/12,113.45,VY,PT3H20M,2026-03-12T21:55:00,2026-03-13T00:15:00,
ATH,BCN,2026/3/12,124.18,AF,PT9H20M,2026-03-12T14:35:00,2026-03-12T17:10:00,
ATH,BCN,2026/3/12,125.52,AF,PT19H15M,2026-03-12T14:35:00,2026-03-12T17:10:00,
ATH,BCN,2026/3/12,132.45,V7,PT3H15M,2026-03-12T08:10:00,2026-03-12T10:25:00,
ATH,BCN,2026/3/12,132.45,V7,PT3H15M,2026-03-12T14:55:00,2026-03-12T17:10:00,
ATH,BCN,2026/3/12,135.19,AF,PT7H10M,2026-03-12T06:05:00,2026-03-12T08:40:00,
ATH,BCN,2026/3/13,101.86,AZ,PT4H50M,2026-03-13T19:25:00,2026-03-13T20:40:00,
ATH,BCN,2026/3/13,101.86,AZ,PT5H45M,2026-03-13T06:05:00,2026-03-13T07:15:00,
ATH,BCN,2026/3/13,101.86,AZ,PT10H50M,2026-03-13T06:05:00,2026-03-13T07:15:00,
ATH,BCN,2026/3/13,101.86,AZ,PT11H35M,2026-03-13T12:40:00,2026-03-13T13:50:00,
ATH,BCN,2026/3/13,101.86,AZ,PT16H25M,2026-03-13T19:25:00,2026-03-13T20:40:00,
ATH,BCN,2026/3/13,113.45,IB,PT3H10M,2026-03-13T12:05:00,2026-03-13T14:15:00,
ATH,BCN,2026/3/13,113.45,IB,PT3H20M,2026-03-13T21:25:00,2026-03-13T23:45:00,
ATH,BCN,2026/3/13,113.45,VY,PT3H10M,2026-03-13T12:05:00,2026-03-13T14:15:00,
ATH,BCN,2026/3/13,113.45,VY,PT3H20M,2026-03-13T21:25:00,2026-03-13T23:45:00,
ATH,BCN,2026/3/13,123.27,JU,PT16H15M,2026-03-13T04:30:00,2026-03-13T05:10:00,
ATH,BCN,2026/3/13,132.45,V7,PT3H15M,2026-03-13T08:10:00,2026-03-13T10:25:00,
ATH,BCN,2026/3/13,142.45,A3,PT3H15M,2026-03-13T08:10:00,2026-03-13T10:25:00,
ATH,BCN,2026/3/13,142.45,A3,PT3H15M,2026-03-13T14:55:00,2026-03-13T17:10:00,
ATH,BCN,2026/3/13,147.45,V7,PT3H15M,2026-03-13T14:55:00,2026-03-13T17:10:00,
ATH,BCN,2026/3/13,155.18,A3,PT18H10M,2026-03-13T23:45:00,2026-03-14T00:40:00,
ATH,BCN,2026/3/14,113.45,IB,PT3H10M,2026-03-14T12:05:00,2026-03-14T14:15:00,
ATH,BCN,2026/3/14,113.45,IB,PT3H20M,2026-03-14T21:55:00,2026-03-15T00:15:00,
ATH,BCN,2026/3/14,113.45,VY,PT3H10M,2026-03-14T12:05:00,2026-03-14T14:15:00,
ATH,BCN,2026/3/14,113.45,VY,PT3H20M,2026-03-14T21:55:00,2026-03-15T00:15:00,
ATH,BCN,2026/3/14,117.86,AZ,PT5H45M,2026-03-14T06:05:00,2026-03-14T07:15:00,
ATH,BCN,2026/3/14,117.86,AZ,PT10H50M,2026-03-14T06:05:00,2026-03-14T07:15:00,
ATH,BCN,2026/3/14,117.86,AZ,PT11H35M,2026-03-14T12:40:00,2026-03-14T13:50:00,
ATH,BCN,2026/3/14,125.52,AF,PT19H15M,2026-03-14T14:35:00,2026-03-14T17:10:00,
ATH,BCN,2026/3/14,132.45,V7,PT3H15M,2026-03-14T08:10:00,2026-03-14T10:25:00,
ATH,BCN,2026/3/14,132.45,V7,PT3H15M,2026-03-14T14:55:00,2026-03-14T17:10:00,
ATH,BCN,2026/3/14,138.18,AF,PT9H20M,2026-03-14T14:35:00,2026-03-14T17:10:00,
ATH,BCN,2026/3/14,142.45,A3,PT3H15M,2026-03-14T08:10:00,2026-03-14T10:25:00,
ATH,BCN,2026/3/14,142.45,A3,PT3H15M,2026-03-14T14:55:00,2026-03-14T17:10:00,
ATH,BCN,2026/3/14,155.18,A3,PT4H50M,2026-03-14T13:05:00,2026-03-14T14:00:00,
ATH,BCN,2026/3/14,155.18,A3,PT6H30M,2026-03-14T11:25:00,2026-03-14T12:20:00,
ATH,BCN,2026/3/15,93.45,VY,PT3H20M,2026-03-15T21:55:00,2026-03-16T00:15:00,
ATH,BCN,2026/3/15,101.86,AZ,PT4H50M,2026-03-15T19:25:00,2026-03-15T20:40:00,
ATH,BCN,2026/3/15,101.86,AZ,PT5H45M,2026-03-15T06:05:00,2026-03-15T07:15:00,
ATH,BCN,2026/3/15,101.86,AZ,PT10H50M,2026-03-15T06:05:00,2026-03-15T07:15:00,
ATH,BCN,2026/3/15,101.86,AZ,PT11H35M,2026-03-15T12:40:00,2026-03-15T13:50:00,
ATH,BCN,2026/3/15,101.86,AZ,PT16H25M,2026-03-15T19:25:00,2026-03-15T20:40:00,
ATH,BCN,2026/3/15,110.45,A3,PT3H15M,2026-03-15T08:10:00,2026-03-15T10:25:00,
ATH,BCN,2026/3/15,110.45,A3,PT3H15M,2026-03-15T14:55:00,2026-03-15T17:10:00,
ATH,BCN,2026/3/15,113.45,IB,PT3H10M,2026-03-15T12:05:00,2026-03-15T14:15:00,
ATH,BCN,2026/3/15,113.45,IB,PT3H20M,2026-03-15T21:55:00,2026-03-16T00:15:00,
ATH,BCN,2026/3/15,113.45,VY,PT3H10M,2026-03-15T12:05:00,2026-03-15T14:15:00,
ATH,BCN,2026/3/15,132.45,V7,PT3H15M,2026-03-15T08:10:00,2026-03-15T10:25:00,
ATH,BCN,2026/3/15,132.45,V7,PT3H15M,2026-03-15T14:55:00,2026-03-15T17:10:00,
ATH,BCN,2026/3/15,154.18,AF,PT9H20M,2026-03-15T14:35:00,2026-03-15T17:10:00,
ATH,BCN,2026/3/15,155.52,AF,PT19H15M,2026-03-15T14:35:00,2026-03-15T17:10:00,
ATH,BCN,2026/3/16,101.86,AZ,PT4H50M,2026-03-16T19:25:00,2026-03-16T20:40:00,
ATH,BCN,2026/3/16,101.86,AZ,PT5H45M,2026-03-16T06:05:00,2026-03-16T07:15:00,
ATH,BCN,2026/3/16,101.86,AZ,PT11H35M,2026-03-16T12:40:00,2026-03-16T13:50:00,
ATH,BCN,2026/3/16,101.86,AZ,PT16H25M,2026-03-16T19:25:00,2026-03-16T20:40:00,
ATH,BCN,2026/3/16,113.45,IB,PT3H10M,2026-03-16T12:05:00,2026-03-16T14:15:00,
ATH,BCN,2026/3/16,113.45,IB,PT3H20M,2026-03-16T21:55:00,2026-03-17T00:15:00,
ATH,BCN,2026/3/16,113.45,VY,PT3H10M,2026-03-16T12:05:00,2026-03-16T14:15:00,
ATH,BCN,2026/3/16,113.45,VY,PT3H20M,2026-03-16T21:55:00,2026-03-17T00:15:00,
ATH,BCN,2026/3/16,117.86,AZ,PT10H50M,2026-03-16T06:05:00,2026-03-16T07:15:00,
ATH,BCN,2026/3/16,123.27,JU,PT16H15M,2026-03-16T04:30:00,2026-03-16T05:10:00,
ATH,BCN,2026/3/16,132.45,V7,PT3H15M,2026-03-16T08:10:00,2026-03-16T10:25:00,
ATH,BCN,2026/3/16,132.45,V7,PT3H15M,2026-03-16T14:55:00,2026-03-16T17:10:00,
ATH,BCN,2026/3/16,152.19,AF,PT10H20M,2026-03-16T13:45:00,2026-03-16T16:10:00,
ATH,BCN,2026/3/16,154.18,AF,PT6H25M,2026-03-16T03:25:00,2026-03-16T06:00:00,
ATH,BCN,2026/3/16,155.18,A3,PT18H20M,2026-03-16T23:45:00,2026-03-17T00:40:00,
ATH,BCN,2026/3/17,101.86,AZ,PT4H50M,2026-03-17T19:25:00,2026-03-17T20:40:00,
ATH,BCN,2026/3/17,101.86,AZ,PT5H45M,2026-03-17T06:05:00,2026-03-17T07:15:00,
ATH,BCN,2026/3/17,101.86,AZ,PT10H50M,2026-03-17T06:05:00,2026-03-17T07:15:00,
ATH,BCN,2026/3/17,101.86,AZ,PT11H35M,2026-03-17T12:40:00,2026-03-17T13:50:00,
ATH,BCN,2026/3/17,101.86,AZ,PT16H25M,2026-03-17T19:25:00,2026-03-17T20:40:00,
ATH,BCN,2026/3/17,113.45,IB,PT3H10M,2026-03-17T12:05:00,2026-03-17T14:15:00,
ATH,BCN,2026/3/17,113.45,VY,PT3H10M,2026-03-17T12:05:00,2026-03-17T14:15:00,
ATH,BCN,2026/3/17,124.18,AF,PT6H25M,2026-03-17T03:25:00,2026-03-17T06:00:00,
ATH,BCN,2026/3/17,124.18,AF,PT8H45M,2026-03-17T03:25:00,2026-03-17T06:00:00,
ATH,BCN,2026/3/17,124.18,AF,PT9H20M,2026-03-17T14:35:00,2026-03-17T17:10:00,
ATH,BCN,2026/3/17,125.52,AF,PT19H15M,2026-03-17T14:35:00,2026-03-17T17:10:00,
ATH,BCN,2026/3/17,132.45,V7,PT3H15M,2026-03-17T08:10:00,2026-03-17T10:25:00,
ATH,BCN,2026/3/17,132.45,V7,PT3H15M,2026-03-17T14:55:00,2026-03-17T17:10:00,
ATH,BCN,2026/3/17,142.45,A3,PT3H15M,2026-03-17T08:10:00,2026-03-17T10:25:00,
ATH,BCN,2026/3/17,142.45,A3,PT3H15M,2026-03-17T14:55:00,2026-03-17T17:10:00,
ATH,BCN,2026/3/18,101.86,AZ,PT4H50M,2026-03-18T19:25:00,2026-03-18T20:40:00,
ATH,BCN,2026/3/18,101.86,AZ,PT5H45M,2026-03-18T06:05:00,2026-03-18T07:15:00,
ATH,BCN,2026/3/18,101.86,AZ,PT10H50M,2026-03-18T06:05:00,2026-03-18T07:15:00,
ATH,BCN,2026/3/18,101.86,AZ,PT11H35M,2026-03-18T12:40:00,2026-03-18T13:50:00,
ATH,BCN,2026/3/18,101.86,AZ,PT16H25M,2026-03-18T19:25:00,2026-03-18T20:40:00,
ATH,BCN,2026/3/18,113.45,IB,PT3H10M,2026-03-18T12:05:00,2026-03-18T14:15:00,
ATH,BCN,2026/3/18,113.45,VY,PT3H10M,2026-03-18T12:05:00,2026-03-18T14:15:00,
ATH,BCN,2026/3/18,132.45,V7,PT3H15M,2026-03-18T08:10:00,2026-03-18T10:25:00,
ATH,BCN,2026/3/18,132.45,V7,PT3H15M,2026-03-18T14:55:00,2026-03-18T17:10:00,
ATH,BCN,2026/3/18,142.45,A3,PT3H15M,2026-03-18T08:10:00,2026-03-18T10:25:00,
ATH,BCN,2026/3/18,142.45,A3,PT3H15M,2026-03-18T14:55:00,2026-03-18T17:10:00,
ATH,BCN,2026/3/18,169.19,AF,PT6H20M,2026-03-18T13:45:00,2026-03-18T16:10:00,
ATH,BCN,2026/3/18,169.19,AF,PT6H45M,2026-03-18T17:20:00,2026-03-18T19:55:00,
ATH,BCN,2026/3/18,169.19,AF,PT10H20M,2026-03-18T13:45:00,2026-03-18T16:10:00,
ATH,BCN,2026/3/18,169.19,AF,PT18H5M,2026-03-18T17:20:00,2026-03-18T19:55:00,
ATH,BCN,2026/3/19,93.45,VY,PT3H10M,2026-03-19T12:05:00,2026-03-19T14:15:00,
ATH,BCN,2026/3/19,101.86,AZ,PT4H50M,2026-03-19T19:25:00,2026-03-19T20:40:00,
ATH,BCN,2026/3/19,101.86,AZ,PT11H35M,2026-03-19T12:40:00,2026-03-19T13:50:00,
ATH,BCN,2026/3/19,101.86,AZ,PT16H25M,2026-03-19T19:25:00,2026-03-19T20:40:00,
ATH,BCN,2026/3/19,101.86,AZ,PT5H45M,2026-03-19T06:05:00,2026-03-19T07:15:00,
ATH,BCN,2026/3/19,101.86,AZ,PT10H50M,2026-03-19T06:05:00,2026-03-19T07:15:00,
ATH,BCN,2026/3/19,113.45,IB,PT3H10M,2026-03-19T12:05:00,2026-03-19T14:15:00,
ATH,BCN,2026/3/19,113.45,IB,PT3H20M,2026-03-19T21:55:00,2026-03-20T00:15:00,
ATH,BCN,2026/3/19,113.45,VY,PT3H20M,2026-03-19T21:55:00,2026-03-20T00:15:00,
ATH,BCN,2026/3/19,132.45,V7,PT3H15M,2026-03-19T08:10:00,2026-03-19T10:25:00,
ATH,BCN,2026/3/19,132.45,V7,PT3H15M,2026-03-19T14:55:00,2026-03-19T17:10:00,
ATH,BCN,2026/3/19,139.6,LO,PT22H40M,2026-03-19T20:05:00,2026-03-19T21:40:00,
ATH,BCN,2026/3/19,142.45,A3,PT3H15M,2026-03-19T08:10:00,2026-03-19T10:25:00,
ATH,BCN,2026/3/19,142.45,A3,PT3H15M,2026-03-19T14:55:00,2026-03-19T17:10:00,
ATH,BCN,2026/3/19,143.27,JU,PT17H40M,2026-03-19T16:25:00,2026-03-19T17:05:00,
IST,BCN,2026/2/18,102.05,PC,PT3H40M,2026-02-18T13:05:00,2026-02-18T14:45:00,
IST,BCN,2026/2/18,113.68,VF,PT8H40M,2026-02-18T05:50:00,2026-02-18T06:55:00,
IST,BCN,2026/2/18,113.68,VF,PT11H30M,2026-02-18T03:00:00,2026-02-18T04:05:00,
IST,BCN,2026/2/18,117.05,PC,PT3H40M,2026-02-18T10:05:00,2026-02-18T11:45:00,
IST,BCN,2026/2/18,138.61,RJ,PT19H5M,2026-02-18T22:10:00,2026-02-19T00:45:00,
IST,BCN,2026/2/18,153.0,IB,PT3H40M,2026-02-18T19:20:00,2026-02-18T21:00:00,
IST,BCN,2026/2/18,153.0,VY,PT3H40M,2026-02-18T19:20:00,2026-02-18T21:00:00,
IST,BCN,2026/2/18,161.48,LO,PT11H55M,2026-02-18T07:50:00,2026-02-18T08:25:00,
IST,BCN,2026/2/18,161.72,A3,PT7H35M,2026-02-18T11:35:00,2026-02-18T12:00:00,
IST,BCN,2026/2/18,186.51,JU,PT18H25M,2026-02-18T16:40:00,2026-02-18T16:20:00,
IST,BCN,2026/2/18,193.37,UX,PT25H20M,2026-02-18T17:15:00,2026-02-18T19:30:00,
IST,BCN,2026/2/18,204.59,TK,PT3H45M,2026-02-18T09:00:00,2026-02-18T10:45:00,
IST,BCN,2026/2/18,214.51,JU,PT5H5M,2026-02-18T16:40:00,2026-02-18T16:20:00,
IST,BCN,2026/2/18,229.33,AF,PT8H20M,2026-02-18T04:50:00,2026-02-18T06:35:00,
IST,BCN,2026/2/18,229.33,AF,PT11H10M,2026-02-18T04:50:00,2026-02-18T06:35:00,
IST,BCN,2026/2/19,113.68,VF,PT17H15M,2026-02-19T21:15:00,2026-02-19T22:20:00,
IST,BCN,2026/2/19,113.68,VF,PT21H15M,2026-02-19T17:15:00,2026-02-19T18:20:00,
IST,BCN,2026/2/19,132.0,5F,PT25H10M,2026-02-19T18:20:00,2026-02-19T18:50:00,
IST,BCN,2026/2/19,135.05,PC,PT3H40M,2026-02-19T10:05:00,2026-02-19T11:45:00,
IST,BCN,2026/2/19,153.0,IB,PT3H40M,2026-02-19T19:20:00,2026-02-19T21:00:00,
IST,BCN,2026/2/19,153.0,VY,PT3H40M,2026-02-19T19:20:00,2026-02-19T21:00:00,
IST,BCN,2026/2/19,161.48,LO,PT25H15M,2026-02-19T18:30:00,2026-02-19T19:05:00,
IST,BCN,2026/2/19,161.51,JU,PT28H10M,2026-02-19T17:35:00,2026-02-19T17:15:00,
IST,BCN,2026/2/19,161.72,A3,PT7H35M,2026-02-19T11:35:00,2026-02-19T12:00:00,
IST,BCN,2026/2/19,188.72,A3,PT14H25M,2026-02-19T22:00:00,2026-02-19T22:25:00,
IST,BCN,2026/2/19,193.37,UX,PT25H20M,2026-02-19T17:15:00,2026-02-19T19:30:00,
IST,BCN,2026/2/19,214.51,JU,PT5H45M,2026-02-19T05:20:00,2026-02-19T05:45:00,
IST,BCN,2026/2/19,229.33,AF,PT8H20M,2026-02-19T04:50:00,2026-02-19T06:35:00,
IST,BCN,2026/2/19,229.33,AF,PT11H10M,2026-02-19T04:50:00,2026-02-19T06:35:00,
IST,BCN,2026/2/19,245.51,JU,PT15H25M,2026-02-19T19:40:00,2026-02-19T19:25:00,
IST,BCN,2026/2/20,113.68,VF,PT8H40M,2026-02-20T05:50:00,2026-02-20T06:55:00,
IST,BCN,2026/2/20,113.68,VF,PT13H30M,2026-02-20T01:00:00,2026-02-20T02:05:00,
IST,BCN,2026/2/20,117.05,PC,PT3H40M,2026-02-20T13:05:00,2026-02-20T14:45:00,
IST,BCN,2026/2/20,132.0,5F,PT8H50M,2026-02-20T10:40:00,2026-02-20T11:10:00,
IST,BCN,2026/2/20,135.05,PC,PT3H40M,2026-02-20T10:05:00,2026-02-20T11:45:00,
IST,BCN,2026/2/20,153.0,IB,PT3H40M,2026-02-20T19:20:00,2026-02-20T21:00:00,
IST,BCN,2026/2/20,153.0,VY,PT3H40M,2026-02-20T19:20:00,2026-02-20T21:00:00,
IST,BCN,2026/2/20,161.48,LO,PT11H55M,2026-02-20T07:50:00,2026-02-20T08:25:00,
IST,BCN,2026/2/20,161.51,JU,PT5H5M,2026-02-20T16:40:00,2026-02-20T16:20:00,
IST,BCN,2026/2/20,161.51,JU,PT5H45M,2026-02-20T05:20:00,2026-02-20T05:45:00,
IST,BCN,2026/2/20,161.72,A3,PT14H25M,2026-02-20T22:00:00,2026-02-20T22:25:00,
IST,BCN,2026/2/20,193.37,UX,PT25H20M,2026-02-20T17:15:00,2026-02-20T19:30:00,
IST,BCN,2026/2/20,219.72,A3,PT7H35M,2026-02-20T11:35:00,2026-02-20T12:00:00,
IST,BCN,2026/2/20,245.51,JU,PT7H10M,2026-02-20T14:35:00,2026-02-20T14:25:00,
IST,BCN,2026/2/20,245.51,JU,PT15H25M,2026-02-20T19:40:00,2026-02-20T19:25:00,
IST,BCN,2026/2/21,113.68,VF,PT9H,2026-02-21T05:30:00,2026-02-21T06:35:00,
IST,BCN,2026/2/21,135.05,PC,PT3H40M,2026-02-21T10:05:00,2026-02-21T11:45:00,
IST,BCN,2026/2/21,138.61,RJ,PT19H5M,2026-02-21T22:10:00,2026-02-22T00:45:00,
IST,BCN,2026/2/21,153.0,IB,PT3H40M,2026-02-21T19:20:00,2026-02-21T21:00:00,
IST,BCN,2026/2/21,153.0,VY,PT3H40M,2026-02-21T19:20:00,2026-02-21T21:00:00,
IST,BCN,2026/2/21,161.48,LO,PT25H15M,2026-02-21T18:30:00,2026-02-21T19:05:00,
IST,BCN,2026/2/21,161.51,JU,PT5H35M,2026-02-21T05:30:00,2026-02-21T05:10:00,
IST,BCN,2026/2/21,161.51,JU,PT28H10M,2026-02-21T17:35:00,2026-02-21T17:15:00,
IST,BCN,2026/2/21,161.72,A3,PT7H35M,2026-02-21T11:35:00,2026-02-21T12:00:00,
IST,BCN,2026/2/21,161.72,A3,PT14H25M,2026-02-21T22:00:00,2026-02-21T22:25:00,
IST,BCN,2026/2/21,193.37,UX,PT25H20M,2026-02-21T17:15:00,2026-02-21T19:30:00,
IST,BCN,2026/2/21,245.51,JU,PT26H5M,2026-02-21T19:40:00,2026-02-21T19:25:00,
IST,BCN,2026/2/21,248.72,A3,PT7H20M,2026-02-21T11:50:00,2026-02-21T12:20:00,
IST,BCN,2026/2/21,248.72,A3,PT16H5M,2026-02-21T20:20:00,2026-02-21T20:50:00,
IST,BCN,2026/2/21,256.2,A3,PT10H35M,2026-02-21T08:20:00,2026-02-21T08:40:00,
IST,BCN,2026/2/22,113.68,VF,PT17H40M,2026-02-22T20:50:00,2026-02-22T21:55:00,
IST,BCN,2026/2/22,113.68,VF,PT20H25M,2026-02-22T18:05:00,2026-02-22T19:10:00,
IST,BCN,2026/2/22,117.05,PC,PT3H40M,2026-02-22T10:05:00,2026-02-22T11:45:00,
IST,BCN,2026/2/22,153.0,IB,PT3H40M,2026-02-22T19:20:00,2026-02-22T21:00:00,
IST,BCN,2026/2/22,153.0,VY,PT3H40M,2026-02-22T19:20:00,2026-02-22T21:00:00,
IST,BCN,2026/2/22,161.72,A3,PT7H35M,2026-02-22T11:35:00,2026-02-22T12:00:00,
IST,BCN,2026/2/22,185.85,UX,PT17H40M,2026-02-22T17:15:00,2026-02-22T19:30:00,
IST,BCN,2026/2/22,186.51,JU,PT5H5M,2026-02-22T16:40:00,2026-02-22T16:20:00,
IST,BCN,2026/2/22,188.72,A3,PT14H25M,2026-02-22T22:00:00,2026-02-22T22:25:00,
IST,BCN,2026/2/22,193.37,UX,PT25H20M,2026-02-22T17:15:00,2026-02-22T19:30:00,
IST,BCN,2026/2/22,196.48,LO,PT11H55M,2026-02-22T07:50:00,2026-02-22T08:25:00,
IST,BCN,2026/2/22,214.51,JU,PT18H25M,2026-02-22T16:40:00,2026-02-22T16:20:00,
IST,BCN,2026/2/22,229.33,AF,PT8H20M,2026-02-22T04:50:00,2026-02-22T06:35:00,
IST,BCN,2026/2/22,229.33,AF,PT11H10M,2026-02-22T04:50:00,2026-02-22T06:35:00,
IST,BCN,2026/2/22,245.51,JU,PT7H10M,2026-02-22T14:35:00,2026-02-22T14:25:00,
IST,BCN,2026/2/23,102.05,PC,PT3H40M,2026-02-23T10:05:00,2026-02-23T11:45:00,
IST,BCN,2026/2/23,113.68,VF,PT7H15M,2026-02-23T07:15:00,2026-02-23T08:20:00,
IST,BCN,2026/2/23,117.05,PC,PT3H40M,2026-02-23T13:05:00,2026-02-23T14:45:00,
IST,BCN,2026/2/23,132.0,5F,PT27H50M,2026-02-23T10:40:00,2026-02-23T11:10:00,
IST,BCN,2026/2/23,153.0,IB,PT3H40M,2026-02-23T19:20:00,2026-02-23T21:00:00,
IST,BCN,2026/2/23,153.0,VY,PT3H40M,2026-02-23T19:20:00,2026-02-23T21:00:00,
IST,BCN,2026/2/23,161.48,LO,PT11H55M,2026-02-23T07:50:00,2026-02-23T08:25:00,
IST,BCN,2026/2/23,161.51,JU,PT5H5M,2026-02-23T16:40:00,2026-02-23T16:20:00,
IST,BCN,2026/2/23,161.51,JU,PT5H35M,2026-02-23T05:30:00,2026-02-23T05:10:00,
IST,BCN,2026/2/23,161.72,A3,PT7H35M,2026-02-23T11:35:00,2026-02-23T12:00:00,
IST,BCN,2026/2/23,161.72,A3,PT14H25M,2026-02-23T22:00:00,2026-02-23T22:25:00,
IST,BCN,2026/2/23,185.85,UX,PT17H40M,2026-02-23T17:15:00,2026-02-23T19:30:00,
IST,BCN,2026/2/23,193.37,UX,PT25H20M,2026-02-23T17:15:00,2026-02-23T19:30:00,
IST,BCN,2026/2/23,229.33,AF,PT8H20M,2026-02-23T04:50:00,2026-02-23T06:35:00,
IST,BCN,2026/2/23,229.33,AF,PT11H10M,2026-02-23T04:50:00,2026-02-23T06:35:00,
IST,BCN,2026/2/24,113.68,VF,PT17H,2026-02-24T21:30:00,2026-02-24T22:35:00,
IST,BCN,2026/2/24,113.68,VF,PT20H40M,2026-02-24T17:50:00,2026-02-24T18:55:00,
IST,BCN,2026/2/24,117.05,PC,PT3H40M,2026-02-24T10:05:00,2026-02-24T11:45:00,
IST,BCN,2026/2/24,153.0,IB,PT3H40M,2026-02-24T19:20:00,2026-02-24T21:00:00,
IST,BCN,2026/2/24,153.0,VY,PT3H40M,2026-02-24T19:20:00,2026-02-24T21:00:00,
IST,BCN,2026/2/24,161.48,LO,PT25H15M,2026-02-24T18:30:00,2026-02-24T19:05:00,
IST,BCN,2026/2/24,161.51,JU,PT28H10M,2026-02-24T17:35:00,2026-02-24T17:15:00,
IST,BCN,2026/2/24,161.72,A3,PT7H35M,2026-02-24T11:35:00,2026-02-24T12:00:00,
IST,BCN,2026/2/24,185.85,UX,PT17H40M,2026-02-24T17:15:00,2026-02-24T19:30:00,
IST,BCN,2026/2/24,193.37,UX,PT25H20M,2026-02-24T17:15:00,2026-02-24T19:30:00,
IST,BCN,2026/2/24,229.33,AF,PT8H20M,2026-02-24T04:50:00,2026-02-24T06:35:00,
IST,BCN,2026/2/24,229.33,AF,PT11H10M,2026-02-24T04:50:00,2026-02-24T06:35:00,
IST,BCN,2026/2/24,245.51,JU,PT5H45M,2026-02-24T05:20:00,2026-02-24T05:45:00,
IST,BCN,2026/2/24,245.51,JU,PT26H5M,2026-02-24T19:40:00,2026-02-24T19:25:00,
IST,BCN,2026/2/24,248.72,A3,PT7H20M,2026-02-24T11:50:00,2026-02-24T12:20:00,
IST,BCN,2026/2/25,102.05,PC,PT3H40M,2026-02-25T10:05:00,2026-02-25T11:45:00,
IST,BCN,2026/2/25,102.05,PC,PT3H40M,2026-02-25T13:05:00,2026-02-25T14:45:00,
IST,BCN,2026/2/25,113.68,VF,PT8H40M,2026-02-25T05:50:00,2026-02-25T06:55:00,
IST,BCN,2026/2/25,113.68,VF,PT11H30M,2026-02-25T03:00:00,2026-02-25T04:05:00,
IST,BCN,2026/2/25,153.0,IB,PT3H40M,2026-02-25T19:20:00,2026-02-25T21:00:00,
IST,BCN,2026/2/25,153.0,VY,PT3H40M,2026-02-25T19:20:00,2026-02-25T21:00:00,
IST,BCN,2026/2/25,161.48,LO,PT11H55M,2026-02-25T07:50:00,2026-02-25T08:25:00,
IST,BCN,2026/2/25,161.72,A3,PT7H35M,2026-02-25T11:35:00,2026-02-25T12:00:00,
IST,BCN,2026/2/25,161.72,A3,PT14H25M,2026-02-25T22:00:00,2026-02-25T22:25:00,
IST,BCN,2026/2/25,186.51,JU,PT18H25M,2026-02-25T16:40:00,2026-02-25T16:20:00,
IST,BCN,2026/2/25,193.37,UX,PT25H20M,2026-02-25T17:15:00,2026-02-25T19:30:00,
IST,BCN,2026/2/25,214.51,JU,PT5H5M,2026-02-25T16:40:00,2026-02-25T16:20:00,
IST,BCN,2026/2/25,229.33,AF,PT8H20M,2026-02-25T04:50:00,2026-02-25T06:35:00,
IST,BCN,2026/2/25,229.33,AF,PT11H10M,2026-02-25T04:50:00,2026-02-25T06:35:00,
IST,BCN,2026/2/25,245.51,JU,PT7H10M,2026-02-25T14:35:00,2026-02-25T14:25:00,
IST,BCN,2026/2/26,102.05,PC,PT3H40M,2026-02-26T10:05:00,2026-02-26T11:45:00,
IST,BCN,2026/2/26,113.68,VF,PT17H15M,2026-02-26T21:15:00,2026-02-26T22:20:00,
IST,BCN,2026/2/26,113.68,VF,PT21H15M,2026-02-26T17:15:00,2026-02-26T18:20:00,
IST,BCN,2026/2/26,153.0,IB,PT3H40M,2026-02-26T19:20:00,2026-02-26T21:00:00,
IST,BCN,2026/2/26,153.0,VY,PT3H40M,2026-02-26T19:20:00,2026-02-26T21:00:00,
IST,BCN,2026/2/26,161.48,LO,PT25H15M,2026-02-26T18:30:00,2026-02-26T19:05:00,
IST,BCN,2026/2/26,161.51,JU,PT28H10M,2026-02-26T17:35:00,2026-02-26T17:15:00,
IST,BCN,2026/2/26,161.72,A3,PT7H35M,2026-02-26T11:35:00,2026-02-26T12:00:00,
IST,BCN,2026/2/26,161.72,A3,PT14H25M,2026-02-26T22:00:00,2026-02-26T22:25:00,
IST,BCN,2026/2/26,167.0,5F,PT25H10M,2026-02-26T18:20:00,2026-02-26T18:50:00,
IST,BCN,2026/2/26,193.37,UX,PT25H20M,2026-02-26T17:15:00,2026-02-26T19:30:00,
IST,BCN,2026/2/26,214.51,JU,PT5H45M,2026-02-26T05:20:00,2026-02-26T05:45:00,
IST,BCN,2026/2/26,229.33,AF,PT8H20M,2026-02-26T04:50:00,2026-02-26T06:35:00,
IST,BCN,2026/2/26,229.33,AF,PT11H10M,2026-02-26T04:50:00,2026-02-26T06:35:00,
IST,BCN,2026/2/26,245.51,JU,PT15H25M,2026-02-26T19:40:00,2026-02-26T19:25:00,
IST,BCN,2026/2/27,102.05,PC,PT3H40M,2026-02-27T13:05:00,2026-02-27T14:45:00,
IST,BCN,2026/2/27,113.68,VF,PT8H40M,2026-02-27T05:50:00,2026-02-27T06:55:00,
IST,BCN,2026/2/27,113.68,VF,PT13H30M,2026-02-27T01:00:00,2026-02-27T02:05:00,
IST,BCN,2026/2/27,117.05,PC,PT3H40M,2026-02-27T10:05:00,2026-02-27T11:45:00,
IST,BCN,2026/2/27,153.0,IB,PT3H40M,2026-02-27T19:20:00,2026-02-27T21:00:00,
IST,BCN,2026/2/27,153.0,VY,PT3H40M,2026-02-27T19:20:00,2026-02-27T21:00:00,
IST,BCN,2026/2/27,161.48,LO,PT11H55M,2026-02-27T07:50:00,2026-02-27T08:25:00,
IST,BCN,2026/2/27,161.51,JU,PT5H5M,2026-02-27T16:40:00,2026-02-27T16:20:00,
IST,BCN,2026/2/27,161.51,JU,PT5H45M,2026-02-27T05:20:00,2026-02-27T05:45:00,
IST,BCN,2026/2/27,161.72,A3,PT7H35M,2026-02-27T11:35:00,2026-02-27T12:00:00,
IST,BCN,2026/2/27,161.72,A3,PT14H25M,2026-02-27T22:00:00,2026-02-27T22:25:00,
IST,BCN,2026/2/27,167.0,5F,PT8H50M,2026-02-27T10:40:00,2026-02-27T11:10:00,
IST,BCN,2026/2/27,193.37,UX,PT25H20M,2026-02-27T17:15:00,2026-02-27T19:30:00,
IST,BCN,2026/2/27,196.85,UX,PT17H40M,2026-02-27T17:15:00,2026-02-27T19:30:00,
IST,BCN,2026/2/27,209.34,AF,PT7H10M,2026-02-27T17:55:00,2026-02-27T19:35:00,
IST,BCN,2026/2/28,113.68,VF,PT9H,2026-02-28T05:30:00,2026-02-28T06:35:00,
IST,BCN,2026/2/28,117.05,PC,PT3H40M,2026-02-28T10:05:00,2026-02-28T11:45:00,
IST,BCN,2026/2/28,138.61,RJ,PT19H5M,2026-02-28T22:10:00,2026-03-01T00:45:00,
IST,BCN,2026/2/28,153.0,IB,PT3H40M,2026-02-28T19:20:00,2026-02-28T21:00:00,
IST,BCN,2026/2/28,153.0,VY,PT3H40M,2026-02-28T19:20:00,2026-02-28T21:00:00,
IST,BCN,2026/2/28,161.48,LO,PT25H15M,2026-02-28T18:30:00,2026-02-28T19:05:00,
IST,BCN,2026/2/28,161.51,JU,PT5H35M,2026-02-28T05:30:00,2026-02-28T05:10:00,
IST,BCN,2026/2/28,161.51,JU,PT28H10M,2026-02-28T17:35:00,2026-02-28T17:15:00,
IST,BCN,2026/2/28,161.72,A3,PT7H35M,2026-02-28T11:35:00,2026-02-28T12:00:00,
IST,BCN,2026/2/28,161.72,A3,PT14H25M,2026-02-28T22:00:00,2026-02-28T22:25:00,
IST,BCN,2026/2/28,186.57,UX,PT17H40M,2026-02-28T17:15:00,2026-02-28T19:30:00,
IST,BCN,2026/2/28,209.34,AF,PT18H30M,2026-02-28T17:55:00,2026-02-28T19:35:00,
IST,BCN,2026/2/28,209.34,AF,PT20H20M,2026-02-28T17:55:00,2026-02-28T19:35:00,
IST,BCN,2026/2/28,235.74,LH,PT6H20M,2026-02-28T19:00:00,2026-02-28T20:10:00,
IST,BCN,2026/2/28,235.74,LH,PT7H45M,2026-02-28T06:30:00,2026-02-28T07:40:00,
IST,BCN,2026/3/1,113.68,VF,PT17H40M,2026-03-01T20:50:00,2026-03-01T21:55:00,
IST,BCN,2026/3/1,113.68,VF,PT20H25M,2026-03-01T18:05:00,2026-03-01T19:10:00,
IST,BCN,2026/3/1,153.0,IB,PT3H40M,2026-03-01T19:20:00,2026-03-01T21:00:00,
IST,BCN,2026/3/1,153.0,VY,PT3H40M,2026-03-01T19:20:00,2026-03-01T21:00:00,
IST,BCN,2026/3/1,161.48,LO,PT11H55M,2026-03-01T07:50:00,2026-03-01T08:25:00,
IST,BCN,2026/3/1,161.51,JU,PT18H25M,2026-03-01T16:40:00,2026-03-01T16:20:00,
IST,BCN,2026/3/1,161.72,A3,PT7H35M,2026-03-01T11:35:00,2026-03-01T12:00:00,
IST,BCN,2026/3/1,186.51,JU,PT5H5M,2026-03-01T16:40:00,2026-03-01T16:20:00,
IST,BCN,2026/3/1,186.57,UX,PT17H40M,2026-03-01T17:15:00,2026-03-01T19:30:00,
IST,BCN,2026/3/1,187.01,PC,PT3H40M,2026-03-01T10:05:00,2026-03-01T11:45:00,
IST,BCN,2026/3/1,194.53,UX,PT25H20M,2026-03-01T17:15:00,2026-03-01T19:30:00,
IST,BCN,2026/3/1,209.34,AF,PT7H10M,2026-03-01T17:55:00,2026-03-01T19:35:00,
IST,BCN,2026/3/1,209.34,AF,PT18H30M,2026-03-01T17:55:00,2026-03-01T19:35:00,
IST,BCN,2026/3/1,219.72,A3,PT14H25M,2026-03-01T22:00:00,2026-03-01T22:25:00,
IST,BCN,2026/3/1,235.74,LH,PT6H20M,2026-03-01T19:00:00,2026-03-01T20:10:00,
IST,BCN,2026/3/2,107.0,5F,PT27H50M,2026-03-02T10:40:00,2026-03-02T11:10:00,
IST,BCN,2026/3/2,113.68,VF,PT8H15M,2026-03-02T06:15:00,2026-03-02T07:20:00,
IST,BCN,2026/3/2,117.05,PC,PT3H40M,2026-03-02T13:05:00,2026-03-02T14:45:00,
IST,BCN,2026/3/2,135.05,PC,PT3H40M,2026-03-02T10:05:00,2026-03-02T11:45:00,
IST,BCN,2026/3/2,153.0,IB,PT3H40M,2026-03-02T19:20:00,2026-03-02T21:00:00,
IST,BCN,2026/3/2,153.0,VY,PT3H40M,2026-03-02T19:20:00,2026-03-02T21:00:00,
IST,BCN,2026/3/2,161.48,LO,PT11H55M,2026-03-02T07:50:00,2026-03-02T08:25:00,
IST,BCN,2026/3/2,161.51,JU,PT5H5M,2026-03-02T16:40:00,2026-03-02T16:20:00,
IST,BCN,2026/3/2,161.51,JU,PT5H35M,2026-03-02T05:30:00,2026-03-02T05:10:00,
IST,BCN,2026/3/2,161.72,A3,PT7H35M,2026-03-02T11:35:00,2026-03-02T12:00:00,
IST,BCN,2026/3/2,186.57,UX,PT17H40M,2026-03-02T17:15:00,2026-03-02T19:30:00,
IST,BCN,2026/3/2,188.72,A3,PT14H25M,2026-03-02T22:00:00,2026-03-02T22:25:00,
IST,BCN,2026/3/2,209.34,AF,PT7H10M,2026-03-02T17:55:00,2026-03-02T19:35:00,
IST,BCN,2026/3/2,209.34,AF,PT18H30M,2026-03-02T17:55:00,2026-03-02T19:35:00,
IST,BCN,2026/3/2,235.74,LH,PT6H20M,2026-03-02T19:00:00,2026-03-02T20:10:00,
IST,BCN,2026/3/3,113.68,VF,PT17H,2026-03-03T21:30:00,2026-03-03T22:35:00,
IST,BCN,2026/3/3,113.68,VF,PT20H40M,2026-03-03T17:50:00,2026-03-03T18:55:00,
IST,BCN,2026/3/3,135.05,PC,PT3H40M,2026-03-03T10:05:00,2026-03-03T11:45:00,
IST,BCN,2026/3/3,153.0,IB,PT3H40M,2026-03-03T19:20:00,2026-03-03T21:00:00,
IST,BCN,2026/3/3,153.0,VY,PT3H40M,2026-03-03T19:20:00,2026-03-03T21:00:00,
IST,BCN,2026/3/3,161.72,A3,PT7H35M,2026-03-03T11:35:00,2026-03-03T12:00:00,
IST,BCN,2026/3/3,161.72,A3,PT14H25M,2026-03-03T22:00:00,2026-03-03T22:25:00,
IST,BCN,2026/3/3,209.34,AF,PT7H10M,2026-03-03T17:55:00,2026-03-03T19:35:00,
IST,BCN,2026/3/3,209.34,AF,PT18H30M,2026-03-03T17:55:00,2026-03-03T19:35:00,
IST,BCN,2026/3/3,227.59,TK,PT3H50M,2026-03-03T22:00:00,2026-03-03T23:50:00,
IST,BCN,2026/3/3,229.33,AF,PT8H20M,2026-03-03T04:50:00,2026-03-03T06:35:00,
IST,BCN,2026/3/3,229.33,AF,PT11H10M,2026-03-03T04:50:00,2026-03-03T06:35:00,
IST,BCN,2026/3/3,235.74,LH,PT6H20M,2026-03-03T19:00:00,2026-03-03T20:10:00,
IST,BCN,2026/3/3,235.74,LH,PT7H30M,2026-03-03T06:30:00,2026-03-03T07:40:00,
IST,BCN,2026/3/3,235.74,LH,PT8H30M,2026-03-03T06:30:00,2026-03-03T07:40:00,
IST,BCN,2026/3/4,113.68,VF,PT8H40M,2026-03-04T05:50:00,2026-03-04T06:55:00,
IST,BCN,2026/3/4,113.68,VF,PT11H30M,2026-03-04T03:00:00,2026-03-04T04:05:00,
IST,BCN,2026/3/4,135.05,PC,PT3H40M,2026-03-04T10:05:00,2026-03-04T11:45:00,
IST,BCN,2026/3/4,135.05,PC,PT3H40M,2026-03-04T13:05:00,2026-03-04T14:45:00,
IST,BCN,2026/3/4,138.61,RJ,PT19H5M,2026-03-04T22:10:00,2026-03-05T00:45:00,
IST,BCN,2026/3/4,147.33,AF,PT8H20M,2026-03-04T04:50:00,2026-03-04T06:35:00,
IST,BCN,2026/3/4,147.33,AF,PT11H10M,2026-03-04T04:50:00,2026-03-04T06:35:00,
IST,BCN,2026/3/4,153.0,IB,PT3H40M,2026-03-04T19:20:00,2026-03-04T21:00:00,
IST,BCN,2026/3/4,153.0,VY,PT3H40M,2026-03-04T19:20:00,2026-03-04T21:00:00,
IST,BCN,2026/3/4,161.48,LO,PT11H55M,2026-03-04T07:50:00,2026-03-04T08:25:00,
IST,BCN,2026/3/4,161.72,A3,PT7H35M,2026-03-04T11:35:00,2026-03-04T12:00:00,
IST,BCN,2026/3/4,161.72,A3,PT14H25M,2026-03-04T22:00:00,2026-03-04T22:25:00,
IST,BCN,2026/3/4,187.34,AF,PT7H10M,2026-03-04T17:55:00,2026-03-04T19:35:00,
IST,BCN,2026/3/4,187.34,AF,PT18H30M,2026-03-04T17:55:00,2026-03-04T19:35:00,
IST,BCN,2026/3/4,194.53,UX,PT25H20M,2026-03-04T17:15:00,2026-03-04T19:30:00,
IST,BCN,2026/3/5,107.0,5F,PT25H10M,2026-03-05T18:20:00,2026-03-05T18:50:00,
IST,BCN,2026/3/5,113.68,VF,PT17H15M,2026-03-05T21:15:00,2026-03-05T22:20:00,
IST,BCN,2026/3/5,113.68,VF,PT21H15M,2026-03-05T17:15:00,2026-03-05T18:20:00,
IST,BCN,2026/3/5,135.05,PC,PT3H40M,2026-03-05T10:05:00,2026-03-05T11:45:00,
IST,BCN,2026/3/5,147.33,AF,PT8H20M,2026-03-05T04:50:00,2026-03-05T06:35:00,
IST,BCN,2026/3/5,147.33,AF,PT11H10M,2026-03-05T04:50:00,2026-03-05T06:35:00,
IST,BCN,2026/3/5,153.0,IB,PT3H40M,2026-03-05T19:20:00,2026-03-05T21:00:00,
IST,BCN,2026/3/5,153.0,VY,PT3H40M,2026-03-05T19:20:00,2026-03-05T21:00:00,
IST,BCN,2026/3/5,161.48,LO,PT25H15M,2026-03-05T18:30:00,2026-03-05T19:05:00,
IST,BCN,2026/3/5,161.51,JU,PT28H10M,2026-03-05T17:35:00,2026-03-05T17:15:00,
IST,BCN,2026/3/5,161.72,A3,PT7H35M,2026-03-05T11:35:00,2026-03-05T12:00:00,
IST,BCN,2026/3/5,161.72,A3,PT14H25M,2026-03-05T22:00:00,2026-03-05T22:25:00,
IST,BCN,2026/3/5,187.34,AF,PT7H10M,2026-03-05T17:55:00,2026-03-05T19:35:00,
IST,BCN,2026/3/5,187.34,AF,PT18H30M,2026-03-05T17:55:00,2026-03-05T19:35:00,
IST,BCN,2026/3/5,194.53,UX,PT25H20M,2026-03-05T17:15:00,2026-03-05T19:30:00,
IST,BCN,2026/3/6,102.05,PC,PT3H40M,2026-03-06T13:05:00,2026-03-06T14:45:00,
IST,BCN,2026/3/6,107.0,5F,PT8H50M,2026-03-06T10:40:00,2026-03-06T11:10:00,
IST,BCN,2026/3/6,113.68,VF,PT8H40M,2026-03-06T05:50:00,2026-03-06T06:55:00,
IST,BCN,2026/3/6,113.68,VF,PT13H30M,2026-03-06T01:00:00,2026-03-06T02:05:00,
IST,BCN,2026/3/6,135.05,PC,PT3H40M,2026-03-06T10:05:00,2026-03-06T11:45:00,
IST,BCN,2026/3/6,147.33,AF,PT11H10M,2026-03-06T04:50:00,2026-03-06T06:35:00,
IST,BCN,2026/3/6,153.0,IB,PT3H40M,2026-03-06T19:20:00,2026-03-06T21:00:00,
IST,BCN,2026/3/6,153.0,VY,PT3H40M,2026-03-06T19:20:00,2026-03-06T21:00:00,
IST,BCN,2026/3/6,161.48,LO,PT11H55M,2026-03-06T07:50:00,2026-03-06T08:25:00,
IST,BCN,2026/3/6,161.51,JU,PT5H5M,2026-03-06T16:40:00,2026-03-06T16:20:00,
IST,BCN,2026/3/6,161.51,JU,PT5H45M,2026-03-06T05:20:00,2026-03-06T05:45:00,
IST,BCN,2026/3/6,161.72,A3,PT5H55M,2026-03-06T06:30:00,2026-03-06T07:00:00,
IST,BCN,2026/3/6,161.72,A3,PT14H25M,2026-03-06T22:00:00,2026-03-06T22:25:00,
IST,BCN,2026/3/6,164.33,AF,PT8H20M,2026-03-06T04:50:00,2026-03-06T06:35:00,
IST,BCN,2026/3/6,187.34,AF,PT7H10M,2026-03-06T17:55:00,2026-03-06T19:35:00,
IST,BCN,2026/3/7,113.68,VF,PT9H,2026-03-07T05:30:00,2026-03-07T06:35:00,
IST,BCN,2026/3/7,135.05,PC,PT3H40M,2026-03-07T10:05:00,2026-03-07T11:45:00,
IST,BCN,2026/3/7,138.61,RJ,PT19H5M,2026-03-07T22:10:00,2026-03-08T00:45:00,
IST,BCN,2026/3/7,147.33,AF,PT8H20M,2026-03-07T04:50:00,2026-03-07T06:35:00,
IST,BCN,2026/3/7,147.33,AF,PT11H10M,2026-03-07T04:50:00,2026-03-07T06:35:00,
IST,BCN,2026/3/7,153.0,IB,PT3H40M,2026-03-07T19:20:00,2026-03-07T21:00:00,
IST,BCN,2026/3/7,153.0,VY,PT3H40M,2026-03-07T19:20:00,2026-03-07T21:00:00,
IST,BCN,2026/3/7,161.48,LO,PT25H15M,2026-03-07T18:30:00,2026-03-07T19:05:00,
IST,BCN,2026/3/7,161.51,JU,PT5H35M,2026-03-07T05:30:00,2026-03-07T05:10:00,
IST,BCN,2026/3/7,161.51,JU,PT28H10M,2026-03-07T17:35:00,2026-03-07T17:15:00,
IST,BCN,2026/3/7,161.72,A3,PT5H55M,2026-03-07T06:30:00,2026-03-07T07:00:00,
IST,BCN,2026/3/7,161.72,A3,PT7H35M,2026-03-07T11:35:00,2026-03-07T12:00:00,
IST,BCN,2026/3/7,161.72,A3,PT14H25M,2026-03-07T22:00:00,2026-03-07T22:25:00,
IST,BCN,2026/3/7,187.34,AF,PT18H30M,2026-03-07T17:55:00,2026-03-07T19:35:00,
IST,BCN,2026/3/7,187.34,AF,PT20H20M,2026-03-07T17:55:00,2026-03-07T19:35:00,
IST,BCN,2026/3/8,113.68,VF,PT17H40M,2026-03-08T20:50:00,2026-03-08T21:55:00,
IST,BCN,2026/3/8,113.68,VF,PT20H25M,2026-03-08T18:05:00,2026-03-08T19:10:00,
IST,BCN,2026/3/8,135.05,PC,PT3H40M,2026-03-08T10:05:00,2026-03-08T11:45:00,
IST,BCN,2026/3/8,147.33,AF,PT8H20M,2026-03-08T04:50:00,2026-03-08T06:35:00,
IST,BCN,2026/3/8,147.33,AF,PT11H10M,2026-03-08T04:50:00,2026-03-08T06:35:00,
IST,BCN,2026/3/8,153.0,IB,PT3H40M,2026-03-08T19:20:00,2026-03-08T21:00:00,
IST,BCN,2026/3/8,153.0,VY,PT3H40M,2026-03-08T19:20:00,2026-03-08T21:00:00,
IST,BCN,2026/3/8,161.48,LO,PT11H55M,2026-03-08T07:50:00,2026-03-08T08:25:00,
IST,BCN,2026/3/8,161.72,A3,PT5H55M,2026-03-08T06:30:00,2026-03-08T07:00:00,
IST,BCN,2026/3/8,161.72,A3,PT7H35M,2026-03-08T11:35:00,2026-03-08T12:00:00,
IST,BCN,2026/3/8,161.72,A3,PT14H25M,2026-03-08T22:00:00,2026-03-08T22:25:00,
IST,BCN,2026/3/8,186.51,JU,PT5H5M,2026-03-08T16:40:00,2026-03-08T16:20:00,
IST,BCN,2026/3/8,186.51,JU,PT18H25M,2026-03-08T16:40:00,2026-03-08T16:20:00,
IST,BCN,2026/3/8,187.34,AF,PT7H10M,2026-03-08T17:55:00,2026-03-08T19:35:00,
IST,BCN,2026/3/8,187.34,AF,PT18H30M,2026-03-08T17:55:00,2026-03-08T19:35:00,
IST,BCN,2026/3/9,102.05,PC,PT3H40M,2026-03-09T13:05:00,2026-03-09T14:45:00,
IST,BCN,2026/3/9,107.0,5F,PT27H50M,2026-03-09T10:40:00,2026-03-09T11:10:00,
IST,BCN,2026/3/9,113.68,VF,PT8H15M,2026-03-09T06:15:00,2026-03-09T07:20:00,
IST,BCN,2026/3/9,135.05,PC,PT3H40M,2026-03-09T10:05:00,2026-03-09T11:45:00,
IST,BCN,2026/3/9,147.33,AF,PT8H20M,2026-03-09T04:50:00,2026-03-09T06:35:00,
IST,BCN,2026/3/9,147.33,AF,PT11H10M,2026-03-09T04:50:00,2026-03-09T06:35:00,
IST,BCN,2026/3/9,153.0,IB,PT3H40M,2026-03-09T19:20:00,2026-03-09T21:00:00,
IST,BCN,2026/3/9,153.0,VY,PT3H40M,2026-03-09T19:20:00,2026-03-09T21:00:00,
IST,BCN,2026/3/9,161.48,LO,PT11H55M,2026-03-09T07:50:00,2026-03-09T08:25:00,
IST,BCN,2026/3/9,161.51,JU,PT5H5M,2026-03-09T16:40:00,2026-03-09T16:20:00,
IST,BCN,2026/3/9,161.51,JU,PT5H35M,2026-03-09T05:30:00,2026-03-09T05:10:00,
IST,BCN,2026/3/9,161.72,A3,PT7H35M,2026-03-09T11:35:00,2026-03-09T12:00:00,
IST,BCN,2026/3/9,161.72,A3,PT14H25M,2026-03-09T22:00:00,2026-03-09T22:25:00,
IST,BCN,2026/3/9,166.34,AF,PT7H10M,2026-03-09T17:55:00,2026-03-09T19:35:00,
IST,BCN,2026/3/9,166.34,AF,PT18H30M,2026-03-09T17:55:00,2026-03-09T19:35:00,
IST,BCN,2026/3/10,102.05,PC,PT3H40M,2026-03-10T10:05:00,2026-03-10T11:45:00,
IST,BCN,2026/3/10,113.68,VF,PT17H,2026-03-10T21:30:00,2026-03-10T22:35:00,
IST,BCN,2026/3/10,113.68,VF,PT20H40M,2026-03-10T17:50:00,2026-03-10T18:55:00,
IST,BCN,2026/3/10,147.33,AF,PT8H20M,2026-03-10T04:50:00,2026-03-10T06:35:00,
IST,BCN,2026/3/10,147.33,AF,PT11H10M,2026-03-10T04:50:00,2026-03-10T06:35:00,
IST,BCN,2026/3/10,153.0,IB,PT3H40M,2026-03-10T19:20:00,2026-03-10T21:00:00,
IST,BCN,2026/3/10,153.0,VY,PT3H40M,2026-03-10T19:20:00,2026-03-10T21:00:00,
IST,BCN,2026/3/10,161.48,LO,PT25H15M,2026-03-10T18:30:00,2026-03-10T19:05:00,
IST,BCN,2026/3/10,161.72,A3,PT7H35M,2026-03-10T11:35:00,2026-03-10T12:00:00,
IST,BCN,2026/3/10,166.34,AF,PT7H10M,2026-03-10T17:55:00,2026-03-10T19:35:00,
IST,BCN,2026/3/10,166.34,AF,PT18H30M,2026-03-10T17:55:00,2026-03-10T19:35:00,
IST,BCN,2026/3/10,180.74,LH,PT6H20M,2026-03-10T19:00:00,2026-03-10T20:10:00,
IST,BCN,2026/3/10,180.74,LH,PT7H30M,2026-03-10T06:30:00,2026-03-10T07:40:00,
IST,BCN,2026/3/10,180.74,LH,PT8H30M,2026-03-10T06:30:00,2026-03-10T07:40:00,
IST,BCN,2026/3/10,188.78,LH,PT15H40M,2026-03-10T19:00:00,2026-03-10T20:10:00,
IST,BCN,2026/3/11,113.68,VF,PT8H40M,2026-03-11T05:50:00,2026-03-11T06:55:00,
IST,BCN,2026/3/11,113.68,VF,PT11H30M,2026-03-11T03:00:00,2026-03-11T04:05:00,
IST,BCN,2026/3/11,117.05,PC,PT3H40M,2026-03-11T13:05:00,2026-03-11T14:45:00,
IST,BCN,2026/3/11,135.05,PC,PT3H40M,2026-03-11T10:05:00,2026-03-11T11:45:00,
IST,BCN,2026/3/11,138.61,RJ,PT19H5M,2026-03-11T22:10:00,2026-03-12T00:45:00,
IST,BCN,2026/3/11,153.0,IB,PT3H40M,2026-03-11T19:20:00,2026-03-11T21:00:00,
IST,BCN,2026/3/11,153.0,VY,PT3H40M,2026-03-11T19:20:00,2026-03-11T21:00:00,
IST,BCN,2026/3/11,161.48,LO,PT11H55M,2026-03-11T07:50:00,2026-03-11T08:25:00,
IST,BCN,2026/3/11,161.72,A3,PT7H35M,2026-03-11T11:35:00,2026-03-11T12:00:00,
IST,BCN,2026/3/11,161.72,A3,PT14H25M,2026-03-11T22:00:00,2026-03-11T22:25:00,
IST,BCN,2026/3/11,166.34,AF,PT7H10M,2026-03-11T17:55:00,2026-03-11T19:35:00,
IST,BCN,2026/3/11,166.34,AF,PT18H30M,2026-03-11T17:55:00,2026-03-11T19:35:00,
IST,BCN,2026/3/11,180.74,LH,PT6H20M,2026-03-11T19:00:00,2026-03-11T20:10:00,
IST,BCN,2026/3/11,180.74,LH,PT7H25M,2026-03-11T06:30:00,2026-03-11T07:40:00,
IST,BCN,2026/3/11,180.74,LH,PT8H30M,2026-03-11T06:30:00,2026-03-11T07:40:00,
IST,BCN,2026/3/12,107.0,5F,PT25H10M,2026-03-12T18:20:00,2026-03-12T18:50:00,
IST,BCN,2026/3/12,113.68,VF,PT17H15M,2026-03-12T21:15:00,2026-03-12T22:20:00,
IST,BCN,2026/3/12,113.68,VF,PT21H15M,2026-03-12T17:15:00,2026-03-12T18:20:00,
IST,BCN,2026/3/12,117.05,PC,PT3H40M,2026-03-12T10:05:00,2026-03-12T11:45:00,
IST,BCN,2026/3/12,147.33,AF,PT8H20M,2026-03-12T04:50:00,2026-03-12T06:35:00,
IST,BCN,2026/3/12,147.33,AF,PT11H10M,2026-03-12T04:50:00,2026-03-12T06:35:00,
IST,BCN,2026/3/12,153.0,IB,PT3H40M,2026-03-12T19:20:00,2026-03-12T21:00:00,
IST,BCN,2026/3/12,153.0,VY,PT3H40M,2026-03-12T19:20:00,2026-03-12T21:00:00,
IST,BCN,2026/3/12,161.48,LO,PT25H15M,2026-03-12T18:30:00,2026-03-12T19:05:00,
IST,BCN,2026/3/12,161.51,JU,PT28H10M,2026-03-12T17:35:00,2026-03-12T17:15:00,
IST,BCN,2026/3/12,161.72,A3,PT14H25M,2026-03-12T22:00:00,2026-03-12T22:25:00,
IST,BCN,2026/3/12,166.34,AF,PT7H10M,2026-03-12T17:55:00,2026-03-12T19:35:00,
IST,BCN,2026/3/12,166.34,AF,PT18H30M,2026-03-12T17:55:00,2026-03-12T19:35:00,
IST,BCN,2026/3/12,180.74,LH,PT6H20M,2026-03-12T19:00:00,2026-03-12T20:10:00,
IST,BCN,2026/3/12,188.72,A3,PT7H35M,2026-03-12T11:35:00,2026-03-12T12:00:00,
IST,BCN,2026/3/13,113.68,VF,PT8H40M,2026-03-13T05:50:00,2026-03-13T06:55:00,
IST,BCN,2026/3/13,113.68,VF,PT13H30M,2026-03-13T01:00:00,2026-03-13T02:05:00,
IST,BCN,2026/3/13,132.0,5F,PT8H50M,2026-03-13T10:40:00,2026-03-13T11:10:00,
IST,BCN,2026/3/13,135.05,PC,PT3H40M,2026-03-13T10:05:00,2026-03-13T11:45:00,
IST,BCN,2026/3/13,135.05,PC,PT3H40M,2026-03-13T13:05:00,2026-03-13T14:45:00,
IST,BCN,2026/3/13,147.33,AF,PT11H10M,2026-03-13T04:50:00,2026-03-13T06:35:00,
IST,BCN,2026/3/13,153.0,IB,PT3H40M,2026-03-13T19:20:00,2026-03-13T21:00:00,
IST,BCN,2026/3/13,153.0,VY,PT3H40M,2026-03-13T19:20:00,2026-03-13T21:00:00,
IST,BCN,2026/3/13,161.48,LO,PT11H55M,2026-03-13T07:50:00,2026-03-13T08:25:00,
IST,BCN,2026/3/13,161.51,JU,PT5H5M,2026-03-13T16:40:00,2026-03-13T16:20:00,
IST,BCN,2026/3/13,161.51,JU,PT5H45M,2026-03-13T05:20:00,2026-03-13T05:45:00,
IST,BCN,2026/3/13,161.72,A3,PT7H35M,2026-03-13T11:35:00,2026-03-13T12:00:00,
IST,BCN,2026/3/13,161.72,A3,PT14H25M,2026-03-13T22:00:00,2026-03-13T22:25:00,
IST,BCN,2026/3/13,164.33,AF,PT8H20M,2026-03-13T04:50:00,2026-03-13T06:35:00,
IST,BCN,2026/3/13,166.34,AF,PT7H10M,2026-03-13T17:55:00,2026-03-13T19:35:00,
IST,BCN,2026/3/14,113.68,VF,PT9H,2026-03-14T05:30:00,2026-03-14T06:35:00,
IST,BCN,2026/3/14,148.34,AF,PT18H30M,2026-03-14T17:55:00,2026-03-14T19:35:00,
IST,BCN,2026/3/14,148.34,AF,PT20H20M,2026-03-14T17:55:00,2026-03-14T19:35:00,
IST,BCN,2026/3/14,153.0,IB,PT3H40M,2026-03-14T19:20:00,2026-03-14T21:00:00,
IST,BCN,2026/3/14,153.0,VY,PT3H40M,2026-03-14T19:20:00,2026-03-14T21:00:00,
IST,BCN,2026/3/14,161.48,LO,PT25H15M,2026-03-14T18:30:00,2026-03-14T19:05:00,
IST,BCN,2026/3/14,161.72,A3,PT5H55M,2026-03-14T06:30:00,2026-03-14T07:00:00,
IST,BCN,2026/3/14,161.72,A3,PT14H25M,2026-03-14T22:00:00,2026-03-14T22:25:00,
IST,BCN,2026/3/14,170.01,PC,PT3H40M,2026-03-14T10:05:00,2026-03-14T11:45:00,
IST,BCN,2026/3/14,180.74,LH,PT6H20M,2026-03-14T19:00:00,2026-03-14T20:10:00,
IST,BCN,2026/3/14,180.74,LH,PT7H45M,2026-03-14T06:30:00,2026-03-14T07:40:00,
IST,BCN,2026/3/14,180.74,LH,PT8H40M,2026-03-14T06:30:00,2026-03-14T07:40:00,
IST,BCN,2026/3/14,188.78,LH,PT15H40M,2026-03-14T19:00:00,2026-03-14T20:10:00,
IST,BCN,2026/3/14,194.53,UX,PT25H20M,2026-03-14T17:15:00,2026-03-14T19:30:00,
IST,BCN,2026/3/14,203.33,AF,PT11H10M,2026-03-14T04:50:00,2026-03-14T06:35:00,
IST,BCN,2026/3/15,113.68,VF,PT17H40M,2026-03-15T20:50:00,2026-03-15T21:55:00,
IST,BCN,2026/3/15,113.68,VF,PT20H25M,2026-03-15T18:05:00,2026-03-15T19:10:00,
IST,BCN,2026/3/15,148.34,AF,PT7H10M,2026-03-15T17:55:00,2026-03-15T19:35:00,
IST,BCN,2026/3/15,148.34,AF,PT18H30M,2026-03-15T17:55:00,2026-03-15T19:35:00,
IST,BCN,2026/3/15,153.0,IB,PT3H40M,2026-03-15T19:20:00,2026-03-15T21:00:00,
IST,BCN,2026/3/15,153.0,VY,PT3H40M,2026-03-15T19:20:00,2026-03-15T21:00:00,
IST,BCN,2026/3/15,161.48,LO,PT11H55M,2026-03-15T07:50:00,2026-03-15T08:25:00,
IST,BCN,2026/3/15,161.72,A3,PT5H55M,2026-03-15T06:30:00,2026-03-15T07:00:00,
IST,BCN,2026/3/15,161.72,A3,PT7H35M,2026-03-15T11:35:00,2026-03-15T12:00:00,
IST,BCN,2026/3/15,161.72,A3,PT14H25M,2026-03-15T22:00:00,2026-03-15T22:25:00,
IST,BCN,2026/3/15,180.74,LH,PT7H45M,2026-03-15T06:30:00,2026-03-15T07:40:00,
IST,BCN,2026/3/15,180.74,LH,PT8H40M,2026-03-15T06:30:00,2026-03-15T07:40:00,
IST,BCN,2026/3/15,182.33,AF,PT8H20M,2026-03-15T04:50:00,2026-03-15T06:35:00,
IST,BCN,2026/3/15,182.33,AF,PT11H10M,2026-03-15T04:50:00,2026-03-15T06:35:00,
IST,BCN,2026/3/15,186.51,JU,PT5H5M,2026-03-15T16:40:00,2026-03-15T16:20:00,
IST,BCN,2026/3/16,107.0,5F,PT27H50M,2026-03-16T10:40:00,2026-03-16T11:10:00,
IST,BCN,2026/3/16,113.68,VF,PT8H15M,2026-03-16T06:15:00,2026-03-16T07:20:00,
IST,BCN,2026/3/16,135.05,PC,PT3H40M,2026-03-16T13:05:00,2026-03-16T14:45:00,
IST,BCN,2026/3/16,147.33,AF,PT8H20M,2026-03-16T04:50:00,2026-03-16T06:35:00,
IST,BCN,2026/3/16,147.33,AF,PT11H10M,2026-03-16T04:50:00,2026-03-16T06:35:00,
IST,BCN,2026/3/16,148.34,AF,PT7H10M,2026-03-16T17:55:00,2026-03-16T19:35:00,
IST,BCN,2026/3/16,148.34,AF,PT18H30M,2026-03-16T17:55:00,2026-03-16T19:35:00,
IST,BCN,2026/3/16,153.0,IB,PT3H40M,2026-03-16T19:20:00,2026-03-16T21:00:00,
IST,BCN,2026/3/16,153.0,VY,PT3H40M,2026-03-16T19:20:00,2026-03-16T21:00:00,
IST,BCN,2026/3/16,153.01,PC,PT3H40M,2026-03-16T10:05:00,2026-03-16T11:45:00,
IST,BCN,2026/3/16,161.48,LO,PT11H55M,2026-03-16T07:50:00,2026-03-16T08:25:00,
IST,BCN,2026/3/16,161.51,JU,PT5H5M,2026-03-16T16:40:00,2026-03-16T16:20:00,
IST,BCN,2026/3/16,161.51,JU,PT5H35M,2026-03-16T05:30:00,2026-03-16T05:10:00,
IST,BCN,2026/3/16,161.72,A3,PT7H35M,2026-03-16T11:35:00,2026-03-16T12:00:00,
IST,BCN,2026/3/16,161.72,A3,PT14H25M,2026-03-16T22:00:00,2026-03-16T22:25:00,
IST,BCN,2026/3/17,113.68,VF,PT17H,2026-03-17T21:30:00,2026-03-17T22:35:00,
IST,BCN,2026/3/17,113.68,VF,PT20H40M,2026-03-17T17:50:00,2026-03-17T18:55:00,
IST,BCN,2026/3/17,135.05,PC,PT3H40M,2026-03-17T10:05:00,2026-03-17T11:45:00,
IST,BCN,2026/3/17,147.33,AF,PT8H20M,2026-03-17T04:50:00,2026-03-17T06:35:00,
IST,BCN,2026/3/17,147.33,AF,PT11H10M,2026-03-17T04:50:00,2026-03-17T06:35:00,
IST,BCN,2026/3/17,148.34,AF,PT7H10M,2026-03-17T17:55:00,2026-03-17T19:35:00,
IST,BCN,2026/3/17,148.34,AF,PT18H30M,2026-03-17T17:55:00,2026-03-17T19:35:00,
IST,BCN,2026/3/17,153.0,IB,PT3H40M,2026-03-17T19:20:00,2026-03-17T21:00:00,
IST,BCN,2026/3/17,153.0,VY,PT3H40M,2026-03-17T19:20:00,2026-03-17T21:00:00,
IST,BCN,2026/3/17,161.48,LO,PT25H15M,2026-03-17T18:30:00,2026-03-17T19:05:00,
IST,BCN,2026/3/17,161.72,A3,PT7H35M,2026-03-17T11:35:00,2026-03-17T12:00:00,
IST,BCN,2026/3/17,161.72,A3,PT14H25M,2026-03-17T22:00:00,2026-03-17T22:25:00,
IST,BCN,2026/3/17,180.74,LH,PT7H30M,2026-03-17T06:30:00,2026-03-17T07:40:00,
IST,BCN,2026/3/17,180.74,LH,PT8H30M,2026-03-17T06:30:00,2026-03-17T07:40:00,
IST,BCN,2026/3/17,186.51,JU,PT28H10M,2026-03-17T17:35:00,2026-03-17T17:15:00,
IST,BCN,2026/3/18,113.68,VF,PT8H40M,2026-03-18T05:50:00,2026-03-18T06:55:00,
IST,BCN,2026/3/18,113.68,VF,PT11H30M,2026-03-18T03:00:00,2026-03-18T04:05:00,
IST,BCN,2026/3/18,147.33,AF,PT8H20M,2026-03-18T04:50:00,2026-03-18T06:35:00,
IST,BCN,2026/3/18,147.33,AF,PT11H10M,2026-03-18T04:50:00,2026-03-18T06:35:00,
IST,BCN,2026/3/18,153.0,IB,PT3H40M,2026-03-18T19:20:00,2026-03-18T21:00:00,
IST,BCN,2026/3/18,153.0,VY,PT3H40M,2026-03-18T19:20:00,2026-03-18T21:00:00,
IST,BCN,2026/3/18,153.01,PC,PT3H40M,2026-03-18T13:05:00,2026-03-18T14:45:00,
IST,BCN,2026/3/18,161.48,LO,PT11H55M,2026-03-18T07:50:00,2026-03-18T08:25:00,
IST,BCN,2026/3/18,161.72,A3,PT7H35M,2026-03-18T11:35:00,2026-03-18T12:00:00,
IST,BCN,2026/3/18,161.72,A3,PT14H25M,2026-03-18T22:00:00,2026-03-18T22:25:00,
IST,BCN,2026/3/18,170.01,PC,PT3H40M,2026-03-18T10:05:00,2026-03-18T11:45:00,
IST,BCN,2026/3/18,180.61,RJ,PT19H5M,2026-03-18T22:10:00,2026-03-19T00:45:00,
IST,BCN,2026/3/18,180.74,LH,PT6H20M,2026-03-18T19:00:00,2026-03-18T20:10:00,
IST,BCN,2026/3/18,180.74,LH,PT7H25M,2026-03-18T06:30:00,2026-03-18T07:40:00,
IST,BCN,2026/3/18,180.74,LH,PT8H30M,2026-03-18T06:30:00,2026-03-18T07:40:00,
IST,BCN,2026/3/19,113.68,VF,PT17H15M,2026-03-19T21:15:00,2026-03-19T22:20:00,
IST,BCN,2026/3/19,113.68,VF,PT21H15M,2026-03-19T17:15:00,2026-03-19T18:20:00,
IST,BCN,2026/3/19,122.0,5F,PT25H10M,2026-03-19T18:20:00,2026-03-19T18:50:00,
IST,BCN,2026/3/19,131.34,AF,PT7H10M,2026-03-19T17:55:00,2026-03-19T19:35:00,
IST,BCN,2026/3/19,131.34,AF,PT18H30M,2026-03-19T17:55:00,2026-03-19T19:35:00,
IST,BCN,2026/3/19,147.33,AF,PT8H20M,2026-03-19T04:50:00,2026-03-19T06:35:00,
IST,BCN,2026/3/19,147.33,AF,PT11H10M,2026-03-19T04:50:00,2026-03-19T06:35:00,
IST,BCN,2026/3/19,153.0,IB,PT3H40M,2026-03-19T19:20:00,2026-03-19T21:00:00,
IST,BCN,2026/3/19,153.0,VY,PT3H40M,2026-03-19T19:20:00,2026-03-19T21:00:00,
IST,BCN,2026/3/19,161.48,LO,PT25H15M,2026-03-19T18:30:00,2026-03-19T19:05:00,
IST,BCN,2026/3/19,161.51,JU,PT28H10M,2026-03-19T17:35:00,2026-03-19T17:15:00,
IST,BCN,2026/3/19,161.72,A3,PT7H35M,2026-03-19T11:35:00,2026-03-19T12:00:00,
IST,BCN,2026/3/19,161.72,A3,PT14H25M,2026-03-19T22:00:00,2026-03-19T22:25:00,
IST,BCN,2026/3/19,180.74,LH,PT6H20M,2026-03-19T19:00:00,2026-03-19T20:10:00,
IST,BCN,2026/3/19,180.74,LH,PT7H30M,2026-03-19T06:30:00,2026-03-19T07:40:00,
,,,,,,,,
,,,,,,,,
,,,,,,,,
,,,,,,,,
,,,,,,,,
,,,,,,,,
,,,,,,,,
,,,,,,,,
,,,,,,,,
,,,,,,,,
,,,,,,,,
,,,,,,,,
,,,,,,,,
,,,,,,,,
,,,,,,,,
,,,,,,,,
,,,,,,,,
,,,,,,,,
,,,,,,,,
,,,,,,,,
,,,,,,,,
,,,,,,,,
,,,,,,,,
,,,,,,,,
,,,,,,,,
,,,,,,,,
,,,,,,,,
,,,,,,,,
,,,,,,,,
,,,,,,,,
,,,,,,,,
,,,,,,,,
,,,,,,,,
,,,,,,,,
,,,,,,,,
,,,,,,,,
,,,,,,,,
,,,,,,,,
,,,,,,,,
,,,,,,,,
,,,,,,,,
,,,,,,,,
,,,,,,,,
,,,,,,,,
,,,,,,,,
,,,,,,,,
,,,,,,,,
,,,,,,,,
,,,,,,,,
,,,,,,,,
,,,,,,,,
,,,,,,,,
,,,,,,,,
,,,,,,,,
,,,,,,,,
,,,,,,,,
,,,,,,,,
,,,,,,,,
,,,,,,,,
,,,,,,,,
,,,,,,,,
,,,,,,,,
,,,,,,,,
,,,,,,,,
,,,,,,,,
,,,,,,,,
,,,,,,,,
,,,,,,,,
,,,,,,,,
,,,,,,,,
,,,,,,,,
,,,,,,,,
,,,,,,,,
,,,,,,,,
,,,,,,,,
,,,,,,,,
,,,,,,,,
,,,,,,,,
,,,,,,,,
,,,,,,,,
,,,,,,,,
,,,,,,,,
,,,,,,,,
,,,,,,,,
,,,,,,,,
,,,,,,,,
,,,,,,,,
,,,,,,,,
,,,,,,,,
,,,,,,,,
,,,,,,,,
,,,,,,,,
,,,,,,,,
,,,,,,,,
,,,,,,,,
,,,,,,,,
,,,,,,,,
,,,,,,,,
,,,,,,,,
,,,,,,,,
,,,,,,,,
,,,,,,,,
,,,,,,,,
,,,,,,,,
,,,,,,,,
,,,,,,,,
,,,,,,,,
,,,,,,,,
,,,,,,,,
,,,,,,,,
,,,,,,,,
,,,,,,,,
,,,,,,,,
,,,,,,,,
,,,,,,,,
,,,,,,,,
,,,,,,,,
,,,,,,,,
,,,,,,,,
,,,,,,,,
,,,,,,,,
,,,,,,,,
,,,,,,,,
,,,,,,,,
,,,,,,,,
,,,,,,,,
,,,,,,,,
,,,,,,,,
,,,,,,,,
,,,,,,,,
,,,,,,,,
,,,,,,,,
,,,,,,,,
,,,,,,,,
,,,,,,,,
,,,,,,,,
,,,,,,,,
,,,,,,,,
,,,,,,,,
,,,,,,,,
,,,,,,,,
,,,,,,,,
,,,,,,,,
,,,,,,,,
,,,,,,,,
,,,,,,,,
,,,,,,,,
,,,,,,,,
,,,,,,,,
,,,,,,,,
,,,,,,,,
,,,,,,,,
,,,,,,,,
,,,,,,,,
,,,,,,,,
,,,,,,,,
,,,,,,,,
,,,,,,,,
,,,,,,,,
,,,,,,,,
,,,,,,,,
,,,,,,,,
,,,,,,,,
,,,,,,,,
,,,,,,,,
,,,,,,,,
,,,,,,,,
,,,,,,,,
,,,,,,,,
,,,,,,,,
,,,,,,,,
,,,,,,,,
,,,,,,,,
,,,,,,,,
,,,,,,,,
,,,,,,,,
,,,,,,,,
,,,,,,,,
,,,,,,,,
,,,,,,,,
,,,,,,,,
,,,,,,,,
,,,,,,,,
,,,,,,,,
,,,,,,,,
,,,,,,,,
,,,,,,,,
,,,,,,,,
,,,,,,,,
,,,,,,,,
,,,,,,,,
,,,,,,,,
,,,,,,,,
,,,,,,,,
,,,,,,,,
,,,,,,,,
,,,,,,,,
,,,,,,,,
,,,,,,,,
,,,,,,,,
,,,,,,,,
,,,,,,,,
,,,,,,,,
,,,,,,,,
,,,,,,,,
,,,,,,,,
,,,,,,,,
,,,,,,,,
,,,,,,,,
,,,,,,,,
,,,,,,,,
,,,,,,,,
,,,,,,,,
,,,,,,,,
,,,,,,,,
,,,,,,,,
,,,,,,,,
,,,,,,,,
,,,,,,,,
,,,,,,,,
,,,,,,,,
,,,,,,,,
,,,,,,,,
,,,,,,,,
,,,,,,,,
,,,,,,,,
,,,,,,,,
,,,,,,,,
,,,,,,,,
,,,,,,,,
,,,,,,,,
,,,,,,,,
,,,,,,,,
,,,,,,,,
,,,,,,,,
,,,,,,,,
,,,,,,,,
,,,,,,,,
,,,,,,,,
,,,,,,,,
NCE,BCN,2026-02-18,77.56,VY,PT1H20M,2026-02-18T22:55:00,2026-02-19T00:15:00,
NCE,BCN,2026-02-18,77.56,IB,PT1H20M,2026-02-18T22:55:00,2026-02-19T00:15:00,
NCE,BCN,2026-02-18,137.41,IB,PT5H35M,2026-02-18T12:35:00,2026-02-18T14:35:00,
NCE,BCN,2026-02-18,150.5,TU,PT4H45M,2026-02-18T09:15:00,2026-02-18T10:50:00,
NCE,BCN,2026-02-18,162.41,IB,PT13H30M,2026-02-18T18:55:00,2026-02-18T20:55:00,
NCE,BCN,2026-02-18,177.28,A3,PT22H45M,2026-02-18T11:40:00,2026-02-18T15:05:00,
NCE,BCN,2026-02-18,177.28,A3,PT29H30M,2026-02-18T11:40:00,2026-02-18T15:05:00,
NCE,BCN,2026-02-18,182.0,TP,PT8H25M,2026-02-18T11:55:00,2026-02-18T13:40:00,
NCE,BCN,2026-02-18,182.0,TP,PT11H50M,2026-02-18T11:55:00,2026-02-18T13:40:00,
NCE,BCN,2026-02-18,198.29,AF,PT4H10M,2026-02-18T15:10:00,2026-02-18T16:45:00,
NCE,BCN,2026-02-18,198.29,AF,PT4H40M,2026-02-18T18:15:00,2026-02-18T19:55:00,
NCE,BCN,2026-02-18,198.29,AF,PT6H5M,2026-02-18T11:00:00,2026-02-18T12:35:00,
NCE,BCN,2026-02-18,198.29,AF,PT7H15M,2026-02-18T12:05:00,2026-02-18T13:45:00,
NCE,BCN,2026-02-18,198.29,AF,PT7H50M,2026-02-18T09:15:00,2026-02-18T10:45:00,
NCE,BCN,2026-02-18,198.29,AF,PT8H10M,2026-02-18T14:45:00,2026-02-18T16:15:00,
NCE,BCN,2026-02-19,77.56,VY,PT1H20M,2026-02-19T22:55:00,2026-02-20T00:15:00,
NCE,BCN,2026-02-19,77.56,IB,PT1H20M,2026-02-19T22:55:00,2026-02-20T00:15:00,
NCE,BCN,2026-02-19,126.9,DY,PT12H40M,2026-02-19T10:40:00,2026-02-19T13:35:00,
NCE,BCN,2026-02-19,137.41,IB,PT5H35M,2026-02-19T12:35:00,2026-02-19T14:35:00,
NCE,BCN,2026-02-19,182.0,TP,PT5H55M,2026-02-19T05:50:00,2026-02-19T07:35:00,
NCE,BCN,2026-02-19,182.0,TP,PT7H55M,2026-02-19T05:50:00,2026-02-19T07:35:00,
NCE,BCN,2026-02-19,182.0,TP,PT15H50M,2026-02-19T18:15:00,2026-02-19T20:00:00,
NCE,BCN,2026-02-19,182.0,TP,PT19H30M,2026-02-19T18:15:00,2026-02-19T20:00:00,
NCE,BCN,2026-02-19,198.29,AF,PT4H10M,2026-02-19T15:10:00,2026-02-19T16:45:00,
NCE,BCN,2026-02-19,198.29,AF,PT4H40M,2026-02-19T18:15:00,2026-02-19T19:55:00,
NCE,BCN,2026-02-19,198.29,AF,PT5H,2026-02-19T12:05:00,2026-02-19T13:45:00,
NCE,BCN,2026-02-19,198.29,AF,PT6H5M,2026-02-19T11:00:00,2026-02-19T12:35:00,
NCE,BCN,2026-02-19,198.29,AF,PT7H15M,2026-02-19T12:05:00,2026-02-19T13:45:00,
NCE,BCN,2026-02-19,198.29,AF,PT7H50M,2026-02-19T09:15:00,2026-02-19T10:45:00,
NCE,BCN,2026-02-19,198.29,AF,PT8H10M,2026-02-19T14:45:00,2026-02-19T16:15:00,
NCE,BCN,2026-02-20,66.56,VY,PT1H15M,2026-02-20T09:00:00,2026-02-20T10:15:00,
NCE,BCN,2026-02-20,77.56,IB,PT1H15M,2026-02-20T09:00:00,2026-02-20T10:15:00,
NCE,BCN,2026-02-20,77.56,IB,PT1H20M,2026-02-20T22:55:00,2026-02-21T00:15:00,
NCE,BCN,2026-02-20,77.56,VY,PT1H20M,2026-02-20T22:55:00,2026-02-21T00:15:00,
NCE,BCN,2026-02-20,133.16,DY,PT12H20M,2026-02-20T11:05:00,2026-02-20T13:20:00,
NCE,BCN,2026-02-20,137.41,IB,PT5H35M,2026-02-20T12:35:00,2026-02-20T14:35:00,
NCE,BCN,2026-02-20,162.41,TU,PT12H40M,2026-02-20T09:15:00,2026-02-20T10:50:00,
NCE,BCN,2026-02-20,177.28,A3,PT22H45M,2026-02-20T11:40:00,2026-02-20T15:05:00,
NCE,BCN,2026-02-20,177.28,A3,PT29H30M,2026-02-20T11:40:00,2026-02-20T15:05:00,
NCE,BCN,2026-02-20,182.0,TP,PT8H25M,2026-02-20T11:55:00,2026-02-20T13:40:00,
NCE,BCN,2026-02-20,182.0,TP,PT11H50M,2026-02-20T11:55:00,2026-02-20T13:40:00,
NCE,BCN,2026-02-20,198.29,AF,PT4H10M,2026-02-20T15:10:00,2026-02-20T16:45:00,
NCE,BCN,2026-02-20,198.29,AF,PT7H50M,2026-02-20T09:15:00,2026-02-20T10:45:00,
NCE,BCN,2026-02-20,198.29,AF,PT9H20M,2026-02-20T07:45:00,2026-02-20T09:15:00,
NCE,BCN,2026-02-20,198.29,AF,PT10H5M,2026-02-20T09:15:00,2026-02-20T10:45:00,
NCE,BCN,2026-02-21,77.56,VY,PT1H15M,2026-02-21T09:00:00,2026-02-21T10:15:00,
NCE,BCN,2026-02-21,77.56,VY,PT1H20M,2026-02-21T22:55:00,2026-02-22T00:15:00,
NCE,BCN,2026-02-21,77.56,IB,PT1H15M,2026-02-21T09:00:00,2026-02-21T10:15:00,
NCE,BCN,2026-02-21,77.56,IB,PT1H20M,2026-02-21T22:55:00,2026-02-22T00:15:00,
NCE,BCN,2026-02-21,137.41,IB,PT5H35M,2026-02-21T12:35:00,2026-02-21T14:35:00,
NCE,BCN,2026-02-21,137.41,IB,PT7H50M,2026-02-21T06:30:00,2026-02-21T08:35:00,
NCE,BCN,2026-02-21,164.3,AF,PT6H45M,2026-02-21T12:20:00,2026-02-21T14:25:00,
NCE,BCN,2026-02-21,164.3,AF,PT10H,2026-02-21T06:30:00,2026-02-21T08:35:00,
NCE,BCN,2026-02-21,164.3,AF,PT17H15M,2026-02-21T17:10:00,2026-02-21T19:15:00,
NCE,BCN,2026-02-21,164.3,AF,PT19H5M,2026-02-21T17:10:00,2026-02-21T19:15:00,
NCE,BCN,2026-02-21,164.3,AF,PT22H5M,2026-02-21T12:20:00,2026-02-21T14:25:00,
NCE,BCN,2026-02-21,182.0,TP,PT5H45M,2026-02-21T18:00:00,2026-02-21T19:45:00,
NCE,BCN,2026-02-21,182.0,TP,PT5H55M,2026-02-21T05:50:00,2026-02-21T07:35:00,
NCE,BCN,2026-02-21,182.0,TP,PT7H55M,2026-02-21T05:50:00,2026-02-21T07:35:00,
NCE,BCN,2026-02-21,182.0,TP,PT16H5M,2026-02-21T18:00:00,2026-02-21T19:45:00,
NCE,BCN,2026-02-22,77.56,VY,PT1H15M,2026-02-22T09:00:00,2026-02-22T10:15:00,
NCE,BCN,2026-02-22,77.56,VY,PT1H20M,2026-02-22T22:55:00,2026-02-23T00:15:00,
NCE,BCN,2026-02-22,77.56,IB,PT1H15M,2026-02-22T09:00:00,2026-02-22T10:15:00,
NCE,BCN,2026-02-22,77.56,IB,PT1H20M,2026-02-22T22:55:00,2026-02-23T00:15:00,
NCE,BCN,2026-02-22,151.48,JU,PT23H30M,2026-02-22T20:15:00,2026-02-22T22:05:00,
NCE,BCN,2026-02-22,162.41,IB,PT13H30M,2026-02-22T18:55:00,2026-02-22T20:55:00,
NCE,BCN,2026-02-22,165.97,AZ,PT3H50M,2026-02-22T19:25:00,2026-02-22T20:40:00,
NCE,BCN,2026-02-22,165.97,AZ,PT7H55M,2026-02-22T15:20:00,2026-02-22T16:30:00,
NCE,BCN,2026-02-22,165.97,AZ,PT15H25M,2026-02-22T19:25:00,2026-02-22T20:40:00,
NCE,BCN,2026-02-22,165.97,AZ,PT19H30M,2026-02-22T15:20:00,2026-02-22T16:30:00,
NCE,BCN,2026-02-22,177.28,A3,PT22H45M,2026-02-22T11:40:00,2026-02-22T15:05:00,
NCE,BCN,2026-02-22,177.28,A3,PT29H30M,2026-02-22T11:40:00,2026-02-22T15:05:00,
NCE,BCN,2026-02-22,182.0,TP,PT5H55M,2026-02-22T05:50:00,2026-02-22T07:35:00,
NCE,BCN,2026-02-22,182.0,TP,PT7H55M,2026-02-22T05:50:00,2026-02-22T07:35:00,
NCE,BCN,2026-02-22,182.0,TP,PT8H25M,2026-02-22T11:55:00,2026-02-22T13:40:00,
NCE,BCN,2026-02-23,77.56,VY,PT1H15M,2026-02-23T09:00:00,2026-02-23T10:15:00,
NCE,BCN,2026-02-23,77.56,VY,PT1H20M,2026-02-23T22:55:00,2026-02-24T00:15:00,
NCE,BCN,2026-02-23,77.56,IB,PT1H15M,2026-02-23T09:00:00,2026-02-23T10:15:00,
NCE,BCN,2026-02-23,77.56,IB,PT1H20M,2026-02-23T22:55:00,2026-02-24T00:15:00,
NCE,BCN,2026-02-23,137.41,IB,PT5H15M,2026-02-23T06:30:00,2026-02-23T08:35:00,
NCE,BCN,2026-02-23,137.41,IB,PT5H35M,2026-02-23T12:35:00,2026-02-23T14:35:00,
NCE,BCN,2026-02-23,165.97,AZ,PT3H50M,2026-02-23T19:25:00,2026-02-23T20:40:00,
NCE,BCN,2026-02-23,165.97,AZ,PT4H35M,2026-02-23T11:20:00,2026-02-23T12:30:00,
NCE,BCN,2026-02-23,165.97,AZ,PT7H55M,2026-02-23T15:20:00,2026-02-23T16:30:00,
NCE,BCN,2026-02-23,165.97,AZ,PT15H25M,2026-02-23T19:25:00,2026-02-23T20:40:00,
NCE,BCN,2026-02-23,165.97,AZ,PT19H30M,2026-02-23T15:20:00,2026-02-23T16:30:00,
NCE,BCN,2026-02-23,182.0,TP,PT5H45M,2026-02-23T18:00:00,2026-02-23T19:45:00,
NCE,BCN,2026-02-23,182.0,TP,PT5H55M,2026-02-23T05:50:00,2026-02-23T07:35:00,
NCE,BCN,2026-02-23,182.0,TP,PT7H55M,2026-02-23T05:50:00,2026-02-23T07:35:00,
NCE,BCN,2026-02-23,182.0,TP,PT8H25M,2026-02-23T11:55:00,2026-02-23T13:45:00,
NCE,BCN,2026-02-24,77.56,VY,PT1H15M,2026-02-24T09:00:00,2026-02-24T10:15:00,
NCE,BCN,2026-02-24,77.56,VY,PT1H20M,2026-02-24T22:55:00,2026-02-25T00:15:00,
NCE,BCN,2026-02-24,77.56,IB,PT1H15M,2026-02-24T09:00:00,2026-02-24T10:15:00,
NCE,BCN,2026-02-24,77.56,IB,PT1H20M,2026-02-24T22:55:00,2026-02-25T00:15:00,
NCE,BCN,2026-02-24,145.97,AZ,PT4H35M,2026-02-24T11:20:00,2026-02-24T12:30:00,
NCE,BCN,2026-02-24,145.97,AZ,PT7H55M,2026-02-24T15:20:00,2026-02-24T16:30:00,
NCE,BCN,2026-02-24,145.97,AZ,PT11H55M,2026-02-24T11:20:00,2026-02-24T12:30:00,
NCE,BCN,2026-02-24,145.97,AZ,PT19H30M,2026-02-24T15:20:00,2026-02-24T16:30:00,
NCE,BCN,2026-02-24,162.41,IB,PT13H30M,2026-02-24T18:55:00,2026-02-24T20:55:00,
NCE,BCN,2026-02-24,187.0,TP,PT16H5M,2026-02-24T18:00:00,2026-02-24T19:45:00,
NCE,BCN,2026-02-24,198.29,AF,PT4H,2026-02-24T11:00:00,2026-02-24T12:35:00,
NCE,BCN,2026-02-24,198.29,AF,PT4H10M,2026-02-24T15:10:00,2026-02-24T16:45:00,
NCE,BCN,2026-02-24,198.29,AF,PT4H40M,2026-02-24T18:15:00,2026-02-24T19:55:00,
NCE,BCN,2026-02-24,198.29,AF,PT5H,2026-02-24T12:05:00,2026-02-24T13:45:00,
NCE,BCN,2026-02-24,198.29,AF,PT6H5M,2026-02-24T11:00:00,2026-02-24T12:35:00,
NCE,BCN,2026-02-25,66.56,VY,PT1H20M,2026-02-25T22:55:00,2026-02-26T00:15:00,
NCE,BCN,2026-02-25,77.56,VY,PT1H15M,2026-02-25T09:00:00,2026-02-25T10:15:00,
NCE,BCN,2026-02-25,77.56,IB,PT1H15M,2026-02-25T09:00:00,2026-02-25T10:15:00,
NCE,BCN,2026-02-25,77.56,IB,PT1H20M,2026-02-25T22:55:00,2026-02-26T00:15:00,
NCE,BCN,2026-02-25,137.41,IB,PT5H35M,2026-02-25T12:35:00,2026-02-25T14:35:00,
NCE,BCN,2026-02-25,139.28,A3,PT22H45M,2026-02-25T11:40:00,2026-02-25T15:05:00,
NCE,BCN,2026-02-25,139.28,A3,PT29H30M,2026-02-25T11:40:00,2026-02-25T15:05:00,
NCE,BCN,2026-02-25,145.97,AZ,PT4H35M,2026-02-25T11:20:00,2026-02-25T12:30:00,
NCE,BCN,2026-02-25,145.97,AZ,PT7H55M,2026-02-25T15:20:00,2026-02-25T16:30:00,
NCE,BCN,2026-02-25,145.97,AZ,PT11H55M,2026-02-25T11:20:00,2026-02-25T12:30:00,
NCE,BCN,2026-02-25,145.97,AZ,PT19H30M,2026-02-25T15:20:00,2026-02-25T16:30:00,
NCE,BCN,2026-02-25,158.5,TU,PT4H45M,2026-02-25T09:15:00,2026-02-25T10:50:00,
NCE,BCN,2026-02-25,198.29,AF,PT4H10M,2026-02-25T15:10:00,2026-02-25T16:45:00,
NCE,BCN,2026-02-25,198.29,AF,PT4H40M,2026-02-25T18:15:00,2026-02-25T19:55:00,
NCE,BCN,2026-02-25,198.29,AF,PT5H,2026-02-25T12:05:00,2026-02-25T13:45:00,
NCE,BCN,2026-02-26,77.56,VY,PT1H15M,2026-02-26T09:00:00,2026-02-26T10:15:00,
NCE,BCN,2026-02-26,77.56,VY,PT1H20M,2026-02-26T22:55:00,2026-02-27T00:15:00,
NCE,BCN,2026-02-26,77.56,IB,PT1H15M,2026-02-26T09:00:00,2026-02-26T10:15:00,
NCE,BCN,2026-02-26,77.56,IB,PT1H20M,2026-02-26T22:55:00,2026-02-27T00:15:00,
NCE,BCN,2026-02-26,145.9,DY,PT12H40M,2026-02-26T10:40:00,2026-02-26T13:35:00,
NCE,BCN,2026-02-26,145.97,AZ,PT4H35M,2026-02-26T11:20:00,2026-02-26T12:30:00,
NCE,BCN,2026-02-26,145.97,AZ,PT7H55M,2026-02-26T15:20:00,2026-02-26T16:30:00,
NCE,BCN,2026-02-26,145.97,AZ,PT11H55M,2026-02-26T11:20:00,2026-02-26T12:30:00,
NCE,BCN,2026-02-26,154.9,DY,PT29H25M,2026-02-26T10:40:00,2026-02-26T13:35:00,
NCE,BCN,2026-02-26,161.0,TP,PT5H55M,2026-02-26T05:50:00,2026-02-26T07:35:00,
NCE,BCN,2026-02-26,161.0,TP,PT7H55M,2026-02-26T05:50:00,2026-02-26T07:35:00,
NCE,BCN,2026-02-26,162.41,IB,PT13H30M,2026-02-26T18:55:00,2026-02-26T20:55:00,
NCE,BCN,2026-02-26,187.0,TP,PT17H30M,2026-02-26T18:15:00,2026-02-26T20:00:00,
NCE,BCN,2026-02-26,192.41,VY,PT4H35M,2026-02-26T12:35:00,2026-02-26T14:35:00,
NCE,BCN,2026-02-26,195.85,DY,PT16H10M,2026-02-26T20:30:00,2026-02-26T23:20:00,
NCE,BCN,2026-02-27,66.56,VY,PT1H15M,2026-02-27T09:00:00,2026-02-27T10:15:00,
NCE,BCN,2026-02-27,77.56,IB,PT1H15M,2026-02-27T09:00:00,2026-02-27T10:15:00,
NCE,BCN,2026-02-27,77.56,IB,PT1H20M,2026-02-27T22:55:00,2026-02-28T00:15:00,
NCE,BCN,2026-02-27,77.56,VY,PT1H20M,2026-02-27T22:55:00,2026-02-28T00:15:00,
NCE,BCN,2026-02-27,124.3,AF,PT17H15M,2026-02-27T17:10:00,2026-02-27T19:15:00,
NCE,BCN,2026-02-27,137.41,IB,PT5H35M,2026-02-27T12:35:00,2026-02-27T14:35:00,
NCE,BCN,2026-02-27,139.28,A3,PT22H45M,2026-02-27T11:40:00,2026-02-27T15:05:00,
NCE,BCN,2026-02-27,139.28,A3,PT29H30M,2026-02-27T11:40:00,2026-02-27T15:05:00,
NCE,BCN,2026-02-27,142.16,DY,PT12H20M,2026-02-27T11:05:00,2026-02-27T13:20:00,
NCE,BCN,2026-02-27,162.41,TU,PT12H40M,2026-02-27T09:15:00,2026-02-27T10:50:00,
NCE,BCN,2026-02-27,182.3,AF,PT5H45M,2026-02-27T06:30:00,2026-02-27T08:35:00,
NCE,BCN,2026-02-27,182.3,AF,PT5H55M,2026-02-27T17:10:00,2026-02-27T19:15:00,
NCE,BCN,2026-02-27,182.3,AF,PT6H45M,2026-02-27T12:20:00,2026-02-27T14:25:00,
NCE,BCN,2026-02-27,182.3,AF,PT10H,2026-02-27T06:30:00,2026-02-27T08:35:00,
NCE,BCN,2026-02-27,182.3,AF,PT10H45M,2026-02-27T12:20:00,2026-02-27T14:25:00,
NCE,BCN,2026-02-28,66.56,VY,PT1H15M,2026-02-28T09:00:00,2026-02-28T10:15:00,
NCE,BCN,2026-02-28,66.56,VY,PT1H20M,2026-02-28T22:55:00,2026-03-01T00:15:00,
NCE,BCN,2026-02-28,77.56,IB,PT1H15M,2026-02-28T09:00:00,2026-02-28T10:15:00,
NCE,BCN,2026-02-28,77.56,IB,PT1H20M,2026-02-28T22:55:00,2026-03-01T00:15:00,
NCE,BCN,2026-02-28,124.3,AF,PT6H45M,2026-02-28T12:20:00,2026-02-28T14:25:00,
NCE,BCN,2026-02-28,124.3,AF,PT17H15M,2026-02-28T17:10:00,2026-02-28T19:15:00,
NCE,BCN,2026-02-28,124.3,AF,PT19H5M,2026-02-28T17:10:00,2026-02-28T19:15:00,
NCE,BCN,2026-02-28,124.3,AF,PT22H5M,2026-02-28T12:20:00,2026-02-28T14:25:00,
NCE,BCN,2026-02-28,137.0,TP,PT5H45M,2026-02-28T18:00:00,2026-02-28T19:45:00,
NCE,BCN,2026-02-28,137.41,IB,PT5H35M,2026-02-28T12:35:00,2026-02-28T14:35:00,
NCE,BCN,2026-02-28,148.0,TP,PT16H5M,2026-02-28T18:00:00,2026-02-28T19:45:00,
NCE,BCN,2026-02-28,148.3,AF,PT10H,2026-02-28T06:30:00,2026-02-28T08:35:00,
NCE,BCN,2026-02-28,161.0,TP,PT5H55M,2026-02-28T05:50:00,2026-02-28T07:35:00,
NCE,BCN,2026-02-28,161.0,TP,PT7H55M,2026-02-28T05:50:00,2026-02-28T07:35:00,
NCE,BCN,2026-02-28,182.3,AF,PT5H45M,2026-02-28T06:30:00,2026-02-28T08:35:00,
NCE,BCN,2026-03-01,77.56,VY,PT1H15M,2026-03-01T09:00:00,2026-03-01T10:15:00,
NCE,BCN,2026-03-01,77.56,VY,PT1H20M,2026-03-01T22:55:00,2026-03-02T00:15:00,
NCE,BCN,2026-03-01,77.56,IB,PT1H15M,2026-03-01T09:00:00,2026-03-01T10:15:00,
NCE,BCN,2026-03-01,77.56,IB,PT1H20M,2026-03-01T22:55:00,2026-03-02T00:15:00,
NCE,BCN,2026-03-01,137.0,TP,PT5H55M,2026-03-01T05:50:00,2026-03-01T07:35:00,
NCE,BCN,2026-03-01,137.0,TP,PT7H55M,2026-03-01T05:50:00,2026-03-01T07:35:00,
NCE,BCN,2026-03-01,138.13,IB,PT5H35M,2026-03-01T12:35:00,2026-03-01T14:35:00,
NCE,BCN,2026-03-01,139.28,A3,PT29H30M,2026-03-01T11:40:00,2026-03-01T15:05:00,
NCE,BCN,2026-03-01,150.5,TU,PT4H25M,2026-03-01T15:10:00,2026-03-01T16:45:00,
NCE,BCN,2026-03-01,162.41,TU,PT10H20M,2026-03-01T09:15:00,2026-03-01T10:50:00,
NCE,BCN,2026-03-01,177.28,A3,PT22H45M,2026-03-01T11:40:00,2026-03-01T15:05:00,
NCE,BCN,2026-03-01,182.3,AF,PT5H45M,2026-03-01T06:30:00,2026-03-01T08:35:00,
NCE,BCN,2026-03-01,182.3,AF,PT10H,2026-03-01T06:30:00,2026-03-01T08:35:00,
NCE,BCN,2026-03-01,184.3,AF,PT5H55M,2026-03-01T17:10:00,2026-03-01T19:15:00,
NCE,BCN,2026-03-01,187.0,TP,PT8H25M,2026-03-01T11:55:00,2026-03-01T13:40:00,
NCE,BCN,2026-03-02,77.56,VY,PT1H15M,2026-03-02T09:00:00,2026-03-02T10:15:00,
NCE,BCN,2026-03-02,77.56,VY,PT1H20M,2026-03-02T22:55:00,2026-03-03T00:15:00,
NCE,BCN,2026-03-02,77.56,IB,PT1H15M,2026-03-02T09:00:00,2026-03-02T10:15:00,
NCE,BCN,2026-03-02,77.56,IB,PT1H20M,2026-03-02T22:55:00,2026-03-03T00:15:00,
NCE,BCN,2026-03-02,129.0,TP,PT5H45M,2026-03-02T18:00:00,2026-03-02T19:45:00,
NCE,BCN,2026-03-02,129.0,TP,PT8H25M,2026-03-02T11:55:00,2026-03-02T13:45:00,
NCE,BCN,2026-03-02,129.0,TP,PT11H50M,2026-03-02T11:55:00,2026-03-02T13:45:00,
NCE,BCN,2026-03-02,139.28,A3,PT29H30M,2026-03-02T11:40:00,2026-03-02T15:05:00,
NCE,BCN,2026-03-02,145.97,AZ,PT3H50M,2026-03-02T19:25:00,2026-03-02T20:40:00,
NCE,BCN,2026-03-02,145.97,AZ,PT4H35M,2026-03-02T11:20:00,2026-03-02T12:30:00,
NCE,BCN,2026-03-02,145.97,AZ,PT7H55M,2026-03-02T15:20:00,2026-03-02T16:30:00,
NCE,BCN,2026-03-02,145.97,AZ,PT15H25M,2026-03-02T19:25:00,2026-03-02T20:40:00,
NCE,BCN,2026-03-02,145.97,AZ,PT19H30M,2026-03-02T15:20:00,2026-03-02T16:30:00,
NCE,BCN,2026-03-02,163.13,IB,PT5H15M,2026-03-02T06:30:00,2026-03-02T08:35:00,
NCE,BCN,2026-03-02,163.13,IB,PT5H35M,2026-03-02T12:35:00,2026-03-02T14:35:00,
NCE,BCN,2026-03-03,77.56,VY,PT1H15M,2026-03-03T09:00:00,2026-03-03T10:15:00,
NCE,BCN,2026-03-03,77.56,VY,PT1H20M,2026-03-03T22:55:00,2026-03-04T00:15:00,
NCE,BCN,2026-03-03,77.56,IB,PT1H15M,2026-03-03T09:00:00,2026-03-03T10:15:00,
NCE,BCN,2026-03-03,77.56,IB,PT1H20M,2026-03-03T22:55:00,2026-03-04T00:15:00,
NCE,BCN,2026-03-03,145.97,AZ,PT4H35M,2026-03-03T11:20:00,2026-03-03T12:30:00,
NCE,BCN,2026-03-03,145.97,AZ,PT7H55M,2026-03-03T15:20:00,2026-03-03T16:30:00,
NCE,BCN,2026-03-03,145.97,AZ,PT11H55M,2026-03-03T11:20:00,2026-03-03T12:30:00,
NCE,BCN,2026-03-03,145.97,AZ,PT19H30M,2026-03-03T15:20:00,2026-03-03T16:30:00,
NCE,BCN,2026-03-03,161.0,TP,PT5H45M,2026-03-03T18:00:00,2026-03-03T19:45:00,
NCE,BCN,2026-03-03,163.13,IB,PT5H35M,2026-03-03T12:35:00,2026-03-03T14:35:00,
NCE,BCN,2026-03-03,163.13,IB,PT13H30M,2026-03-03T18:55:00,2026-03-03T20:55:00,
NCE,BCN,2026-03-03,167.66,SK,PT28H5M,2026-03-03T14:15:00,2026-03-03T16:40:00,
NCE,BCN,2026-03-03,182.3,AF,PT5H45M,2026-03-03T06:30:00,2026-03-03T08:35:00,
NCE,BCN,2026-03-03,182.3,AF,PT5H55M,2026-03-03T17:10:00,2026-03-03T19:15:00,
NCE,BCN,2026-03-03,182.3,AF,PT6H45M,2026-03-03T12:20:00,2026-03-03T14:25:00,
NCE,BCN,2026-03-04,77.56,VY,PT1H15M,2026-03-04T09:00:00,2026-03-04T10:15:00,
NCE,BCN,2026-03-04,77.56,VY,PT1H20M,2026-03-04T22:55:00,2026-03-05T00:15:00,
NCE,BCN,2026-03-04,77.56,IB,PT1H15M,2026-03-04T09:00:00,2026-03-04T10:15:00,
NCE,BCN,2026-03-04,77.56,IB,PT1H20M,2026-03-04T22:55:00,2026-03-05T00:15:00,
NCE,BCN,2026-03-04,129.29,AF,PT4H10M,2026-03-04T15:10:00,2026-03-04T16:45:00,
NCE,BCN,2026-03-04,129.29,AF,PT4H25M,2026-03-04T09:35:00,2026-03-04T11:15:00,
NCE,BCN,2026-03-04,129.29,AF,PT4H40M,2026-03-04T18:15:00,2026-03-04T19:55:00,
NCE,BCN,2026-03-04,129.29,AF,PT5H,2026-03-04T12:05:00,2026-03-04T13:45:00,
NCE,BCN,2026-03-04,129.29,AF,PT5H25M,2026-03-04T09:35:00,2026-03-04T11:15:00,
NCE,BCN,2026-03-04,129.29,AF,PT6H5M,2026-03-04T11:00:00,2026-03-04T12:35:00,
NCE,BCN,2026-03-04,129.29,AF,PT7H15M,2026-03-04T12:05:00,2026-03-04T13:45:00,
NCE,BCN,2026-03-04,129.29,AF,PT7H50M,2026-03-04T09:15:00,2026-03-04T10:45:00,
NCE,BCN,2026-03-04,129.29,AF,PT8H10M,2026-03-04T14:45:00,2026-03-04T16:15:00,
NCE,BCN,2026-03-04,129.29,AF,PT8H15M,2026-03-04T06:45:00,2026-03-04T08:15:00,
NCE,BCN,2026-03-04,129.29,AF,PT8H35M,2026-03-04T10:45:00,2026-03-04T12:15:00,
NCE,BCN,2026-03-05,77.56,VY,PT1H15M,2026-03-05T09:00:00,2026-03-05T10:15:00,
NCE,BCN,2026-03-05,77.56,VY,PT1H20M,2026-03-05T22:55:00,2026-03-06T00:15:00,
NCE,BCN,2026-03-05,77.56,IB,PT1H15M,2026-03-05T09:00:00,2026-03-05T10:15:00,
NCE,BCN,2026-03-05,77.56,IB,PT1H20M,2026-03-05T22:55:00,2026-03-06T00:15:00,
NCE,BCN,2026-03-05,129.0,TP,PT5H55M,2026-03-05T05:50:00,2026-03-05T07:35:00,
NCE,BCN,2026-03-05,129.0,TP,PT7H55M,2026-03-05T05:50:00,2026-03-05T07:35:00,
NCE,BCN,2026-03-05,129.29,AF,PT13H,2026-03-05T19:50:00,2026-03-05T21:25:00,
NCE,BCN,2026-03-05,129.29,AF,PT13H35M,2026-03-05T19:15:00,2026-03-05T20:45:00,
NCE,BCN,2026-03-05,129.29,AF,PT14H25M,2026-03-05T20:45:00,2026-03-05T22:15:00,
NCE,BCN,2026-03-05,129.29,AF,PT14H30M,2026-03-05T20:40:00,2026-03-05T22:20:00,
NCE,BCN,2026-03-05,130.63,AF,PT15H55M,2026-03-05T19:15:00,2026-03-05T20:45:00,
NCE,BCN,2026-03-05,138.13,IB,PT5H35M,2026-03-05T12:35:00,2026-03-05T14:35:00,
NCE,BCN,2026-03-05,143.29,AF,PT5H,2026-03-05T12:05:00,2026-03-05T13:45:00,
NCE,BCN,2026-03-05,143.29,AF,PT6H5M,2026-03-05T11:00:00,2026-03-05T12:35:00,
NCE,BCN,2026-03-05,143.29,AF,PT7H50M,2026-03-05T09:15:00,2026-03-05T10:45:00,
NCE,BCN,2026-03-06,77.56,VY,PT1H15M,2026-03-06T09:00:00,2026-03-06T10:15:00,
NCE,BCN,2026-03-06,77.56,VY,PT1H20M,2026-03-06T22:55:00,2026-03-07T00:15:00,
NCE,BCN,2026-03-06,77.56,IB,PT1H15M,2026-03-06T09:00:00,2026-03-06T10:15:00,
NCE,BCN,2026-03-06,77.56,IB,PT1H20M,2026-03-06T22:55:00,2026-03-07T00:15:00,
NCE,BCN,2026-03-06,97.16,DY,PT12H20M,2026-03-06T11:05:00,2026-03-06T13:20:00,
NCE,BCN,2026-03-06,129.29,AF,PT4H10M,2026-03-06T15:10:00,2026-03-06T16:45:00,
NCE,BCN,2026-03-06,129.29,AF,PT4H25M,2026-03-06T09:35:00,2026-03-06T11:15:00,
NCE,BCN,2026-03-06,129.29,AF,PT4H40M,2026-03-06T18:15:00,2026-03-06T19:55:00,
NCE,BCN,2026-03-06,129.29,AF,PT5H,2026-03-06T12:05:00,2026-03-06T13:45:00,
NCE,BCN,2026-03-06,129.29,AF,PT6H5M,2026-03-06T11:00:00,2026-03-06T12:35:00,
NCE,BCN,2026-03-06,129.29,AF,PT7H15M,2026-03-06T12:05:00,2026-03-06T13:45:00,
NCE,BCN,2026-03-06,129.29,AF,PT7H50M,2026-03-06T09:15:00,2026-03-06T10:45:00,
NCE,BCN,2026-03-06,129.29,AF,PT8H10M,2026-03-06T14:45:00,2026-03-06T16:15:00,
NCE,BCN,2026-03-06,129.29,AF,PT8H35M,2026-03-06T10:45:00,2026-03-06T12:15:00,
NCE,BCN,2026-03-06,129.29,AF,PT8H40M,2026-03-06T14:15:00,2026-03-06T15:45:00,
NCE,BCN,2026-03-07,66.56,VY,PT1H20M,2026-03-07T22:55:00,2026-03-08T00:15:00,
NCE,BCN,2026-03-07,77.56,VY,PT1H15M,2026-03-07T09:00:00,2026-03-07T10:15:00,
NCE,BCN,2026-03-07,77.56,IB,PT1H15M,2026-03-07T09:00:00,2026-03-07T10:15:00,
NCE,BCN,2026-03-07,77.56,IB,PT1H20M,2026-03-07T22:55:00,2026-03-08T00:15:00,
NCE,BCN,2026-03-07,124.3,AF,PT6H45M,2026-03-07T12:20:00,2026-03-07T14:25:00,
NCE,BCN,2026-03-07,124.3,AF,PT10H,2026-03-07T06:30:00,2026-03-07T08:35:00,
NCE,BCN,2026-03-07,124.3,AF,PT17H15M,2026-03-07T17:10:00,2026-03-07T19:15:00,
NCE,BCN,2026-03-07,124.3,AF,PT19H5M,2026-03-07T17:10:00,2026-03-07T19:15:00,
NCE,BCN,2026-03-07,124.3,AF,PT22H5M,2026-03-07T12:20:00,2026-03-07T14:25:00,
NCE,BCN,2026-03-07,125.0,TP,PT5H45M,2026-03-07T18:00:00,2026-03-07T19:45:00,
NCE,BCN,2026-03-07,129.29,AF,PT4H10M,2026-03-07T15:10:00,2026-03-07T16:45:00,
NCE,BCN,2026-03-07,129.29,AF,PT4H25M,2026-03-07T09:35:00,2026-03-07T11:15:00,
NCE,BCN,2026-03-07,129.29,AF,PT4H40M,2026-03-07T06:30:00,2026-03-07T08:05:00,
NCE,BCN,2026-03-07,129.29,AF,PT5H,2026-03-07T12:05:00,2026-03-07T13:45:00,
NCE,BCN,2026-03-07,129.29,AF,PT5H25M,2026-03-07T09:35:00,2026-03-07T11:15:00,
NCE,BCN,2026-03-08,77.56,VY,PT1H15M,2026-03-08T09:00:00,2026-03-08T10:15:00,
NCE,BCN,2026-03-08,77.56,VY,PT1H20M,2026-03-08T22:55:00,2026-03-09T00:15:00,
NCE,BCN,2026-03-08,77.56,IB,PT1H15M,2026-03-08T09:00:00,2026-03-08T10:15:00,
NCE,BCN,2026-03-08,77.56,IB,PT1H20M,2026-03-08T22:55:00,2026-03-09T00:15:00,
NCE,BCN,2026-03-08,129.29,AF,PT4H,2026-03-08T11:00:00,2026-03-08T12:35:00,
NCE,BCN,2026-03-08,129.29,AF,PT4H10M,2026-03-08T15:10:00,2026-03-08T16:45:00,
NCE,BCN,2026-03-08,129.29,AF,PT4H25M,2026-03-08T09:35:00,2026-03-08T11:15:00,
NCE,BCN,2026-03-08,129.29,AF,PT4H40M,2026-03-08T18:15:00,2026-03-08T19:55:00,
NCE,BCN,2026-03-08,129.29,AF,PT4H55M,2026-03-08T12:05:00,2026-03-08T13:45:00,
NCE,BCN,2026-03-08,129.29,AF,PT5H25M,2026-03-08T09:35:00,2026-03-08T11:15:00,
NCE,BCN,2026-03-08,129.29,AF,PT6H,2026-03-08T11:00:00,2026-03-08T12:35:00,
NCE,BCN,2026-03-08,129.29,AF,PT7H15M,2026-03-08T12:05:00,2026-03-08T13:45:00,
NCE,BCN,2026-03-08,129.29,AF,PT8H40M,2026-03-08T14:15:00,2026-03-08T15:45:00,
NCE,BCN,2026-03-08,129.29,AF,PT9H15M,2026-03-08T07:45:00,2026-03-08T09:15:00,
NCE,BCN,2026-03-08,129.29,AF,PT9H25M,2026-03-08T09:55:00,2026-03-08T11:25:00,
NCE,BCN,2026-03-09,77.56,VY,PT1H15M,2026-03-09T09:00:00,2026-03-09T10:15:00,
NCE,BCN,2026-03-09,77.56,VY,PT1H20M,2026-03-09T22:55:00,2026-03-10T00:15:00,
NCE,BCN,2026-03-09,77.56,IB,PT1H15M,2026-03-09T09:00:00,2026-03-09T10:15:00,
NCE,BCN,2026-03-09,77.56,IB,PT1H20M,2026-03-09T22:55:00,2026-03-10T00:15:00,
NCE,BCN,2026-03-09,125.0,TP,PT5H45M,2026-03-09T18:00:00,2026-03-09T19:45:00,
NCE,BCN,2026-03-09,125.0,TP,PT8H25M,2026-03-09T11:55:00,2026-03-09T13:45:00,
NCE,BCN,2026-03-09,125.0,TP,PT11H50M,2026-03-09T11:55:00,2026-03-09T13:45:00,
NCE,BCN,2026-03-09,129.29,AF,PT5H,2026-03-09T12:05:00,2026-03-09T13:45:00,
NCE,BCN,2026-03-09,129.29,AF,PT6H5M,2026-03-09T11:00:00,2026-03-09T12:35:00,
NCE,BCN,2026-03-09,129.29,AF,PT7H50M,2026-03-09T09:15:00,2026-03-09T10:45:00,
NCE,BCN,2026-03-09,129.29,AF,PT9H20M,2026-03-09T07:45:00,2026-03-09T09:15:00,
NCE,BCN,2026-03-09,129.29,AF,PT12H5M,2026-03-09T20:45:00,2026-03-09T22:15:00,
NCE,BCN,2026-03-09,129.29,AF,PT12H10M,2026-03-09T20:40:00,2026-03-09T22:20:00,
NCE,BCN,2026-03-09,129.29,AF,PT13H,2026-03-09T19:50:00,2026-03-09T21:25:00,
NCE,BCN,2026-03-09,129.29,AF,PT13H35M,2026-03-09T19:15:00,2026-03-09T20:45:00,
NCE,BCN,2026-03-10,77.56,VY,PT1H15M,2026-03-10T09:00:00,2026-03-10T10:15:00,
NCE,BCN,2026-03-10,77.56,VY,PT1H20M,2026-03-10T22:55:00,2026-03-11T00:15:00,
NCE,BCN,2026-03-10,77.56,IB,PT1H15M,2026-03-10T09:00:00,2026-03-10T10:15:00,
NCE,BCN,2026-03-10,77.56,IB,PT1H20M,2026-03-10T22:55:00,2026-03-11T00:15:00,
NCE,BCN,2026-03-10,129.29,AF,PT4H,2026-03-10T11:00:00,2026-03-10T12:35:00,
NCE,BCN,2026-03-10,129.29,AF,PT4H10M,2026-03-10T15:10:00,2026-03-10T16:45:00,
NCE,BCN,2026-03-10,129.29,AF,PT4H25M,2026-03-10T09:35:00,2026-03-10T11:15:00,
NCE,BCN,2026-03-10,129.29,AF,PT4H40M,2026-03-10T18:15:00,2026-03-10T19:55:00,
NCE,BCN,2026-03-10,129.29,AF,PT5H,2026-03-10T12:05:00,2026-03-10T13:45:00,
NCE,BCN,2026-03-10,129.29,AF,PT5H25M,2026-03-10T09:35:00,2026-03-10T11:15:00,
NCE,BCN,2026-03-10,129.29,AF,PT6H5M,2026-03-10T11:00:00,2026-03-10T12:35:00,
NCE,BCN,2026-03-10,129.29,AF,PT7H15M,2026-03-10T12:05:00,2026-03-10T13:45:00,
NCE,BCN,2026-03-10,129.29,AF,PT7H50M,2026-03-10T09:15:00,2026-03-10T10:45:00,
NCE,BCN,2026-03-10,129.29,AF,PT8H,2026-03-10T06:00:00,2026-03-10T07:35:00,
NCE,BCN,2026-03-10,129.29,AF,PT8H10M,2026-03-10T14:45:00,2026-03-10T16:15:00,
NCE,BCN,2026-03-11,66.56,VY,PT1H20M,2026-03-11T22:55:00,2026-03-12T00:15:00,
NCE,BCN,2026-03-11,77.56,VY,PT1H15M,2026-03-11T09:00:00,2026-03-11T10:15:00,
NCE,BCN,2026-03-11,77.56,IB,PT1H15M,2026-03-11T09:00:00,2026-03-11T10:15:00,
NCE,BCN,2026-03-11,77.56,IB,PT1H20M,2026-03-11T22:55:00,2026-03-12T00:15:00,
NCE,BCN,2026-03-11,129.29,AF,PT6H5M,2026-03-11T11:00:00,2026-03-11T12:35:00,
NCE,BCN,2026-03-11,129.29,AF,PT7H15M,2026-03-11T12:05:00,2026-03-11T13:45:00,
NCE,BCN,2026-03-11,129.29,AF,PT7H50M,2026-03-11T09:15:00,2026-03-11T10:45:00,
NCE,BCN,2026-03-11,129.29,AF,PT9H20M,2026-03-11T07:45:00,2026-03-11T09:15:00,
NCE,BCN,2026-03-11,129.29,AF,PT10H5M,2026-03-11T09:15:00,2026-03-11T10:45:00,
NCE,BCN,2026-03-11,129.29,AF,PT12H5M,2026-03-11T20:45:00,2026-03-11T22:15:00,
NCE,BCN,2026-03-11,129.29,AF,PT12H10M,2026-03-11T20:40:00,2026-03-11T22:20:00,
NCE,BCN,2026-03-11,138.13,IB,PT5H35M,2026-03-11T12:35:00,2026-03-11T14:35:00,
NCE,BCN,2026-03-11,139.28,A3,PT22H45M,2026-03-11T11:40:00,2026-03-11T15:05:00,
NCE,BCN,2026-03-11,139.28,A3,PT29H30M,2026-03-11T11:40:00,2026-03-11T15:05:00,
NCE,BCN,2026-03-11,143.29,AF,PT8H10M,2026-03-11T14:45:00,2026-03-11T16:15:00,
NCE,BCN,2026-03-12,66.56,VY,PT1H15M,2026-03-12T09:00:00,2026-03-12T10:15:00,
NCE,BCN,2026-03-12,77.56,IB,PT1H15M,2026-03-12T09:00:00,2026-03-12T10:15:00,
NCE,BCN,2026-03-12,77.56,IB,PT1H20M,2026-03-12T22:55:00,2026-03-13T00:15:00,
NCE,BCN,2026-03-12,77.56,VY,PT1H20M,2026-03-12T22:55:00,2026-03-13T00:15:00,
NCE,BCN,2026-03-12,125.0,TP,PT5H55M,2026-03-12T05:50:00,2026-03-12T07:35:00,
NCE,BCN,2026-03-12,125.0,TP,PT7H55M,2026-03-12T05:50:00,2026-03-12T07:35:00,
NCE,BCN,2026-03-12,138.13,IB,PT5H35M,2026-03-12T12:35:00,2026-03-12T14:35:00,
NCE,BCN,2026-03-12,145.97,AZ,PT4H35M,2026-03-12T11:20:00,2026-03-12T12:30:00,
NCE,BCN,2026-03-12,145.97,AZ,PT7H55M,2026-03-12T15:20:00,2026-03-12T16:30:00,
NCE,BCN,2026-03-12,145.97,AZ,PT11H55M,2026-03-12T11:20:00,2026-03-12T12:30:00,
NCE,BCN,2026-03-12,145.97,AZ,PT19H30M,2026-03-12T15:20:00,2026-03-12T16:30:00,
NCE,BCN,2026-03-12,161.0,TP,PT15H50M,2026-03-12T18:15:00,2026-03-12T20:00:00,
NCE,BCN,2026-03-12,161.0,TP,PT17H30M,2026-03-12T18:15:00,2026-03-12T20:00:00,
NCE,BCN,2026-03-12,163.13,IB,PT13H30M,2026-03-12T18:55:00,2026-03-12T20:55:00,
NCE,BCN,2026-03-12,186.32,LH,PT4H15M,2026-03-12T13:20:00,2026-03-12T14:45:00,
NCE,BCN,2026-03-13,77.56,VY,PT1H15M,2026-03-13T09:00:00,2026-03-13T10:15:00,
NCE,BCN,2026-03-13,77.56,VY,PT1H20M,2026-03-13T22:55:00,2026-03-14T00:15:00,
NCE,BCN,2026-03-13,77.56,IB,PT1H15M,2026-03-13T09:00:00,2026-03-13T10:15:00,
NCE,BCN,2026-03-13,77.56,IB,PT1H20M,2026-03-13T22:55:00,2026-03-14T00:15:00,
NCE,BCN,2026-03-13,137.0,TP,PT8H25M,2026-03-13T11:55:00,2026-03-13T13:40:00,
NCE,BCN,2026-03-13,137.0,TP,PT11H50M,2026-03-13T11:55:00,2026-03-13T13:40:00,
NCE,BCN,2026-03-13,139.28,A3,PT22H45M,2026-03-13T11:40:00,2026-03-13T15:05:00,
NCE,BCN,2026-03-13,139.28,A3,PT29H30M,2026-03-13T11:40:00,2026-03-13T15:05:00,
NCE,BCN,2026-03-13,145.97,AZ,PT3H50M,2026-03-13T19:25:00,2026-03-13T20:40:00,
NCE,BCN,2026-03-13,145.97,AZ,PT4H35M,2026-03-13T11:20:00,2026-03-13T12:30:00,
NCE,BCN,2026-03-13,145.97,AZ,PT7H55M,2026-03-13T15:20:00,2026-03-13T16:30:00,
NCE,BCN,2026-03-13,145.97,AZ,PT15H25M,2026-03-13T19:25:00,2026-03-13T20:40:00,
NCE,BCN,2026-03-13,145.97,AZ,PT19H30M,2026-03-13T15:20:00,2026-03-13T16:30:00,
NCE,BCN,2026-03-13,159.29,AF,PT7H50M,2026-03-13T09:15:00,2026-03-13T10:45:00,
NCE,BCN,2026-03-13,159.29,AF,PT10H5M,2026-03-13T09:15:00,2026-03-13T10:45:00,
NCE,BCN,2026-03-14,77.56,VY,PT1H15M,2026-03-14T09:00:00,2026-03-14T10:15:00,
NCE,BCN,2026-03-14,77.56,VY,PT1H20M,2026-03-14T22:55:00,2026-03-15T00:15:00,
NCE,BCN,2026-03-14,77.56,IB,PT1H15M,2026-03-14T09:00:00,2026-03-14T10:15:00,
NCE,BCN,2026-03-14,77.56,IB,PT1H20M,2026-03-14T22:55:00,2026-03-15T00:15:00,
NCE,BCN,2026-03-14,124.3,AF,PT6H45M,2026-03-14T12:20:00,2026-03-14T14:25:00,
NCE,BCN,2026-03-14,124.3,AF,PT10H,2026-03-14T06:30:00,2026-03-14T08:35:00,
NCE,BCN,2026-03-14,124.3,AF,PT17H15M,2026-03-14T17:10:00,2026-03-14T19:15:00,
NCE,BCN,2026-03-14,124.3,AF,PT19H5M,2026-03-14T17:10:00,2026-03-14T19:15:00,
NCE,BCN,2026-03-14,124.3,AF,PT22H5M,2026-03-14T12:20:00,2026-03-14T14:25:00,
NCE,BCN,2026-03-14,125.0,TP,PT5H45M,2026-03-14T18:00:00,2026-03-14T19:45:00,
NCE,BCN,2026-03-14,129.29,AF,PT12H10M,2026-03-14T20:40:00,2026-03-14T22:20:00,
NCE,BCN,2026-03-14,129.29,AF,PT12H45M,2026-03-14T20:05:00,2026-03-14T21:40:00,
NCE,BCN,2026-03-14,130.63,AF,PT16H55M,2026-03-14T18:15:00,2026-03-14T19:45:00,
NCE,BCN,2026-03-14,131.3,AF,PT5H45M,2026-03-14T06:30:00,2026-03-14T08:35:00,
NCE,BCN,2026-03-14,138.13,IB,PT5H35M,2026-03-14T12:35:00,2026-03-14T14:35:00,
NCE,BCN,2026-03-15,77.56,VY,PT1H15M,2026-03-15T09:00:00,2026-03-15T10:15:00,
NCE,BCN,2026-03-15,77.56,VY,PT1H20M,2026-03-15T22:55:00,2026-03-16T00:15:00,
NCE,BCN,2026-03-15,77.56,IB,PT1H15M,2026-03-15T09:00:00,2026-03-15T10:15:00,
NCE,BCN,2026-03-15,77.56,IB,PT1H20M,2026-03-15T22:55:00,2026-03-16T00:15:00,
NCE,BCN,2026-03-15,129.0,TP,PT5H55M,2026-03-15T05:50:00,2026-03-15T07:35:00,
NCE,BCN,2026-03-15,129.0,TP,PT7H55M,2026-03-15T05:50:00,2026-03-15T07:35:00,
NCE,BCN,2026-03-15,131.3,AF,PT5H45M,2026-03-15T06:30:00,2026-03-15T08:35:00,
NCE,BCN,2026-03-15,131.3,AF,PT10H,2026-03-15T06:30:00,2026-03-15T08:35:00,
NCE,BCN,2026-03-15,138.13,IB,PT5H35M,2026-03-15T12:35:00,2026-03-15T14:35:00,
NCE,BCN,2026-03-15,139.28,A3,PT22H45M,2026-03-15T11:40:00,2026-03-15T15:05:00,
NCE,BCN,2026-03-15,139.28,A3,PT29H30M,2026-03-15T11:40:00,2026-03-15T15:05:00,
NCE,BCN,2026-03-15,145.97,AZ,PT3H50M,2026-03-15T19:25:00,2026-03-15T20:40:00,
NCE,BCN,2026-03-15,145.97,AZ,PT7H55M,2026-03-15T15:20:00,2026-03-15T16:30:00,
NCE,BCN,2026-03-15,145.97,AZ,PT15H25M,2026-03-15T19:25:00,2026-03-15T20:40:00,
NCE,BCN,2026-03-15,145.97,AZ,PT19H30M,2026-03-15T15:20:00,2026-03-15T16:30:00,
NCE,BCN,2026-03-16,77.56,VY,PT1H15M,2026-03-16T09:00:00,2026-03-16T10:15:00,
NCE,BCN,2026-03-16,77.56,VY,PT1H20M,2026-03-16T22:55:00,2026-03-17T00:15:00,
NCE,BCN,2026-03-16,77.56,IB,PT1H15M,2026-03-16T09:00:00,2026-03-16T10:15:00,
NCE,BCN,2026-03-16,77.56,IB,PT1H20M,2026-03-16T22:55:00,2026-03-17T00:15:00,
NCE,BCN,2026-03-16,125.0,TP,PT5H45M,2026-03-16T18:00:00,2026-03-16T19:45:00,
NCE,BCN,2026-03-16,125.0,TP,PT8H25M,2026-03-16T11:55:00,2026-03-16T13:45:00,
NCE,BCN,2026-03-16,125.0,TP,PT11H50M,2026-03-16T11:55:00,2026-03-16T13:45:00,
NCE,BCN,2026-03-16,129.0,TP,PT5H55M,2026-03-16T05:50:00,2026-03-16T07:35:00,
NCE,BCN,2026-03-16,129.0,TP,PT7H55M,2026-03-16T05:50:00,2026-03-16T07:35:00,
NCE,BCN,2026-03-16,129.29,AF,PT4H10M,2026-03-16T15:10:00,2026-03-16T16:45:00,
NCE,BCN,2026-03-16,129.29,AF,PT4H40M,2026-03-16T18:15:00,2026-03-16T19:55:00,
NCE,BCN,2026-03-16,129.29,AF,PT5H,2026-03-16T12:05:00,2026-03-16T13:45:00,
NCE,BCN,2026-03-16,129.29,AF,PT6H5M,2026-03-16T11:00:00,2026-03-16T12:35:00,
NCE,BCN,2026-03-16,129.29,AF,PT7H15M,2026-03-16T12:05:00,2026-03-16T13:45:00,
NCE,BCN,2026-03-16,129.29,AF,PT8H10M,2026-03-16T14:45:00,2026-03-16T16:15:00,
NCE,BCN,2026-03-17,77.56,VY,PT1H15M,2026-03-17T09:00:00,2026-03-17T10:15:00,
NCE,BCN,2026-03-17,77.56,VY,PT1H20M,2026-03-17T22:55:00,2026-03-18T00:15:00,
NCE,BCN,2026-03-17,77.56,IB,PT1H15M,2026-03-17T09:00:00,2026-03-17T10:15:00,
NCE,BCN,2026-03-17,77.56,IB,PT1H20M,2026-03-17T22:55:00,2026-03-18T00:15:00,
NCE,BCN,2026-03-17,129.0,TP,PT5H45M,2026-03-17T18:00:00,2026-03-17T19:45:00,
NCE,BCN,2026-03-17,129.29,AF,PT4H,2026-03-17T11:00:00,2026-03-17T12:35:00,
NCE,BCN,2026-03-17,129.29,AF,PT4H10M,2026-03-17T15:10:00,2026-03-17T16:45:00,
NCE,BCN,2026-03-17,129.29,AF,PT4H25M,2026-03-17T09:35:00,2026-03-17T11:15:00,
NCE,BCN,2026-03-17,129.29,AF,PT4H40M,2026-03-17T18:15:00,2026-03-17T19:55:00,
NCE,BCN,2026-03-17,129.29,AF,PT5H,2026-03-17T12:05:00,2026-03-17T13:45:00,
NCE,BCN,2026-03-17,129.29,AF,PT5H10M,2026-03-17T06:00:00,2026-03-17T07:35:00,
NCE,BCN,2026-03-17,129.29,AF,PT5H25M,2026-03-17T09:35:00,2026-03-17T11:15:00,
NCE,BCN,2026-03-17,129.29,AF,PT6H5M,2026-03-17T11:00:00,2026-03-17T12:35:00,
NCE,BCN,2026-03-17,129.29,AF,PT7H15M,2026-03-17T12:05:00,2026-03-17T13:45:00,
NCE,BCN,2026-03-17,129.29,AF,PT8H,2026-03-17T06:00:00,2026-03-17T07:35:00,
NCE,BCN,2026-03-18,77.56,VY,PT1H15M,2026-03-18T09:00:00,2026-03-18T10:15:00,
NCE,BCN,2026-03-18,77.56,VY,PT1H20M,2026-03-18T22:55:00,2026-03-19T00:15:00,
NCE,BCN,2026-03-18,77.56,IB,PT1H15M,2026-03-18T09:00:00,2026-03-18T10:15:00,
NCE,BCN,2026-03-18,77.56,IB,PT1H20M,2026-03-18T22:55:00,2026-03-19T00:15:00,
NCE,BCN,2026-03-18,129.0,TP,PT8H25M,2026-03-18T11:55:00,2026-03-18T13:40:00,
NCE,BCN,2026-03-18,129.0,TP,PT11H50M,2026-03-18T11:55:00,2026-03-18T13:40:00,
NCE,BCN,2026-03-18,129.29,AF,PT4H10M,2026-03-18T15:10:00,2026-03-18T16:45:00,
NCE,BCN,2026-03-18,129.29,AF,PT4H25M,2026-03-18T09:35:00,2026-03-18T11:15:00,
NCE,BCN,2026-03-18,129.29,AF,PT4H40M,2026-03-18T18:15:00,2026-03-18T19:55:00,
NCE,BCN,2026-03-18,129.29,AF,PT5H,2026-03-18T12:05:00,2026-03-18T13:45:00,
NCE,BCN,2026-03-18,129.29,AF,PT5H10M,2026-03-18T06:00:00,2026-03-18T07:35:00,
NCE,BCN,2026-03-18,129.29,AF,PT5H25M,2026-03-18T09:35:00,2026-03-18T11:15:00,
NCE,BCN,2026-03-18,129.29,AF,PT6H5M,2026-03-18T11:00:00,2026-03-18T12:35:00,
NCE,BCN,2026-03-18,129.29,AF,PT7H15M,2026-03-18T12:05:00,2026-03-18T13:45:00,
NCE,BCN,2026-03-18,129.29,AF,PT7H50M,2026-03-18T09:15:00,2026-03-18T10:45:00,
NCE,BCN,2026-03-19,66.56,VY,PT1H20M,2026-03-19T22:55:00,2026-03-20T00:15:00,
NCE,BCN,2026-03-19,77.56,VY,PT1H15M,2026-03-19T09:00:00,2026-03-19T10:15:00,
NCE,BCN,2026-03-19,77.56,IB,PT1H15M,2026-03-19T09:00:00,2026-03-19T10:15:00,
NCE,BCN,2026-03-19,77.56,IB,PT1H20M,2026-03-19T22:55:00,2026-03-20T00:15:00,
NCE,BCN,2026-03-19,117.3,AF,PT5H45M,2026-03-19T06:30:00,2026-03-19T08:35:00,
NCE,BCN,2026-03-19,117.3,AF,PT5H55M,2026-03-19T17:10:00,2026-03-19T19:15:00,
NCE,BCN,2026-03-19,117.3,AF,PT6H45M,2026-03-19T12:20:00,2026-03-19T14:25:00,
NCE,BCN,2026-03-19,125.0,TP,PT7H55M,2026-03-19T05:50:00,2026-03-19T07:35:00,
NCE,BCN,2026-03-19,129.0,TP,PT5H55M,2026-03-19T05:50:00,2026-03-19T07:35:00,
NCE,BCN,2026-03-19,129.0,TP,PT15H50M,2026-03-19T18:15:00,2026-03-19T20:00:00,
NCE,BCN,2026-03-19,138.13,IB,PT5H35M,2026-03-19T12:35:00,2026-03-19T14:35:00,
NCE,BCN,2026-03-19,145.97,AZ,PT4H35M,2026-03-19T11:20:00,2026-03-19T12:30:00,
NCE,BCN,2026-03-19,145.97,AZ,PT7H55M,2026-03-19T15:20:00,2026-03-19T16:30:00,
NCE,BCN,2026-03-19,145.97,AZ,PT11H55M,2026-03-19T11:20:00,2026-03-19T12:30:00,
NCE,BCN,2026-03-19,145.97,AZ,PT19H30M,2026-03-19T15:20:00,2026-03-19T16:30:00,
MAD,BCN,2026-02-18,48.27,UX,PT1H25M,2026-02-18T15:10:00,2026-02-18T16:35:00,
MAD,BCN,2026-02-18,62.27,UX,PT1H25M,2026-02-18T07:30:00,2026-02-18T08:55:00,
MAD,BCN,2026-02-18,77.48,UX,PT10H10M,2026-02-18T21:45:00,2026-02-18T23:05:00,
MAD,BCN,2026-02-18,77.48,UX,PT12H55M,2026-02-18T19:00:00,2026-02-18T20:20:00,
MAD,BCN,2026-02-18,79.37,VY,PT1H15M,2026-02-18T11:25:00,2026-02-18T12:40:00,
MAD,BCN,2026-02-18,79.37,VY,PT1H20M,2026-02-18T07:05:00,2026-02-18T08:25:00,
MAD,BCN,2026-02-18,79.37,VY,PT1H20M,2026-02-18T07:40:00,2026-02-18T09:00:00,
MAD,BCN,2026-02-18,79.37,VY,PT1H20M,2026-02-18T08:25:00,2026-02-18T09:45:00,
MAD,BCN,2026-02-18,79.37,VY,PT1H20M,2026-02-18T20:00:00,2026-02-18T21:20:00,
MAD,BCN,2026-02-18,79.37,IB,PT1H15M,2026-02-18T16:55:00,2026-02-18T18:10:00,
MAD,BCN,2026-02-18,79.37,IB,PT1H15M,2026-02-18T21:35:00,2026-02-18T22:50:00,
MAD,BCN,2026-02-18,79.37,IB,PT1H20M,2026-02-18T07:05:00,2026-02-18T08:25:00,
MAD,BCN,2026-02-18,85.37,VY,PT1H15M,2026-02-18T18:00:00,2026-02-18T19:15:00,
MAD,BCN,2026-02-18,85.37,VY,PT1H20M,2026-02-18T10:25:00,2026-02-18T11:45:00,
MAD,BCN,2026-02-18,85.37,VY,PT1H20M,2026-02-18T13:00:00,2026-02-18T14:20:00,
MAD,BCN,2026-02-19,54.27,UX,PT1H25M,2026-02-19T15:10:00,2026-02-19T16:35:00,
MAD,BCN,2026-02-19,62.27,UX,PT1H25M,2026-02-19T07:30:00,2026-02-19T08:55:00,
MAD,BCN,2026-02-19,79.37,IB,PT1H15M,2026-02-19T16:55:00,2026-02-19T18:10:00,
MAD,BCN,2026-02-19,79.37,IB,PT1H15M,2026-02-19T21:35:00,2026-02-19T22:50:00,
MAD,BCN,2026-02-19,79.37,IB,PT1H20M,2026-02-19T07:05:00,2026-02-19T08:25:00,
MAD,BCN,2026-02-19,79.37,VY,PT1H20M,2026-02-19T07:05:00,2026-02-19T08:25:00,
MAD,BCN,2026-02-19,85.37,VY,PT1H15M,2026-02-19T11:25:00,2026-02-19T12:40:00,
MAD,BCN,2026-02-19,85.37,VY,PT1H15M,2026-02-19T18:00:00,2026-02-19T19:15:00,
MAD,BCN,2026-02-19,85.37,VY,PT1H15M,2026-02-19T19:10:00,2026-02-19T20:25:00,
MAD,BCN,2026-02-19,85.37,VY,PT1H20M,2026-02-19T10:25:00,2026-02-19T11:45:00,
MAD,BCN,2026-02-19,85.37,VY,PT1H20M,2026-02-19T13:00:00,2026-02-19T14:20:00,
MAD,BCN,2026-02-19,85.37,VY,PT1H20M,2026-02-19T20:00:00,2026-02-19T21:20:00,
MAD,BCN,2026-02-19,89.48,UX,PT2H45M,2026-02-19T08:20:00,2026-02-19T09:40:00,
MAD,BCN,2026-02-19,89.48,UX,PT6H,2026-02-19T08:20:00,2026-02-19T09:40:00,
MAD,BCN,2026-02-19,98.48,UX,PT10H10M,2026-02-19T21:45:00,2026-02-19T23:05:00,
MAD,BCN,2026-02-20,48.27,UX,PT1H25M,2026-02-20T15:10:00,2026-02-20T16:35:00,
MAD,BCN,2026-02-20,62.27,UX,PT1H25M,2026-02-20T07:30:00,2026-02-20T08:55:00,
MAD,BCN,2026-02-20,63.48,UX,PT10H10M,2026-02-20T21:45:00,2026-02-20T23:05:00,
MAD,BCN,2026-02-20,79.37,VY,PT1H15M,2026-02-20T11:25:00,2026-02-20T12:40:00,
MAD,BCN,2026-02-20,79.37,VY,PT1H20M,2026-02-20T07:05:00,2026-02-20T08:25:00,
MAD,BCN,2026-02-20,79.37,VY,PT1H20M,2026-02-20T10:25:00,2026-02-20T11:45:00,
MAD,BCN,2026-02-20,79.37,IB,PT1H15M,2026-02-20T16:55:00,2026-02-20T18:10:00,
MAD,BCN,2026-02-20,79.37,IB,PT1H15M,2026-02-20T19:10:00,2026-02-20T20:25:00,
MAD,BCN,2026-02-20,79.37,IB,PT1H15M,2026-02-20T21:35:00,2026-02-20T22:50:00,
MAD,BCN,2026-02-20,79.37,IB,PT1H20M,2026-02-20T07:05:00,2026-02-20T08:25:00,
MAD,BCN,2026-02-20,85.37,VY,PT1H15M,2026-02-20T19:10:00,2026-02-20T20:25:00,
MAD,BCN,2026-02-20,85.37,VY,PT1H20M,2026-02-20T08:25:00,2026-02-20T09:45:00,
MAD,BCN,2026-02-20,85.37,VY,PT1H20M,2026-02-20T13:00:00,2026-02-20T14:20:00,
MAD,BCN,2026-02-20,85.37,VY,PT1H20M,2026-02-20T15:50:00,2026-02-20T17:10:00,
MAD,BCN,2026-02-20,92.48,UX,PT2H45M,2026-02-20T08:20:00,2026-02-20T09:40:00,
MAD,BCN,2026-02-21,54.27,UX,PT1H25M,2026-02-21T15:10:00,2026-02-21T16:35:00,
MAD,BCN,2026-02-21,62.27,UX,PT1H25M,2026-02-21T07:30:00,2026-02-21T08:55:00,
MAD,BCN,2026-02-21,79.37,IB,PT1H15M,2026-02-21T16:55:00,2026-02-21T18:10:00,
MAD,BCN,2026-02-21,79.37,IB,PT1H20M,2026-02-21T13:00:00,2026-02-21T14:20:00,
MAD,BCN,2026-02-21,79.37,VY,PT1H15M,2026-02-21T19:10:00,2026-02-21T20:25:00,
MAD,BCN,2026-02-21,79.37,VY,PT1H20M,2026-02-21T07:40:00,2026-02-21T09:00:00,
MAD,BCN,2026-02-21,85.37,VY,PT1H15M,2026-02-21T11:25:00,2026-02-21T12:40:00,
MAD,BCN,2026-02-21,85.37,VY,PT1H20M,2026-02-21T08:25:00,2026-02-21T09:45:00,
MAD,BCN,2026-02-21,85.37,VY,PT1H20M,2026-02-21T13:00:00,2026-02-21T14:20:00,
MAD,BCN,2026-02-21,85.37,VY,PT1H20M,2026-02-21T20:00:00,2026-02-21T21:20:00,
MAD,BCN,2026-02-21,92.48,UX,PT2H45M,2026-02-21T08:20:00,2026-02-21T09:40:00,
MAD,BCN,2026-02-21,92.48,UX,PT6H,2026-02-21T08:20:00,2026-02-21T09:40:00,
MAD,BCN,2026-02-21,93.37,IB,PT1H15M,2026-02-21T19:10:00,2026-02-21T20:25:00,
MAD,BCN,2026-02-21,93.37,IB,PT1H20M,2026-02-21T07:05:00,2026-02-21T08:25:00,
MAD,BCN,2026-02-21,93.37,IB,PT1H20M,2026-02-21T07:40:00,2026-02-21T09:00:00,
MAD,BCN,2026-02-22,54.27,UX,PT1H25M,2026-02-22T15:10:00,2026-02-22T16:35:00,
MAD,BCN,2026-02-22,62.27,UX,PT1H25M,2026-02-22T07:30:00,2026-02-22T08:55:00,
MAD,BCN,2026-02-22,72.48,UX,PT6H,2026-02-22T08:20:00,2026-02-22T09:40:00,
MAD,BCN,2026-02-22,79.37,VY,PT1H15M,2026-02-22T11:25:00,2026-02-22T12:40:00,
MAD,BCN,2026-02-22,79.37,VY,PT1H20M,2026-02-22T07:05:00,2026-02-22T08:25:00,
MAD,BCN,2026-02-22,79.37,VY,PT1H20M,2026-02-22T08:25:00,2026-02-22T09:45:00,
MAD,BCN,2026-02-22,79.37,VY,PT1H20M,2026-02-22T13:00:00,2026-02-22T14:20:00,
MAD,BCN,2026-02-22,79.37,VY,PT1H20M,2026-02-22T20:00:00,2026-02-22T21:20:00,
MAD,BCN,2026-02-22,79.37,IB,PT1H15M,2026-02-22T18:00:00,2026-02-22T19:15:00,
MAD,BCN,2026-02-22,79.37,IB,PT1H15M,2026-02-22T21:35:00,2026-02-22T22:50:00,
MAD,BCN,2026-02-22,85.37,VY,PT1H15M,2026-02-22T18:00:00,2026-02-22T19:15:00,
MAD,BCN,2026-02-22,85.37,VY,PT1H15M,2026-02-22T19:10:00,2026-02-22T20:25:00,
MAD,BCN,2026-02-22,99.75,V7,PT15H55M,2026-02-22T17:00:00,2026-02-22T18:15:00,
MAD,BCN,2026-02-22,102.37,IB,PT1H20M,2026-02-22T07:05:00,2026-02-22T08:25:00,
MAD,BCN,2026-02-22,113.37,IB,PT1H20M,2026-02-22T08:25:00,2026-02-22T09:45:00,
MAD,BCN,2026-02-23,48.27,UX,PT1H25M,2026-02-23T15:10:00,2026-02-23T16:35:00,
MAD,BCN,2026-02-23,54.27,UX,PT1H25M,2026-02-23T07:30:00,2026-02-23T08:55:00,
MAD,BCN,2026-02-23,79.37,IB,PT1H15M,2026-02-23T16:55:00,2026-02-23T18:10:00,
MAD,BCN,2026-02-23,79.37,IB,PT1H15M,2026-02-23T21:35:00,2026-02-23T22:50:00,
MAD,BCN,2026-02-23,79.37,IB,PT1H20M,2026-02-23T10:25:00,2026-02-23T11:45:00,
MAD,BCN,2026-02-23,79.37,VY,PT1H15M,2026-02-23T19:10:00,2026-02-23T20:25:00,
MAD,BCN,2026-02-23,79.37,VY,PT1H20M,2026-02-23T06:40:00,2026-02-23T08:00:00,
MAD,BCN,2026-02-23,79.37,VY,PT1H20M,2026-02-23T07:40:00,2026-02-23T09:00:00,
MAD,BCN,2026-02-23,79.37,VY,PT1H20M,2026-02-23T14:55:00,2026-02-23T16:15:00,
MAD,BCN,2026-02-23,79.37,VY,PT1H20M,2026-02-23T15:50:00,2026-02-23T17:10:00,
MAD,BCN,2026-02-23,80.48,UX,PT10H10M,2026-02-23T21:45:00,2026-02-23T23:05:00,
MAD,BCN,2026-02-23,85.37,VY,PT1H15M,2026-02-23T11:25:00,2026-02-23T12:40:00,
MAD,BCN,2026-02-23,85.37,VY,PT1H20M,2026-02-23T08:25:00,2026-02-23T09:45:00,
MAD,BCN,2026-02-23,85.37,VY,PT1H20M,2026-02-23T10:25:00,2026-02-23T11:45:00,
MAD,BCN,2026-02-23,85.37,VY,PT1H20M,2026-02-23T13:00:00,2026-02-23T14:20:00,
MAD,BCN,2026-02-24,48.27,UX,PT1H25M,2026-02-24T07:30:00,2026-02-24T08:55:00,
MAD,BCN,2026-02-24,54.27,UX,PT1H25M,2026-02-24T15:10:00,2026-02-24T16:35:00,
MAD,BCN,2026-02-24,79.37,IB,PT1H15M,2026-02-24T16:55:00,2026-02-24T18:10:00,
MAD,BCN,2026-02-24,79.37,IB,PT1H15M,2026-02-24T21:35:00,2026-02-24T22:50:00,
MAD,BCN,2026-02-24,79.37,IB,PT1H20M,2026-02-24T08:25:00,2026-02-24T09:45:00,
MAD,BCN,2026-02-24,79.37,IB,PT1H20M,2026-02-24T13:00:00,2026-02-24T14:20:00,
MAD,BCN,2026-02-24,79.37,VY,PT1H15M,2026-02-24T19:10:00,2026-02-24T20:25:00,
MAD,BCN,2026-02-24,79.37,VY,PT1H20M,2026-02-24T10:25:00,2026-02-24T11:45:00,
MAD,BCN,2026-02-24,79.37,VY,PT1H20M,2026-02-24T20:00:00,2026-02-24T21:20:00,
MAD,BCN,2026-02-24,85.37,VY,PT1H15M,2026-02-24T11:25:00,2026-02-24T12:40:00,
MAD,BCN,2026-02-24,85.37,VY,PT1H15M,2026-02-24T18:00:00,2026-02-24T19:15:00,
MAD,BCN,2026-02-24,85.37,VY,PT1H20M,2026-02-24T06:40:00,2026-02-24T08:00:00,
MAD,BCN,2026-02-24,85.37,VY,PT1H20M,2026-02-24T07:05:00,2026-02-24T08:25:00,
MAD,BCN,2026-02-24,85.37,VY,PT1H20M,2026-02-24T07:40:00,2026-02-24T09:00:00,
MAD,BCN,2026-02-24,85.37,VY,PT1H20M,2026-02-24T13:00:00,2026-02-24T14:20:00,
MAD,BCN,2026-02-25,54.27,UX,PT1H25M,2026-02-25T07:30:00,2026-02-25T08:55:00,
MAD,BCN,2026-02-25,54.27,UX,PT1H25M,2026-02-25T15:10:00,2026-02-25T16:35:00,
MAD,BCN,2026-02-25,79.37,IB,PT1H15M,2026-02-25T16:55:00,2026-02-25T18:10:00,
MAD,BCN,2026-02-25,79.37,IB,PT1H15M,2026-02-25T21:35:00,2026-02-25T22:50:00,
MAD,BCN,2026-02-25,79.37,IB,PT1H20M,2026-02-25T07:05:00,2026-02-25T08:25:00,
MAD,BCN,2026-02-25,79.37,VY,PT1H15M,2026-02-25T18:00:00,2026-02-25T19:15:00,
MAD,BCN,2026-02-25,79.37,VY,PT1H20M,2026-02-25T07:40:00,2026-02-25T09:00:00,
MAD,BCN,2026-02-25,79.37,VY,PT1H20M,2026-02-25T08:25:00,2026-02-25T09:45:00,
MAD,BCN,2026-02-25,85.37,VY,PT1H15M,2026-02-25T11:25:00,2026-02-25T12:40:00,
MAD,BCN,2026-02-25,85.37,VY,PT1H15M,2026-02-25T19:10:00,2026-02-25T20:25:00,
MAD,BCN,2026-02-25,85.37,VY,PT1H20M,2026-02-25T07:05:00,2026-02-25T08:25:00,
MAD,BCN,2026-02-25,85.37,VY,PT1H20M,2026-02-25T10:25:00,2026-02-25T11:45:00,
MAD,BCN,2026-02-25,85.37,VY,PT1H20M,2026-02-25T13:00:00,2026-02-25T14:20:00,
MAD,BCN,2026-02-25,85.37,VY,PT1H20M,2026-02-25T15:50:00,2026-02-25T17:10:00,
MAD,BCN,2026-02-25,85.37,VY,PT1H20M,2026-02-25T20:00:00,2026-02-25T21:20:00,
MAD,BCN,2026-02-26,54.27,UX,PT1H25M,2026-02-26T15:10:00,2026-02-26T16:35:00,
MAD,BCN,2026-02-26,62.27,UX,PT1H25M,2026-02-26T07:30:00,2026-02-26T08:55:00,
MAD,BCN,2026-02-26,79.37,IB,PT1H15M,2026-02-26T16:55:00,2026-02-26T18:10:00,
MAD,BCN,2026-02-26,79.37,IB,PT1H15M,2026-02-26T21:35:00,2026-02-26T22:50:00,
MAD,BCN,2026-02-26,79.37,IB,PT1H20M,2026-02-26T07:05:00,2026-02-26T08:25:00,
MAD,BCN,2026-02-26,79.37,VY,PT1H15M,2026-02-26T19:10:00,2026-02-26T20:25:00,
MAD,BCN,2026-02-26,79.37,VY,PT1H20M,2026-02-26T07:05:00,2026-02-26T08:25:00,
MAD,BCN,2026-02-26,79.37,VY,PT1H20M,2026-02-26T10:25:00,2026-02-26T11:45:00,
MAD,BCN,2026-02-26,79.37,VY,PT1H20M,2026-02-26T13:00:00,2026-02-26T14:20:00,
MAD,BCN,2026-02-26,79.37,VY,PT1H20M,2026-02-26T15:50:00,2026-02-26T17:10:00,
MAD,BCN,2026-02-26,85.37,VY,PT1H15M,2026-02-26T11:25:00,2026-02-26T12:40:00,
MAD,BCN,2026-02-26,85.37,VY,PT1H15M,2026-02-26T18:00:00,2026-02-26T19:15:00,
MAD,BCN,2026-02-26,85.37,VY,PT1H20M,2026-02-26T07:40:00,2026-02-26T09:00:00,
MAD,BCN,2026-02-26,85.37,VY,PT1H20M,2026-02-26T20:00:00,2026-02-26T21:20:00,
MAD,BCN,2026-02-26,85.37,VY,PT1H20M,2026-02-26T06:40:00,2026-02-26T08:00:00,
MAD,BCN,2026-02-27,48.27,UX,PT1H25M,2026-02-27T15:10:00,2026-02-27T16:35:00,
MAD,BCN,2026-02-27,62.27,UX,PT1H25M,2026-02-27T07:30:00,2026-02-27T08:55:00,
MAD,BCN,2026-02-27,79.37,IB,PT1H15M,2026-02-27T16:55:00,2026-02-27T18:10:00,
MAD,BCN,2026-02-27,79.37,IB,PT1H15M,2026-02-27T21:35:00,2026-02-27T22:50:00,
MAD,BCN,2026-02-27,79.37,IB,PT1H20M,2026-02-27T07:05:00,2026-02-27T08:25:00,
MAD,BCN,2026-02-27,79.37,VY,PT1H15M,2026-02-27T19:10:00,2026-02-27T20:25:00,
MAD,BCN,2026-02-27,79.37,VY,PT1H20M,2026-02-27T06:40:00,2026-02-27T08:00:00,
MAD,BCN,2026-02-27,85.37,VY,PT1H15M,2026-02-27T11:25:00,2026-02-27T12:40:00,
MAD,BCN,2026-02-27,85.37,VY,PT1H20M,2026-02-27T07:05:00,2026-02-27T08:25:00,
MAD,BCN,2026-02-27,85.37,VY,PT1H20M,2026-02-27T07:40:00,2026-02-27T09:00:00,
MAD,BCN,2026-02-27,85.37,VY,PT1H20M,2026-02-27T08:25:00,2026-02-27T09:45:00,
MAD,BCN,2026-02-27,85.37,VY,PT1H20M,2026-02-27T15:50:00,2026-02-27T17:10:00,
MAD,BCN,2026-02-27,85.37,VY,PT1H20M,2026-02-27T13:00:00,2026-02-27T14:20:00,
MAD,BCN,2026-02-27,93.37,VY,PT1H20M,2026-02-27T10:25:00,2026-02-27T11:45:00,
MAD,BCN,2026-02-27,104.48,UX,PT10H10M,2026-02-27T21:45:00,2026-02-27T23:05:00,
MAD,BCN,2026-02-28,54.27,UX,PT1H25M,2026-02-28T15:10:00,2026-02-28T16:35:00,
MAD,BCN,2026-02-28,62.27,UX,PT1H25M,2026-02-28T07:30:00,2026-02-28T08:55:00,
MAD,BCN,2026-02-28,63.79,UX,PT10H10M,2026-02-28T21:45:00,2026-02-28T23:05:00,
MAD,BCN,2026-02-28,79.37,IB,PT1H15M,2026-02-28T16:55:00,2026-02-28T18:10:00,
MAD,BCN,2026-02-28,79.37,IB,PT1H15M,2026-02-28T21:35:00,2026-02-28T22:50:00,
MAD,BCN,2026-02-28,79.37,VY,PT1H20M,2026-02-28T08:25:00,2026-02-28T09:45:00,
MAD,BCN,2026-02-28,79.37,VY,PT1H20M,2026-02-28T15:50:00,2026-02-28T17:10:00,
MAD,BCN,2026-02-28,79.37,VY,PT1H20M,2026-02-28T20:00:00,2026-02-28T21:20:00,
MAD,BCN,2026-02-28,80.79,UX,PT12H55M,2026-02-28T19:00:00,2026-02-28T20:20:00,
MAD,BCN,2026-02-28,80.79,UX,PT13H20M,2026-02-28T21:45:00,2026-02-28T23:05:00,
MAD,BCN,2026-02-28,85.37,VY,PT1H15M,2026-02-28T11:25:00,2026-02-28T12:40:00,
MAD,BCN,2026-02-28,85.37,VY,PT1H15M,2026-02-28T19:10:00,2026-02-28T20:25:00,
MAD,BCN,2026-02-28,85.37,VY,PT1H20M,2026-02-28T07:05:00,2026-02-28T08:25:00,
MAD,BCN,2026-02-28,85.37,VY,PT1H20M,2026-02-28T13:00:00,2026-02-28T14:20:00,
MAD,BCN,2026-02-28,100.48,UX,PT4H5M,2026-02-28T17:05:00,2026-02-28T18:25:00,
MAD,BCN,2026-03-01,55.43,UX,PT1H25M,2026-03-01T07:30:00,2026-03-01T08:55:00,
MAD,BCN,2026-03-01,71.43,UX,PT1H25M,2026-03-01T15:10:00,2026-03-01T16:35:00,
MAD,BCN,2026-03-01,73.88,UX,PT6H,2026-03-01T08:20:00,2026-03-01T09:40:00,
MAD,BCN,2026-03-01,80.53,IB,PT1H15M,2026-03-01T16:55:00,2026-03-01T18:10:00,
MAD,BCN,2026-03-01,80.53,IB,PT1H15M,2026-03-01T21:35:00,2026-03-01T22:50:00,
MAD,BCN,2026-03-01,80.53,VY,PT1H15M,2026-03-01T19:10:00,2026-03-01T20:25:00,
MAD,BCN,2026-03-01,80.53,VY,PT1H20M,2026-03-01T08:25:00,2026-03-01T09:45:00,
MAD,BCN,2026-03-01,81.88,UX,PT2H45M,2026-03-01T08:20:00,2026-03-01T09:40:00,
MAD,BCN,2026-03-01,86.53,VY,PT1H15M,2026-03-01T11:25:00,2026-03-01T12:40:00,
MAD,BCN,2026-03-01,86.53,VY,PT1H15M,2026-03-01T18:00:00,2026-03-01T19:15:00,
MAD,BCN,2026-03-01,86.53,VY,PT1H20M,2026-03-01T13:00:00,2026-03-01T14:20:00,
MAD,BCN,2026-03-01,86.53,VY,PT1H20M,2026-03-01T15:50:00,2026-03-01T17:10:00,
MAD,BCN,2026-03-01,86.53,VY,PT1H20M,2026-03-01T20:00:00,2026-03-01T21:20:00,
MAD,BCN,2026-03-01,117.49,V7,PT15H55M,2026-03-01T17:00:00,2026-03-01T18:15:00,
MAD,BCN,2026-03-01,137.53,VY,PT1H15M,2026-03-01T21:35:00,2026-03-01T22:50:00,
MAD,BCN,2026-03-02,55.43,UX,PT1H25M,2026-03-02T07:30:00,2026-03-02T08:55:00,
MAD,BCN,2026-03-02,55.43,UX,PT1H25M,2026-03-02T15:10:00,2026-03-02T16:35:00,
MAD,BCN,2026-03-02,61.88,UX,PT10H10M,2026-03-02T21:45:00,2026-03-02T23:05:00,
MAD,BCN,2026-03-02,73.88,UX,PT13H20M,2026-03-02T21:45:00,2026-03-02T23:05:00,
MAD,BCN,2026-03-02,78.88,UX,PT12H55M,2026-03-02T19:00:00,2026-03-02T20:20:00,
MAD,BCN,2026-03-02,80.53,IB,PT1H15M,2026-03-02T16:55:00,2026-03-02T18:10:00,
MAD,BCN,2026-03-02,80.53,IB,PT1H15M,2026-03-02T19:10:00,2026-03-02T20:25:00,
MAD,BCN,2026-03-02,80.53,IB,PT1H15M,2026-03-02T21:35:00,2026-03-02T22:50:00,
MAD,BCN,2026-03-02,80.53,IB,PT1H20M,2026-03-02T10:25:00,2026-03-02T11:45:00,
MAD,BCN,2026-03-02,80.53,VY,PT1H20M,2026-03-02T06:40:00,2026-03-02T08:00:00,
MAD,BCN,2026-03-02,80.53,VY,PT1H20M,2026-03-02T07:05:00,2026-03-02T08:25:00,
MAD,BCN,2026-03-02,80.53,VY,PT1H20M,2026-03-02T08:25:00,2026-03-02T09:45:00,
MAD,BCN,2026-03-02,80.53,VY,PT1H20M,2026-03-02T15:50:00,2026-03-02T17:10:00,
MAD,BCN,2026-03-02,80.53,VY,PT1H20M,2026-03-02T20:00:00,2026-03-02T21:20:00,
MAD,BCN,2026-03-02,86.53,VY,PT1H15M,2026-03-02T11:25:00,2026-03-02T12:40:00,
MAD,BCN,2026-03-03,49.43,UX,PT1H25M,2026-03-03T07:30:00,2026-03-03T08:55:00,
MAD,BCN,2026-03-03,49.43,UX,PT1H25M,2026-03-03T15:10:00,2026-03-03T16:35:00,
MAD,BCN,2026-03-03,64.88,UX,PT10H10M,2026-03-03T21:45:00,2026-03-03T23:05:00,
MAD,BCN,2026-03-03,64.88,UX,PT12H55M,2026-03-03T19:00:00,2026-03-03T20:20:00,
MAD,BCN,2026-03-03,73.88,UX,PT2H45M,2026-03-03T08:20:00,2026-03-03T09:40:00,
MAD,BCN,2026-03-03,73.88,UX,PT6H,2026-03-03T08:20:00,2026-03-03T09:40:00,
MAD,BCN,2026-03-03,73.88,UX,PT13H20M,2026-03-03T21:45:00,2026-03-03T23:05:00,
MAD,BCN,2026-03-03,80.53,VY,PT1H15M,2026-03-03T11:25:00,2026-03-03T12:40:00,
MAD,BCN,2026-03-03,80.53,VY,PT1H15M,2026-03-03T19:10:00,2026-03-03T20:25:00,
MAD,BCN,2026-03-03,80.53,VY,PT1H20M,2026-03-03T07:40:00,2026-03-03T09:00:00,
MAD,BCN,2026-03-03,80.53,VY,PT1H20M,2026-03-03T20:00:00,2026-03-03T21:20:00,
MAD,BCN,2026-03-03,80.53,IB,PT1H15M,2026-03-03T16:55:00,2026-03-03T18:10:00,
MAD,BCN,2026-03-03,80.53,IB,PT1H15M,2026-03-03T21:35:00,2026-03-03T22:50:00,
MAD,BCN,2026-03-03,86.53,VY,PT1H15M,2026-03-03T18:00:00,2026-03-03T19:15:00,
MAD,BCN,2026-03-03,86.53,VY,PT1H20M,2026-03-03T06:40:00,2026-03-03T08:00:00,
MAD,BCN,2026-03-04,55.43,UX,PT1H25M,2026-03-04T15:10:00,2026-03-04T16:35:00,
MAD,BCN,2026-03-04,63.43,UX,PT1H25M,2026-03-04T07:30:00,2026-03-04T08:55:00,
MAD,BCN,2026-03-04,64.88,UX,PT10H10M,2026-03-04T21:45:00,2026-03-04T23:05:00,
MAD,BCN,2026-03-04,64.88,UX,PT12H55M,2026-03-04T19:00:00,2026-03-04T20:20:00,
MAD,BCN,2026-03-04,73.88,UX,PT2H45M,2026-03-04T08:20:00,2026-03-04T09:40:00,
MAD,BCN,2026-03-04,80.53,VY,PT1H15M,2026-03-04T11:25:00,2026-03-04T12:40:00,
MAD,BCN,2026-03-04,80.53,VY,PT1H20M,2026-03-04T06:40:00,2026-03-04T08:00:00,
MAD,BCN,2026-03-04,80.53,VY,PT1H20M,2026-03-04T08:25:00,2026-03-04T09:45:00,
MAD,BCN,2026-03-04,80.53,VY,PT1H20M,2026-03-04T10:25:00,2026-03-04T11:45:00,
MAD,BCN,2026-03-04,80.53,IB,PT1H15M,2026-03-04T16:55:00,2026-03-04T18:10:00,
MAD,BCN,2026-03-04,80.53,IB,PT1H15M,2026-03-04T18:00:00,2026-03-04T19:15:00,
MAD,BCN,2026-03-04,80.53,IB,PT1H15M,2026-03-04T19:10:00,2026-03-04T20:25:00,
MAD,BCN,2026-03-04,80.53,IB,PT1H15M,2026-03-04T21:35:00,2026-03-04T22:50:00,
MAD,BCN,2026-03-04,80.53,IB,PT1H20M,2026-03-04T07:05:00,2026-03-04T08:25:00,
MAD,BCN,2026-03-04,80.53,IB,PT1H20M,2026-03-04T13:00:00,2026-03-04T14:20:00,
MAD,BCN,2026-03-05,55.43,UX,PT1H25M,2026-03-05T15:10:00,2026-03-05T16:35:00,
MAD,BCN,2026-03-05,63.43,UX,PT1H25M,2026-03-05T07:30:00,2026-03-05T08:55:00,
MAD,BCN,2026-03-05,80.53,IB,PT1H15M,2026-03-05T16:55:00,2026-03-05T18:10:00,
MAD,BCN,2026-03-05,80.53,IB,PT1H15M,2026-03-05T18:00:00,2026-03-05T19:15:00,
MAD,BCN,2026-03-05,80.53,IB,PT1H15M,2026-03-05T21:35:00,2026-03-05T22:50:00,
MAD,BCN,2026-03-05,80.53,IB,PT1H20M,2026-03-05T07:05:00,2026-03-05T08:25:00,
MAD,BCN,2026-03-05,80.53,VY,PT1H20M,2026-03-05T06:40:00,2026-03-05T08:00:00,
MAD,BCN,2026-03-05,80.53,VY,PT1H20M,2026-03-05T15:50:00,2026-03-05T17:10:00,
MAD,BCN,2026-03-05,81.88,UX,PT2H45M,2026-03-05T08:20:00,2026-03-05T09:40:00,
MAD,BCN,2026-03-05,81.88,UX,PT6H,2026-03-05T08:20:00,2026-03-05T09:40:00,
MAD,BCN,2026-03-05,86.53,VY,PT1H15M,2026-03-05T11:25:00,2026-03-05T12:40:00,
MAD,BCN,2026-03-05,86.53,VY,PT1H15M,2026-03-05T18:00:00,2026-03-05T19:15:00,
MAD,BCN,2026-03-05,86.53,VY,PT1H15M,2026-03-05T19:10:00,2026-03-05T20:25:00,
MAD,BCN,2026-03-05,86.53,VY,PT1H20M,2026-03-05T07:05:00,2026-03-05T08:25:00,
MAD,BCN,2026-03-05,86.53,VY,PT1H20M,2026-03-05T07:40:00,2026-03-05T09:00:00,
MAD,BCN,2026-03-06,49.43,UX,PT1H25M,2026-03-06T15:10:00,2026-03-06T16:35:00,
MAD,BCN,2026-03-06,64.88,UX,PT10H10M,2026-03-06T21:45:00,2026-03-06T23:05:00,
MAD,BCN,2026-03-06,71.43,UX,PT1H25M,2026-03-06T07:30:00,2026-03-06T08:55:00,
MAD,BCN,2026-03-06,80.53,VY,PT1H15M,2026-03-06T11:25:00,2026-03-06T12:40:00,
MAD,BCN,2026-03-06,80.53,VY,PT1H20M,2026-03-06T06:40:00,2026-03-06T08:00:00,
MAD,BCN,2026-03-06,80.53,VY,PT1H20M,2026-03-06T07:40:00,2026-03-06T09:00:00,
MAD,BCN,2026-03-06,80.53,VY,PT1H20M,2026-03-06T10:25:00,2026-03-06T11:45:00,
MAD,BCN,2026-03-06,80.53,VY,PT1H20M,2026-03-06T14:55:00,2026-03-06T16:15:00,
MAD,BCN,2026-03-06,80.53,IB,PT1H15M,2026-03-06T16:55:00,2026-03-06T18:10:00,
MAD,BCN,2026-03-06,80.53,IB,PT1H15M,2026-03-06T19:10:00,2026-03-06T20:25:00,
MAD,BCN,2026-03-06,80.53,IB,PT1H15M,2026-03-06T21:35:00,2026-03-06T22:50:00,
MAD,BCN,2026-03-06,80.53,IB,PT1H20M,2026-03-06T07:05:00,2026-03-06T08:25:00,
MAD,BCN,2026-03-06,81.88,UX,PT6H,2026-03-06T08:20:00,2026-03-06T09:40:00,
MAD,BCN,2026-03-06,86.53,VY,PT1H15M,2026-03-06T19:10:00,2026-03-06T20:25:00,
MAD,BCN,2026-03-06,86.53,VY,PT1H20M,2026-03-06T07:05:00,2026-03-06T08:25:00,
MAD,BCN,2026-03-07,55.43,UX,PT1H25M,2026-03-07T15:10:00,2026-03-07T16:35:00,
MAD,BCN,2026-03-07,61.88,UX,PT10H10M,2026-03-07T21:45:00,2026-03-07T23:05:00,
MAD,BCN,2026-03-07,63.43,UX,PT1H25M,2026-03-07T07:30:00,2026-03-07T08:55:00,
MAD,BCN,2026-03-07,73.88,UX,PT6H,2026-03-07T08:20:00,2026-03-07T09:40:00,
MAD,BCN,2026-03-07,78.88,UX,PT12H55M,2026-03-07T19:00:00,2026-03-07T20:20:00,
MAD,BCN,2026-03-07,80.53,VY,PT1H15M,2026-03-07T11:25:00,2026-03-07T12:40:00,
MAD,BCN,2026-03-07,80.53,VY,PT1H20M,2026-03-07T07:05:00,2026-03-07T08:25:00,
MAD,BCN,2026-03-07,80.53,VY,PT1H20M,2026-03-07T07:40:00,2026-03-07T09:00:00,
MAD,BCN,2026-03-07,80.53,VY,PT1H20M,2026-03-07T08:25:00,2026-03-07T09:45:00,
MAD,BCN,2026-03-07,80.53,VY,PT1H20M,2026-03-07T13:00:00,2026-03-07T14:20:00,
MAD,BCN,2026-03-07,80.53,IB,PT1H15M,2026-03-07T16:55:00,2026-03-07T18:10:00,
MAD,BCN,2026-03-07,80.53,IB,PT1H15M,2026-03-07T21:35:00,2026-03-07T22:50:00,
MAD,BCN,2026-03-07,80.53,IB,PT1H20M,2026-03-07T20:00:00,2026-03-07T21:20:00,
MAD,BCN,2026-03-07,81.88,UX,PT2H45M,2026-03-07T08:20:00,2026-03-07T09:40:00,
MAD,BCN,2026-03-07,86.53,VY,PT1H15M,2026-03-07T19:10:00,2026-03-07T20:25:00,
MAD,BCN,2026-03-08,49.43,UX,PT1H25M,2026-03-08T15:10:00,2026-03-08T16:35:00,
MAD,BCN,2026-03-08,71.43,UX,PT1H25M,2026-03-08T07:30:00,2026-03-08T08:55:00,
MAD,BCN,2026-03-08,80.53,IB,PT1H15M,2026-03-08T16:55:00,2026-03-08T18:10:00,
MAD,BCN,2026-03-08,80.53,IB,PT1H15M,2026-03-08T19:10:00,2026-03-08T20:25:00,
MAD,BCN,2026-03-08,80.53,IB,PT1H15M,2026-03-08T21:35:00,2026-03-08T22:50:00,
MAD,BCN,2026-03-08,80.53,VY,PT1H20M,2026-03-08T08:25:00,2026-03-08T09:45:00,
MAD,BCN,2026-03-08,80.53,VY,PT1H20M,2026-03-08T15:50:00,2026-03-08T17:10:00,
MAD,BCN,2026-03-08,80.53,VY,PT1H20M,2026-03-08T20:00:00,2026-03-08T21:20:00,
MAD,BCN,2026-03-08,86.53,VY,PT1H15M,2026-03-08T11:25:00,2026-03-08T12:40:00,
MAD,BCN,2026-03-08,86.53,VY,PT1H15M,2026-03-08T18:00:00,2026-03-08T19:15:00,
MAD,BCN,2026-03-08,86.53,VY,PT1H15M,2026-03-08T19:10:00,2026-03-08T20:25:00,
MAD,BCN,2026-03-08,86.53,VY,PT1H20M,2026-03-08T13:00:00,2026-03-08T14:20:00,
MAD,BCN,2026-03-08,93.88,UX,PT2H45M,2026-03-08T08:20:00,2026-03-08T09:40:00,
MAD,BCN,2026-03-08,104.49,V7,PT15H55M,2026-03-08T17:00:00,2026-03-08T18:15:00,
MAD,BCN,2026-03-08,117.88,UX,PT6H,2026-03-08T08:20:00,2026-03-08T09:40:00,
MAD,BCN,2026-03-09,55.43,UX,PT1H25M,2026-03-09T15:10:00,2026-03-09T16:35:00,
MAD,BCN,2026-03-09,61.88,UX,PT10H10M,2026-03-09T21:45:00,2026-03-09T23:05:00,
MAD,BCN,2026-03-09,71.43,UX,PT1H25M,2026-03-09T07:30:00,2026-03-09T08:55:00,
MAD,BCN,2026-03-09,73.88,UX,PT2H45M,2026-03-09T08:20:00,2026-03-09T09:40:00,
MAD,BCN,2026-03-09,73.88,UX,PT6H,2026-03-09T08:20:00,2026-03-09T09:40:00,
MAD,BCN,2026-03-09,73.88,UX,PT13H20M,2026-03-09T21:45:00,2026-03-09T23:05:00,
MAD,BCN,2026-03-09,78.88,UX,PT12H55M,2026-03-09T19:00:00,2026-03-09T20:20:00,
MAD,BCN,2026-03-09,80.53,IB,PT1H15M,2026-03-09T16:55:00,2026-03-09T18:10:00,
MAD,BCN,2026-03-09,80.53,IB,PT1H15M,2026-03-09T19:10:00,2026-03-09T20:25:00,
MAD,BCN,2026-03-09,80.53,IB,PT1H15M,2026-03-09T21:35:00,2026-03-09T22:50:00,
MAD,BCN,2026-03-09,80.53,IB,PT1H20M,2026-03-09T06:40:00,2026-03-09T08:00:00,
MAD,BCN,2026-03-09,80.53,IB,PT1H20M,2026-03-09T07:05:00,2026-03-09T08:25:00,
MAD,BCN,2026-03-09,80.53,IB,PT1H20M,2026-03-09T10:25:00,2026-03-09T11:45:00,
MAD,BCN,2026-03-09,80.53,IB,PT1H20M,2026-03-09T13:00:00,2026-03-09T14:20:00,
MAD,BCN,2026-03-09,80.53,IB,PT1H20M,2026-03-09T15:50:00,2026-03-09T17:10:00,
MAD,BCN,2026-03-10,49.43,UX,PT1H25M,2026-03-10T15:10:00,2026-03-10T16:35:00,
MAD,BCN,2026-03-10,61.88,UX,PT10H10M,2026-03-10T21:45:00,2026-03-10T23:05:00,
MAD,BCN,2026-03-10,63.43,UX,PT1H25M,2026-03-10T07:30:00,2026-03-10T08:55:00,
MAD,BCN,2026-03-10,73.88,UX,PT2H45M,2026-03-10T08:20:00,2026-03-10T09:40:00,
MAD,BCN,2026-03-10,73.88,UX,PT6H,2026-03-10T08:20:00,2026-03-10T09:40:00,
MAD,BCN,2026-03-10,73.88,UX,PT13H20M,2026-03-10T21:45:00,2026-03-10T23:05:00,
MAD,BCN,2026-03-10,73.88,UX,PT4H5M,2026-03-10T17:05:00,2026-03-10T18:25:00,
MAD,BCN,2026-03-10,73.88,UX,PT6H35M,2026-03-10T14:35:00,2026-03-10T15:55:00,
MAD,BCN,2026-03-10,78.88,UX,PT12H55M,2026-03-10T19:00:00,2026-03-10T20:20:00,
MAD,BCN,2026-03-10,80.53,VY,PT1H15M,2026-03-10T11:25:00,2026-03-10T12:40:00,
MAD,BCN,2026-03-10,80.53,VY,PT1H15M,2026-03-10T18:00:00,2026-03-10T19:15:00,
MAD,BCN,2026-03-10,80.53,VY,PT1H20M,2026-03-10T06:40:00,2026-03-10T08:00:00,
MAD,BCN,2026-03-10,80.53,VY,PT1H20M,2026-03-10T10:25:00,2026-03-10T11:45:00,
MAD,BCN,2026-03-10,80.53,VY,PT1H20M,2026-03-10T20:00:00,2026-03-10T21:20:00,
MAD,BCN,2026-03-10,80.53,IB,PT1H15M,2026-03-10T16:55:00,2026-03-10T18:10:00,
MAD,BCN,2026-03-11,49.43,UX,PT1H25M,2026-03-11T15:10:00,2026-03-11T16:35:00,
MAD,BCN,2026-03-11,61.88,UX,PT10H10M,2026-03-11T21:45:00,2026-03-11T23:05:00,
MAD,BCN,2026-03-11,63.43,UX,PT1H25M,2026-03-11T07:30:00,2026-03-11T08:55:00,
MAD,BCN,2026-03-11,73.88,UX,PT2H45M,2026-03-11T08:20:00,2026-03-11T09:40:00,
MAD,BCN,2026-03-11,73.88,UX,PT6H,2026-03-11T08:20:00,2026-03-11T09:40:00,
MAD,BCN,2026-03-11,73.88,UX,PT13H20M,2026-03-11T21:45:00,2026-03-11T23:05:00,
MAD,BCN,2026-03-11,73.88,UX,PT4H5M,2026-03-11T17:05:00,2026-03-11T18:25:00,
MAD,BCN,2026-03-11,73.88,UX,PT6H35M,2026-03-11T14:35:00,2026-03-11T15:55:00,
MAD,BCN,2026-03-11,78.88,UX,PT12H55M,2026-03-11T19:00:00,2026-03-11T20:20:00,
MAD,BCN,2026-03-11,80.53,VY,PT1H15M,2026-03-11T11:25:00,2026-03-11T12:40:00,
MAD,BCN,2026-03-11,80.53,VY,PT1H20M,2026-03-11T08:25:00,2026-03-11T09:45:00,
MAD,BCN,2026-03-11,80.53,VY,PT1H20M,2026-03-11T10:25:00,2026-03-11T11:45:00,
MAD,BCN,2026-03-11,80.53,VY,PT1H20M,2026-03-11T20:00:00,2026-03-11T21:20:00,
MAD,BCN,2026-03-11,80.53,IB,PT1H15M,2026-03-11T16:55:00,2026-03-11T18:10:00,
MAD,BCN,2026-03-11,80.53,IB,PT1H15M,2026-03-11T18:00:00,2026-03-11T19:15:00,
MAD,BCN,2026-03-12,49.43,UX,PT1H25M,2026-03-12T07:30:00,2026-03-12T08:55:00,
MAD,BCN,2026-03-12,55.43,UX,PT1H25M,2026-03-12T15:10:00,2026-03-12T16:35:00,
MAD,BCN,2026-03-12,73.88,UX,PT6H35M,2026-03-12T14:35:00,2026-03-12T15:55:00,
MAD,BCN,2026-03-12,80.53,VY,PT1H15M,2026-03-12T11:25:00,2026-03-12T12:40:00,
MAD,BCN,2026-03-12,80.53,VY,PT1H20M,2026-03-12T06:40:00,2026-03-12T08:00:00,
MAD,BCN,2026-03-12,80.53,VY,PT1H20M,2026-03-12T07:40:00,2026-03-12T09:00:00,
MAD,BCN,2026-03-12,80.53,IB,PT1H15M,2026-03-12T16:55:00,2026-03-12T18:10:00,
MAD,BCN,2026-03-12,80.53,IB,PT1H15M,2026-03-12T21:35:00,2026-03-12T22:50:00,
MAD,BCN,2026-03-12,81.88,UX,PT12H55M,2026-03-12T19:00:00,2026-03-12T20:20:00,
MAD,BCN,2026-03-12,85.88,UX,PT3H20M,2026-03-12T14:35:00,2026-03-12T15:55:00,
MAD,BCN,2026-03-12,86.53,VY,PT1H15M,2026-03-12T18:00:00,2026-03-12T19:15:00,
MAD,BCN,2026-03-12,86.53,VY,PT1H15M,2026-03-12T19:10:00,2026-03-12T20:25:00,
MAD,BCN,2026-03-12,86.53,VY,PT1H20M,2026-03-12T10:25:00,2026-03-12T11:45:00,
MAD,BCN,2026-03-12,86.53,VY,PT1H20M,2026-03-12T13:00:00,2026-03-12T14:20:00,
MAD,BCN,2026-03-12,86.53,VY,PT1H20M,2026-03-12T15:50:00,2026-03-12T17:10:00,
MAD,BCN,2026-03-13,49.43,UX,PT1H25M,2026-03-13T15:10:00,2026-03-13T16:35:00,
MAD,BCN,2026-03-13,63.43,UX,PT1H25M,2026-03-13T07:30:00,2026-03-13T08:55:00,
MAD,BCN,2026-03-13,64.88,UX,PT10H10M,2026-03-13T21:45:00,2026-03-13T23:05:00,
MAD,BCN,2026-03-13,80.53,VY,PT1H15M,2026-03-13T11:25:00,2026-03-13T12:40:00,
MAD,BCN,2026-03-13,80.53,VY,PT1H20M,2026-03-13T07:05:00,2026-03-13T08:25:00,
MAD,BCN,2026-03-13,80.53,VY,PT1H20M,2026-03-13T15:50:00,2026-03-13T17:10:00,
MAD,BCN,2026-03-13,80.53,IB,PT1H15M,2026-03-13T16:55:00,2026-03-13T18:10:00,
MAD,BCN,2026-03-13,80.53,IB,PT1H15M,2026-03-13T21:35:00,2026-03-13T22:50:00,
MAD,BCN,2026-03-13,80.53,IB,PT1H20M,2026-03-13T07:05:00,2026-03-13T08:25:00,
MAD,BCN,2026-03-13,80.53,IB,PT1H20M,2026-03-13T08:25:00,2026-03-13T09:45:00,
MAD,BCN,2026-03-13,80.53,IB,PT1H20M,2026-03-13T13:00:00,2026-03-13T14:20:00,
MAD,BCN,2026-03-13,81.88,UX,PT2H45M,2026-03-13T08:20:00,2026-03-13T09:40:00,
MAD,BCN,2026-03-13,81.88,UX,PT6H,2026-03-13T08:20:00,2026-03-13T09:40:00,
MAD,BCN,2026-03-13,86.53,VY,PT1H15M,2026-03-13T19:10:00,2026-03-13T20:25:00,
MAD,BCN,2026-03-13,86.53,VY,PT1H20M,2026-03-13T06:40:00,2026-03-13T08:00:00,
MAD,BCN,2026-03-14,55.43,UX,PT1H25M,2026-03-14T15:10:00,2026-03-14T16:35:00,
MAD,BCN,2026-03-14,61.88,UX,PT10H10M,2026-03-14T21:45:00,2026-03-14T23:05:00,
MAD,BCN,2026-03-14,61.88,UX,PT12H55M,2026-03-14T19:00:00,2026-03-14T20:20:00,
MAD,BCN,2026-03-14,63.43,UX,PT1H25M,2026-03-14T07:30:00,2026-03-14T08:55:00,
MAD,BCN,2026-03-14,73.88,UX,PT4H5M,2026-03-14T17:05:00,2026-03-14T18:25:00,
MAD,BCN,2026-03-14,73.88,UX,PT6H35M,2026-03-14T14:35:00,2026-03-14T15:55:00,
MAD,BCN,2026-03-14,73.88,UX,PT6H,2026-03-14T08:20:00,2026-03-14T09:40:00,
MAD,BCN,2026-03-14,73.88,UX,PT13H20M,2026-03-14T21:45:00,2026-03-14T23:05:00,
MAD,BCN,2026-03-14,80.53,IB,PT1H15M,2026-03-14T16:55:00,2026-03-14T18:10:00,
MAD,BCN,2026-03-14,80.53,VY,PT1H20M,2026-03-14T07:05:00,2026-03-14T08:25:00,
MAD,BCN,2026-03-14,81.88,UX,PT2H45M,2026-03-14T08:20:00,2026-03-14T09:40:00,
MAD,BCN,2026-03-14,85.88,UX,PT3H20M,2026-03-14T14:35:00,2026-03-14T15:55:00,
MAD,BCN,2026-03-14,85.88,UX,PT4H5M,2026-03-14T10:15:00,2026-03-14T11:35:00,
MAD,BCN,2026-03-14,85.88,UX,PT7H40M,2026-03-14T10:15:00,2026-03-14T11:35:00,
MAD,BCN,2026-03-14,86.53,VY,PT1H15M,2026-03-14T11:25:00,2026-03-14T12:40:00,
MAD,BCN,2026-03-15,49.43,UX,PT1H25M,2026-03-15T15:10:00,2026-03-15T16:35:00,
MAD,BCN,2026-03-15,71.43,UX,PT1H25M,2026-03-15T07:30:00,2026-03-15T08:55:00,
MAD,BCN,2026-03-15,73.88,UX,PT2H45M,2026-03-15T08:20:00,2026-03-15T09:40:00,
MAD,BCN,2026-03-15,73.88,UX,PT6H,2026-03-15T08:20:00,2026-03-15T09:40:00,
MAD,BCN,2026-03-15,80.53,IB,PT1H15M,2026-03-15T16:55:00,2026-03-15T18:10:00,
MAD,BCN,2026-03-15,80.53,IB,PT1H15M,2026-03-15T21:35:00,2026-03-15T22:50:00,
MAD,BCN,2026-03-15,80.53,VY,PT1H15M,2026-03-15T18:00:00,2026-03-15T19:15:00,
MAD,BCN,2026-03-15,80.53,VY,PT1H15M,2026-03-15T19:10:00,2026-03-15T20:25:00,
MAD,BCN,2026-03-15,86.53,VY,PT1H20M,2026-03-15T08:25:00,2026-03-15T09:45:00,
MAD,BCN,2026-03-15,86.53,VY,PT1H20M,2026-03-15T13:00:00,2026-03-15T14:20:00,
MAD,BCN,2026-03-15,86.53,VY,PT1H20M,2026-03-15T15:50:00,2026-03-15T17:10:00,
MAD,BCN,2026-03-15,86.53,VY,PT1H20M,2026-03-15T20:00:00,2026-03-15T21:20:00,
MAD,BCN,2026-03-15,98.88,UX,PT4H5M,2026-03-15T10:15:00,2026-03-15T11:35:00,
MAD,BCN,2026-03-15,124.49,V7,PT15H55M,2026-03-15T17:00:00,2026-03-15T18:15:00,
MAD,BCN,2026-03-15,129.88,UX,PT4H5M,2026-03-15T17:05:00,2026-03-15T18:25:00,
MAD,BCN,2026-03-16,49.43,UX,PT1H25M,2026-03-16T15:10:00,2026-03-16T16:35:00,
MAD,BCN,2026-03-16,61.88,UX,PT10H10M,2026-03-16T21:45:00,2026-03-16T23:05:00,
MAD,BCN,2026-03-16,71.43,UX,PT1H25M,2026-03-16T07:30:00,2026-03-16T08:55:00,
MAD,BCN,2026-03-16,73.88,UX,PT4H5M,2026-03-16T17:05:00,2026-03-16T18:25:00,
MAD,BCN,2026-03-16,73.88,UX,PT6H35M,2026-03-16T14:35:00,2026-03-16T15:55:00,
MAD,BCN,2026-03-16,78.88,UX,PT12H55M,2026-03-16T19:00:00,2026-03-16T20:20:00,
MAD,BCN,2026-03-16,80.53,IB,PT1H15M,2026-03-16T16:55:00,2026-03-16T18:10:00,
MAD,BCN,2026-03-16,80.53,IB,PT1H15M,2026-03-16T19:10:00,2026-03-16T20:25:00,
MAD,BCN,2026-03-16,80.53,IB,PT1H15M,2026-03-16T21:35:00,2026-03-16T22:50:00,
MAD,BCN,2026-03-16,80.53,IB,PT1H20M,2026-03-16T07:05:00,2026-03-16T08:25:00,
MAD,BCN,2026-03-16,80.53,VY,PT1H20M,2026-03-16T07:40:00,2026-03-16T09:00:00,
MAD,BCN,2026-03-16,80.53,VY,PT1H20M,2026-03-16T10:25:00,2026-03-16T11:45:00,
MAD,BCN,2026-03-16,81.88,UX,PT13H20M,2026-03-16T21:45:00,2026-03-16T23:05:00,
MAD,BCN,2026-03-16,85.88,UX,PT3H20M,2026-03-16T14:35:00,2026-03-16T15:55:00,
MAD,BCN,2026-03-16,86.53,VY,PT1H15M,2026-03-16T11:25:00,2026-03-16T12:40:00,
MAD,BCN,2026-03-17,49.43,UX,PT1H25M,2026-03-17T15:10:00,2026-03-17T16:35:00,
MAD,BCN,2026-03-17,61.88,UX,PT10H10M,2026-03-17T21:45:00,2026-03-17T23:05:00,
MAD,BCN,2026-03-17,61.88,UX,PT12H55M,2026-03-17T19:00:00,2026-03-17T20:20:00,
MAD,BCN,2026-03-17,63.43,UX,PT1H25M,2026-03-17T07:30:00,2026-03-17T08:55:00,
MAD,BCN,2026-03-17,73.88,UX,PT4H5M,2026-03-17T17:05:00,2026-03-17T18:25:00,
MAD,BCN,2026-03-17,73.88,UX,PT6H35M,2026-03-17T14:35:00,2026-03-17T15:55:00,
MAD,BCN,2026-03-17,73.88,UX,PT6H,2026-03-17T08:20:00,2026-03-17T09:40:00,
MAD,BCN,2026-03-17,73.88,UX,PT13H20M,2026-03-17T21:45:00,2026-03-17T23:05:00,
MAD,BCN,2026-03-17,80.53,VY,PT1H15M,2026-03-17T11:25:00,2026-03-17T12:40:00,
MAD,BCN,2026-03-17,80.53,VY,PT1H15M,2026-03-17T18:00:00,2026-03-17T19:15:00,
MAD,BCN,2026-03-17,80.53,VY,PT1H15M,2026-03-17T19:10:00,2026-03-17T20:25:00,
MAD,BCN,2026-03-17,80.53,VY,PT1H20M,2026-03-17T06:40:00,2026-03-17T08:00:00,
MAD,BCN,2026-03-17,80.53,VY,PT1H20M,2026-03-17T10:25:00,2026-03-17T11:45:00,
MAD,BCN,2026-03-17,80.53,VY,PT1H20M,2026-03-17T20:00:00,2026-03-17T21:20:00,
MAD,BCN,2026-03-17,80.53,IB,PT1H15M,2026-03-17T16:55:00,2026-03-17T18:10:00,
MAD,BCN,2026-03-18,55.43,UX,PT1H25M,2026-03-18T15:10:00,2026-03-18T16:35:00,
MAD,BCN,2026-03-18,61.88,UX,PT10H10M,2026-03-18T21:45:00,2026-03-18T23:05:00,
MAD,BCN,2026-03-18,61.88,UX,PT12H55M,2026-03-18T19:00:00,2026-03-18T20:20:00,
MAD,BCN,2026-03-18,63.43,UX,PT1H25M,2026-03-18T07:30:00,2026-03-18T08:55:00,
MAD,BCN,2026-03-18,73.88,UX,PT2H45M,2026-03-18T08:20:00,2026-03-18T09:40:00,
MAD,BCN,2026-03-18,73.88,UX,PT6H,2026-03-18T08:20:00,2026-03-18T09:40:00,
MAD,BCN,2026-03-18,73.88,UX,PT13H20M,2026-03-18T21:45:00,2026-03-18T23:05:00,
MAD,BCN,2026-03-18,73.88,UX,PT4H5M,2026-03-18T17:05:00,2026-03-18T18:25:00,
MAD,BCN,2026-03-18,73.88,UX,PT6H35M,2026-03-18T14:35:00,2026-03-18T15:55:00,
MAD,BCN,2026-03-18,80.53,IB,PT1H15M,2026-03-18T16:55:00,2026-03-18T18:10:00,
MAD,BCN,2026-03-18,80.53,IB,PT1H15M,2026-03-18T21:35:00,2026-03-18T22:50:00,
MAD,BCN,2026-03-18,80.53,VY,PT1H20M,2026-03-18T07:40:00,2026-03-18T09:00:00,
MAD,BCN,2026-03-18,80.53,VY,PT1H20M,2026-03-18T10:25:00,2026-03-18T11:45:00,
MAD,BCN,2026-03-18,80.53,VY,PT1H20M,2026-03-18T20:00:00,2026-03-18T21:20:00,
MAD,BCN,2026-03-18,85.88,UX,PT3H20M,2026-03-18T14:35:00,2026-03-18T15:55:00,
MAD,BCN,2026-03-19,55.43,UX,PT1H25M,2026-03-19T15:10:00,2026-03-19T16:35:00,
MAD,BCN,2026-03-19,61.88,UX,PT10H10M,2026-03-19T21:45:00,2026-03-19T23:05:00,
MAD,BCN,2026-03-19,61.88,UX,PT12H55M,2026-03-19T19:00:00,2026-03-19T20:20:00,
MAD,BCN,2026-03-19,71.43,UX,PT1H25M,2026-03-19T07:30:00,2026-03-19T08:55:00,
MAD,BCN,2026-03-19,73.88,UX,PT4H5M,2026-03-19T17:05:00,2026-03-19T18:25:00,
MAD,BCN,2026-03-19,73.88,UX,PT6H35M,2026-03-19T14:35:00,2026-03-19T15:55:00,
MAD,BCN,2026-03-19,80.53,IB,PT1H15M,2026-03-19T16:55:00,2026-03-19T18:10:00,
MAD,BCN,2026-03-19,80.53,IB,PT1H15M,2026-03-19T18:00:00,2026-03-19T19:15:00,
MAD,BCN,2026-03-19,80.53,IB,PT1H15M,2026-03-19T21:35:00,2026-03-19T22:50:00,
MAD,BCN,2026-03-19,80.53,IB,PT1H20M,2026-03-19T13:00:00,2026-03-19T14:20:00,
MAD,BCN,2026-03-19,80.53,VY,PT1H20M,2026-03-19T06:40:00,2026-03-19T08:00:00,
MAD,BCN,2026-03-19,80.53,VY,PT1H20M,2026-03-19T15:50:00,2026-03-19T17:10:00,
MAD,BCN,2026-03-19,85.88,UX,PT3H20M,2026-03-19T14:35:00,2026-03-19T15:55:00,
MAD,BCN,2026-03-19,86.53,VY,PT1H15M,2026-03-19T11:25:00,2026-03-19T12:40:00,
MAD,BCN,2026-03-19,86.53,VY,PT1H15M,2026-03-19T18:00:00,2026-03-19T19:15:00,
